method,seed,split,risk_budget,success_at_budget,safety_at_budget,tail_at_budget,coverage_at_budget,mean_selected_risk
balanced_failure_replay,0,actuator_limit_failures,0.05,0.61111,0.00000,0.00000,0.61111,0.04206
balanced_failure_replay,0,actuator_limit_failures,0.10,1.00000,0.00000,0.00000,1.00000,0.04206
balanced_failure_replay,0,actuator_limit_failures,0.15,1.00000,0.00000,0.00000,1.00000,0.04206
balanced_failure_replay,0,actuator_limit_failures,0.20,1.00000,0.00000,0.00000,1.00000,0.04206
balanced_failure_replay,0,actuator_limit_failures,0.30,1.00000,0.00000,0.00000,1.00000,0.04206
balanced_failure_replay,0,combined_tail_stress,0.05,0.00000,0.00000,0.00000,0.00000,0.51818
balanced_failure_replay,0,combined_tail_stress,0.10,0.00000,0.00000,0.00000,0.00000,0.51818
balanced_failure_replay,0,combined_tail_stress,0.15,0.00000,0.00000,0.00000,0.00000,0.51818
balanced_failure_replay,0,combined_tail_stress,0.20,0.00000,0.00000,0.00000,0.00000,0.51818
balanced_failure_replay,0,combined_tail_stress,0.30,0.05556,0.00000,0.00000,0.05556,0.51818
balanced_failure_replay,0,compound_sensor_actuator_shift,0.05,0.00000,0.00000,0.00000,0.00000,0.15662
balanced_failure_replay,0,compound_sensor_actuator_shift,0.10,0.05556,0.05556,0.05556,0.11111,0.15662
balanced_failure_replay,0,compound_sensor_actuator_shift,0.15,0.38889,0.11111,0.16667,0.55556,0.15662
balanced_failure_replay,0,compound_sensor_actuator_shift,0.20,0.61111,0.16667,0.22222,0.83333,0.15662
balanced_failure_replay,0,compound_sensor_actuator_shift,0.30,0.72222,0.16667,0.27778,1.00000,0.15662
balanced_failure_replay,0,fixture_geometry_shift,0.05,0.00000,0.00000,0.00000,0.00000,0.94145
balanced_failure_replay,0,fixture_geometry_shift,0.10,0.00000,0.00000,0.00000,0.00000,0.94145
balanced_failure_replay,0,fixture_geometry_shift,0.15,0.00000,0.00000,0.00000,0.00000,0.94145
balanced_failure_replay,0,fixture_geometry_shift,0.20,0.00000,0.00000,0.00000,0.00000,0.94145
balanced_failure_replay,0,fixture_geometry_shift,0.30,0.00000,0.00000,0.00000,0.00000,0.94145
balanced_failure_replay,0,jammed_fixture_failures,0.05,0.00000,0.00000,0.00000,0.00000,0.71538
balanced_failure_replay,0,jammed_fixture_failures,0.10,0.00000,0.00000,0.00000,0.00000,0.71538
balanced_failure_replay,0,jammed_fixture_failures,0.15,0.00000,0.00000,0.00000,0.00000,0.71538
balanced_failure_replay,0,jammed_fixture_failures,0.20,0.00000,0.00000,0.00000,0.00000,0.71538
balanced_failure_replay,0,jammed_fixture_failures,0.30,0.00000,0.00000,0.00000,0.00000,0.71538
balanced_failure_replay,0,nominal_task_balance,0.05,1.00000,0.00000,0.00000,1.00000,0.00829
balanced_failure_replay,0,nominal_task_balance,0.10,1.00000,0.00000,0.00000,1.00000,0.00829
balanced_failure_replay,0,nominal_task_balance,0.15,1.00000,0.00000,0.00000,1.00000,0.00829
balanced_failure_replay,0,nominal_task_balance,0.20,1.00000,0.00000,0.00000,1.00000,0.00829
balanced_failure_replay,0,nominal_task_balance,0.30,1.00000,0.00000,0.00000,1.00000,0.00829
balanced_failure_replay,0,out_of_distribution_tail,0.05,0.00000,0.00000,0.00000,0.00000,0.69329
balanced_failure_replay,0,out_of_distribution_tail,0.10,0.00000,0.00000,0.00000,0.00000,0.69329
balanced_failure_replay,0,out_of_distribution_tail,0.15,0.00000,0.00000,0.00000,0.00000,0.69329
balanced_failure_replay,0,out_of_distribution_tail,0.20,0.00000,0.00000,0.00000,0.00000,0.69329
balanced_failure_replay,0,out_of_distribution_tail,0.30,0.00000,0.00000,0.00000,0.00000,0.69329
balanced_failure_replay,0,rare_mechanism_combo,0.05,0.00000,0.00000,0.00000,0.00000,0.55404
balanced_failure_replay,0,rare_mechanism_combo,0.10,0.00000,0.00000,0.00000,0.00000,0.55404
balanced_failure_replay,0,rare_mechanism_combo,0.15,0.00000,0.00000,0.00000,0.00000,0.55404
balanced_failure_replay,0,rare_mechanism_combo,0.20,0.00000,0.00000,0.00000,0.00000,0.55404
balanced_failure_replay,0,rare_mechanism_combo,0.30,0.00000,0.00000,0.05556,0.05556,0.55404
balanced_failure_replay,0,rare_slip_failures,0.05,0.61111,0.00000,0.00000,0.61111,0.07092
balanced_failure_replay,0,rare_slip_failures,0.10,0.83333,0.00000,0.00000,0.83333,0.07092
balanced_failure_replay,0,rare_slip_failures,0.15,0.83333,0.00000,0.00000,0.83333,0.07092
balanced_failure_replay,0,rare_slip_failures,0.20,0.94444,0.00000,0.00000,0.94444,0.07092
balanced_failure_replay,0,rare_slip_failures,0.30,0.94444,0.00000,0.00000,0.94444,0.07092
calibrated_failure_risk,0,actuator_limit_failures,0.05,0.61111,0.00000,0.00000,0.61111,0.04482
calibrated_failure_risk,0,actuator_limit_failures,0.10,1.00000,0.00000,0.00000,1.00000,0.04482
calibrated_failure_risk,0,actuator_limit_failures,0.15,1.00000,0.00000,0.00000,1.00000,0.04482
calibrated_failure_risk,0,actuator_limit_failures,0.20,1.00000,0.00000,0.00000,1.00000,0.04482
calibrated_failure_risk,0,actuator_limit_failures,0.30,1.00000,0.00000,0.00000,1.00000,0.04482
calibrated_failure_risk,0,combined_tail_stress,0.05,0.00000,0.00000,0.00000,0.00000,0.53766
calibrated_failure_risk,0,combined_tail_stress,0.10,0.00000,0.00000,0.00000,0.00000,0.53766
calibrated_failure_risk,0,combined_tail_stress,0.15,0.05556,0.00000,0.00000,0.05556,0.53766
calibrated_failure_risk,0,combined_tail_stress,0.20,0.05556,0.00000,0.00000,0.05556,0.53766
calibrated_failure_risk,0,combined_tail_stress,0.30,0.05556,0.00000,0.00000,0.05556,0.53766
calibrated_failure_risk,0,compound_sensor_actuator_shift,0.05,0.00000,0.00000,0.00000,0.00000,0.22133
calibrated_failure_risk,0,compound_sensor_actuator_shift,0.10,0.05556,0.05556,0.05556,0.11111,0.22133
calibrated_failure_risk,0,compound_sensor_actuator_shift,0.15,0.11111,0.05556,0.05556,0.16667,0.22133
calibrated_failure_risk,0,compound_sensor_actuator_shift,0.20,0.33333,0.16667,0.22222,0.55556,0.22133
calibrated_failure_risk,0,compound_sensor_actuator_shift,0.30,0.55556,0.16667,0.22222,0.77778,0.22133
calibrated_failure_risk,0,fixture_geometry_shift,0.05,0.00000,0.00000,0.00000,0.00000,0.92220
calibrated_failure_risk,0,fixture_geometry_shift,0.10,0.00000,0.00000,0.00000,0.00000,0.92220
calibrated_failure_risk,0,fixture_geometry_shift,0.15,0.00000,0.00000,0.00000,0.00000,0.92220
calibrated_failure_risk,0,fixture_geometry_shift,0.20,0.00000,0.00000,0.00000,0.00000,0.92220
calibrated_failure_risk,0,fixture_geometry_shift,0.30,0.00000,0.00000,0.00000,0.00000,0.92220
calibrated_failure_risk,0,jammed_fixture_failures,0.05,0.00000,0.00000,0.00000,0.00000,0.74477
calibrated_failure_risk,0,jammed_fixture_failures,0.10,0.00000,0.00000,0.00000,0.00000,0.74477
calibrated_failure_risk,0,jammed_fixture_failures,0.15,0.00000,0.00000,0.00000,0.00000,0.74477
calibrated_failure_risk,0,jammed_fixture_failures,0.20,0.00000,0.00000,0.00000,0.00000,0.74477
calibrated_failure_risk,0,jammed_fixture_failures,0.30,0.00000,0.00000,0.00000,0.00000,0.74477
calibrated_failure_risk,0,nominal_task_balance,0.05,1.00000,0.00000,0.00000,1.00000,0.00981
calibrated_failure_risk,0,nominal_task_balance,0.10,1.00000,0.00000,0.00000,1.00000,0.00981
calibrated_failure_risk,0,nominal_task_balance,0.15,1.00000,0.00000,0.00000,1.00000,0.00981
calibrated_failure_risk,0,nominal_task_balance,0.20,1.00000,0.00000,0.00000,1.00000,0.00981
calibrated_failure_risk,0,nominal_task_balance,0.30,1.00000,0.00000,0.00000,1.00000,0.00981
calibrated_failure_risk,0,out_of_distribution_tail,0.05,0.00000,0.00000,0.00000,0.00000,0.61566
calibrated_failure_risk,0,out_of_distribution_tail,0.10,0.00000,0.00000,0.00000,0.00000,0.61566
calibrated_failure_risk,0,out_of_distribution_tail,0.15,0.00000,0.00000,0.00000,0.00000,0.61566
calibrated_failure_risk,0,out_of_distribution_tail,0.20,0.00000,0.00000,0.00000,0.00000,0.61566
calibrated_failure_risk,0,out_of_distribution_tail,0.30,0.00000,0.00000,0.00000,0.00000,0.61566
calibrated_failure_risk,0,rare_mechanism_combo,0.05,0.00000,0.00000,0.00000,0.00000,0.59308
calibrated_failure_risk,0,rare_mechanism_combo,0.10,0.00000,0.00000,0.00000,0.00000,0.59308
calibrated_failure_risk,0,rare_mechanism_combo,0.15,0.00000,0.00000,0.00000,0.00000,0.59308
calibrated_failure_risk,0,rare_mechanism_combo,0.20,0.00000,0.00000,0.00000,0.00000,0.59308
calibrated_failure_risk,0,rare_mechanism_combo,0.30,0.05556,0.00000,0.05556,0.11111,0.59308
calibrated_failure_risk,0,rare_slip_failures,0.05,0.44444,0.00000,0.00000,0.44444,0.09469
calibrated_failure_risk,0,rare_slip_failures,0.10,0.83333,0.00000,0.00000,0.83333,0.09469
calibrated_failure_risk,0,rare_slip_failures,0.15,0.83333,0.00000,0.00000,0.83333,0.09469
calibrated_failure_risk,0,rare_slip_failures,0.20,0.88889,0.00000,0.00000,0.88889,0.09469
calibrated_failure_risk,0,rare_slip_failures,0.30,0.88889,0.00000,0.00000,0.88889,0.09469
failure_prediction_active_learning,0,actuator_limit_failures,0.05,0.61111,0.00000,0.00000,0.61111,0.04533
failure_prediction_active_learning,0,actuator_limit_failures,0.10,1.00000,0.00000,0.00000,1.00000,0.04533
failure_prediction_active_learning,0,actuator_limit_failures,0.15,1.00000,0.00000,0.00000,1.00000,0.04533
failure_prediction_active_learning,0,actuator_limit_failures,0.20,1.00000,0.00000,0.00000,1.00000,0.04533
failure_prediction_active_learning,0,actuator_limit_failures,0.30,1.00000,0.00000,0.00000,1.00000,0.04533
failure_prediction_active_learning,0,combined_tail_stress,0.05,0.00000,0.00000,0.00000,0.00000,0.53784
failure_prediction_active_learning,0,combined_tail_stress,0.10,0.00000,0.00000,0.00000,0.00000,0.53784
failure_prediction_active_learning,0,combined_tail_stress,0.15,0.05556,0.00000,0.00000,0.05556,0.53784
failure_prediction_active_learning,0,combined_tail_stress,0.20,0.05556,0.00000,0.00000,0.05556,0.53784
failure_prediction_active_learning,0,combined_tail_stress,0.30,0.05556,0.00000,0.00000,0.05556,0.53784
failure_prediction_active_learning,0,compound_sensor_actuator_shift,0.05,0.00000,0.00000,0.00000,0.00000,0.22062
failure_prediction_active_learning,0,compound_sensor_actuator_shift,0.10,0.05556,0.05556,0.05556,0.11111,0.22062
failure_prediction_active_learning,0,compound_sensor_actuator_shift,0.15,0.11111,0.05556,0.05556,0.16667,0.22062
failure_prediction_active_learning,0,compound_sensor_actuator_shift,0.20,0.33333,0.16667,0.22222,0.55556,0.22062
failure_prediction_active_learning,0,compound_sensor_actuator_shift,0.30,0.55556,0.16667,0.22222,0.77778,0.22062
failure_prediction_active_learning,0,fixture_geometry_shift,0.05,0.00000,0.00000,0.00000,0.00000,0.92374
failure_prediction_active_learning,0,fixture_geometry_shift,0.10,0.00000,0.00000,0.00000,0.00000,0.92374
failure_prediction_active_learning,0,fixture_geometry_shift,0.15,0.00000,0.00000,0.00000,0.00000,0.92374
failure_prediction_active_learning,0,fixture_geometry_shift,0.20,0.00000,0.00000,0.00000,0.00000,0.92374
failure_prediction_active_learning,0,fixture_geometry_shift,0.30,0.00000,0.00000,0.00000,0.00000,0.92374
failure_prediction_active_learning,0,jammed_fixture_failures,0.05,0.00000,0.00000,0.00000,0.00000,0.74780
failure_prediction_active_learning,0,jammed_fixture_failures,0.10,0.00000,0.00000,0.00000,0.00000,0.74780
failure_prediction_active_learning,0,jammed_fixture_failures,0.15,0.00000,0.00000,0.00000,0.00000,0.74780
failure_prediction_active_learning,0,jammed_fixture_failures,0.20,0.00000,0.00000,0.00000,0.00000,0.74780
failure_prediction_active_learning,0,jammed_fixture_failures,0.30,0.00000,0.00000,0.00000,0.00000,0.74780
failure_prediction_active_learning,0,nominal_task_balance,0.05,1.00000,0.00000,0.00000,1.00000,0.00989
failure_prediction_active_learning,0,nominal_task_balance,0.10,1.00000,0.00000,0.00000,1.00000,0.00989
failure_prediction_active_learning,0,nominal_task_balance,0.15,1.00000,0.00000,0.00000,1.00000,0.00989
failure_prediction_active_learning,0,nominal_task_balance,0.20,1.00000,0.00000,0.00000,1.00000,0.00989
failure_prediction_active_learning,0,nominal_task_balance,0.30,1.00000,0.00000,0.00000,1.00000,0.00989
failure_prediction_active_learning,0,out_of_distribution_tail,0.05,0.00000,0.00000,0.00000,0.00000,0.61052
failure_prediction_active_learning,0,out_of_distribution_tail,0.10,0.00000,0.00000,0.00000,0.00000,0.61052
failure_prediction_active_learning,0,out_of_distribution_tail,0.15,0.00000,0.00000,0.00000,0.00000,0.61052
failure_prediction_active_learning,0,out_of_distribution_tail,0.20,0.00000,0.00000,0.00000,0.00000,0.61052
failure_prediction_active_learning,0,out_of_distribution_tail,0.30,0.00000,0.00000,0.00000,0.00000,0.61052
failure_prediction_active_learning,0,rare_mechanism_combo,0.05,0.00000,0.00000,0.00000,0.00000,0.59287
failure_prediction_active_learning,0,rare_mechanism_combo,0.10,0.00000,0.00000,0.00000,0.00000,0.59287
failure_prediction_active_learning,0,rare_mechanism_combo,0.15,0.00000,0.00000,0.00000,0.00000,0.59287
failure_prediction_active_learning,0,rare_mechanism_combo,0.20,0.00000,0.00000,0.00000,0.00000,0.59287
failure_prediction_active_learning,0,rare_mechanism_combo,0.30,0.05556,0.00000,0.05556,0.11111,0.59287
failure_prediction_active_learning,0,rare_slip_failures,0.05,0.44444,0.00000,0.00000,0.44444,0.09512
failure_prediction_active_learning,0,rare_slip_failures,0.10,0.77778,0.00000,0.00000,0.77778,0.09512
failure_prediction_active_learning,0,rare_slip_failures,0.15,0.83333,0.00000,0.00000,0.83333,0.09512
failure_prediction_active_learning,0,rare_slip_failures,0.20,0.88889,0.00000,0.00000,0.88889,0.09512
failure_prediction_active_learning,0,rare_slip_failures,0.30,0.88889,0.00000,0.00000,0.88889,0.09512
failure_stratified_engine,0,actuator_limit_failures,0.05,0.44444,0.00000,0.00000,0.44444,0.05978
failure_stratified_engine,0,actuator_limit_failures,0.10,0.88889,0.00000,0.00000,0.88889,0.05978
failure_stratified_engine,0,actuator_limit_failures,0.15,1.00000,0.00000,0.00000,1.00000,0.05978
failure_stratified_engine,0,actuator_limit_failures,0.20,1.00000,0.00000,0.00000,1.00000,0.05978
failure_stratified_engine,0,actuator_limit_failures,0.30,1.00000,0.00000,0.00000,1.00000,0.05978
failure_stratified_engine,0,combined_tail_stress,0.05,0.00000,0.00000,0.00000,0.00000,0.73106
failure_stratified_engine,0,combined_tail_stress,0.10,0.00000,0.00000,0.00000,0.00000,0.73106
failure_stratified_engine,0,combined_tail_stress,0.15,0.00000,0.00000,0.00000,0.00000,0.73106
failure_stratified_engine,0,combined_tail_stress,0.20,0.00000,0.00000,0.00000,0.00000,0.73106
failure_stratified_engine,0,combined_tail_stress,0.30,0.00000,0.00000,0.00000,0.00000,0.73106
failure_stratified_engine,0,compound_sensor_actuator_shift,0.05,0.00000,0.00000,0.00000,0.00000,0.40270
failure_stratified_engine,0,compound_sensor_actuator_shift,0.10,0.00000,0.00000,0.00000,0.00000,0.40270
failure_stratified_engine,0,compound_sensor_actuator_shift,0.15,0.00000,0.00000,0.00000,0.00000,0.40270
failure_stratified_engine,0,compound_sensor_actuator_shift,0.20,0.00000,0.00000,0.00000,0.00000,0.40270
failure_stratified_engine,0,compound_sensor_actuator_shift,0.30,0.05556,0.11111,0.11111,0.16667,0.40270
failure_stratified_engine,0,fixture_geometry_shift,0.05,0.00000,0.00000,0.00000,0.00000,0.94588
failure_stratified_engine,0,fixture_geometry_shift,0.10,0.00000,0.00000,0.00000,0.00000,0.94588
failure_stratified_engine,0,fixture_geometry_shift,0.15,0.00000,0.00000,0.00000,0.00000,0.94588
failure_stratified_engine,0,fixture_geometry_shift,0.20,0.00000,0.00000,0.00000,0.00000,0.94588
failure_stratified_engine,0,fixture_geometry_shift,0.30,0.00000,0.00000,0.00000,0.00000,0.94588
failure_stratified_engine,0,jammed_fixture_failures,0.05,0.00000,0.00000,0.00000,0.00000,0.81317
failure_stratified_engine,0,jammed_fixture_failures,0.10,0.00000,0.00000,0.00000,0.00000,0.81317
failure_stratified_engine,0,jammed_fixture_failures,0.15,0.00000,0.00000,0.00000,0.00000,0.81317
failure_stratified_engine,0,jammed_fixture_failures,0.20,0.00000,0.00000,0.00000,0.00000,0.81317
failure_stratified_engine,0,jammed_fixture_failures,0.30,0.00000,0.00000,0.00000,0.00000,0.81317
failure_stratified_engine,0,nominal_task_balance,0.05,1.00000,0.00000,0.00000,1.00000,0.01216
failure_stratified_engine,0,nominal_task_balance,0.10,1.00000,0.00000,0.00000,1.00000,0.01216
failure_stratified_engine,0,nominal_task_balance,0.15,1.00000,0.00000,0.00000,1.00000,0.01216
failure_stratified_engine,0,nominal_task_balance,0.20,1.00000,0.00000,0.00000,1.00000,0.01216
failure_stratified_engine,0,nominal_task_balance,0.30,1.00000,0.00000,0.00000,1.00000,0.01216
failure_stratified_engine,0,out_of_distribution_tail,0.05,0.00000,0.00000,0.00000,0.00000,0.70473
failure_stratified_engine,0,out_of_distribution_tail,0.10,0.00000,0.00000,0.00000,0.00000,0.70473
failure_stratified_engine,0,out_of_distribution_tail,0.15,0.00000,0.00000,0.00000,0.00000,0.70473
failure_stratified_engine,0,out_of_distribution_tail,0.20,0.00000,0.00000,0.00000,0.00000,0.70473
failure_stratified_engine,0,out_of_distribution_tail,0.30,0.00000,0.00000,0.00000,0.00000,0.70473
failure_stratified_engine,0,rare_mechanism_combo,0.05,0.00000,0.00000,0.00000,0.00000,0.68633
failure_stratified_engine,0,rare_mechanism_combo,0.10,0.00000,0.00000,0.00000,0.00000,0.68633
failure_stratified_engine,0,rare_mechanism_combo,0.15,0.00000,0.00000,0.00000,0.00000,0.68633
failure_stratified_engine,0,rare_mechanism_combo,0.20,0.00000,0.00000,0.00000,0.00000,0.68633
failure_stratified_engine,0,rare_mechanism_combo,0.30,0.00000,0.00000,0.00000,0.00000,0.68633
failure_stratified_engine,0,rare_slip_failures,0.05,0.22222,0.00000,0.00000,0.22222,0.11139
failure_stratified_engine,0,rare_slip_failures,0.10,0.72222,0.00000,0.00000,0.72222,0.11139
failure_stratified_engine,0,rare_slip_failures,0.15,0.83333,0.00000,0.00000,0.83333,0.11139
failure_stratified_engine,0,rare_slip_failures,0.20,0.83333,0.00000,0.00000,0.83333,0.11139
failure_stratified_engine,0,rare_slip_failures,0.30,0.88889,0.00000,0.00000,0.88889,0.11139
failure_stratified_engine_v5,0,actuator_limit_failures,0.05,0.50000,0.00000,0.00000,0.50000,0.05378
failure_stratified_engine_v5,0,actuator_limit_failures,0.10,0.94444,0.00000,0.00000,0.94444,0.05378
failure_stratified_engine_v5,0,actuator_limit_failures,0.15,1.00000,0.00000,0.00000,1.00000,0.05378
failure_stratified_engine_v5,0,actuator_limit_failures,0.20,1.00000,0.00000,0.00000,1.00000,0.05378
failure_stratified_engine_v5,0,actuator_limit_failures,0.30,1.00000,0.00000,0.00000,1.00000,0.05378
failure_stratified_engine_v5,0,combined_tail_stress,0.05,0.00000,0.00000,0.00000,0.00000,0.59812
failure_stratified_engine_v5,0,combined_tail_stress,0.10,0.00000,0.00000,0.00000,0.00000,0.59812
failure_stratified_engine_v5,0,combined_tail_stress,0.15,0.00000,0.00000,0.00000,0.00000,0.59812
failure_stratified_engine_v5,0,combined_tail_stress,0.20,0.00000,0.00000,0.00000,0.00000,0.59812
failure_stratified_engine_v5,0,combined_tail_stress,0.30,0.05556,0.00000,0.00000,0.05556,0.59812
failure_stratified_engine_v5,0,compound_sensor_actuator_shift,0.05,0.00000,0.00000,0.00000,0.00000,0.21010
failure_stratified_engine_v5,0,compound_sensor_actuator_shift,0.10,0.00000,0.00000,0.00000,0.00000,0.21010
failure_stratified_engine_v5,0,compound_sensor_actuator_shift,0.15,0.05556,0.05556,0.05556,0.11111,0.21010
failure_stratified_engine_v5,0,compound_sensor_actuator_shift,0.20,0.33333,0.11111,0.11111,0.44444,0.21010
failure_stratified_engine_v5,0,compound_sensor_actuator_shift,0.30,0.66667,0.16667,0.22222,0.88889,0.21010
failure_stratified_engine_v5,0,fixture_geometry_shift,0.05,0.00000,0.00000,0.00000,0.00000,0.94846
failure_stratified_engine_v5,0,fixture_geometry_shift,0.10,0.00000,0.00000,0.00000,0.00000,0.94846
failure_stratified_engine_v5,0,fixture_geometry_shift,0.15,0.00000,0.00000,0.00000,0.00000,0.94846
failure_stratified_engine_v5,0,fixture_geometry_shift,0.20,0.00000,0.00000,0.00000,0.00000,0.94846
failure_stratified_engine_v5,0,fixture_geometry_shift,0.30,0.00000,0.00000,0.00000,0.00000,0.94846
failure_stratified_engine_v5,0,jammed_fixture_failures,0.05,0.00000,0.00000,0.00000,0.00000,0.77696
failure_stratified_engine_v5,0,jammed_fixture_failures,0.10,0.00000,0.00000,0.00000,0.00000,0.77696
failure_stratified_engine_v5,0,jammed_fixture_failures,0.15,0.00000,0.00000,0.00000,0.00000,0.77696
failure_stratified_engine_v5,0,jammed_fixture_failures,0.20,0.00000,0.00000,0.00000,0.00000,0.77696
failure_stratified_engine_v5,0,jammed_fixture_failures,0.30,0.00000,0.00000,0.00000,0.00000,0.77696
failure_stratified_engine_v5,0,nominal_task_balance,0.05,1.00000,0.00000,0.00000,1.00000,0.01222
failure_stratified_engine_v5,0,nominal_task_balance,0.10,1.00000,0.00000,0.00000,1.00000,0.01222
failure_stratified_engine_v5,0,nominal_task_balance,0.15,1.00000,0.00000,0.00000,1.00000,0.01222
failure_stratified_engine_v5,0,nominal_task_balance,0.20,1.00000,0.00000,0.00000,1.00000,0.01222
failure_stratified_engine_v5,0,nominal_task_balance,0.30,1.00000,0.00000,0.00000,1.00000,0.01222
failure_stratified_engine_v5,0,out_of_distribution_tail,0.05,0.00000,0.00000,0.00000,0.00000,0.75322
failure_stratified_engine_v5,0,out_of_distribution_tail,0.10,0.00000,0.00000,0.00000,0.00000,0.75322
failure_stratified_engine_v5,0,out_of_distribution_tail,0.15,0.00000,0.00000,0.00000,0.00000,0.75322
failure_stratified_engine_v5,0,out_of_distribution_tail,0.20,0.00000,0.00000,0.00000,0.00000,0.75322
failure_stratified_engine_v5,0,out_of_distribution_tail,0.30,0.00000,0.00000,0.00000,0.00000,0.75322
failure_stratified_engine_v5,0,rare_mechanism_combo,0.05,0.00000,0.00000,0.00000,0.00000,0.58277
failure_stratified_engine_v5,0,rare_mechanism_combo,0.10,0.00000,0.00000,0.00000,0.00000,0.58277
failure_stratified_engine_v5,0,rare_mechanism_combo,0.15,0.00000,0.00000,0.00000,0.00000,0.58277
failure_stratified_engine_v5,0,rare_mechanism_combo,0.20,0.00000,0.00000,0.00000,0.00000,0.58277
failure_stratified_engine_v5,0,rare_mechanism_combo,0.30,0.00000,0.00000,0.05556,0.05556,0.58277
failure_stratified_engine_v5,0,rare_slip_failures,0.05,0.44444,0.00000,0.00000,0.44444,0.09167
failure_stratified_engine_v5,0,rare_slip_failures,0.10,0.72222,0.00000,0.00000,0.72222,0.09167
failure_stratified_engine_v5,0,rare_slip_failures,0.15,0.83333,0.00000,0.00000,0.83333,0.09167
failure_stratified_engine_v5,0,rare_slip_failures,0.20,0.88889,0.00000,0.00000,0.88889,0.09167
failure_stratified_engine_v5,0,rare_slip_failures,0.30,0.94444,0.00000,0.00000,0.94444,0.09167
gradient_boosted_failure_active,0,actuator_limit_failures,0.05,0.72222,0.00000,0.00000,0.72222,0.04250
gradient_boosted_failure_active,0,actuator_limit_failures,0.10,1.00000,0.00000,0.00000,1.00000,0.04250
gradient_boosted_failure_active,0,actuator_limit_failures,0.15,1.00000,0.00000,0.00000,1.00000,0.04250
gradient_boosted_failure_active,0,actuator_limit_failures,0.20,1.00000,0.00000,0.00000,1.00000,0.04250
gradient_boosted_failure_active,0,actuator_limit_failures,0.30,1.00000,0.00000,0.00000,1.00000,0.04250
gradient_boosted_failure_active,0,combined_tail_stress,0.05,0.00000,0.00000,0.00000,0.00000,0.57981
gradient_boosted_failure_active,0,combined_tail_stress,0.10,0.00000,0.00000,0.00000,0.00000,0.57981
gradient_boosted_failure_active,0,combined_tail_stress,0.15,0.00000,0.00000,0.00000,0.00000,0.57981
gradient_boosted_failure_active,0,combined_tail_stress,0.20,0.05556,0.00000,0.00000,0.05556,0.57981
gradient_boosted_failure_active,0,combined_tail_stress,0.30,0.05556,0.00000,0.00000,0.05556,0.57981
gradient_boosted_failure_active,0,compound_sensor_actuator_shift,0.05,0.00000,0.00000,0.00000,0.00000,0.24835
gradient_boosted_failure_active,0,compound_sensor_actuator_shift,0.10,0.00000,0.00000,0.00000,0.00000,0.24835
gradient_boosted_failure_active,0,compound_sensor_actuator_shift,0.15,0.05556,0.05556,0.05556,0.11111,0.24835
gradient_boosted_failure_active,0,compound_sensor_actuator_shift,0.20,0.27778,0.11111,0.11111,0.38889,0.24835
gradient_boosted_failure_active,0,compound_sensor_actuator_shift,0.30,0.50000,0.16667,0.22222,0.72222,0.24835
gradient_boosted_failure_active,0,fixture_geometry_shift,0.05,0.00000,0.00000,0.00000,0.00000,0.95538
gradient_boosted_failure_active,0,fixture_geometry_shift,0.10,0.00000,0.00000,0.00000,0.00000,0.95538
gradient_boosted_failure_active,0,fixture_geometry_shift,0.15,0.00000,0.00000,0.00000,0.00000,0.95538
gradient_boosted_failure_active,0,fixture_geometry_shift,0.20,0.00000,0.00000,0.00000,0.00000,0.95538
gradient_boosted_failure_active,0,fixture_geometry_shift,0.30,0.00000,0.00000,0.00000,0.00000,0.95538
gradient_boosted_failure_active,0,jammed_fixture_failures,0.05,0.00000,0.00000,0.00000,0.00000,0.76841
gradient_boosted_failure_active,0,jammed_fixture_failures,0.10,0.00000,0.00000,0.00000,0.00000,0.76841
gradient_boosted_failure_active,0,jammed_fixture_failures,0.15,0.00000,0.00000,0.00000,0.00000,0.76841
gradient_boosted_failure_active,0,jammed_fixture_failures,0.20,0.00000,0.00000,0.00000,0.00000,0.76841
gradient_boosted_failure_active,0,jammed_fixture_failures,0.30,0.00000,0.00000,0.00000,0.00000,0.76841
gradient_boosted_failure_active,0,nominal_task_balance,0.05,1.00000,0.00000,0.00000,1.00000,0.00875
gradient_boosted_failure_active,0,nominal_task_balance,0.10,1.00000,0.00000,0.00000,1.00000,0.00875
gradient_boosted_failure_active,0,nominal_task_balance,0.15,1.00000,0.00000,0.00000,1.00000,0.00875
gradient_boosted_failure_active,0,nominal_task_balance,0.20,1.00000,0.00000,0.00000,1.00000,0.00875
gradient_boosted_failure_active,0,nominal_task_balance,0.30,1.00000,0.00000,0.00000,1.00000,0.00875
gradient_boosted_failure_active,0,out_of_distribution_tail,0.05,0.00000,0.00000,0.00000,0.00000,0.77321
gradient_boosted_failure_active,0,out_of_distribution_tail,0.10,0.00000,0.00000,0.00000,0.00000,0.77321
gradient_boosted_failure_active,0,out_of_distribution_tail,0.15,0.00000,0.00000,0.00000,0.00000,0.77321
gradient_boosted_failure_active,0,out_of_distribution_tail,0.20,0.00000,0.00000,0.00000,0.00000,0.77321
gradient_boosted_failure_active,0,out_of_distribution_tail,0.30,0.00000,0.00000,0.00000,0.00000,0.77321
gradient_boosted_failure_active,0,rare_mechanism_combo,0.05,0.00000,0.00000,0.00000,0.00000,0.66157
gradient_boosted_failure_active,0,rare_mechanism_combo,0.10,0.00000,0.00000,0.00000,0.00000,0.66157
gradient_boosted_failure_active,0,rare_mechanism_combo,0.15,0.00000,0.00000,0.00000,0.00000,0.66157
gradient_boosted_failure_active,0,rare_mechanism_combo,0.20,0.00000,0.00000,0.00000,0.00000,0.66157
gradient_boosted_failure_active,0,rare_mechanism_combo,0.30,0.00000,0.00000,0.05556,0.05556,0.66157
gradient_boosted_failure_active,0,rare_slip_failures,0.05,0.44444,0.00000,0.00000,0.44444,0.09273
gradient_boosted_failure_active,0,rare_slip_failures,0.10,0.77778,0.00000,0.00000,0.77778,0.09273
gradient_boosted_failure_active,0,rare_slip_failures,0.15,0.83333,0.00000,0.00000,0.83333,0.09273
gradient_boosted_failure_active,0,rare_slip_failures,0.20,0.88889,0.00000,0.00000,0.88889,0.09273
gradient_boosted_failure_active,0,rare_slip_failures,0.30,0.94444,0.00000,0.00000,0.94444,0.09273
greedy_oracle_success_upper,0,actuator_limit_failures,0.05,0.50000,0.00000,0.00000,0.50000,0.05226
greedy_oracle_success_upper,0,actuator_limit_failures,0.10,0.94444,0.00000,0.00000,0.94444,0.05226
greedy_oracle_success_upper,0,actuator_limit_failures,0.15,1.00000,0.00000,0.00000,1.00000,0.05226
greedy_oracle_success_upper,0,actuator_limit_failures,0.20,1.00000,0.00000,0.00000,1.00000,0.05226
greedy_oracle_success_upper,0,actuator_limit_failures,0.30,1.00000,0.00000,0.00000,1.00000,0.05226
greedy_oracle_success_upper,0,combined_tail_stress,0.05,0.00000,0.00000,0.00000,0.00000,0.61404
greedy_oracle_success_upper,0,combined_tail_stress,0.10,0.00000,0.00000,0.00000,0.00000,0.61404
greedy_oracle_success_upper,0,combined_tail_stress,0.15,0.00000,0.00000,0.00000,0.00000,0.61404
greedy_oracle_success_upper,0,combined_tail_stress,0.20,0.00000,0.00000,0.00000,0.00000,0.61404
greedy_oracle_success_upper,0,combined_tail_stress,0.30,0.05556,0.00000,0.00000,0.05556,0.61404
greedy_oracle_success_upper,0,compound_sensor_actuator_shift,0.05,0.00000,0.00000,0.00000,0.00000,0.37095
greedy_oracle_success_upper,0,compound_sensor_actuator_shift,0.10,0.00000,0.00000,0.00000,0.00000,0.37095
greedy_oracle_success_upper,0,compound_sensor_actuator_shift,0.15,0.00000,0.00000,0.00000,0.00000,0.37095
greedy_oracle_success_upper,0,compound_sensor_actuator_shift,0.20,0.00000,0.00000,0.00000,0.00000,0.37095
greedy_oracle_success_upper,0,compound_sensor_actuator_shift,0.30,0.16667,0.11111,0.11111,0.27778,0.37095
greedy_oracle_success_upper,0,fixture_geometry_shift,0.05,0.00000,0.00000,0.00000,0.00000,0.93696
greedy_oracle_success_upper,0,fixture_geometry_shift,0.10,0.00000,0.00000,0.00000,0.00000,0.93696
greedy_oracle_success_upper,0,fixture_geometry_shift,0.15,0.00000,0.00000,0.00000,0.00000,0.93696
greedy_oracle_success_upper,0,fixture_geometry_shift,0.20,0.00000,0.00000,0.00000,0.00000,0.93696
greedy_oracle_success_upper,0,fixture_geometry_shift,0.30,0.00000,0.00000,0.00000,0.00000,0.93696
greedy_oracle_success_upper,0,jammed_fixture_failures,0.05,0.00000,0.00000,0.00000,0.00000,0.76748
greedy_oracle_success_upper,0,jammed_fixture_failures,0.10,0.00000,0.00000,0.00000,0.00000,0.76748
greedy_oracle_success_upper,0,jammed_fixture_failures,0.15,0.00000,0.00000,0.00000,0.00000,0.76748
greedy_oracle_success_upper,0,jammed_fixture_failures,0.20,0.00000,0.00000,0.00000,0.00000,0.76748
greedy_oracle_success_upper,0,jammed_fixture_failures,0.30,0.00000,0.00000,0.00000,0.00000,0.76748
greedy_oracle_success_upper,0,nominal_task_balance,0.05,1.00000,0.00000,0.00000,1.00000,0.01195
greedy_oracle_success_upper,0,nominal_task_balance,0.10,1.00000,0.00000,0.00000,1.00000,0.01195
greedy_oracle_success_upper,0,nominal_task_balance,0.15,1.00000,0.00000,0.00000,1.00000,0.01195
greedy_oracle_success_upper,0,nominal_task_balance,0.20,1.00000,0.00000,0.00000,1.00000,0.01195
greedy_oracle_success_upper,0,nominal_task_balance,0.30,1.00000,0.00000,0.00000,1.00000,0.01195
greedy_oracle_success_upper,0,out_of_distribution_tail,0.05,0.00000,0.00000,0.00000,0.00000,0.62419
greedy_oracle_success_upper,0,out_of_distribution_tail,0.10,0.00000,0.00000,0.00000,0.00000,0.62419
greedy_oracle_success_upper,0,out_of_distribution_tail,0.15,0.00000,0.00000,0.00000,0.00000,0.62419
greedy_oracle_success_upper,0,out_of_distribution_tail,0.20,0.00000,0.00000,0.00000,0.00000,0.62419
greedy_oracle_success_upper,0,out_of_distribution_tail,0.30,0.00000,0.00000,0.00000,0.00000,0.62419
greedy_oracle_success_upper,0,rare_mechanism_combo,0.05,0.00000,0.00000,0.00000,0.00000,0.61993
greedy_oracle_success_upper,0,rare_mechanism_combo,0.10,0.00000,0.00000,0.00000,0.00000,0.61993
greedy_oracle_success_upper,0,rare_mechanism_combo,0.15,0.00000,0.00000,0.00000,0.00000,0.61993
greedy_oracle_success_upper,0,rare_mechanism_combo,0.20,0.00000,0.00000,0.00000,0.00000,0.61993
greedy_oracle_success_upper,0,rare_mechanism_combo,0.30,0.00000,0.00000,0.05556,0.05556,0.61993
greedy_oracle_success_upper,0,rare_slip_failures,0.05,0.38889,0.00000,0.00000,0.38889,0.10216
greedy_oracle_success_upper,0,rare_slip_failures,0.10,0.77778,0.00000,0.00000,0.77778,0.10216
greedy_oracle_success_upper,0,rare_slip_failures,0.15,0.83333,0.00000,0.00000,0.83333,0.10216
greedy_oracle_success_upper,0,rare_slip_failures,0.20,0.83333,0.00000,0.00000,0.83333,0.10216
greedy_oracle_success_upper,0,rare_slip_failures,0.30,0.88889,0.00000,0.00000,0.88889,0.10216
hybrid_diversity_risk,0,actuator_limit_failures,0.05,0.66667,0.00000,0.00000,0.66667,0.04648
hybrid_diversity_risk,0,actuator_limit_failures,0.10,1.00000,0.00000,0.00000,1.00000,0.04648
hybrid_diversity_risk,0,actuator_limit_failures,0.15,1.00000,0.00000,0.00000,1.00000,0.04648
hybrid_diversity_risk,0,actuator_limit_failures,0.20,1.00000,0.00000,0.00000,1.00000,0.04648
hybrid_diversity_risk,0,actuator_limit_failures,0.30,1.00000,0.00000,0.00000,1.00000,0.04648
hybrid_diversity_risk,0,combined_tail_stress,0.05,0.00000,0.00000,0.00000,0.00000,0.53894
hybrid_diversity_risk,0,combined_tail_stress,0.10,0.00000,0.00000,0.00000,0.00000,0.53894
hybrid_diversity_risk,0,combined_tail_stress,0.15,0.00000,0.00000,0.00000,0.00000,0.53894
hybrid_diversity_risk,0,combined_tail_stress,0.20,0.00000,0.00000,0.00000,0.00000,0.53894
hybrid_diversity_risk,0,combined_tail_stress,0.30,0.05556,0.00000,0.00000,0.05556,0.53894
hybrid_diversity_risk,0,compound_sensor_actuator_shift,0.05,0.00000,0.00000,0.00000,0.00000,0.21040
hybrid_diversity_risk,0,compound_sensor_actuator_shift,0.10,0.00000,0.00000,0.00000,0.00000,0.21040
hybrid_diversity_risk,0,compound_sensor_actuator_shift,0.15,0.05556,0.11111,0.11111,0.16667,0.21040
hybrid_diversity_risk,0,compound_sensor_actuator_shift,0.20,0.33333,0.16667,0.22222,0.55556,0.21040
hybrid_diversity_risk,0,compound_sensor_actuator_shift,0.30,0.61111,0.16667,0.27778,0.88889,0.21040
hybrid_diversity_risk,0,fixture_geometry_shift,0.05,0.00000,0.00000,0.00000,0.00000,0.93227
hybrid_diversity_risk,0,fixture_geometry_shift,0.10,0.00000,0.00000,0.00000,0.00000,0.93227
hybrid_diversity_risk,0,fixture_geometry_shift,0.15,0.00000,0.00000,0.00000,0.00000,0.93227
hybrid_diversity_risk,0,fixture_geometry_shift,0.20,0.00000,0.00000,0.00000,0.00000,0.93227
hybrid_diversity_risk,0,fixture_geometry_shift,0.30,0.00000,0.00000,0.00000,0.00000,0.93227
hybrid_diversity_risk,0,jammed_fixture_failures,0.05,0.00000,0.00000,0.00000,0.00000,0.71831
hybrid_diversity_risk,0,jammed_fixture_failures,0.10,0.00000,0.00000,0.00000,0.00000,0.71831
hybrid_diversity_risk,0,jammed_fixture_failures,0.15,0.00000,0.00000,0.00000,0.00000,0.71831
hybrid_diversity_risk,0,jammed_fixture_failures,0.20,0.00000,0.00000,0.00000,0.00000,0.71831
hybrid_diversity_risk,0,jammed_fixture_failures,0.30,0.00000,0.00000,0.00000,0.00000,0.71831
hybrid_diversity_risk,0,nominal_task_balance,0.05,1.00000,0.00000,0.00000,1.00000,0.01025
hybrid_diversity_risk,0,nominal_task_balance,0.10,1.00000,0.00000,0.00000,1.00000,0.01025
hybrid_diversity_risk,0,nominal_task_balance,0.15,1.00000,0.00000,0.00000,1.00000,0.01025
hybrid_diversity_risk,0,nominal_task_balance,0.20,1.00000,0.00000,0.00000,1.00000,0.01025
hybrid_diversity_risk,0,nominal_task_balance,0.30,1.00000,0.00000,0.00000,1.00000,0.01025
hybrid_diversity_risk,0,out_of_distribution_tail,0.05,0.00000,0.00000,0.00000,0.00000,0.65419
hybrid_diversity_risk,0,out_of_distribution_tail,0.10,0.00000,0.00000,0.00000,0.00000,0.65419
hybrid_diversity_risk,0,out_of_distribution_tail,0.15,0.00000,0.00000,0.00000,0.00000,0.65419
hybrid_diversity_risk,0,out_of_distribution_tail,0.20,0.00000,0.00000,0.00000,0.00000,0.65419
hybrid_diversity_risk,0,out_of_distribution_tail,0.30,0.00000,0.00000,0.00000,0.00000,0.65419
hybrid_diversity_risk,0,rare_mechanism_combo,0.05,0.00000,0.00000,0.00000,0.00000,0.54102
hybrid_diversity_risk,0,rare_mechanism_combo,0.10,0.00000,0.00000,0.00000,0.00000,0.54102
hybrid_diversity_risk,0,rare_mechanism_combo,0.15,0.00000,0.00000,0.00000,0.00000,0.54102
hybrid_diversity_risk,0,rare_mechanism_combo,0.20,0.00000,0.00000,0.00000,0.00000,0.54102
hybrid_diversity_risk,0,rare_mechanism_combo,0.30,0.05556,0.00000,0.05556,0.11111,0.54102
hybrid_diversity_risk,0,rare_slip_failures,0.05,0.50000,0.00000,0.00000,0.50000,0.08120
hybrid_diversity_risk,0,rare_slip_failures,0.10,0.83333,0.00000,0.00000,0.83333,0.08120
hybrid_diversity_risk,0,rare_slip_failures,0.15,0.83333,0.00000,0.00000,0.83333,0.08120
hybrid_diversity_risk,0,rare_slip_failures,0.20,0.88889,0.00000,0.00000,0.88889,0.08120
hybrid_diversity_risk,0,rare_slip_failures,0.30,0.94444,0.00000,0.00000,0.94444,0.08120
oracle_failure_strata,0,actuator_limit_failures,0.05,0.55556,0.00000,0.00000,0.55556,0.05208
oracle_failure_strata,0,actuator_limit_failures,0.10,0.94444,0.00000,0.00000,0.94444,0.05208
oracle_failure_strata,0,actuator_limit_failures,0.15,1.00000,0.00000,0.00000,1.00000,0.05208
oracle_failure_strata,0,actuator_limit_failures,0.20,1.00000,0.00000,0.00000,1.00000,0.05208
oracle_failure_strata,0,actuator_limit_failures,0.30,1.00000,0.00000,0.00000,1.00000,0.05208
oracle_failure_strata,0,combined_tail_stress,0.05,0.00000,0.00000,0.00000,0.00000,0.62235
oracle_failure_strata,0,combined_tail_stress,0.10,0.00000,0.00000,0.00000,0.00000,0.62235
oracle_failure_strata,0,combined_tail_stress,0.15,0.00000,0.00000,0.00000,0.00000,0.62235
oracle_failure_strata,0,combined_tail_stress,0.20,0.00000,0.00000,0.00000,0.00000,0.62235
oracle_failure_strata,0,combined_tail_stress,0.30,0.05556,0.00000,0.00000,0.05556,0.62235
oracle_failure_strata,0,compound_sensor_actuator_shift,0.05,0.00000,0.00000,0.00000,0.00000,0.36981
oracle_failure_strata,0,compound_sensor_actuator_shift,0.10,0.00000,0.00000,0.00000,0.00000,0.36981
oracle_failure_strata,0,compound_sensor_actuator_shift,0.15,0.00000,0.00000,0.00000,0.00000,0.36981
oracle_failure_strata,0,compound_sensor_actuator_shift,0.20,0.00000,0.00000,0.00000,0.00000,0.36981
oracle_failure_strata,0,compound_sensor_actuator_shift,0.30,0.16667,0.11111,0.11111,0.27778,0.36981
oracle_failure_strata,0,fixture_geometry_shift,0.05,0.00000,0.00000,0.00000,0.00000,0.93625
oracle_failure_strata,0,fixture_geometry_shift,0.10,0.00000,0.00000,0.00000,0.00000,0.93625
oracle_failure_strata,0,fixture_geometry_shift,0.15,0.00000,0.00000,0.00000,0.00000,0.93625
oracle_failure_strata,0,fixture_geometry_shift,0.20,0.00000,0.00000,0.00000,0.00000,0.93625
oracle_failure_strata,0,fixture_geometry_shift,0.30,0.00000,0.00000,0.00000,0.00000,0.93625
oracle_failure_strata,0,jammed_fixture_failures,0.05,0.00000,0.00000,0.00000,0.00000,0.81003
oracle_failure_strata,0,jammed_fixture_failures,0.10,0.00000,0.00000,0.00000,0.00000,0.81003
oracle_failure_strata,0,jammed_fixture_failures,0.15,0.00000,0.00000,0.00000,0.00000,0.81003
oracle_failure_strata,0,jammed_fixture_failures,0.20,0.00000,0.00000,0.00000,0.00000,0.81003
oracle_failure_strata,0,jammed_fixture_failures,0.30,0.00000,0.00000,0.00000,0.00000,0.81003
oracle_failure_strata,0,nominal_task_balance,0.05,1.00000,0.00000,0.00000,1.00000,0.01564
oracle_failure_strata,0,nominal_task_balance,0.10,1.00000,0.00000,0.00000,1.00000,0.01564
oracle_failure_strata,0,nominal_task_balance,0.15,1.00000,0.00000,0.00000,1.00000,0.01564
oracle_failure_strata,0,nominal_task_balance,0.20,1.00000,0.00000,0.00000,1.00000,0.01564
oracle_failure_strata,0,nominal_task_balance,0.30,1.00000,0.00000,0.00000,1.00000,0.01564
oracle_failure_strata,0,out_of_distribution_tail,0.05,0.00000,0.00000,0.00000,0.00000,0.62498
oracle_failure_strata,0,out_of_distribution_tail,0.10,0.00000,0.00000,0.00000,0.00000,0.62498
oracle_failure_strata,0,out_of_distribution_tail,0.15,0.00000,0.00000,0.00000,0.00000,0.62498
oracle_failure_strata,0,out_of_distribution_tail,0.20,0.00000,0.00000,0.00000,0.00000,0.62498
oracle_failure_strata,0,out_of_distribution_tail,0.30,0.00000,0.00000,0.00000,0.00000,0.62498
oracle_failure_strata,0,rare_mechanism_combo,0.05,0.00000,0.00000,0.00000,0.00000,0.60369
oracle_failure_strata,0,rare_mechanism_combo,0.10,0.00000,0.00000,0.00000,0.00000,0.60369
oracle_failure_strata,0,rare_mechanism_combo,0.15,0.00000,0.00000,0.00000,0.00000,0.60369
oracle_failure_strata,0,rare_mechanism_combo,0.20,0.00000,0.00000,0.00000,0.00000,0.60369
oracle_failure_strata,0,rare_mechanism_combo,0.30,0.00000,0.00000,0.05556,0.05556,0.60369
oracle_failure_strata,0,rare_slip_failures,0.05,0.22222,0.00000,0.00000,0.22222,0.12854
oracle_failure_strata,0,rare_slip_failures,0.10,0.61111,0.00000,0.00000,0.61111,0.12854
oracle_failure_strata,0,rare_slip_failures,0.15,0.83333,0.00000,0.00000,0.83333,0.12854
oracle_failure_strata,0,rare_slip_failures,0.20,0.83333,0.00000,0.00000,0.83333,0.12854
oracle_failure_strata,0,rare_slip_failures,0.30,0.83333,0.00000,0.00000,0.83333,0.12854
random_forest_failure_active,0,actuator_limit_failures,0.05,0.55556,0.00000,0.00000,0.55556,0.05294
random_forest_failure_active,0,actuator_limit_failures,0.10,0.88889,0.00000,0.00000,0.88889,0.05294
random_forest_failure_active,0,actuator_limit_failures,0.15,1.00000,0.00000,0.00000,1.00000,0.05294
random_forest_failure_active,0,actuator_limit_failures,0.20,1.00000,0.00000,0.00000,1.00000,0.05294
random_forest_failure_active,0,actuator_limit_failures,0.30,1.00000,0.00000,0.00000,1.00000,0.05294
random_forest_failure_active,0,combined_tail_stress,0.05,0.00000,0.00000,0.00000,0.00000,0.58150
random_forest_failure_active,0,combined_tail_stress,0.10,0.00000,0.00000,0.00000,0.00000,0.58150
random_forest_failure_active,0,combined_tail_stress,0.15,0.05556,0.00000,0.00000,0.05556,0.58150
random_forest_failure_active,0,combined_tail_stress,0.20,0.05556,0.00000,0.00000,0.05556,0.58150
random_forest_failure_active,0,combined_tail_stress,0.30,0.05556,0.00000,0.00000,0.05556,0.58150
random_forest_failure_active,0,compound_sensor_actuator_shift,0.05,0.00000,0.00000,0.00000,0.00000,0.20881
random_forest_failure_active,0,compound_sensor_actuator_shift,0.10,0.05556,0.05556,0.05556,0.11111,0.20881
random_forest_failure_active,0,compound_sensor_actuator_shift,0.15,0.22222,0.11111,0.11111,0.33333,0.20881
random_forest_failure_active,0,compound_sensor_actuator_shift,0.20,0.44444,0.16667,0.22222,0.66667,0.20881
random_forest_failure_active,0,compound_sensor_actuator_shift,0.30,0.55556,0.16667,0.22222,0.77778,0.20881
random_forest_failure_active,0,fixture_geometry_shift,0.05,0.00000,0.00000,0.00000,0.00000,0.96685
random_forest_failure_active,0,fixture_geometry_shift,0.10,0.00000,0.00000,0.00000,0.00000,0.96685
random_forest_failure_active,0,fixture_geometry_shift,0.15,0.00000,0.00000,0.00000,0.00000,0.96685
random_forest_failure_active,0,fixture_geometry_shift,0.20,0.00000,0.00000,0.00000,0.00000,0.96685
random_forest_failure_active,0,fixture_geometry_shift,0.30,0.00000,0.00000,0.00000,0.00000,0.96685
random_forest_failure_active,0,jammed_fixture_failures,0.05,0.00000,0.00000,0.00000,0.00000,0.85205
random_forest_failure_active,0,jammed_fixture_failures,0.10,0.00000,0.00000,0.00000,0.00000,0.85205
random_forest_failure_active,0,jammed_fixture_failures,0.15,0.00000,0.00000,0.00000,0.00000,0.85205
random_forest_failure_active,0,jammed_fixture_failures,0.20,0.00000,0.00000,0.00000,0.00000,0.85205
random_forest_failure_active,0,jammed_fixture_failures,0.30,0.00000,0.00000,0.00000,0.00000,0.85205
random_forest_failure_active,0,nominal_task_balance,0.05,1.00000,0.00000,0.00000,1.00000,0.01184
random_forest_failure_active,0,nominal_task_balance,0.10,1.00000,0.00000,0.00000,1.00000,0.01184
random_forest_failure_active,0,nominal_task_balance,0.15,1.00000,0.00000,0.00000,1.00000,0.01184
random_forest_failure_active,0,nominal_task_balance,0.20,1.00000,0.00000,0.00000,1.00000,0.01184
random_forest_failure_active,0,nominal_task_balance,0.30,1.00000,0.00000,0.00000,1.00000,0.01184
random_forest_failure_active,0,out_of_distribution_tail,0.05,0.00000,0.00000,0.00000,0.00000,0.73294
random_forest_failure_active,0,out_of_distribution_tail,0.10,0.00000,0.00000,0.00000,0.00000,0.73294
random_forest_failure_active,0,out_of_distribution_tail,0.15,0.00000,0.00000,0.00000,0.00000,0.73294
random_forest_failure_active,0,out_of_distribution_tail,0.20,0.00000,0.00000,0.00000,0.00000,0.73294
random_forest_failure_active,0,out_of_distribution_tail,0.30,0.00000,0.00000,0.00000,0.00000,0.73294
random_forest_failure_active,0,rare_mechanism_combo,0.05,0.00000,0.00000,0.00000,0.00000,0.62284
random_forest_failure_active,0,rare_mechanism_combo,0.10,0.00000,0.00000,0.00000,0.00000,0.62284
random_forest_failure_active,0,rare_mechanism_combo,0.15,0.00000,0.00000,0.00000,0.00000,0.62284
random_forest_failure_active,0,rare_mechanism_combo,0.20,0.00000,0.00000,0.00000,0.00000,0.62284
random_forest_failure_active,0,rare_mechanism_combo,0.30,0.05556,0.00000,0.05556,0.11111,0.62284
random_forest_failure_active,0,rare_slip_failures,0.05,0.50000,0.00000,0.00000,0.50000,0.09751
random_forest_failure_active,0,rare_slip_failures,0.10,0.77778,0.00000,0.00000,0.77778,0.09751
random_forest_failure_active,0,rare_slip_failures,0.15,0.83333,0.00000,0.00000,0.83333,0.09751
random_forest_failure_active,0,rare_slip_failures,0.20,0.88889,0.00000,0.00000,0.88889,0.09751
random_forest_failure_active,0,rare_slip_failures,0.30,0.88889,0.00000,0.00000,0.88889,0.09751
random_sampling,0,actuator_limit_failures,0.05,0.50000,0.00000,0.00000,0.50000,0.05517
random_sampling,0,actuator_limit_failures,0.10,0.88889,0.00000,0.00000,0.88889,0.05517
random_sampling,0,actuator_limit_failures,0.15,1.00000,0.00000,0.00000,1.00000,0.05517
random_sampling,0,actuator_limit_failures,0.20,1.00000,0.00000,0.00000,1.00000,0.05517
random_sampling,0,actuator_limit_failures,0.30,1.00000,0.00000,0.00000,1.00000,0.05517
random_sampling,0,combined_tail_stress,0.05,0.00000,0.00000,0.00000,0.00000,0.61085
random_sampling,0,combined_tail_stress,0.10,0.00000,0.00000,0.00000,0.00000,0.61085
random_sampling,0,combined_tail_stress,0.15,0.00000,0.00000,0.00000,0.00000,0.61085
random_sampling,0,combined_tail_stress,0.20,0.00000,0.00000,0.00000,0.00000,0.61085
random_sampling,0,combined_tail_stress,0.30,0.05556,0.00000,0.00000,0.05556,0.61085
random_sampling,0,compound_sensor_actuator_shift,0.05,0.00000,0.00000,0.00000,0.00000,0.28146
random_sampling,0,compound_sensor_actuator_shift,0.10,0.00000,0.00000,0.00000,0.00000,0.28146
random_sampling,0,compound_sensor_actuator_shift,0.15,0.05556,0.05556,0.05556,0.11111,0.28146
random_sampling,0,compound_sensor_actuator_shift,0.20,0.05556,0.11111,0.11111,0.16667,0.28146
random_sampling,0,compound_sensor_actuator_shift,0.30,0.44444,0.16667,0.22222,0.66667,0.28146
random_sampling,0,fixture_geometry_shift,0.05,0.00000,0.00000,0.00000,0.00000,0.93773
random_sampling,0,fixture_geometry_shift,0.10,0.00000,0.00000,0.00000,0.00000,0.93773
random_sampling,0,fixture_geometry_shift,0.15,0.00000,0.00000,0.00000,0.00000,0.93773
random_sampling,0,fixture_geometry_shift,0.20,0.00000,0.00000,0.00000,0.00000,0.93773
random_sampling,0,fixture_geometry_shift,0.30,0.00000,0.00000,0.00000,0.00000,0.93773
random_sampling,0,jammed_fixture_failures,0.05,0.00000,0.00000,0.00000,0.00000,0.77872
random_sampling,0,jammed_fixture_failures,0.10,0.00000,0.00000,0.00000,0.00000,0.77872
random_sampling,0,jammed_fixture_failures,0.15,0.00000,0.00000,0.00000,0.00000,0.77872
random_sampling,0,jammed_fixture_failures,0.20,0.00000,0.00000,0.00000,0.00000,0.77872
random_sampling,0,jammed_fixture_failures,0.30,0.00000,0.00000,0.00000,0.00000,0.77872
random_sampling,0,nominal_task_balance,0.05,1.00000,0.00000,0.00000,1.00000,0.01059
random_sampling,0,nominal_task_balance,0.10,1.00000,0.00000,0.00000,1.00000,0.01059
random_sampling,0,nominal_task_balance,0.15,1.00000,0.00000,0.00000,1.00000,0.01059
random_sampling,0,nominal_task_balance,0.20,1.00000,0.00000,0.00000,1.00000,0.01059
random_sampling,0,nominal_task_balance,0.30,1.00000,0.00000,0.00000,1.00000,0.01059
random_sampling,0,out_of_distribution_tail,0.05,0.00000,0.00000,0.00000,0.00000,0.65057
random_sampling,0,out_of_distribution_tail,0.10,0.00000,0.00000,0.00000,0.00000,0.65057
random_sampling,0,out_of_distribution_tail,0.15,0.00000,0.00000,0.00000,0.00000,0.65057
random_sampling,0,out_of_distribution_tail,0.20,0.00000,0.00000,0.00000,0.00000,0.65057
random_sampling,0,out_of_distribution_tail,0.30,0.00000,0.00000,0.00000,0.00000,0.65057
random_sampling,0,rare_mechanism_combo,0.05,0.00000,0.00000,0.00000,0.00000,0.62484
random_sampling,0,rare_mechanism_combo,0.10,0.00000,0.00000,0.00000,0.00000,0.62484
random_sampling,0,rare_mechanism_combo,0.15,0.00000,0.00000,0.00000,0.00000,0.62484
random_sampling,0,rare_mechanism_combo,0.20,0.00000,0.00000,0.00000,0.00000,0.62484
random_sampling,0,rare_mechanism_combo,0.30,0.00000,0.00000,0.05556,0.05556,0.62484
random_sampling,0,rare_slip_failures,0.05,0.50000,0.00000,0.00000,0.50000,0.09218
random_sampling,0,rare_slip_failures,0.10,0.83333,0.00000,0.00000,0.83333,0.09218
random_sampling,0,rare_slip_failures,0.15,0.83333,0.00000,0.00000,0.83333,0.09218
random_sampling,0,rare_slip_failures,0.20,0.88889,0.00000,0.00000,0.88889,0.09218
random_sampling,0,rare_slip_failures,0.30,0.94444,0.00000,0.00000,0.94444,0.09218
state_diversity_coreset,0,actuator_limit_failures,0.05,0.44444,0.00000,0.00000,0.44444,0.06457
state_diversity_coreset,0,actuator_limit_failures,0.10,0.83333,0.00000,0.00000,0.83333,0.06457
state_diversity_coreset,0,actuator_limit_failures,0.15,1.00000,0.00000,0.00000,1.00000,0.06457
state_diversity_coreset,0,actuator_limit_failures,0.20,1.00000,0.00000,0.00000,1.00000,0.06457
state_diversity_coreset,0,actuator_limit_failures,0.30,1.00000,0.00000,0.00000,1.00000,0.06457
state_diversity_coreset,0,combined_tail_stress,0.05,0.00000,0.00000,0.00000,0.00000,0.56453
state_diversity_coreset,0,combined_tail_stress,0.10,0.00000,0.00000,0.00000,0.00000,0.56453
state_diversity_coreset,0,combined_tail_stress,0.15,0.00000,0.00000,0.00000,0.00000,0.56453
state_diversity_coreset,0,combined_tail_stress,0.20,0.00000,0.00000,0.00000,0.00000,0.56453
state_diversity_coreset,0,combined_tail_stress,0.30,0.05556,0.00000,0.00000,0.05556,0.56453
state_diversity_coreset,0,compound_sensor_actuator_shift,0.05,0.00000,0.00000,0.00000,0.00000,0.28375
state_diversity_coreset,0,compound_sensor_actuator_shift,0.10,0.00000,0.00000,0.00000,0.00000,0.28375
state_diversity_coreset,0,compound_sensor_actuator_shift,0.15,0.00000,0.00000,0.00000,0.00000,0.28375
state_diversity_coreset,0,compound_sensor_actuator_shift,0.20,0.11111,0.11111,0.11111,0.22222,0.28375
state_diversity_coreset,0,compound_sensor_actuator_shift,0.30,0.38889,0.16667,0.22222,0.61111,0.28375
state_diversity_coreset,0,fixture_geometry_shift,0.05,0.00000,0.00000,0.00000,0.00000,0.91148
state_diversity_coreset,0,fixture_geometry_shift,0.10,0.00000,0.00000,0.00000,0.00000,0.91148
state_diversity_coreset,0,fixture_geometry_shift,0.15,0.00000,0.00000,0.00000,0.00000,0.91148
state_diversity_coreset,0,fixture_geometry_shift,0.20,0.00000,0.00000,0.00000,0.00000,0.91148
state_diversity_coreset,0,fixture_geometry_shift,0.30,0.00000,0.00000,0.00000,0.00000,0.91148
state_diversity_coreset,0,jammed_fixture_failures,0.05,0.00000,0.00000,0.00000,0.00000,0.75661
state_diversity_coreset,0,jammed_fixture_failures,0.10,0.00000,0.00000,0.00000,0.00000,0.75661
state_diversity_coreset,0,jammed_fixture_failures,0.15,0.00000,0.00000,0.00000,0.00000,0.75661
state_diversity_coreset,0,jammed_fixture_failures,0.20,0.00000,0.00000,0.00000,0.00000,0.75661
state_diversity_coreset,0,jammed_fixture_failures,0.30,0.00000,0.00000,0.00000,0.00000,0.75661
state_diversity_coreset,0,nominal_task_balance,0.05,1.00000,0.00000,0.00000,1.00000,0.01310
state_diversity_coreset,0,nominal_task_balance,0.10,1.00000,0.00000,0.00000,1.00000,0.01310
state_diversity_coreset,0,nominal_task_balance,0.15,1.00000,0.00000,0.00000,1.00000,0.01310
state_diversity_coreset,0,nominal_task_balance,0.20,1.00000,0.00000,0.00000,1.00000,0.01310
state_diversity_coreset,0,nominal_task_balance,0.30,1.00000,0.00000,0.00000,1.00000,0.01310
state_diversity_coreset,0,out_of_distribution_tail,0.05,0.00000,0.00000,0.00000,0.00000,0.62224
state_diversity_coreset,0,out_of_distribution_tail,0.10,0.00000,0.00000,0.00000,0.00000,0.62224
state_diversity_coreset,0,out_of_distribution_tail,0.15,0.00000,0.00000,0.00000,0.00000,0.62224
state_diversity_coreset,0,out_of_distribution_tail,0.20,0.00000,0.00000,0.00000,0.00000,0.62224
state_diversity_coreset,0,out_of_distribution_tail,0.30,0.00000,0.00000,0.00000,0.00000,0.62224
state_diversity_coreset,0,rare_mechanism_combo,0.05,0.00000,0.00000,0.00000,0.00000,0.56839
state_diversity_coreset,0,rare_mechanism_combo,0.10,0.00000,0.00000,0.00000,0.00000,0.56839
state_diversity_coreset,0,rare_mechanism_combo,0.15,0.00000,0.00000,0.00000,0.00000,0.56839
state_diversity_coreset,0,rare_mechanism_combo,0.20,0.00000,0.00000,0.00000,0.00000,0.56839
state_diversity_coreset,0,rare_mechanism_combo,0.30,0.00000,0.00000,0.05556,0.05556,0.56839
state_diversity_coreset,0,rare_slip_failures,0.05,0.33333,0.00000,0.00000,0.33333,0.10159
state_diversity_coreset,0,rare_slip_failures,0.10,0.83333,0.00000,0.00000,0.83333,0.10159
state_diversity_coreset,0,rare_slip_failures,0.15,0.83333,0.00000,0.00000,0.83333,0.10159
state_diversity_coreset,0,rare_slip_failures,0.20,0.83333,0.00000,0.00000,0.83333,0.10159
state_diversity_coreset,0,rare_slip_failures,0.30,0.94444,0.00000,0.00000,0.94444,0.10159
tail_risk_active_learning,0,actuator_limit_failures,0.05,0.72222,0.00000,0.00000,0.72222,0.03915
tail_risk_active_learning,0,actuator_limit_failures,0.10,1.00000,0.00000,0.00000,1.00000,0.03915
tail_risk_active_learning,0,actuator_limit_failures,0.15,1.00000,0.00000,0.00000,1.00000,0.03915
tail_risk_active_learning,0,actuator_limit_failures,0.20,1.00000,0.00000,0.00000,1.00000,0.03915
tail_risk_active_learning,0,actuator_limit_failures,0.30,1.00000,0.00000,0.00000,1.00000,0.03915
tail_risk_active_learning,0,combined_tail_stress,0.05,0.00000,0.00000,0.00000,0.00000,0.53791
tail_risk_active_learning,0,combined_tail_stress,0.10,0.00000,0.00000,0.00000,0.00000,0.53791
tail_risk_active_learning,0,combined_tail_stress,0.15,0.00000,0.00000,0.00000,0.00000,0.53791
tail_risk_active_learning,0,combined_tail_stress,0.20,0.05556,0.00000,0.00000,0.05556,0.53791
tail_risk_active_learning,0,combined_tail_stress,0.30,0.05556,0.00000,0.00000,0.05556,0.53791
tail_risk_active_learning,0,compound_sensor_actuator_shift,0.05,0.00000,0.00000,0.00000,0.00000,0.19348
tail_risk_active_learning,0,compound_sensor_actuator_shift,0.10,0.05556,0.05556,0.05556,0.11111,0.19348
tail_risk_active_learning,0,compound_sensor_actuator_shift,0.15,0.22222,0.16667,0.16667,0.38889,0.19348
tail_risk_active_learning,0,compound_sensor_actuator_shift,0.20,0.44444,0.16667,0.22222,0.66667,0.19348
tail_risk_active_learning,0,compound_sensor_actuator_shift,0.30,0.61111,0.16667,0.22222,0.83333,0.19348
tail_risk_active_learning,0,fixture_geometry_shift,0.05,0.00000,0.00000,0.00000,0.00000,0.93402
tail_risk_active_learning,0,fixture_geometry_shift,0.10,0.00000,0.00000,0.00000,0.00000,0.93402
tail_risk_active_learning,0,fixture_geometry_shift,0.15,0.00000,0.00000,0.00000,0.00000,0.93402
tail_risk_active_learning,0,fixture_geometry_shift,0.20,0.00000,0.00000,0.00000,0.00000,0.93402
tail_risk_active_learning,0,fixture_geometry_shift,0.30,0.00000,0.00000,0.00000,0.00000,0.93402
tail_risk_active_learning,0,jammed_fixture_failures,0.05,0.00000,0.00000,0.00000,0.00000,0.72686
tail_risk_active_learning,0,jammed_fixture_failures,0.10,0.00000,0.00000,0.00000,0.00000,0.72686
tail_risk_active_learning,0,jammed_fixture_failures,0.15,0.00000,0.00000,0.00000,0.00000,0.72686
tail_risk_active_learning,0,jammed_fixture_failures,0.20,0.00000,0.00000,0.00000,0.00000,0.72686
tail_risk_active_learning,0,jammed_fixture_failures,0.30,0.00000,0.00000,0.00000,0.00000,0.72686
tail_risk_active_learning,0,nominal_task_balance,0.05,1.00000,0.00000,0.00000,1.00000,0.00925
tail_risk_active_learning,0,nominal_task_balance,0.10,1.00000,0.00000,0.00000,1.00000,0.00925
tail_risk_active_learning,0,nominal_task_balance,0.15,1.00000,0.00000,0.00000,1.00000,0.00925
tail_risk_active_learning,0,nominal_task_balance,0.20,1.00000,0.00000,0.00000,1.00000,0.00925
tail_risk_active_learning,0,nominal_task_balance,0.30,1.00000,0.00000,0.00000,1.00000,0.00925
tail_risk_active_learning,0,out_of_distribution_tail,0.05,0.00000,0.00000,0.00000,0.00000,0.54746
tail_risk_active_learning,0,out_of_distribution_tail,0.10,0.00000,0.00000,0.00000,0.00000,0.54746
tail_risk_active_learning,0,out_of_distribution_tail,0.15,0.00000,0.00000,0.00000,0.00000,0.54746
tail_risk_active_learning,0,out_of_distribution_tail,0.20,0.00000,0.00000,0.00000,0.00000,0.54746
tail_risk_active_learning,0,out_of_distribution_tail,0.30,0.00000,0.00000,0.05556,0.05556,0.54746
tail_risk_active_learning,0,rare_mechanism_combo,0.05,0.00000,0.00000,0.00000,0.00000,0.55990
tail_risk_active_learning,0,rare_mechanism_combo,0.10,0.00000,0.00000,0.00000,0.00000,0.55990
tail_risk_active_learning,0,rare_mechanism_combo,0.15,0.00000,0.00000,0.00000,0.00000,0.55990
tail_risk_active_learning,0,rare_mechanism_combo,0.20,0.00000,0.00000,0.00000,0.00000,0.55990
tail_risk_active_learning,0,rare_mechanism_combo,0.30,0.05556,0.00000,0.05556,0.11111,0.55990
tail_risk_active_learning,0,rare_slip_failures,0.05,0.55556,0.00000,0.00000,0.55556,0.07449
tail_risk_active_learning,0,rare_slip_failures,0.10,0.83333,0.00000,0.00000,0.83333,0.07449
tail_risk_active_learning,0,rare_slip_failures,0.15,0.83333,0.00000,0.00000,0.83333,0.07449
tail_risk_active_learning,0,rare_slip_failures,0.20,0.88889,0.00000,0.00000,0.88889,0.07449
tail_risk_active_learning,0,rare_slip_failures,0.30,0.94444,0.00000,0.00000,0.94444,0.07449
task_label_stratification,0,actuator_limit_failures,0.05,0.55556,0.00000,0.00000,0.55556,0.04968
task_label_stratification,0,actuator_limit_failures,0.10,0.94444,0.00000,0.00000,0.94444,0.04968
task_label_stratification,0,actuator_limit_failures,0.15,1.00000,0.00000,0.00000,1.00000,0.04968
task_label_stratification,0,actuator_limit_failures,0.20,1.00000,0.00000,0.00000,1.00000,0.04968
task_label_stratification,0,actuator_limit_failures,0.30,1.00000,0.00000,0.00000,1.00000,0.04968
task_label_stratification,0,combined_tail_stress,0.05,0.00000,0.00000,0.00000,0.00000,0.55793
task_label_stratification,0,combined_tail_stress,0.10,0.00000,0.00000,0.00000,0.00000,0.55793
task_label_stratification,0,combined_tail_stress,0.15,0.00000,0.00000,0.00000,0.00000,0.55793
task_label_stratification,0,combined_tail_stress,0.20,0.05556,0.00000,0.00000,0.05556,0.55793
task_label_stratification,0,combined_tail_stress,0.30,0.05556,0.00000,0.00000,0.05556,0.55793
task_label_stratification,0,compound_sensor_actuator_shift,0.05,0.00000,0.00000,0.00000,0.00000,0.21670
task_label_stratification,0,compound_sensor_actuator_shift,0.10,0.05556,0.05556,0.05556,0.11111,0.21670
task_label_stratification,0,compound_sensor_actuator_shift,0.15,0.11111,0.11111,0.11111,0.22222,0.21670
task_label_stratification,0,compound_sensor_actuator_shift,0.20,0.33333,0.16667,0.22222,0.55556,0.21670
task_label_stratification,0,compound_sensor_actuator_shift,0.30,0.61111,0.16667,0.22222,0.83333,0.21670
task_label_stratification,0,fixture_geometry_shift,0.05,0.00000,0.00000,0.00000,0.00000,0.95347
task_label_stratification,0,fixture_geometry_shift,0.10,0.00000,0.00000,0.00000,0.00000,0.95347
task_label_stratification,0,fixture_geometry_shift,0.15,0.00000,0.00000,0.00000,0.00000,0.95347
task_label_stratification,0,fixture_geometry_shift,0.20,0.00000,0.00000,0.00000,0.00000,0.95347
task_label_stratification,0,fixture_geometry_shift,0.30,0.00000,0.00000,0.00000,0.00000,0.95347
task_label_stratification,0,jammed_fixture_failures,0.05,0.00000,0.00000,0.00000,0.00000,0.79249
task_label_stratification,0,jammed_fixture_failures,0.10,0.00000,0.00000,0.00000,0.00000,0.79249
task_label_stratification,0,jammed_fixture_failures,0.15,0.00000,0.00000,0.00000,0.00000,0.79249
task_label_stratification,0,jammed_fixture_failures,0.20,0.00000,0.00000,0.00000,0.00000,0.79249
task_label_stratification,0,jammed_fixture_failures,0.30,0.00000,0.00000,0.00000,0.00000,0.79249
task_label_stratification,0,nominal_task_balance,0.05,1.00000,0.00000,0.00000,1.00000,0.00982
task_label_stratification,0,nominal_task_balance,0.10,1.00000,0.00000,0.00000,1.00000,0.00982
task_label_stratification,0,nominal_task_balance,0.15,1.00000,0.00000,0.00000,1.00000,0.00982
task_label_stratification,0,nominal_task_balance,0.20,1.00000,0.00000,0.00000,1.00000,0.00982
task_label_stratification,0,nominal_task_balance,0.30,1.00000,0.00000,0.00000,1.00000,0.00982
task_label_stratification,0,out_of_distribution_tail,0.05,0.00000,0.00000,0.00000,0.00000,0.68301
task_label_stratification,0,out_of_distribution_tail,0.10,0.00000,0.00000,0.00000,0.00000,0.68301
task_label_stratification,0,out_of_distribution_tail,0.15,0.00000,0.00000,0.00000,0.00000,0.68301
task_label_stratification,0,out_of_distribution_tail,0.20,0.00000,0.00000,0.00000,0.00000,0.68301
task_label_stratification,0,out_of_distribution_tail,0.30,0.00000,0.00000,0.00000,0.00000,0.68301
task_label_stratification,0,rare_mechanism_combo,0.05,0.00000,0.00000,0.00000,0.00000,0.62914
task_label_stratification,0,rare_mechanism_combo,0.10,0.00000,0.00000,0.00000,0.00000,0.62914
task_label_stratification,0,rare_mechanism_combo,0.15,0.00000,0.00000,0.00000,0.00000,0.62914
task_label_stratification,0,rare_mechanism_combo,0.20,0.00000,0.00000,0.00000,0.00000,0.62914
task_label_stratification,0,rare_mechanism_combo,0.30,0.00000,0.00000,0.05556,0.05556,0.62914
task_label_stratification,0,rare_slip_failures,0.05,0.44444,0.00000,0.00000,0.44444,0.09367
task_label_stratification,0,rare_slip_failures,0.10,0.77778,0.00000,0.00000,0.77778,0.09367
task_label_stratification,0,rare_slip_failures,0.15,0.83333,0.00000,0.00000,0.83333,0.09367
task_label_stratification,0,rare_slip_failures,0.20,0.88889,0.00000,0.00000,0.88889,0.09367
task_label_stratification,0,rare_slip_failures,0.30,0.94444,0.00000,0.00000,0.94444,0.09367
uncertainty_sampling,0,actuator_limit_failures,0.05,0.77778,0.00000,0.00000,0.77778,0.03766
uncertainty_sampling,0,actuator_limit_failures,0.10,1.00000,0.00000,0.00000,1.00000,0.03766
uncertainty_sampling,0,actuator_limit_failures,0.15,1.00000,0.00000,0.00000,1.00000,0.03766
uncertainty_sampling,0,actuator_limit_failures,0.20,1.00000,0.00000,0.00000,1.00000,0.03766
uncertainty_sampling,0,actuator_limit_failures,0.30,1.00000,0.00000,0.00000,1.00000,0.03766
uncertainty_sampling,0,combined_tail_stress,0.05,0.00000,0.00000,0.00000,0.00000,0.53404
uncertainty_sampling,0,combined_tail_stress,0.10,0.00000,0.00000,0.00000,0.00000,0.53404
uncertainty_sampling,0,combined_tail_stress,0.15,0.00000,0.00000,0.00000,0.00000,0.53404
uncertainty_sampling,0,combined_tail_stress,0.20,0.05556,0.00000,0.00000,0.05556,0.53404
uncertainty_sampling,0,combined_tail_stress,0.30,0.05556,0.00000,0.00000,0.05556,0.53404
uncertainty_sampling,0,compound_sensor_actuator_shift,0.05,0.00000,0.00000,0.00000,0.00000,0.16474
uncertainty_sampling,0,compound_sensor_actuator_shift,0.10,0.05556,0.11111,0.11111,0.16667,0.16474
uncertainty_sampling,0,compound_sensor_actuator_shift,0.15,0.33333,0.16667,0.22222,0.55556,0.16474
uncertainty_sampling,0,compound_sensor_actuator_shift,0.20,0.38889,0.16667,0.22222,0.61111,0.16474
uncertainty_sampling,0,compound_sensor_actuator_shift,0.30,0.66667,0.16667,0.27778,0.94444,0.16474
uncertainty_sampling,0,fixture_geometry_shift,0.05,0.00000,0.00000,0.00000,0.00000,0.94163
uncertainty_sampling,0,fixture_geometry_shift,0.10,0.00000,0.00000,0.00000,0.00000,0.94163
uncertainty_sampling,0,fixture_geometry_shift,0.15,0.00000,0.00000,0.00000,0.00000,0.94163
uncertainty_sampling,0,fixture_geometry_shift,0.20,0.00000,0.00000,0.00000,0.00000,0.94163
uncertainty_sampling,0,fixture_geometry_shift,0.30,0.00000,0.00000,0.00000,0.00000,0.94163
uncertainty_sampling,0,jammed_fixture_failures,0.05,0.00000,0.00000,0.00000,0.00000,0.72697
uncertainty_sampling,0,jammed_fixture_failures,0.10,0.00000,0.00000,0.00000,0.00000,0.72697
uncertainty_sampling,0,jammed_fixture_failures,0.15,0.00000,0.00000,0.00000,0.00000,0.72697
uncertainty_sampling,0,jammed_fixture_failures,0.20,0.00000,0.00000,0.00000,0.00000,0.72697
uncertainty_sampling,0,jammed_fixture_failures,0.30,0.00000,0.00000,0.00000,0.00000,0.72697
uncertainty_sampling,0,nominal_task_balance,0.05,1.00000,0.00000,0.00000,1.00000,0.00938
uncertainty_sampling,0,nominal_task_balance,0.10,1.00000,0.00000,0.00000,1.00000,0.00938
uncertainty_sampling,0,nominal_task_balance,0.15,1.00000,0.00000,0.00000,1.00000,0.00938
uncertainty_sampling,0,nominal_task_balance,0.20,1.00000,0.00000,0.00000,1.00000,0.00938
uncertainty_sampling,0,nominal_task_balance,0.30,1.00000,0.00000,0.00000,1.00000,0.00938
uncertainty_sampling,0,out_of_distribution_tail,0.05,0.00000,0.00000,0.00000,0.00000,0.66537
uncertainty_sampling,0,out_of_distribution_tail,0.10,0.00000,0.00000,0.00000,0.00000,0.66537
uncertainty_sampling,0,out_of_distribution_tail,0.15,0.00000,0.00000,0.00000,0.00000,0.66537
uncertainty_sampling,0,out_of_distribution_tail,0.20,0.00000,0.00000,0.00000,0.00000,0.66537
uncertainty_sampling,0,out_of_distribution_tail,0.30,0.00000,0.00000,0.00000,0.00000,0.66537
uncertainty_sampling,0,rare_mechanism_combo,0.05,0.00000,0.00000,0.00000,0.00000,0.64114
uncertainty_sampling,0,rare_mechanism_combo,0.10,0.00000,0.00000,0.00000,0.00000,0.64114
uncertainty_sampling,0,rare_mechanism_combo,0.15,0.00000,0.00000,0.00000,0.00000,0.64114
uncertainty_sampling,0,rare_mechanism_combo,0.20,0.00000,0.00000,0.00000,0.00000,0.64114
uncertainty_sampling,0,rare_mechanism_combo,0.30,0.00000,0.00000,0.05556,0.05556,0.64114
uncertainty_sampling,0,rare_slip_failures,0.05,0.44444,0.00000,0.00000,0.44444,0.08531
uncertainty_sampling,0,rare_slip_failures,0.10,0.83333,0.00000,0.00000,0.83333,0.08531
uncertainty_sampling,0,rare_slip_failures,0.15,0.83333,0.00000,0.00000,0.83333,0.08531
uncertainty_sampling,0,rare_slip_failures,0.20,0.88889,0.00000,0.00000,0.88889,0.08531
uncertainty_sampling,0,rare_slip_failures,0.30,0.94444,0.00000,0.00000,0.94444,0.08531
balanced_failure_replay,1,actuator_limit_failures,0.05,0.55556,0.00000,0.00000,0.55556,0.05596
balanced_failure_replay,1,actuator_limit_failures,0.10,0.94444,0.00000,0.00000,0.94444,0.05596
balanced_failure_replay,1,actuator_limit_failures,0.15,1.00000,0.00000,0.00000,1.00000,0.05596
balanced_failure_replay,1,actuator_limit_failures,0.20,1.00000,0.00000,0.00000,1.00000,0.05596
balanced_failure_replay,1,actuator_limit_failures,0.30,1.00000,0.00000,0.00000,1.00000,0.05596
balanced_failure_replay,1,combined_tail_stress,0.05,0.00000,0.00000,0.00000,0.00000,0.41089
balanced_failure_replay,1,combined_tail_stress,0.10,0.00000,0.00000,0.00000,0.00000,0.41089
balanced_failure_replay,1,combined_tail_stress,0.15,0.05556,0.00000,0.00000,0.05556,0.41089
balanced_failure_replay,1,combined_tail_stress,0.20,0.05556,0.00000,0.00000,0.05556,0.41089
balanced_failure_replay,1,combined_tail_stress,0.30,0.27778,0.00000,0.00000,0.27778,0.41089
balanced_failure_replay,1,compound_sensor_actuator_shift,0.05,0.05556,0.00000,0.00000,0.05556,0.13051
balanced_failure_replay,1,compound_sensor_actuator_shift,0.10,0.27778,0.11111,0.11111,0.38889,0.13051
balanced_failure_replay,1,compound_sensor_actuator_shift,0.15,0.55556,0.16667,0.16667,0.72222,0.13051
balanced_failure_replay,1,compound_sensor_actuator_shift,0.20,0.66667,0.16667,0.16667,0.83333,0.13051
balanced_failure_replay,1,compound_sensor_actuator_shift,0.30,0.72222,0.22222,0.22222,0.94444,0.13051
balanced_failure_replay,1,fixture_geometry_shift,0.05,0.00000,0.00000,0.00000,0.00000,0.90153
balanced_failure_replay,1,fixture_geometry_shift,0.10,0.00000,0.00000,0.00000,0.00000,0.90153
balanced_failure_replay,1,fixture_geometry_shift,0.15,0.00000,0.00000,0.00000,0.00000,0.90153
balanced_failure_replay,1,fixture_geometry_shift,0.20,0.00000,0.00000,0.00000,0.00000,0.90153
balanced_failure_replay,1,fixture_geometry_shift,0.30,0.00000,0.00000,0.00000,0.00000,0.90153
balanced_failure_replay,1,jammed_fixture_failures,0.05,0.00000,0.00000,0.00000,0.00000,0.76515
balanced_failure_replay,1,jammed_fixture_failures,0.10,0.00000,0.00000,0.00000,0.00000,0.76515
balanced_failure_replay,1,jammed_fixture_failures,0.15,0.00000,0.00000,0.00000,0.00000,0.76515
balanced_failure_replay,1,jammed_fixture_failures,0.20,0.00000,0.00000,0.00000,0.00000,0.76515
balanced_failure_replay,1,jammed_fixture_failures,0.30,0.00000,0.00000,0.00000,0.00000,0.76515
balanced_failure_replay,1,nominal_task_balance,0.05,1.00000,0.00000,0.00000,1.00000,0.01277
balanced_failure_replay,1,nominal_task_balance,0.10,1.00000,0.00000,0.00000,1.00000,0.01277
balanced_failure_replay,1,nominal_task_balance,0.15,1.00000,0.00000,0.00000,1.00000,0.01277
balanced_failure_replay,1,nominal_task_balance,0.20,1.00000,0.00000,0.00000,1.00000,0.01277
balanced_failure_replay,1,nominal_task_balance,0.30,1.00000,0.00000,0.00000,1.00000,0.01277
balanced_failure_replay,1,out_of_distribution_tail,0.05,0.00000,0.00000,0.00000,0.00000,0.77634
balanced_failure_replay,1,out_of_distribution_tail,0.10,0.00000,0.00000,0.00000,0.00000,0.77634
balanced_failure_replay,1,out_of_distribution_tail,0.15,0.00000,0.00000,0.00000,0.00000,0.77634
balanced_failure_replay,1,out_of_distribution_tail,0.20,0.00000,0.00000,0.00000,0.00000,0.77634
balanced_failure_replay,1,out_of_distribution_tail,0.30,0.00000,0.00000,0.00000,0.00000,0.77634
balanced_failure_replay,1,rare_mechanism_combo,0.05,0.00000,0.00000,0.00000,0.00000,0.51427
balanced_failure_replay,1,rare_mechanism_combo,0.10,0.00000,0.00000,0.00000,0.00000,0.51427
balanced_failure_replay,1,rare_mechanism_combo,0.15,0.05556,0.00000,0.00000,0.05556,0.51427
balanced_failure_replay,1,rare_mechanism_combo,0.20,0.05556,0.00000,0.00000,0.05556,0.51427
balanced_failure_replay,1,rare_mechanism_combo,0.30,0.05556,0.00000,0.00000,0.05556,0.51427
balanced_failure_replay,1,rare_slip_failures,0.05,0.66667,0.00000,0.00000,0.66667,0.04064
balanced_failure_replay,1,rare_slip_failures,0.10,1.00000,0.00000,0.00000,1.00000,0.04064
balanced_failure_replay,1,rare_slip_failures,0.15,1.00000,0.00000,0.00000,1.00000,0.04064
balanced_failure_replay,1,rare_slip_failures,0.20,1.00000,0.00000,0.00000,1.00000,0.04064
balanced_failure_replay,1,rare_slip_failures,0.30,1.00000,0.00000,0.00000,1.00000,0.04064
calibrated_failure_risk,1,actuator_limit_failures,0.05,0.66667,0.00000,0.00000,0.66667,0.05041
calibrated_failure_risk,1,actuator_limit_failures,0.10,0.94444,0.00000,0.00000,0.94444,0.05041
calibrated_failure_risk,1,actuator_limit_failures,0.15,1.00000,0.00000,0.00000,1.00000,0.05041
calibrated_failure_risk,1,actuator_limit_failures,0.20,1.00000,0.00000,0.00000,1.00000,0.05041
calibrated_failure_risk,1,actuator_limit_failures,0.30,1.00000,0.00000,0.00000,1.00000,0.05041
calibrated_failure_risk,1,combined_tail_stress,0.05,0.00000,0.00000,0.00000,0.00000,0.36451
calibrated_failure_risk,1,combined_tail_stress,0.10,0.00000,0.00000,0.00000,0.00000,0.36451
calibrated_failure_risk,1,combined_tail_stress,0.15,0.05556,0.00000,0.00000,0.05556,0.36451
calibrated_failure_risk,1,combined_tail_stress,0.20,0.05556,0.00000,0.00000,0.05556,0.36451
calibrated_failure_risk,1,combined_tail_stress,0.30,0.38889,0.00000,0.00000,0.38889,0.36451
calibrated_failure_risk,1,compound_sensor_actuator_shift,0.05,0.05556,0.00000,0.00000,0.05556,0.12796
calibrated_failure_risk,1,compound_sensor_actuator_shift,0.10,0.27778,0.11111,0.11111,0.38889,0.12796
calibrated_failure_risk,1,compound_sensor_actuator_shift,0.15,0.44444,0.16667,0.16667,0.61111,0.12796
calibrated_failure_risk,1,compound_sensor_actuator_shift,0.20,0.72222,0.16667,0.16667,0.88889,0.12796
calibrated_failure_risk,1,compound_sensor_actuator_shift,0.30,0.72222,0.22222,0.22222,0.94444,0.12796
calibrated_failure_risk,1,fixture_geometry_shift,0.05,0.00000,0.00000,0.00000,0.00000,0.86010
calibrated_failure_risk,1,fixture_geometry_shift,0.10,0.00000,0.00000,0.00000,0.00000,0.86010
calibrated_failure_risk,1,fixture_geometry_shift,0.15,0.00000,0.00000,0.00000,0.00000,0.86010
calibrated_failure_risk,1,fixture_geometry_shift,0.20,0.00000,0.00000,0.00000,0.00000,0.86010
calibrated_failure_risk,1,fixture_geometry_shift,0.30,0.00000,0.00000,0.00000,0.00000,0.86010
calibrated_failure_risk,1,jammed_fixture_failures,0.05,0.00000,0.00000,0.00000,0.00000,0.71487
calibrated_failure_risk,1,jammed_fixture_failures,0.10,0.00000,0.00000,0.00000,0.00000,0.71487
calibrated_failure_risk,1,jammed_fixture_failures,0.15,0.00000,0.00000,0.00000,0.00000,0.71487
calibrated_failure_risk,1,jammed_fixture_failures,0.20,0.00000,0.00000,0.00000,0.00000,0.71487
calibrated_failure_risk,1,jammed_fixture_failures,0.30,0.00000,0.00000,0.00000,0.00000,0.71487
calibrated_failure_risk,1,nominal_task_balance,0.05,1.00000,0.00000,0.00000,1.00000,0.01132
calibrated_failure_risk,1,nominal_task_balance,0.10,1.00000,0.00000,0.00000,1.00000,0.01132
calibrated_failure_risk,1,nominal_task_balance,0.15,1.00000,0.00000,0.00000,1.00000,0.01132
calibrated_failure_risk,1,nominal_task_balance,0.20,1.00000,0.00000,0.00000,1.00000,0.01132
calibrated_failure_risk,1,nominal_task_balance,0.30,1.00000,0.00000,0.00000,1.00000,0.01132
calibrated_failure_risk,1,out_of_distribution_tail,0.05,0.00000,0.00000,0.00000,0.00000,0.68478
calibrated_failure_risk,1,out_of_distribution_tail,0.10,0.00000,0.00000,0.00000,0.00000,0.68478
calibrated_failure_risk,1,out_of_distribution_tail,0.15,0.00000,0.00000,0.00000,0.00000,0.68478
calibrated_failure_risk,1,out_of_distribution_tail,0.20,0.00000,0.00000,0.00000,0.00000,0.68478
calibrated_failure_risk,1,out_of_distribution_tail,0.30,0.00000,0.00000,0.00000,0.00000,0.68478
calibrated_failure_risk,1,rare_mechanism_combo,0.05,0.00000,0.00000,0.00000,0.00000,0.48511
calibrated_failure_risk,1,rare_mechanism_combo,0.10,0.00000,0.00000,0.00000,0.00000,0.48511
calibrated_failure_risk,1,rare_mechanism_combo,0.15,0.05556,0.00000,0.00000,0.05556,0.48511
calibrated_failure_risk,1,rare_mechanism_combo,0.20,0.05556,0.00000,0.00000,0.05556,0.48511
calibrated_failure_risk,1,rare_mechanism_combo,0.30,0.05556,0.00000,0.05556,0.11111,0.48511
calibrated_failure_risk,1,rare_slip_failures,0.05,0.77778,0.00000,0.00000,0.77778,0.03439
calibrated_failure_risk,1,rare_slip_failures,0.10,1.00000,0.00000,0.00000,1.00000,0.03439
calibrated_failure_risk,1,rare_slip_failures,0.15,1.00000,0.00000,0.00000,1.00000,0.03439
calibrated_failure_risk,1,rare_slip_failures,0.20,1.00000,0.00000,0.00000,1.00000,0.03439
calibrated_failure_risk,1,rare_slip_failures,0.30,1.00000,0.00000,0.00000,1.00000,0.03439
failure_prediction_active_learning,1,actuator_limit_failures,0.05,0.61111,0.00000,0.00000,0.61111,0.05078
failure_prediction_active_learning,1,actuator_limit_failures,0.10,0.94444,0.00000,0.00000,0.94444,0.05078
failure_prediction_active_learning,1,actuator_limit_failures,0.15,1.00000,0.00000,0.00000,1.00000,0.05078
failure_prediction_active_learning,1,actuator_limit_failures,0.20,1.00000,0.00000,0.00000,1.00000,0.05078
failure_prediction_active_learning,1,actuator_limit_failures,0.30,1.00000,0.00000,0.00000,1.00000,0.05078
failure_prediction_active_learning,1,combined_tail_stress,0.05,0.00000,0.00000,0.00000,0.00000,0.36383
failure_prediction_active_learning,1,combined_tail_stress,0.10,0.00000,0.00000,0.00000,0.00000,0.36383
failure_prediction_active_learning,1,combined_tail_stress,0.15,0.05556,0.00000,0.00000,0.05556,0.36383
failure_prediction_active_learning,1,combined_tail_stress,0.20,0.05556,0.00000,0.00000,0.05556,0.36383
failure_prediction_active_learning,1,combined_tail_stress,0.30,0.38889,0.00000,0.00000,0.38889,0.36383
failure_prediction_active_learning,1,compound_sensor_actuator_shift,0.05,0.05556,0.00000,0.00000,0.05556,0.12812
failure_prediction_active_learning,1,compound_sensor_actuator_shift,0.10,0.27778,0.11111,0.11111,0.38889,0.12812
failure_prediction_active_learning,1,compound_sensor_actuator_shift,0.15,0.44444,0.16667,0.16667,0.61111,0.12812
failure_prediction_active_learning,1,compound_sensor_actuator_shift,0.20,0.72222,0.16667,0.16667,0.88889,0.12812
failure_prediction_active_learning,1,compound_sensor_actuator_shift,0.30,0.72222,0.22222,0.22222,0.94444,0.12812
failure_prediction_active_learning,1,fixture_geometry_shift,0.05,0.00000,0.00000,0.00000,0.00000,0.86241
failure_prediction_active_learning,1,fixture_geometry_shift,0.10,0.00000,0.00000,0.00000,0.00000,0.86241
failure_prediction_active_learning,1,fixture_geometry_shift,0.15,0.00000,0.00000,0.00000,0.00000,0.86241
failure_prediction_active_learning,1,fixture_geometry_shift,0.20,0.00000,0.00000,0.00000,0.00000,0.86241
failure_prediction_active_learning,1,fixture_geometry_shift,0.30,0.00000,0.00000,0.00000,0.00000,0.86241
failure_prediction_active_learning,1,jammed_fixture_failures,0.05,0.00000,0.00000,0.00000,0.00000,0.71810
failure_prediction_active_learning,1,jammed_fixture_failures,0.10,0.00000,0.00000,0.00000,0.00000,0.71810
failure_prediction_active_learning,1,jammed_fixture_failures,0.15,0.00000,0.00000,0.00000,0.00000,0.71810
failure_prediction_active_learning,1,jammed_fixture_failures,0.20,0.00000,0.00000,0.00000,0.00000,0.71810
failure_prediction_active_learning,1,jammed_fixture_failures,0.30,0.00000,0.00000,0.00000,0.00000,0.71810
failure_prediction_active_learning,1,nominal_task_balance,0.05,1.00000,0.00000,0.00000,1.00000,0.01130
failure_prediction_active_learning,1,nominal_task_balance,0.10,1.00000,0.00000,0.00000,1.00000,0.01130
failure_prediction_active_learning,1,nominal_task_balance,0.15,1.00000,0.00000,0.00000,1.00000,0.01130
failure_prediction_active_learning,1,nominal_task_balance,0.20,1.00000,0.00000,0.00000,1.00000,0.01130
failure_prediction_active_learning,1,nominal_task_balance,0.30,1.00000,0.00000,0.00000,1.00000,0.01130
failure_prediction_active_learning,1,out_of_distribution_tail,0.05,0.00000,0.00000,0.00000,0.00000,0.68055
failure_prediction_active_learning,1,out_of_distribution_tail,0.10,0.00000,0.00000,0.00000,0.00000,0.68055
failure_prediction_active_learning,1,out_of_distribution_tail,0.15,0.00000,0.00000,0.00000,0.00000,0.68055
failure_prediction_active_learning,1,out_of_distribution_tail,0.20,0.00000,0.00000,0.00000,0.00000,0.68055
failure_prediction_active_learning,1,out_of_distribution_tail,0.30,0.00000,0.00000,0.00000,0.00000,0.68055
failure_prediction_active_learning,1,rare_mechanism_combo,0.05,0.00000,0.00000,0.00000,0.00000,0.48260
failure_prediction_active_learning,1,rare_mechanism_combo,0.10,0.00000,0.00000,0.00000,0.00000,0.48260
failure_prediction_active_learning,1,rare_mechanism_combo,0.15,0.05556,0.00000,0.00000,0.05556,0.48260
failure_prediction_active_learning,1,rare_mechanism_combo,0.20,0.05556,0.00000,0.00000,0.05556,0.48260
failure_prediction_active_learning,1,rare_mechanism_combo,0.30,0.05556,0.00000,0.05556,0.11111,0.48260
failure_prediction_active_learning,1,rare_slip_failures,0.05,0.77778,0.00000,0.00000,0.77778,0.03433
failure_prediction_active_learning,1,rare_slip_failures,0.10,1.00000,0.00000,0.00000,1.00000,0.03433
failure_prediction_active_learning,1,rare_slip_failures,0.15,1.00000,0.00000,0.00000,1.00000,0.03433
failure_prediction_active_learning,1,rare_slip_failures,0.20,1.00000,0.00000,0.00000,1.00000,0.03433
failure_prediction_active_learning,1,rare_slip_failures,0.30,1.00000,0.00000,0.00000,1.00000,0.03433
failure_stratified_engine,1,actuator_limit_failures,0.05,0.61111,0.00000,0.00000,0.61111,0.05590
failure_stratified_engine,1,actuator_limit_failures,0.10,0.94444,0.00000,0.00000,0.94444,0.05590
failure_stratified_engine,1,actuator_limit_failures,0.15,1.00000,0.00000,0.00000,1.00000,0.05590
failure_stratified_engine,1,actuator_limit_failures,0.20,1.00000,0.00000,0.00000,1.00000,0.05590
failure_stratified_engine,1,actuator_limit_failures,0.30,1.00000,0.00000,0.00000,1.00000,0.05590
failure_stratified_engine,1,combined_tail_stress,0.05,0.00000,0.00000,0.00000,0.00000,0.55791
failure_stratified_engine,1,combined_tail_stress,0.10,0.00000,0.00000,0.00000,0.00000,0.55791
failure_stratified_engine,1,combined_tail_stress,0.15,0.00000,0.00000,0.00000,0.00000,0.55791
failure_stratified_engine,1,combined_tail_stress,0.20,0.00000,0.00000,0.00000,0.00000,0.55791
failure_stratified_engine,1,combined_tail_stress,0.30,0.05556,0.00000,0.00000,0.05556,0.55791
failure_stratified_engine,1,compound_sensor_actuator_shift,0.05,0.00000,0.00000,0.00000,0.00000,0.18870
failure_stratified_engine,1,compound_sensor_actuator_shift,0.10,0.22222,0.05556,0.05556,0.27778,0.18870
failure_stratified_engine,1,compound_sensor_actuator_shift,0.15,0.27778,0.11111,0.11111,0.38889,0.18870
failure_stratified_engine,1,compound_sensor_actuator_shift,0.20,0.44444,0.11111,0.11111,0.55556,0.18870
failure_stratified_engine,1,compound_sensor_actuator_shift,0.30,0.66667,0.16667,0.16667,0.83333,0.18870
failure_stratified_engine,1,fixture_geometry_shift,0.05,0.00000,0.00000,0.00000,0.00000,0.90451
failure_stratified_engine,1,fixture_geometry_shift,0.10,0.00000,0.00000,0.00000,0.00000,0.90451
failure_stratified_engine,1,fixture_geometry_shift,0.15,0.00000,0.00000,0.00000,0.00000,0.90451
failure_stratified_engine,1,fixture_geometry_shift,0.20,0.00000,0.00000,0.00000,0.00000,0.90451
failure_stratified_engine,1,fixture_geometry_shift,0.30,0.00000,0.00000,0.00000,0.00000,0.90451
failure_stratified_engine,1,jammed_fixture_failures,0.05,0.00000,0.00000,0.00000,0.00000,0.78837
failure_stratified_engine,1,jammed_fixture_failures,0.10,0.00000,0.00000,0.00000,0.00000,0.78837
failure_stratified_engine,1,jammed_fixture_failures,0.15,0.00000,0.00000,0.00000,0.00000,0.78837
failure_stratified_engine,1,jammed_fixture_failures,0.20,0.00000,0.00000,0.00000,0.00000,0.78837
failure_stratified_engine,1,jammed_fixture_failures,0.30,0.00000,0.00000,0.00000,0.00000,0.78837
failure_stratified_engine,1,nominal_task_balance,0.05,1.00000,0.00000,0.00000,1.00000,0.01114
failure_stratified_engine,1,nominal_task_balance,0.10,1.00000,0.00000,0.00000,1.00000,0.01114
failure_stratified_engine,1,nominal_task_balance,0.15,1.00000,0.00000,0.00000,1.00000,0.01114
failure_stratified_engine,1,nominal_task_balance,0.20,1.00000,0.00000,0.00000,1.00000,0.01114
failure_stratified_engine,1,nominal_task_balance,0.30,1.00000,0.00000,0.00000,1.00000,0.01114
failure_stratified_engine,1,out_of_distribution_tail,0.05,0.00000,0.00000,0.00000,0.00000,0.78274
failure_stratified_engine,1,out_of_distribution_tail,0.10,0.00000,0.00000,0.00000,0.00000,0.78274
failure_stratified_engine,1,out_of_distribution_tail,0.15,0.00000,0.00000,0.00000,0.00000,0.78274
failure_stratified_engine,1,out_of_distribution_tail,0.20,0.00000,0.00000,0.00000,0.00000,0.78274
failure_stratified_engine,1,out_of_distribution_tail,0.30,0.00000,0.00000,0.00000,0.00000,0.78274
failure_stratified_engine,1,rare_mechanism_combo,0.05,0.00000,0.00000,0.00000,0.00000,0.62343
failure_stratified_engine,1,rare_mechanism_combo,0.10,0.00000,0.00000,0.00000,0.00000,0.62343
failure_stratified_engine,1,rare_mechanism_combo,0.15,0.00000,0.00000,0.00000,0.00000,0.62343
failure_stratified_engine,1,rare_mechanism_combo,0.20,0.00000,0.00000,0.00000,0.00000,0.62343
failure_stratified_engine,1,rare_mechanism_combo,0.30,0.05556,0.00000,0.00000,0.05556,0.62343
failure_stratified_engine,1,rare_slip_failures,0.05,0.50000,0.00000,0.00000,0.50000,0.04891
failure_stratified_engine,1,rare_slip_failures,0.10,1.00000,0.00000,0.00000,1.00000,0.04891
failure_stratified_engine,1,rare_slip_failures,0.15,1.00000,0.00000,0.00000,1.00000,0.04891
failure_stratified_engine,1,rare_slip_failures,0.20,1.00000,0.00000,0.00000,1.00000,0.04891
failure_stratified_engine,1,rare_slip_failures,0.30,1.00000,0.00000,0.00000,1.00000,0.04891
failure_stratified_engine_v5,1,actuator_limit_failures,0.05,0.50000,0.00000,0.00000,0.50000,0.06071
failure_stratified_engine_v5,1,actuator_limit_failures,0.10,0.94444,0.00000,0.00000,0.94444,0.06071
failure_stratified_engine_v5,1,actuator_limit_failures,0.15,0.94444,0.00000,0.00000,0.94444,0.06071
failure_stratified_engine_v5,1,actuator_limit_failures,0.20,1.00000,0.00000,0.00000,1.00000,0.06071
failure_stratified_engine_v5,1,actuator_limit_failures,0.30,1.00000,0.00000,0.00000,1.00000,0.06071
failure_stratified_engine_v5,1,combined_tail_stress,0.05,0.00000,0.00000,0.00000,0.00000,0.46530
failure_stratified_engine_v5,1,combined_tail_stress,0.10,0.00000,0.00000,0.00000,0.00000,0.46530
failure_stratified_engine_v5,1,combined_tail_stress,0.15,0.00000,0.00000,0.00000,0.00000,0.46530
failure_stratified_engine_v5,1,combined_tail_stress,0.20,0.05556,0.00000,0.00000,0.05556,0.46530
failure_stratified_engine_v5,1,combined_tail_stress,0.30,0.05556,0.00000,0.00000,0.05556,0.46530
failure_stratified_engine_v5,1,compound_sensor_actuator_shift,0.05,0.00000,0.00000,0.00000,0.00000,0.14561
failure_stratified_engine_v5,1,compound_sensor_actuator_shift,0.10,0.22222,0.11111,0.11111,0.33333,0.14561
failure_stratified_engine_v5,1,compound_sensor_actuator_shift,0.15,0.50000,0.11111,0.11111,0.61111,0.14561
failure_stratified_engine_v5,1,compound_sensor_actuator_shift,0.20,0.66667,0.16667,0.16667,0.83333,0.14561
failure_stratified_engine_v5,1,compound_sensor_actuator_shift,0.30,0.72222,0.22222,0.22222,0.94444,0.14561
failure_stratified_engine_v5,1,fixture_geometry_shift,0.05,0.00000,0.00000,0.00000,0.00000,0.89725
failure_stratified_engine_v5,1,fixture_geometry_shift,0.10,0.00000,0.00000,0.00000,0.00000,0.89725
failure_stratified_engine_v5,1,fixture_geometry_shift,0.15,0.00000,0.00000,0.00000,0.00000,0.89725
failure_stratified_engine_v5,1,fixture_geometry_shift,0.20,0.00000,0.00000,0.00000,0.00000,0.89725
failure_stratified_engine_v5,1,fixture_geometry_shift,0.30,0.00000,0.00000,0.00000,0.00000,0.89725
failure_stratified_engine_v5,1,jammed_fixture_failures,0.05,0.00000,0.00000,0.00000,0.00000,0.77182
failure_stratified_engine_v5,1,jammed_fixture_failures,0.10,0.00000,0.00000,0.00000,0.00000,0.77182
failure_stratified_engine_v5,1,jammed_fixture_failures,0.15,0.00000,0.00000,0.00000,0.00000,0.77182
failure_stratified_engine_v5,1,jammed_fixture_failures,0.20,0.00000,0.00000,0.00000,0.00000,0.77182
failure_stratified_engine_v5,1,jammed_fixture_failures,0.30,0.00000,0.00000,0.00000,0.00000,0.77182
failure_stratified_engine_v5,1,nominal_task_balance,0.05,1.00000,0.00000,0.00000,1.00000,0.01393
failure_stratified_engine_v5,1,nominal_task_balance,0.10,1.00000,0.00000,0.00000,1.00000,0.01393
failure_stratified_engine_v5,1,nominal_task_balance,0.15,1.00000,0.00000,0.00000,1.00000,0.01393
failure_stratified_engine_v5,1,nominal_task_balance,0.20,1.00000,0.00000,0.00000,1.00000,0.01393
failure_stratified_engine_v5,1,nominal_task_balance,0.30,1.00000,0.00000,0.00000,1.00000,0.01393
failure_stratified_engine_v5,1,out_of_distribution_tail,0.05,0.00000,0.00000,0.00000,0.00000,0.76392
failure_stratified_engine_v5,1,out_of_distribution_tail,0.10,0.00000,0.00000,0.00000,0.00000,0.76392
failure_stratified_engine_v5,1,out_of_distribution_tail,0.15,0.00000,0.00000,0.00000,0.00000,0.76392
failure_stratified_engine_v5,1,out_of_distribution_tail,0.20,0.00000,0.00000,0.00000,0.00000,0.76392
failure_stratified_engine_v5,1,out_of_distribution_tail,0.30,0.00000,0.00000,0.00000,0.00000,0.76392
failure_stratified_engine_v5,1,rare_mechanism_combo,0.05,0.00000,0.00000,0.00000,0.00000,0.53981
failure_stratified_engine_v5,1,rare_mechanism_combo,0.10,0.00000,0.00000,0.00000,0.00000,0.53981
failure_stratified_engine_v5,1,rare_mechanism_combo,0.15,0.00000,0.00000,0.00000,0.00000,0.53981
failure_stratified_engine_v5,1,rare_mechanism_combo,0.20,0.05556,0.00000,0.00000,0.05556,0.53981
failure_stratified_engine_v5,1,rare_mechanism_combo,0.30,0.05556,0.00000,0.00000,0.05556,0.53981
failure_stratified_engine_v5,1,rare_slip_failures,0.05,0.72222,0.00000,0.00000,0.72222,0.04263
failure_stratified_engine_v5,1,rare_slip_failures,0.10,1.00000,0.00000,0.00000,1.00000,0.04263
failure_stratified_engine_v5,1,rare_slip_failures,0.15,1.00000,0.00000,0.00000,1.00000,0.04263
failure_stratified_engine_v5,1,rare_slip_failures,0.20,1.00000,0.00000,0.00000,1.00000,0.04263
failure_stratified_engine_v5,1,rare_slip_failures,0.30,1.00000,0.00000,0.00000,1.00000,0.04263
gradient_boosted_failure_active,1,actuator_limit_failures,0.05,0.61111,0.00000,0.00000,0.61111,0.05236
gradient_boosted_failure_active,1,actuator_limit_failures,0.10,0.94444,0.00000,0.00000,0.94444,0.05236
gradient_boosted_failure_active,1,actuator_limit_failures,0.15,1.00000,0.00000,0.00000,1.00000,0.05236
gradient_boosted_failure_active,1,actuator_limit_failures,0.20,1.00000,0.00000,0.00000,1.00000,0.05236
gradient_boosted_failure_active,1,actuator_limit_failures,0.30,1.00000,0.00000,0.00000,1.00000,0.05236
gradient_boosted_failure_active,1,combined_tail_stress,0.05,0.00000,0.00000,0.00000,0.00000,0.40536
gradient_boosted_failure_active,1,combined_tail_stress,0.10,0.00000,0.00000,0.00000,0.00000,0.40536
gradient_boosted_failure_active,1,combined_tail_stress,0.15,0.05556,0.00000,0.00000,0.05556,0.40536
gradient_boosted_failure_active,1,combined_tail_stress,0.20,0.05556,0.00000,0.00000,0.05556,0.40536
gradient_boosted_failure_active,1,combined_tail_stress,0.30,0.33333,0.00000,0.00000,0.33333,0.40536
gradient_boosted_failure_active,1,compound_sensor_actuator_shift,0.05,0.05556,0.00000,0.00000,0.05556,0.14440
gradient_boosted_failure_active,1,compound_sensor_actuator_shift,0.10,0.27778,0.11111,0.11111,0.38889,0.14440
gradient_boosted_failure_active,1,compound_sensor_actuator_shift,0.15,0.44444,0.16667,0.16667,0.61111,0.14440
gradient_boosted_failure_active,1,compound_sensor_actuator_shift,0.20,0.61111,0.16667,0.16667,0.77778,0.14440
gradient_boosted_failure_active,1,compound_sensor_actuator_shift,0.30,0.72222,0.22222,0.22222,0.94444,0.14440
gradient_boosted_failure_active,1,fixture_geometry_shift,0.05,0.00000,0.00000,0.00000,0.00000,0.89603
gradient_boosted_failure_active,1,fixture_geometry_shift,0.10,0.00000,0.00000,0.00000,0.00000,0.89603
gradient_boosted_failure_active,1,fixture_geometry_shift,0.15,0.00000,0.00000,0.00000,0.00000,0.89603
gradient_boosted_failure_active,1,fixture_geometry_shift,0.20,0.00000,0.00000,0.00000,0.00000,0.89603
gradient_boosted_failure_active,1,fixture_geometry_shift,0.30,0.00000,0.00000,0.00000,0.00000,0.89603
gradient_boosted_failure_active,1,jammed_fixture_failures,0.05,0.00000,0.00000,0.00000,0.00000,0.78952
gradient_boosted_failure_active,1,jammed_fixture_failures,0.10,0.00000,0.00000,0.00000,0.00000,0.78952
gradient_boosted_failure_active,1,jammed_fixture_failures,0.15,0.00000,0.00000,0.00000,0.00000,0.78952
gradient_boosted_failure_active,1,jammed_fixture_failures,0.20,0.00000,0.00000,0.00000,0.00000,0.78952
gradient_boosted_failure_active,1,jammed_fixture_failures,0.30,0.00000,0.00000,0.00000,0.00000,0.78952
gradient_boosted_failure_active,1,nominal_task_balance,0.05,1.00000,0.00000,0.00000,1.00000,0.01168
gradient_boosted_failure_active,1,nominal_task_balance,0.10,1.00000,0.00000,0.00000,1.00000,0.01168
gradient_boosted_failure_active,1,nominal_task_balance,0.15,1.00000,0.00000,0.00000,1.00000,0.01168
gradient_boosted_failure_active,1,nominal_task_balance,0.20,1.00000,0.00000,0.00000,1.00000,0.01168
gradient_boosted_failure_active,1,nominal_task_balance,0.30,1.00000,0.00000,0.00000,1.00000,0.01168
gradient_boosted_failure_active,1,out_of_distribution_tail,0.05,0.00000,0.00000,0.00000,0.00000,0.78871
gradient_boosted_failure_active,1,out_of_distribution_tail,0.10,0.00000,0.00000,0.00000,0.00000,0.78871
gradient_boosted_failure_active,1,out_of_distribution_tail,0.15,0.00000,0.00000,0.00000,0.00000,0.78871
gradient_boosted_failure_active,1,out_of_distribution_tail,0.20,0.00000,0.00000,0.00000,0.00000,0.78871
gradient_boosted_failure_active,1,out_of_distribution_tail,0.30,0.00000,0.00000,0.00000,0.00000,0.78871
gradient_boosted_failure_active,1,rare_mechanism_combo,0.05,0.00000,0.00000,0.00000,0.00000,0.52387
gradient_boosted_failure_active,1,rare_mechanism_combo,0.10,0.00000,0.00000,0.00000,0.00000,0.52387
gradient_boosted_failure_active,1,rare_mechanism_combo,0.15,0.05556,0.00000,0.00000,0.05556,0.52387
gradient_boosted_failure_active,1,rare_mechanism_combo,0.20,0.05556,0.00000,0.00000,0.05556,0.52387
gradient_boosted_failure_active,1,rare_mechanism_combo,0.30,0.05556,0.00000,0.00000,0.05556,0.52387
gradient_boosted_failure_active,1,rare_slip_failures,0.05,0.72222,0.00000,0.00000,0.72222,0.03953
gradient_boosted_failure_active,1,rare_slip_failures,0.10,1.00000,0.00000,0.00000,1.00000,0.03953
gradient_boosted_failure_active,1,rare_slip_failures,0.15,1.00000,0.00000,0.00000,1.00000,0.03953
gradient_boosted_failure_active,1,rare_slip_failures,0.20,1.00000,0.00000,0.00000,1.00000,0.03953
gradient_boosted_failure_active,1,rare_slip_failures,0.30,1.00000,0.00000,0.00000,1.00000,0.03953
greedy_oracle_success_upper,1,actuator_limit_failures,0.05,0.66667,0.00000,0.00000,0.66667,0.05777
greedy_oracle_success_upper,1,actuator_limit_failures,0.10,0.94444,0.00000,0.00000,0.94444,0.05777
greedy_oracle_success_upper,1,actuator_limit_failures,0.15,1.00000,0.00000,0.00000,1.00000,0.05777
greedy_oracle_success_upper,1,actuator_limit_failures,0.20,1.00000,0.00000,0.00000,1.00000,0.05777
greedy_oracle_success_upper,1,actuator_limit_failures,0.30,1.00000,0.00000,0.00000,1.00000,0.05777
greedy_oracle_success_upper,1,combined_tail_stress,0.05,0.00000,0.00000,0.00000,0.00000,0.48935
greedy_oracle_success_upper,1,combined_tail_stress,0.10,0.00000,0.00000,0.00000,0.00000,0.48935
greedy_oracle_success_upper,1,combined_tail_stress,0.15,0.00000,0.00000,0.00000,0.00000,0.48935
greedy_oracle_success_upper,1,combined_tail_stress,0.20,0.05556,0.00000,0.00000,0.05556,0.48935
greedy_oracle_success_upper,1,combined_tail_stress,0.30,0.11111,0.00000,0.00000,0.11111,0.48935
greedy_oracle_success_upper,1,compound_sensor_actuator_shift,0.05,0.00000,0.00000,0.00000,0.00000,0.22499
greedy_oracle_success_upper,1,compound_sensor_actuator_shift,0.10,0.05556,0.05556,0.05556,0.11111,0.22499
greedy_oracle_success_upper,1,compound_sensor_actuator_shift,0.15,0.22222,0.11111,0.11111,0.33333,0.22499
greedy_oracle_success_upper,1,compound_sensor_actuator_shift,0.20,0.38889,0.11111,0.11111,0.50000,0.22499
greedy_oracle_success_upper,1,compound_sensor_actuator_shift,0.30,0.61111,0.16667,0.16667,0.77778,0.22499
greedy_oracle_success_upper,1,fixture_geometry_shift,0.05,0.00000,0.00000,0.00000,0.00000,0.89689
greedy_oracle_success_upper,1,fixture_geometry_shift,0.10,0.00000,0.00000,0.00000,0.00000,0.89689
greedy_oracle_success_upper,1,fixture_geometry_shift,0.15,0.00000,0.00000,0.00000,0.00000,0.89689
greedy_oracle_success_upper,1,fixture_geometry_shift,0.20,0.00000,0.00000,0.00000,0.00000,0.89689
greedy_oracle_success_upper,1,fixture_geometry_shift,0.30,0.00000,0.00000,0.00000,0.00000,0.89689
greedy_oracle_success_upper,1,jammed_fixture_failures,0.05,0.00000,0.00000,0.00000,0.00000,0.77281
greedy_oracle_success_upper,1,jammed_fixture_failures,0.10,0.00000,0.00000,0.00000,0.00000,0.77281
greedy_oracle_success_upper,1,jammed_fixture_failures,0.15,0.00000,0.00000,0.00000,0.00000,0.77281
greedy_oracle_success_upper,1,jammed_fixture_failures,0.20,0.00000,0.00000,0.00000,0.00000,0.77281
greedy_oracle_success_upper,1,jammed_fixture_failures,0.30,0.00000,0.00000,0.00000,0.00000,0.77281
greedy_oracle_success_upper,1,nominal_task_balance,0.05,1.00000,0.00000,0.00000,1.00000,0.01420
greedy_oracle_success_upper,1,nominal_task_balance,0.10,1.00000,0.00000,0.00000,1.00000,0.01420
greedy_oracle_success_upper,1,nominal_task_balance,0.15,1.00000,0.00000,0.00000,1.00000,0.01420
greedy_oracle_success_upper,1,nominal_task_balance,0.20,1.00000,0.00000,0.00000,1.00000,0.01420
greedy_oracle_success_upper,1,nominal_task_balance,0.30,1.00000,0.00000,0.00000,1.00000,0.01420
greedy_oracle_success_upper,1,out_of_distribution_tail,0.05,0.00000,0.00000,0.00000,0.00000,0.75090
greedy_oracle_success_upper,1,out_of_distribution_tail,0.10,0.00000,0.00000,0.00000,0.00000,0.75090
greedy_oracle_success_upper,1,out_of_distribution_tail,0.15,0.00000,0.00000,0.00000,0.00000,0.75090
greedy_oracle_success_upper,1,out_of_distribution_tail,0.20,0.00000,0.00000,0.00000,0.00000,0.75090
greedy_oracle_success_upper,1,out_of_distribution_tail,0.30,0.00000,0.00000,0.00000,0.00000,0.75090
greedy_oracle_success_upper,1,rare_mechanism_combo,0.05,0.00000,0.00000,0.00000,0.00000,0.59005
greedy_oracle_success_upper,1,rare_mechanism_combo,0.10,0.00000,0.00000,0.00000,0.00000,0.59005
greedy_oracle_success_upper,1,rare_mechanism_combo,0.15,0.00000,0.00000,0.00000,0.00000,0.59005
greedy_oracle_success_upper,1,rare_mechanism_combo,0.20,0.05556,0.00000,0.00000,0.05556,0.59005
greedy_oracle_success_upper,1,rare_mechanism_combo,0.30,0.05556,0.00000,0.00000,0.05556,0.59005
greedy_oracle_success_upper,1,rare_slip_failures,0.05,0.50000,0.00000,0.00000,0.50000,0.04928
greedy_oracle_success_upper,1,rare_slip_failures,0.10,0.94444,0.00000,0.00000,0.94444,0.04928
greedy_oracle_success_upper,1,rare_slip_failures,0.15,1.00000,0.00000,0.00000,1.00000,0.04928
greedy_oracle_success_upper,1,rare_slip_failures,0.20,1.00000,0.00000,0.00000,1.00000,0.04928
greedy_oracle_success_upper,1,rare_slip_failures,0.30,1.00000,0.00000,0.00000,1.00000,0.04928
hybrid_diversity_risk,1,actuator_limit_failures,0.05,0.55556,0.00000,0.00000,0.55556,0.05689
hybrid_diversity_risk,1,actuator_limit_failures,0.10,0.94444,0.00000,0.00000,0.94444,0.05689
hybrid_diversity_risk,1,actuator_limit_failures,0.15,0.94444,0.00000,0.00000,0.94444,0.05689
hybrid_diversity_risk,1,actuator_limit_failures,0.20,1.00000,0.00000,0.00000,1.00000,0.05689
hybrid_diversity_risk,1,actuator_limit_failures,0.30,1.00000,0.00000,0.00000,1.00000,0.05689
hybrid_diversity_risk,1,combined_tail_stress,0.05,0.00000,0.00000,0.00000,0.00000,0.39800
hybrid_diversity_risk,1,combined_tail_stress,0.10,0.00000,0.00000,0.00000,0.00000,0.39800
hybrid_diversity_risk,1,combined_tail_stress,0.15,0.00000,0.00000,0.00000,0.00000,0.39800
hybrid_diversity_risk,1,combined_tail_stress,0.20,0.05556,0.00000,0.00000,0.05556,0.39800
hybrid_diversity_risk,1,combined_tail_stress,0.30,0.27778,0.00000,0.00000,0.27778,0.39800
hybrid_diversity_risk,1,compound_sensor_actuator_shift,0.05,0.00000,0.00000,0.00000,0.00000,0.11838
hybrid_diversity_risk,1,compound_sensor_actuator_shift,0.10,0.27778,0.11111,0.11111,0.38889,0.11838
hybrid_diversity_risk,1,compound_sensor_actuator_shift,0.15,0.66667,0.11111,0.11111,0.77778,0.11838
hybrid_diversity_risk,1,compound_sensor_actuator_shift,0.20,0.72222,0.16667,0.16667,0.88889,0.11838
hybrid_diversity_risk,1,compound_sensor_actuator_shift,0.30,0.72222,0.22222,0.22222,0.94444,0.11838
hybrid_diversity_risk,1,fixture_geometry_shift,0.05,0.00000,0.00000,0.00000,0.00000,0.84534
hybrid_diversity_risk,1,fixture_geometry_shift,0.10,0.00000,0.00000,0.00000,0.00000,0.84534
hybrid_diversity_risk,1,fixture_geometry_shift,0.15,0.00000,0.00000,0.00000,0.00000,0.84534
hybrid_diversity_risk,1,fixture_geometry_shift,0.20,0.00000,0.00000,0.00000,0.00000,0.84534
hybrid_diversity_risk,1,fixture_geometry_shift,0.30,0.00000,0.00000,0.00000,0.00000,0.84534
hybrid_diversity_risk,1,jammed_fixture_failures,0.05,0.00000,0.00000,0.00000,0.00000,0.70462
hybrid_diversity_risk,1,jammed_fixture_failures,0.10,0.00000,0.00000,0.00000,0.00000,0.70462
hybrid_diversity_risk,1,jammed_fixture_failures,0.15,0.00000,0.00000,0.00000,0.00000,0.70462
hybrid_diversity_risk,1,jammed_fixture_failures,0.20,0.00000,0.00000,0.00000,0.00000,0.70462
hybrid_diversity_risk,1,jammed_fixture_failures,0.30,0.00000,0.00000,0.00000,0.00000,0.70462
hybrid_diversity_risk,1,nominal_task_balance,0.05,1.00000,0.00000,0.00000,1.00000,0.01334
hybrid_diversity_risk,1,nominal_task_balance,0.10,1.00000,0.00000,0.00000,1.00000,0.01334
hybrid_diversity_risk,1,nominal_task_balance,0.15,1.00000,0.00000,0.00000,1.00000,0.01334
hybrid_diversity_risk,1,nominal_task_balance,0.20,1.00000,0.00000,0.00000,1.00000,0.01334
hybrid_diversity_risk,1,nominal_task_balance,0.30,1.00000,0.00000,0.00000,1.00000,0.01334
hybrid_diversity_risk,1,out_of_distribution_tail,0.05,0.00000,0.00000,0.00000,0.00000,0.63782
hybrid_diversity_risk,1,out_of_distribution_tail,0.10,0.00000,0.00000,0.00000,0.00000,0.63782
hybrid_diversity_risk,1,out_of_distribution_tail,0.15,0.00000,0.00000,0.00000,0.00000,0.63782
hybrid_diversity_risk,1,out_of_distribution_tail,0.20,0.00000,0.00000,0.00000,0.00000,0.63782
hybrid_diversity_risk,1,out_of_distribution_tail,0.30,0.00000,0.00000,0.00000,0.00000,0.63782
hybrid_diversity_risk,1,rare_mechanism_combo,0.05,0.00000,0.00000,0.00000,0.00000,0.43266
hybrid_diversity_risk,1,rare_mechanism_combo,0.10,0.00000,0.00000,0.00000,0.00000,0.43266
hybrid_diversity_risk,1,rare_mechanism_combo,0.15,0.00000,0.00000,0.00000,0.00000,0.43266
hybrid_diversity_risk,1,rare_mechanism_combo,0.20,0.05556,0.00000,0.00000,0.05556,0.43266
hybrid_diversity_risk,1,rare_mechanism_combo,0.30,0.05556,0.00000,0.05556,0.11111,0.43266
hybrid_diversity_risk,1,rare_slip_failures,0.05,0.77778,0.00000,0.00000,0.77778,0.03697
hybrid_diversity_risk,1,rare_slip_failures,0.10,1.00000,0.00000,0.00000,1.00000,0.03697
hybrid_diversity_risk,1,rare_slip_failures,0.15,1.00000,0.00000,0.00000,1.00000,0.03697
hybrid_diversity_risk,1,rare_slip_failures,0.20,1.00000,0.00000,0.00000,1.00000,0.03697
hybrid_diversity_risk,1,rare_slip_failures,0.30,1.00000,0.00000,0.00000,1.00000,0.03697
oracle_failure_strata,1,actuator_limit_failures,0.05,0.55556,0.00000,0.00000,0.55556,0.05984
oracle_failure_strata,1,actuator_limit_failures,0.10,0.88889,0.00000,0.00000,0.88889,0.05984
oracle_failure_strata,1,actuator_limit_failures,0.15,0.94444,0.00000,0.00000,0.94444,0.05984
oracle_failure_strata,1,actuator_limit_failures,0.20,1.00000,0.00000,0.00000,1.00000,0.05984
oracle_failure_strata,1,actuator_limit_failures,0.30,1.00000,0.00000,0.00000,1.00000,0.05984
oracle_failure_strata,1,combined_tail_stress,0.05,0.00000,0.00000,0.00000,0.00000,0.46417
oracle_failure_strata,1,combined_tail_stress,0.10,0.00000,0.00000,0.00000,0.00000,0.46417
oracle_failure_strata,1,combined_tail_stress,0.15,0.00000,0.00000,0.00000,0.00000,0.46417
oracle_failure_strata,1,combined_tail_stress,0.20,0.05556,0.00000,0.00000,0.05556,0.46417
oracle_failure_strata,1,combined_tail_stress,0.30,0.16667,0.00000,0.00000,0.16667,0.46417
oracle_failure_strata,1,compound_sensor_actuator_shift,0.05,0.00000,0.00000,0.00000,0.00000,0.21291
oracle_failure_strata,1,compound_sensor_actuator_shift,0.10,0.11111,0.05556,0.05556,0.16667,0.21291
oracle_failure_strata,1,compound_sensor_actuator_shift,0.15,0.22222,0.11111,0.11111,0.33333,0.21291
oracle_failure_strata,1,compound_sensor_actuator_shift,0.20,0.38889,0.11111,0.11111,0.50000,0.21291
oracle_failure_strata,1,compound_sensor_actuator_shift,0.30,0.61111,0.16667,0.16667,0.77778,0.21291
oracle_failure_strata,1,fixture_geometry_shift,0.05,0.00000,0.00000,0.00000,0.00000,0.87759
oracle_failure_strata,1,fixture_geometry_shift,0.10,0.00000,0.00000,0.00000,0.00000,0.87759
oracle_failure_strata,1,fixture_geometry_shift,0.15,0.00000,0.00000,0.00000,0.00000,0.87759
oracle_failure_strata,1,fixture_geometry_shift,0.20,0.00000,0.00000,0.00000,0.00000,0.87759
oracle_failure_strata,1,fixture_geometry_shift,0.30,0.00000,0.00000,0.00000,0.00000,0.87759
oracle_failure_strata,1,jammed_fixture_failures,0.05,0.00000,0.00000,0.00000,0.00000,0.81468
oracle_failure_strata,1,jammed_fixture_failures,0.10,0.00000,0.00000,0.00000,0.00000,0.81468
oracle_failure_strata,1,jammed_fixture_failures,0.15,0.00000,0.00000,0.00000,0.00000,0.81468
oracle_failure_strata,1,jammed_fixture_failures,0.20,0.00000,0.00000,0.00000,0.00000,0.81468
oracle_failure_strata,1,jammed_fixture_failures,0.30,0.00000,0.00000,0.00000,0.00000,0.81468
oracle_failure_strata,1,nominal_task_balance,0.05,1.00000,0.00000,0.00000,1.00000,0.01582
oracle_failure_strata,1,nominal_task_balance,0.10,1.00000,0.00000,0.00000,1.00000,0.01582
oracle_failure_strata,1,nominal_task_balance,0.15,1.00000,0.00000,0.00000,1.00000,0.01582
oracle_failure_strata,1,nominal_task_balance,0.20,1.00000,0.00000,0.00000,1.00000,0.01582
oracle_failure_strata,1,nominal_task_balance,0.30,1.00000,0.00000,0.00000,1.00000,0.01582
oracle_failure_strata,1,out_of_distribution_tail,0.05,0.00000,0.00000,0.00000,0.00000,0.74229
oracle_failure_strata,1,out_of_distribution_tail,0.10,0.00000,0.00000,0.00000,0.00000,0.74229
oracle_failure_strata,1,out_of_distribution_tail,0.15,0.00000,0.00000,0.00000,0.00000,0.74229
oracle_failure_strata,1,out_of_distribution_tail,0.20,0.00000,0.00000,0.00000,0.00000,0.74229
oracle_failure_strata,1,out_of_distribution_tail,0.30,0.00000,0.00000,0.00000,0.00000,0.74229
oracle_failure_strata,1,rare_mechanism_combo,0.05,0.00000,0.00000,0.00000,0.00000,0.51545
oracle_failure_strata,1,rare_mechanism_combo,0.10,0.00000,0.00000,0.00000,0.00000,0.51545
oracle_failure_strata,1,rare_mechanism_combo,0.15,0.05556,0.00000,0.00000,0.05556,0.51545
oracle_failure_strata,1,rare_mechanism_combo,0.20,0.05556,0.00000,0.00000,0.05556,0.51545
oracle_failure_strata,1,rare_mechanism_combo,0.30,0.05556,0.00000,0.00000,0.05556,0.51545
oracle_failure_strata,1,rare_slip_failures,0.05,0.44444,0.00000,0.00000,0.44444,0.06245
oracle_failure_strata,1,rare_slip_failures,0.10,0.94444,0.00000,0.00000,0.94444,0.06245
oracle_failure_strata,1,rare_slip_failures,0.15,1.00000,0.00000,0.00000,1.00000,0.06245
oracle_failure_strata,1,rare_slip_failures,0.20,1.00000,0.00000,0.00000,1.00000,0.06245
oracle_failure_strata,1,rare_slip_failures,0.30,1.00000,0.00000,0.00000,1.00000,0.06245
random_forest_failure_active,1,actuator_limit_failures,0.05,0.55556,0.00000,0.00000,0.55556,0.06604
random_forest_failure_active,1,actuator_limit_failures,0.10,0.77778,0.00000,0.00000,0.77778,0.06604
random_forest_failure_active,1,actuator_limit_failures,0.15,0.94444,0.00000,0.00000,0.94444,0.06604
random_forest_failure_active,1,actuator_limit_failures,0.20,1.00000,0.00000,0.00000,1.00000,0.06604
random_forest_failure_active,1,actuator_limit_failures,0.30,1.00000,0.00000,0.00000,1.00000,0.06604
random_forest_failure_active,1,combined_tail_stress,0.05,0.00000,0.00000,0.00000,0.00000,0.41295
random_forest_failure_active,1,combined_tail_stress,0.10,0.00000,0.00000,0.00000,0.00000,0.41295
random_forest_failure_active,1,combined_tail_stress,0.15,0.05556,0.00000,0.00000,0.05556,0.41295
random_forest_failure_active,1,combined_tail_stress,0.20,0.11111,0.00000,0.00000,0.11111,0.41295
random_forest_failure_active,1,combined_tail_stress,0.30,0.27778,0.00000,0.00000,0.27778,0.41295
random_forest_failure_active,1,compound_sensor_actuator_shift,0.05,0.11111,0.05556,0.05556,0.16667,0.13137
random_forest_failure_active,1,compound_sensor_actuator_shift,0.10,0.27778,0.11111,0.11111,0.38889,0.13137
random_forest_failure_active,1,compound_sensor_actuator_shift,0.15,0.50000,0.16667,0.16667,0.66667,0.13137
random_forest_failure_active,1,compound_sensor_actuator_shift,0.20,0.66667,0.16667,0.16667,0.83333,0.13137
random_forest_failure_active,1,compound_sensor_actuator_shift,0.30,0.72222,0.22222,0.22222,0.94444,0.13137
random_forest_failure_active,1,fixture_geometry_shift,0.05,0.00000,0.00000,0.00000,0.00000,0.92392
random_forest_failure_active,1,fixture_geometry_shift,0.10,0.00000,0.00000,0.00000,0.00000,0.92392
random_forest_failure_active,1,fixture_geometry_shift,0.15,0.00000,0.00000,0.00000,0.00000,0.92392
random_forest_failure_active,1,fixture_geometry_shift,0.20,0.00000,0.00000,0.00000,0.00000,0.92392
random_forest_failure_active,1,fixture_geometry_shift,0.30,0.00000,0.00000,0.00000,0.00000,0.92392
random_forest_failure_active,1,jammed_fixture_failures,0.05,0.00000,0.00000,0.00000,0.00000,0.87437
random_forest_failure_active,1,jammed_fixture_failures,0.10,0.00000,0.00000,0.00000,0.00000,0.87437
random_forest_failure_active,1,jammed_fixture_failures,0.15,0.00000,0.00000,0.00000,0.00000,0.87437
random_forest_failure_active,1,jammed_fixture_failures,0.20,0.00000,0.00000,0.00000,0.00000,0.87437
random_forest_failure_active,1,jammed_fixture_failures,0.30,0.00000,0.00000,0.00000,0.00000,0.87437
random_forest_failure_active,1,nominal_task_balance,0.05,1.00000,0.00000,0.00000,1.00000,0.01531
random_forest_failure_active,1,nominal_task_balance,0.10,1.00000,0.00000,0.00000,1.00000,0.01531
random_forest_failure_active,1,nominal_task_balance,0.15,1.00000,0.00000,0.00000,1.00000,0.01531
random_forest_failure_active,1,nominal_task_balance,0.20,1.00000,0.00000,0.00000,1.00000,0.01531
random_forest_failure_active,1,nominal_task_balance,0.30,1.00000,0.00000,0.00000,1.00000,0.01531
random_forest_failure_active,1,out_of_distribution_tail,0.05,0.00000,0.00000,0.00000,0.00000,0.77397
random_forest_failure_active,1,out_of_distribution_tail,0.10,0.00000,0.00000,0.00000,0.00000,0.77397
random_forest_failure_active,1,out_of_distribution_tail,0.15,0.00000,0.00000,0.00000,0.00000,0.77397
random_forest_failure_active,1,out_of_distribution_tail,0.20,0.00000,0.00000,0.00000,0.00000,0.77397
random_forest_failure_active,1,out_of_distribution_tail,0.30,0.00000,0.00000,0.00000,0.00000,0.77397
random_forest_failure_active,1,rare_mechanism_combo,0.05,0.00000,0.00000,0.00000,0.00000,0.46000
random_forest_failure_active,1,rare_mechanism_combo,0.10,0.05556,0.00000,0.00000,0.05556,0.46000
random_forest_failure_active,1,rare_mechanism_combo,0.15,0.05556,0.00000,0.00000,0.05556,0.46000
random_forest_failure_active,1,rare_mechanism_combo,0.20,0.05556,0.00000,0.00000,0.05556,0.46000
random_forest_failure_active,1,rare_mechanism_combo,0.30,0.05556,0.00000,0.05556,0.11111,0.46000
random_forest_failure_active,1,rare_slip_failures,0.05,0.66667,0.00000,0.00000,0.66667,0.04208
random_forest_failure_active,1,rare_slip_failures,0.10,1.00000,0.00000,0.00000,1.00000,0.04208
random_forest_failure_active,1,rare_slip_failures,0.15,1.00000,0.00000,0.00000,1.00000,0.04208
random_forest_failure_active,1,rare_slip_failures,0.20,1.00000,0.00000,0.00000,1.00000,0.04208
random_forest_failure_active,1,rare_slip_failures,0.30,1.00000,0.00000,0.00000,1.00000,0.04208
random_sampling,1,actuator_limit_failures,0.05,0.55556,0.00000,0.00000,0.55556,0.05409
random_sampling,1,actuator_limit_failures,0.10,0.94444,0.00000,0.00000,0.94444,0.05409
random_sampling,1,actuator_limit_failures,0.15,0.94444,0.00000,0.00000,0.94444,0.05409
random_sampling,1,actuator_limit_failures,0.20,1.00000,0.00000,0.00000,1.00000,0.05409
random_sampling,1,actuator_limit_failures,0.30,1.00000,0.00000,0.00000,1.00000,0.05409
random_sampling,1,combined_tail_stress,0.05,0.00000,0.00000,0.00000,0.00000,0.39250
random_sampling,1,combined_tail_stress,0.10,0.00000,0.00000,0.00000,0.00000,0.39250
random_sampling,1,combined_tail_stress,0.15,0.05556,0.00000,0.00000,0.05556,0.39250
random_sampling,1,combined_tail_stress,0.20,0.05556,0.00000,0.00000,0.05556,0.39250
random_sampling,1,combined_tail_stress,0.30,0.27778,0.00000,0.00000,0.27778,0.39250
random_sampling,1,compound_sensor_actuator_shift,0.05,0.00000,0.00000,0.00000,0.00000,0.14391
random_sampling,1,compound_sensor_actuator_shift,0.10,0.22222,0.11111,0.11111,0.33333,0.14391
random_sampling,1,compound_sensor_actuator_shift,0.15,0.44444,0.11111,0.11111,0.55556,0.14391
random_sampling,1,compound_sensor_actuator_shift,0.20,0.66667,0.16667,0.16667,0.83333,0.14391
random_sampling,1,compound_sensor_actuator_shift,0.30,0.72222,0.22222,0.22222,0.94444,0.14391
random_sampling,1,fixture_geometry_shift,0.05,0.00000,0.00000,0.00000,0.00000,0.90166
random_sampling,1,fixture_geometry_shift,0.10,0.00000,0.00000,0.00000,0.00000,0.90166
random_sampling,1,fixture_geometry_shift,0.15,0.00000,0.00000,0.00000,0.00000,0.90166
random_sampling,1,fixture_geometry_shift,0.20,0.00000,0.00000,0.00000,0.00000,0.90166
random_sampling,1,fixture_geometry_shift,0.30,0.00000,0.00000,0.00000,0.00000,0.90166
random_sampling,1,jammed_fixture_failures,0.05,0.00000,0.00000,0.00000,0.00000,0.77036
random_sampling,1,jammed_fixture_failures,0.10,0.00000,0.00000,0.00000,0.00000,0.77036
random_sampling,1,jammed_fixture_failures,0.15,0.00000,0.00000,0.00000,0.00000,0.77036
random_sampling,1,jammed_fixture_failures,0.20,0.00000,0.00000,0.00000,0.00000,0.77036
random_sampling,1,jammed_fixture_failures,0.30,0.00000,0.00000,0.00000,0.00000,0.77036
random_sampling,1,nominal_task_balance,0.05,1.00000,0.00000,0.00000,1.00000,0.01400
random_sampling,1,nominal_task_balance,0.10,1.00000,0.00000,0.00000,1.00000,0.01400
random_sampling,1,nominal_task_balance,0.15,1.00000,0.00000,0.00000,1.00000,0.01400
random_sampling,1,nominal_task_balance,0.20,1.00000,0.00000,0.00000,1.00000,0.01400
random_sampling,1,nominal_task_balance,0.30,1.00000,0.00000,0.00000,1.00000,0.01400
random_sampling,1,out_of_distribution_tail,0.05,0.00000,0.00000,0.00000,0.00000,0.73371
random_sampling,1,out_of_distribution_tail,0.10,0.00000,0.00000,0.00000,0.00000,0.73371
random_sampling,1,out_of_distribution_tail,0.15,0.00000,0.00000,0.00000,0.00000,0.73371
random_sampling,1,out_of_distribution_tail,0.20,0.00000,0.00000,0.00000,0.00000,0.73371
random_sampling,1,out_of_distribution_tail,0.30,0.00000,0.00000,0.00000,0.00000,0.73371
random_sampling,1,rare_mechanism_combo,0.05,0.00000,0.00000,0.00000,0.00000,0.54687
random_sampling,1,rare_mechanism_combo,0.10,0.00000,0.00000,0.00000,0.00000,0.54687
random_sampling,1,rare_mechanism_combo,0.15,0.05556,0.00000,0.00000,0.05556,0.54687
random_sampling,1,rare_mechanism_combo,0.20,0.05556,0.00000,0.00000,0.05556,0.54687
random_sampling,1,rare_mechanism_combo,0.30,0.05556,0.00000,0.00000,0.05556,0.54687
random_sampling,1,rare_slip_failures,0.05,0.72222,0.00000,0.00000,0.72222,0.03722
random_sampling,1,rare_slip_failures,0.10,1.00000,0.00000,0.00000,1.00000,0.03722
random_sampling,1,rare_slip_failures,0.15,1.00000,0.00000,0.00000,1.00000,0.03722
random_sampling,1,rare_slip_failures,0.20,1.00000,0.00000,0.00000,1.00000,0.03722
random_sampling,1,rare_slip_failures,0.30,1.00000,0.00000,0.00000,1.00000,0.03722
state_diversity_coreset,1,actuator_limit_failures,0.05,0.38889,0.00000,0.00000,0.38889,0.06794
state_diversity_coreset,1,actuator_limit_failures,0.10,0.77778,0.00000,0.00000,0.77778,0.06794
state_diversity_coreset,1,actuator_limit_failures,0.15,1.00000,0.00000,0.00000,1.00000,0.06794
state_diversity_coreset,1,actuator_limit_failures,0.20,1.00000,0.00000,0.00000,1.00000,0.06794
state_diversity_coreset,1,actuator_limit_failures,0.30,1.00000,0.00000,0.00000,1.00000,0.06794
state_diversity_coreset,1,combined_tail_stress,0.05,0.00000,0.00000,0.00000,0.00000,0.45991
state_diversity_coreset,1,combined_tail_stress,0.10,0.00000,0.00000,0.00000,0.00000,0.45991
state_diversity_coreset,1,combined_tail_stress,0.15,0.00000,0.00000,0.00000,0.00000,0.45991
state_diversity_coreset,1,combined_tail_stress,0.20,0.05556,0.00000,0.00000,0.05556,0.45991
state_diversity_coreset,1,combined_tail_stress,0.30,0.22222,0.00000,0.00000,0.22222,0.45991
state_diversity_coreset,1,compound_sensor_actuator_shift,0.05,0.00000,0.00000,0.00000,0.00000,0.22192
state_diversity_coreset,1,compound_sensor_actuator_shift,0.10,0.05556,0.05556,0.05556,0.11111,0.22192
state_diversity_coreset,1,compound_sensor_actuator_shift,0.15,0.22222,0.11111,0.11111,0.33333,0.22192
state_diversity_coreset,1,compound_sensor_actuator_shift,0.20,0.38889,0.11111,0.11111,0.50000,0.22192
state_diversity_coreset,1,compound_sensor_actuator_shift,0.30,0.55556,0.16667,0.16667,0.72222,0.22192
state_diversity_coreset,1,fixture_geometry_shift,0.05,0.00000,0.00000,0.00000,0.00000,0.89518
state_diversity_coreset,1,fixture_geometry_shift,0.10,0.00000,0.00000,0.00000,0.00000,0.89518
state_diversity_coreset,1,fixture_geometry_shift,0.15,0.00000,0.00000,0.00000,0.00000,0.89518
state_diversity_coreset,1,fixture_geometry_shift,0.20,0.00000,0.00000,0.00000,0.00000,0.89518
state_diversity_coreset,1,fixture_geometry_shift,0.30,0.00000,0.00000,0.00000,0.00000,0.89518
state_diversity_coreset,1,jammed_fixture_failures,0.05,0.00000,0.00000,0.00000,0.00000,0.74424
state_diversity_coreset,1,jammed_fixture_failures,0.10,0.00000,0.00000,0.00000,0.00000,0.74424
state_diversity_coreset,1,jammed_fixture_failures,0.15,0.00000,0.00000,0.00000,0.00000,0.74424
state_diversity_coreset,1,jammed_fixture_failures,0.20,0.00000,0.00000,0.00000,0.00000,0.74424
state_diversity_coreset,1,jammed_fixture_failures,0.30,0.00000,0.00000,0.00000,0.00000,0.74424
state_diversity_coreset,1,nominal_task_balance,0.05,1.00000,0.00000,0.00000,1.00000,0.01660
state_diversity_coreset,1,nominal_task_balance,0.10,1.00000,0.00000,0.00000,1.00000,0.01660
state_diversity_coreset,1,nominal_task_balance,0.15,1.00000,0.00000,0.00000,1.00000,0.01660
state_diversity_coreset,1,nominal_task_balance,0.20,1.00000,0.00000,0.00000,1.00000,0.01660
state_diversity_coreset,1,nominal_task_balance,0.30,1.00000,0.00000,0.00000,1.00000,0.01660
state_diversity_coreset,1,out_of_distribution_tail,0.05,0.00000,0.00000,0.00000,0.00000,0.70233
state_diversity_coreset,1,out_of_distribution_tail,0.10,0.00000,0.00000,0.00000,0.00000,0.70233
state_diversity_coreset,1,out_of_distribution_tail,0.15,0.00000,0.00000,0.00000,0.00000,0.70233
state_diversity_coreset,1,out_of_distribution_tail,0.20,0.00000,0.00000,0.00000,0.00000,0.70233
state_diversity_coreset,1,out_of_distribution_tail,0.30,0.00000,0.00000,0.00000,0.00000,0.70233
state_diversity_coreset,1,rare_mechanism_combo,0.05,0.00000,0.00000,0.00000,0.00000,0.56229
state_diversity_coreset,1,rare_mechanism_combo,0.10,0.00000,0.00000,0.00000,0.00000,0.56229
state_diversity_coreset,1,rare_mechanism_combo,0.15,0.00000,0.00000,0.00000,0.00000,0.56229
state_diversity_coreset,1,rare_mechanism_combo,0.20,0.05556,0.00000,0.00000,0.05556,0.56229
state_diversity_coreset,1,rare_mechanism_combo,0.30,0.05556,0.00000,0.00000,0.05556,0.56229
state_diversity_coreset,1,rare_slip_failures,0.05,0.44444,0.00000,0.00000,0.44444,0.05934
state_diversity_coreset,1,rare_slip_failures,0.10,0.94444,0.00000,0.00000,0.94444,0.05934
state_diversity_coreset,1,rare_slip_failures,0.15,1.00000,0.00000,0.00000,1.00000,0.05934
state_diversity_coreset,1,rare_slip_failures,0.20,1.00000,0.00000,0.00000,1.00000,0.05934
state_diversity_coreset,1,rare_slip_failures,0.30,1.00000,0.00000,0.00000,1.00000,0.05934
tail_risk_active_learning,1,actuator_limit_failures,0.05,0.55556,0.00000,0.00000,0.55556,0.05700
tail_risk_active_learning,1,actuator_limit_failures,0.10,0.94444,0.00000,0.00000,0.94444,0.05700
tail_risk_active_learning,1,actuator_limit_failures,0.15,0.94444,0.00000,0.00000,0.94444,0.05700
tail_risk_active_learning,1,actuator_limit_failures,0.20,1.00000,0.00000,0.00000,1.00000,0.05700
tail_risk_active_learning,1,actuator_limit_failures,0.30,1.00000,0.00000,0.00000,1.00000,0.05700
tail_risk_active_learning,1,combined_tail_stress,0.05,0.00000,0.00000,0.00000,0.00000,0.40949
tail_risk_active_learning,1,combined_tail_stress,0.10,0.00000,0.00000,0.00000,0.00000,0.40949
tail_risk_active_learning,1,combined_tail_stress,0.15,0.00000,0.00000,0.00000,0.00000,0.40949
tail_risk_active_learning,1,combined_tail_stress,0.20,0.05556,0.00000,0.00000,0.05556,0.40949
tail_risk_active_learning,1,combined_tail_stress,0.30,0.27778,0.00000,0.00000,0.27778,0.40949
tail_risk_active_learning,1,compound_sensor_actuator_shift,0.05,0.00000,0.00000,0.00000,0.00000,0.12114
tail_risk_active_learning,1,compound_sensor_actuator_shift,0.10,0.27778,0.11111,0.11111,0.38889,0.12114
tail_risk_active_learning,1,compound_sensor_actuator_shift,0.15,0.61111,0.11111,0.11111,0.72222,0.12114
tail_risk_active_learning,1,compound_sensor_actuator_shift,0.20,0.72222,0.16667,0.16667,0.88889,0.12114
tail_risk_active_learning,1,compound_sensor_actuator_shift,0.30,0.72222,0.22222,0.22222,0.94444,0.12114
tail_risk_active_learning,1,fixture_geometry_shift,0.05,0.00000,0.00000,0.00000,0.00000,0.85994
tail_risk_active_learning,1,fixture_geometry_shift,0.10,0.00000,0.00000,0.00000,0.00000,0.85994
tail_risk_active_learning,1,fixture_geometry_shift,0.15,0.00000,0.00000,0.00000,0.00000,0.85994
tail_risk_active_learning,1,fixture_geometry_shift,0.20,0.00000,0.00000,0.00000,0.00000,0.85994
tail_risk_active_learning,1,fixture_geometry_shift,0.30,0.00000,0.00000,0.00000,0.00000,0.85994
tail_risk_active_learning,1,jammed_fixture_failures,0.05,0.00000,0.00000,0.00000,0.00000,0.72061
tail_risk_active_learning,1,jammed_fixture_failures,0.10,0.00000,0.00000,0.00000,0.00000,0.72061
tail_risk_active_learning,1,jammed_fixture_failures,0.15,0.00000,0.00000,0.00000,0.00000,0.72061
tail_risk_active_learning,1,jammed_fixture_failures,0.20,0.00000,0.00000,0.00000,0.00000,0.72061
tail_risk_active_learning,1,jammed_fixture_failures,0.30,0.00000,0.00000,0.00000,0.00000,0.72061
tail_risk_active_learning,1,nominal_task_balance,0.05,1.00000,0.00000,0.00000,1.00000,0.01291
tail_risk_active_learning,1,nominal_task_balance,0.10,1.00000,0.00000,0.00000,1.00000,0.01291
tail_risk_active_learning,1,nominal_task_balance,0.15,1.00000,0.00000,0.00000,1.00000,0.01291
tail_risk_active_learning,1,nominal_task_balance,0.20,1.00000,0.00000,0.00000,1.00000,0.01291
tail_risk_active_learning,1,nominal_task_balance,0.30,1.00000,0.00000,0.00000,1.00000,0.01291
tail_risk_active_learning,1,out_of_distribution_tail,0.05,0.00000,0.00000,0.00000,0.00000,0.61262
tail_risk_active_learning,1,out_of_distribution_tail,0.10,0.00000,0.00000,0.00000,0.00000,0.61262
tail_risk_active_learning,1,out_of_distribution_tail,0.15,0.00000,0.00000,0.00000,0.00000,0.61262
tail_risk_active_learning,1,out_of_distribution_tail,0.20,0.00000,0.00000,0.00000,0.00000,0.61262
tail_risk_active_learning,1,out_of_distribution_tail,0.30,0.00000,0.00000,0.00000,0.00000,0.61262
tail_risk_active_learning,1,rare_mechanism_combo,0.05,0.00000,0.00000,0.00000,0.00000,0.50254
tail_risk_active_learning,1,rare_mechanism_combo,0.10,0.00000,0.00000,0.00000,0.00000,0.50254
tail_risk_active_learning,1,rare_mechanism_combo,0.15,0.00000,0.00000,0.00000,0.00000,0.50254
tail_risk_active_learning,1,rare_mechanism_combo,0.20,0.05556,0.00000,0.00000,0.05556,0.50254
tail_risk_active_learning,1,rare_mechanism_combo,0.30,0.05556,0.00000,0.05556,0.11111,0.50254
tail_risk_active_learning,1,rare_slip_failures,0.05,0.83333,0.00000,0.00000,0.83333,0.03638
tail_risk_active_learning,1,rare_slip_failures,0.10,1.00000,0.00000,0.00000,1.00000,0.03638
tail_risk_active_learning,1,rare_slip_failures,0.15,1.00000,0.00000,0.00000,1.00000,0.03638
tail_risk_active_learning,1,rare_slip_failures,0.20,1.00000,0.00000,0.00000,1.00000,0.03638
tail_risk_active_learning,1,rare_slip_failures,0.30,1.00000,0.00000,0.00000,1.00000,0.03638
task_label_stratification,1,actuator_limit_failures,0.05,0.61111,0.00000,0.00000,0.61111,0.05273
task_label_stratification,1,actuator_limit_failures,0.10,0.94444,0.00000,0.00000,0.94444,0.05273
task_label_stratification,1,actuator_limit_failures,0.15,1.00000,0.00000,0.00000,1.00000,0.05273
task_label_stratification,1,actuator_limit_failures,0.20,1.00000,0.00000,0.00000,1.00000,0.05273
task_label_stratification,1,actuator_limit_failures,0.30,1.00000,0.00000,0.00000,1.00000,0.05273
task_label_stratification,1,combined_tail_stress,0.05,0.00000,0.00000,0.00000,0.00000,0.41934
task_label_stratification,1,combined_tail_stress,0.10,0.00000,0.00000,0.00000,0.00000,0.41934
task_label_stratification,1,combined_tail_stress,0.15,0.05556,0.00000,0.00000,0.05556,0.41934
task_label_stratification,1,combined_tail_stress,0.20,0.05556,0.00000,0.00000,0.05556,0.41934
task_label_stratification,1,combined_tail_stress,0.30,0.27778,0.00000,0.00000,0.27778,0.41934
task_label_stratification,1,compound_sensor_actuator_shift,0.05,0.00000,0.00000,0.00000,0.00000,0.15314
task_label_stratification,1,compound_sensor_actuator_shift,0.10,0.22222,0.11111,0.11111,0.33333,0.15314
task_label_stratification,1,compound_sensor_actuator_shift,0.15,0.44444,0.11111,0.11111,0.55556,0.15314
task_label_stratification,1,compound_sensor_actuator_shift,0.20,0.61111,0.16667,0.16667,0.77778,0.15314
task_label_stratification,1,compound_sensor_actuator_shift,0.30,0.72222,0.22222,0.22222,0.94444,0.15314
task_label_stratification,1,fixture_geometry_shift,0.05,0.00000,0.00000,0.00000,0.00000,0.88667
task_label_stratification,1,fixture_geometry_shift,0.10,0.00000,0.00000,0.00000,0.00000,0.88667
task_label_stratification,1,fixture_geometry_shift,0.15,0.00000,0.00000,0.00000,0.00000,0.88667
task_label_stratification,1,fixture_geometry_shift,0.20,0.00000,0.00000,0.00000,0.00000,0.88667
task_label_stratification,1,fixture_geometry_shift,0.30,0.00000,0.00000,0.00000,0.00000,0.88667
task_label_stratification,1,jammed_fixture_failures,0.05,0.00000,0.00000,0.00000,0.00000,0.76860
task_label_stratification,1,jammed_fixture_failures,0.10,0.00000,0.00000,0.00000,0.00000,0.76860
task_label_stratification,1,jammed_fixture_failures,0.15,0.00000,0.00000,0.00000,0.00000,0.76860
task_label_stratification,1,jammed_fixture_failures,0.20,0.00000,0.00000,0.00000,0.00000,0.76860
task_label_stratification,1,jammed_fixture_failures,0.30,0.00000,0.00000,0.00000,0.00000,0.76860
task_label_stratification,1,nominal_task_balance,0.05,1.00000,0.00000,0.00000,1.00000,0.01179
task_label_stratification,1,nominal_task_balance,0.10,1.00000,0.00000,0.00000,1.00000,0.01179
task_label_stratification,1,nominal_task_balance,0.15,1.00000,0.00000,0.00000,1.00000,0.01179
task_label_stratification,1,nominal_task_balance,0.20,1.00000,0.00000,0.00000,1.00000,0.01179
task_label_stratification,1,nominal_task_balance,0.30,1.00000,0.00000,0.00000,1.00000,0.01179
task_label_stratification,1,out_of_distribution_tail,0.05,0.00000,0.00000,0.00000,0.00000,0.72754
task_label_stratification,1,out_of_distribution_tail,0.10,0.00000,0.00000,0.00000,0.00000,0.72754
task_label_stratification,1,out_of_distribution_tail,0.15,0.00000,0.00000,0.00000,0.00000,0.72754
task_label_stratification,1,out_of_distribution_tail,0.20,0.00000,0.00000,0.00000,0.00000,0.72754
task_label_stratification,1,out_of_distribution_tail,0.30,0.00000,0.00000,0.00000,0.00000,0.72754
task_label_stratification,1,rare_mechanism_combo,0.05,0.00000,0.00000,0.00000,0.00000,0.49838
task_label_stratification,1,rare_mechanism_combo,0.10,0.00000,0.00000,0.00000,0.00000,0.49838
task_label_stratification,1,rare_mechanism_combo,0.15,0.05556,0.00000,0.00000,0.05556,0.49838
task_label_stratification,1,rare_mechanism_combo,0.20,0.05556,0.00000,0.00000,0.05556,0.49838
task_label_stratification,1,rare_mechanism_combo,0.30,0.05556,0.00000,0.05556,0.11111,0.49838
task_label_stratification,1,rare_slip_failures,0.05,0.61111,0.00000,0.00000,0.61111,0.04156
task_label_stratification,1,rare_slip_failures,0.10,1.00000,0.00000,0.00000,1.00000,0.04156
task_label_stratification,1,rare_slip_failures,0.15,1.00000,0.00000,0.00000,1.00000,0.04156
task_label_stratification,1,rare_slip_failures,0.20,1.00000,0.00000,0.00000,1.00000,0.04156
task_label_stratification,1,rare_slip_failures,0.30,1.00000,0.00000,0.00000,1.00000,0.04156
uncertainty_sampling,1,actuator_limit_failures,0.05,0.77778,0.00000,0.00000,0.77778,0.04045
uncertainty_sampling,1,actuator_limit_failures,0.10,0.94444,0.00000,0.00000,0.94444,0.04045
uncertainty_sampling,1,actuator_limit_failures,0.15,1.00000,0.00000,0.00000,1.00000,0.04045
uncertainty_sampling,1,actuator_limit_failures,0.20,1.00000,0.00000,0.00000,1.00000,0.04045
uncertainty_sampling,1,actuator_limit_failures,0.30,1.00000,0.00000,0.00000,1.00000,0.04045
uncertainty_sampling,1,combined_tail_stress,0.05,0.00000,0.00000,0.00000,0.00000,0.38832
uncertainty_sampling,1,combined_tail_stress,0.10,0.00000,0.00000,0.00000,0.00000,0.38832
uncertainty_sampling,1,combined_tail_stress,0.15,0.05556,0.00000,0.00000,0.05556,0.38832
uncertainty_sampling,1,combined_tail_stress,0.20,0.05556,0.00000,0.00000,0.05556,0.38832
uncertainty_sampling,1,combined_tail_stress,0.30,0.33333,0.00000,0.00000,0.33333,0.38832
uncertainty_sampling,1,compound_sensor_actuator_shift,0.05,0.05556,0.00000,0.00000,0.05556,0.12870
uncertainty_sampling,1,compound_sensor_actuator_shift,0.10,0.33333,0.11111,0.11111,0.44444,0.12870
uncertainty_sampling,1,compound_sensor_actuator_shift,0.15,0.50000,0.16667,0.16667,0.66667,0.12870
uncertainty_sampling,1,compound_sensor_actuator_shift,0.20,0.66667,0.22222,0.22222,0.88889,0.12870
uncertainty_sampling,1,compound_sensor_actuator_shift,0.30,0.72222,0.22222,0.22222,0.94444,0.12870
uncertainty_sampling,1,fixture_geometry_shift,0.05,0.00000,0.00000,0.00000,0.00000,0.89031
uncertainty_sampling,1,fixture_geometry_shift,0.10,0.00000,0.00000,0.00000,0.00000,0.89031
uncertainty_sampling,1,fixture_geometry_shift,0.15,0.00000,0.00000,0.00000,0.00000,0.89031
uncertainty_sampling,1,fixture_geometry_shift,0.20,0.00000,0.00000,0.00000,0.00000,0.89031
uncertainty_sampling,1,fixture_geometry_shift,0.30,0.00000,0.00000,0.00000,0.00000,0.89031
uncertainty_sampling,1,jammed_fixture_failures,0.05,0.00000,0.00000,0.00000,0.00000,0.76723
uncertainty_sampling,1,jammed_fixture_failures,0.10,0.00000,0.00000,0.00000,0.00000,0.76723
uncertainty_sampling,1,jammed_fixture_failures,0.15,0.00000,0.00000,0.00000,0.00000,0.76723
uncertainty_sampling,1,jammed_fixture_failures,0.20,0.00000,0.00000,0.00000,0.00000,0.76723
uncertainty_sampling,1,jammed_fixture_failures,0.30,0.00000,0.00000,0.00000,0.00000,0.76723
uncertainty_sampling,1,nominal_task_balance,0.05,1.00000,0.00000,0.00000,1.00000,0.01415
uncertainty_sampling,1,nominal_task_balance,0.10,1.00000,0.00000,0.00000,1.00000,0.01415
uncertainty_sampling,1,nominal_task_balance,0.15,1.00000,0.00000,0.00000,1.00000,0.01415
uncertainty_sampling,1,nominal_task_balance,0.20,1.00000,0.00000,0.00000,1.00000,0.01415
uncertainty_sampling,1,nominal_task_balance,0.30,1.00000,0.00000,0.00000,1.00000,0.01415
uncertainty_sampling,1,out_of_distribution_tail,0.05,0.00000,0.00000,0.00000,0.00000,0.74338
uncertainty_sampling,1,out_of_distribution_tail,0.10,0.00000,0.00000,0.00000,0.00000,0.74338
uncertainty_sampling,1,out_of_distribution_tail,0.15,0.00000,0.00000,0.00000,0.00000,0.74338
uncertainty_sampling,1,out_of_distribution_tail,0.20,0.00000,0.00000,0.00000,0.00000,0.74338
uncertainty_sampling,1,out_of_distribution_tail,0.30,0.00000,0.00000,0.00000,0.00000,0.74338
uncertainty_sampling,1,rare_mechanism_combo,0.05,0.00000,0.00000,0.00000,0.00000,0.53801
uncertainty_sampling,1,rare_mechanism_combo,0.10,0.00000,0.00000,0.00000,0.00000,0.53801
uncertainty_sampling,1,rare_mechanism_combo,0.15,0.00000,0.00000,0.00000,0.00000,0.53801
uncertainty_sampling,1,rare_mechanism_combo,0.20,0.05556,0.00000,0.00000,0.05556,0.53801
uncertainty_sampling,1,rare_mechanism_combo,0.30,0.05556,0.00000,0.00000,0.05556,0.53801
uncertainty_sampling,1,rare_slip_failures,0.05,0.44444,0.00000,0.00000,0.44444,0.05725
uncertainty_sampling,1,rare_slip_failures,0.10,0.94444,0.00000,0.00000,0.94444,0.05725
uncertainty_sampling,1,rare_slip_failures,0.15,1.00000,0.00000,0.00000,1.00000,0.05725
uncertainty_sampling,1,rare_slip_failures,0.20,1.00000,0.00000,0.00000,1.00000,0.05725
uncertainty_sampling,1,rare_slip_failures,0.30,1.00000,0.00000,0.00000,1.00000,0.05725
balanced_failure_replay,2,actuator_limit_failures,0.05,0.38889,0.00000,0.00000,0.38889,0.06346
balanced_failure_replay,2,actuator_limit_failures,0.10,0.83333,0.00000,0.00000,0.83333,0.06346
balanced_failure_replay,2,actuator_limit_failures,0.15,1.00000,0.00000,0.00000,1.00000,0.06346
balanced_failure_replay,2,actuator_limit_failures,0.20,1.00000,0.00000,0.00000,1.00000,0.06346
balanced_failure_replay,2,actuator_limit_failures,0.30,1.00000,0.00000,0.00000,1.00000,0.06346
balanced_failure_replay,2,combined_tail_stress,0.05,0.00000,0.00000,0.00000,0.00000,0.53019
balanced_failure_replay,2,combined_tail_stress,0.10,0.00000,0.00000,0.00000,0.00000,0.53019
balanced_failure_replay,2,combined_tail_stress,0.15,0.00000,0.00000,0.00000,0.00000,0.53019
balanced_failure_replay,2,combined_tail_stress,0.20,0.00000,0.00000,0.00000,0.00000,0.53019
balanced_failure_replay,2,combined_tail_stress,0.30,0.11111,0.00000,0.00000,0.11111,0.53019
balanced_failure_replay,2,compound_sensor_actuator_shift,0.05,0.00000,0.00000,0.00000,0.00000,0.23619
balanced_failure_replay,2,compound_sensor_actuator_shift,0.10,0.00000,0.00000,0.00000,0.00000,0.23619
balanced_failure_replay,2,compound_sensor_actuator_shift,0.15,0.00000,0.05556,0.05556,0.05556,0.23619
balanced_failure_replay,2,compound_sensor_actuator_shift,0.20,0.27778,0.22222,0.27778,0.55556,0.23619
balanced_failure_replay,2,compound_sensor_actuator_shift,0.30,0.55556,0.22222,0.27778,0.83333,0.23619
balanced_failure_replay,2,fixture_geometry_shift,0.05,0.00000,0.00000,0.00000,0.00000,0.83067
balanced_failure_replay,2,fixture_geometry_shift,0.10,0.00000,0.00000,0.00000,0.00000,0.83067
balanced_failure_replay,2,fixture_geometry_shift,0.15,0.00000,0.00000,0.00000,0.00000,0.83067
balanced_failure_replay,2,fixture_geometry_shift,0.20,0.00000,0.00000,0.00000,0.00000,0.83067
balanced_failure_replay,2,fixture_geometry_shift,0.30,0.00000,0.00000,0.00000,0.00000,0.83067
balanced_failure_replay,2,jammed_fixture_failures,0.05,0.00000,0.00000,0.00000,0.00000,0.77263
balanced_failure_replay,2,jammed_fixture_failures,0.10,0.00000,0.00000,0.00000,0.00000,0.77263
balanced_failure_replay,2,jammed_fixture_failures,0.15,0.00000,0.00000,0.00000,0.00000,0.77263
balanced_failure_replay,2,jammed_fixture_failures,0.20,0.00000,0.00000,0.00000,0.00000,0.77263
balanced_failure_replay,2,jammed_fixture_failures,0.30,0.00000,0.00000,0.00000,0.00000,0.77263
balanced_failure_replay,2,nominal_task_balance,0.05,1.00000,0.00000,0.00000,1.00000,0.02413
balanced_failure_replay,2,nominal_task_balance,0.10,1.00000,0.00000,0.00000,1.00000,0.02413
balanced_failure_replay,2,nominal_task_balance,0.15,1.00000,0.00000,0.00000,1.00000,0.02413
balanced_failure_replay,2,nominal_task_balance,0.20,1.00000,0.00000,0.00000,1.00000,0.02413
balanced_failure_replay,2,nominal_task_balance,0.30,1.00000,0.00000,0.00000,1.00000,0.02413
balanced_failure_replay,2,out_of_distribution_tail,0.05,0.00000,0.00000,0.00000,0.00000,0.59358
balanced_failure_replay,2,out_of_distribution_tail,0.10,0.00000,0.00000,0.00000,0.00000,0.59358
balanced_failure_replay,2,out_of_distribution_tail,0.15,0.00000,0.00000,0.00000,0.00000,0.59358
balanced_failure_replay,2,out_of_distribution_tail,0.20,0.00000,0.00000,0.00000,0.00000,0.59358
balanced_failure_replay,2,out_of_distribution_tail,0.30,0.00000,0.00000,0.00000,0.00000,0.59358
balanced_failure_replay,2,rare_mechanism_combo,0.05,0.00000,0.00000,0.00000,0.00000,0.46464
balanced_failure_replay,2,rare_mechanism_combo,0.10,0.00000,0.00000,0.00000,0.00000,0.46464
balanced_failure_replay,2,rare_mechanism_combo,0.15,0.00000,0.00000,0.00000,0.00000,0.46464
balanced_failure_replay,2,rare_mechanism_combo,0.20,0.00000,0.00000,0.00000,0.00000,0.46464
balanced_failure_replay,2,rare_mechanism_combo,0.30,0.00000,0.00000,0.00000,0.00000,0.46464
balanced_failure_replay,2,rare_slip_failures,0.05,0.00000,0.00000,0.00000,0.00000,0.14449
balanced_failure_replay,2,rare_slip_failures,0.10,0.44444,0.00000,0.00000,0.44444,0.14449
balanced_failure_replay,2,rare_slip_failures,0.15,0.66667,0.00000,0.00000,0.66667,0.14449
balanced_failure_replay,2,rare_slip_failures,0.20,0.72222,0.00000,0.00000,0.72222,0.14449
balanced_failure_replay,2,rare_slip_failures,0.30,0.94444,0.00000,0.05556,1.00000,0.14449
calibrated_failure_risk,2,actuator_limit_failures,0.05,0.55556,0.00000,0.00000,0.55556,0.05902
calibrated_failure_risk,2,actuator_limit_failures,0.10,0.88889,0.00000,0.00000,0.88889,0.05902
calibrated_failure_risk,2,actuator_limit_failures,0.15,1.00000,0.00000,0.00000,1.00000,0.05902
calibrated_failure_risk,2,actuator_limit_failures,0.20,1.00000,0.00000,0.00000,1.00000,0.05902
calibrated_failure_risk,2,actuator_limit_failures,0.30,1.00000,0.00000,0.00000,1.00000,0.05902
calibrated_failure_risk,2,combined_tail_stress,0.05,0.00000,0.00000,0.00000,0.00000,0.46886
calibrated_failure_risk,2,combined_tail_stress,0.10,0.00000,0.00000,0.00000,0.00000,0.46886
calibrated_failure_risk,2,combined_tail_stress,0.15,0.00000,0.00000,0.00000,0.00000,0.46886
calibrated_failure_risk,2,combined_tail_stress,0.20,0.05556,0.00000,0.00000,0.05556,0.46886
calibrated_failure_risk,2,combined_tail_stress,0.30,0.22222,0.00000,0.00000,0.22222,0.46886
calibrated_failure_risk,2,compound_sensor_actuator_shift,0.05,0.00000,0.00000,0.00000,0.00000,0.20880
calibrated_failure_risk,2,compound_sensor_actuator_shift,0.10,0.00000,0.00000,0.00000,0.00000,0.20880
calibrated_failure_risk,2,compound_sensor_actuator_shift,0.15,0.11111,0.16667,0.22222,0.33333,0.20880
calibrated_failure_risk,2,compound_sensor_actuator_shift,0.20,0.38889,0.22222,0.27778,0.66667,0.20880
calibrated_failure_risk,2,compound_sensor_actuator_shift,0.30,0.55556,0.22222,0.27778,0.83333,0.20880
calibrated_failure_risk,2,fixture_geometry_shift,0.05,0.00000,0.00000,0.00000,0.00000,0.77420
calibrated_failure_risk,2,fixture_geometry_shift,0.10,0.00000,0.00000,0.00000,0.00000,0.77420
calibrated_failure_risk,2,fixture_geometry_shift,0.15,0.00000,0.00000,0.00000,0.00000,0.77420
calibrated_failure_risk,2,fixture_geometry_shift,0.20,0.00000,0.00000,0.00000,0.00000,0.77420
calibrated_failure_risk,2,fixture_geometry_shift,0.30,0.00000,0.00000,0.00000,0.00000,0.77420
calibrated_failure_risk,2,jammed_fixture_failures,0.05,0.00000,0.00000,0.00000,0.00000,0.74588
calibrated_failure_risk,2,jammed_fixture_failures,0.10,0.00000,0.00000,0.00000,0.00000,0.74588
calibrated_failure_risk,2,jammed_fixture_failures,0.15,0.00000,0.00000,0.00000,0.00000,0.74588
calibrated_failure_risk,2,jammed_fixture_failures,0.20,0.00000,0.00000,0.00000,0.00000,0.74588
calibrated_failure_risk,2,jammed_fixture_failures,0.30,0.00000,0.00000,0.00000,0.00000,0.74588
calibrated_failure_risk,2,nominal_task_balance,0.05,1.00000,0.00000,0.00000,1.00000,0.01676
calibrated_failure_risk,2,nominal_task_balance,0.10,1.00000,0.00000,0.00000,1.00000,0.01676
calibrated_failure_risk,2,nominal_task_balance,0.15,1.00000,0.00000,0.00000,1.00000,0.01676
calibrated_failure_risk,2,nominal_task_balance,0.20,1.00000,0.00000,0.00000,1.00000,0.01676
calibrated_failure_risk,2,nominal_task_balance,0.30,1.00000,0.00000,0.00000,1.00000,0.01676
calibrated_failure_risk,2,out_of_distribution_tail,0.05,0.00000,0.00000,0.00000,0.00000,0.48719
calibrated_failure_risk,2,out_of_distribution_tail,0.10,0.00000,0.00000,0.00000,0.00000,0.48719
calibrated_failure_risk,2,out_of_distribution_tail,0.15,0.00000,0.00000,0.00000,0.00000,0.48719
calibrated_failure_risk,2,out_of_distribution_tail,0.20,0.00000,0.00000,0.00000,0.00000,0.48719
calibrated_failure_risk,2,out_of_distribution_tail,0.30,0.00000,0.00000,0.11111,0.11111,0.48719
calibrated_failure_risk,2,rare_mechanism_combo,0.05,0.00000,0.00000,0.00000,0.00000,0.37448
calibrated_failure_risk,2,rare_mechanism_combo,0.10,0.00000,0.00000,0.00000,0.00000,0.37448
calibrated_failure_risk,2,rare_mechanism_combo,0.15,0.00000,0.00000,0.00000,0.00000,0.37448
calibrated_failure_risk,2,rare_mechanism_combo,0.20,0.00000,0.00000,0.00000,0.00000,0.37448
calibrated_failure_risk,2,rare_mechanism_combo,0.30,0.33333,0.00000,0.11111,0.44444,0.37448
calibrated_failure_risk,2,rare_slip_failures,0.05,0.05556,0.00000,0.00000,0.05556,0.12737
calibrated_failure_risk,2,rare_slip_failures,0.10,0.55556,0.00000,0.00000,0.55556,0.12737
calibrated_failure_risk,2,rare_slip_failures,0.15,0.72222,0.00000,0.00000,0.72222,0.12737
calibrated_failure_risk,2,rare_slip_failures,0.20,0.72222,0.00000,0.00000,0.72222,0.12737
calibrated_failure_risk,2,rare_slip_failures,0.30,0.94444,0.00000,0.05556,1.00000,0.12737
failure_prediction_active_learning,2,actuator_limit_failures,0.05,0.61111,0.00000,0.00000,0.61111,0.05859
failure_prediction_active_learning,2,actuator_limit_failures,0.10,0.83333,0.00000,0.00000,0.83333,0.05859
failure_prediction_active_learning,2,actuator_limit_failures,0.15,1.00000,0.00000,0.00000,1.00000,0.05859
failure_prediction_active_learning,2,actuator_limit_failures,0.20,1.00000,0.00000,0.00000,1.00000,0.05859
failure_prediction_active_learning,2,actuator_limit_failures,0.30,1.00000,0.00000,0.00000,1.00000,0.05859
failure_prediction_active_learning,2,combined_tail_stress,0.05,0.00000,0.00000,0.00000,0.00000,0.46731
failure_prediction_active_learning,2,combined_tail_stress,0.10,0.00000,0.00000,0.00000,0.00000,0.46731
failure_prediction_active_learning,2,combined_tail_stress,0.15,0.00000,0.00000,0.00000,0.00000,0.46731
failure_prediction_active_learning,2,combined_tail_stress,0.20,0.05556,0.00000,0.00000,0.05556,0.46731
failure_prediction_active_learning,2,combined_tail_stress,0.30,0.22222,0.00000,0.00000,0.22222,0.46731
failure_prediction_active_learning,2,compound_sensor_actuator_shift,0.05,0.00000,0.00000,0.00000,0.00000,0.21862
failure_prediction_active_learning,2,compound_sensor_actuator_shift,0.10,0.00000,0.00000,0.00000,0.00000,0.21862
failure_prediction_active_learning,2,compound_sensor_actuator_shift,0.15,0.05556,0.16667,0.22222,0.27778,0.21862
failure_prediction_active_learning,2,compound_sensor_actuator_shift,0.20,0.38889,0.22222,0.27778,0.66667,0.21862
failure_prediction_active_learning,2,compound_sensor_actuator_shift,0.30,0.55556,0.22222,0.27778,0.83333,0.21862
failure_prediction_active_learning,2,fixture_geometry_shift,0.05,0.00000,0.00000,0.00000,0.00000,0.76634
failure_prediction_active_learning,2,fixture_geometry_shift,0.10,0.00000,0.00000,0.00000,0.00000,0.76634
failure_prediction_active_learning,2,fixture_geometry_shift,0.15,0.00000,0.00000,0.00000,0.00000,0.76634
failure_prediction_active_learning,2,fixture_geometry_shift,0.20,0.00000,0.00000,0.00000,0.00000,0.76634
failure_prediction_active_learning,2,fixture_geometry_shift,0.30,0.00000,0.00000,0.00000,0.00000,0.76634
failure_prediction_active_learning,2,jammed_fixture_failures,0.05,0.00000,0.00000,0.00000,0.00000,0.74559
failure_prediction_active_learning,2,jammed_fixture_failures,0.10,0.00000,0.00000,0.00000,0.00000,0.74559
failure_prediction_active_learning,2,jammed_fixture_failures,0.15,0.00000,0.00000,0.00000,0.00000,0.74559
failure_prediction_active_learning,2,jammed_fixture_failures,0.20,0.00000,0.00000,0.00000,0.00000,0.74559
failure_prediction_active_learning,2,jammed_fixture_failures,0.30,0.00000,0.00000,0.00000,0.00000,0.74559
failure_prediction_active_learning,2,nominal_task_balance,0.05,1.00000,0.00000,0.00000,1.00000,0.01584
failure_prediction_active_learning,2,nominal_task_balance,0.10,1.00000,0.00000,0.00000,1.00000,0.01584
failure_prediction_active_learning,2,nominal_task_balance,0.15,1.00000,0.00000,0.00000,1.00000,0.01584
failure_prediction_active_learning,2,nominal_task_balance,0.20,1.00000,0.00000,0.00000,1.00000,0.01584
failure_prediction_active_learning,2,nominal_task_balance,0.30,1.00000,0.00000,0.00000,1.00000,0.01584
failure_prediction_active_learning,2,out_of_distribution_tail,0.05,0.00000,0.00000,0.00000,0.00000,0.48744
failure_prediction_active_learning,2,out_of_distribution_tail,0.10,0.00000,0.00000,0.00000,0.00000,0.48744
failure_prediction_active_learning,2,out_of_distribution_tail,0.15,0.00000,0.00000,0.00000,0.00000,0.48744
failure_prediction_active_learning,2,out_of_distribution_tail,0.20,0.00000,0.00000,0.00000,0.00000,0.48744
failure_prediction_active_learning,2,out_of_distribution_tail,0.30,0.00000,0.00000,0.11111,0.11111,0.48744
failure_prediction_active_learning,2,rare_mechanism_combo,0.05,0.00000,0.00000,0.00000,0.00000,0.37056
failure_prediction_active_learning,2,rare_mechanism_combo,0.10,0.00000,0.00000,0.00000,0.00000,0.37056
failure_prediction_active_learning,2,rare_mechanism_combo,0.15,0.00000,0.00000,0.00000,0.00000,0.37056
failure_prediction_active_learning,2,rare_mechanism_combo,0.20,0.00000,0.00000,0.00000,0.00000,0.37056
failure_prediction_active_learning,2,rare_mechanism_combo,0.30,0.33333,0.00000,0.11111,0.44444,0.37056
failure_prediction_active_learning,2,rare_slip_failures,0.05,0.05556,0.00000,0.00000,0.05556,0.12861
failure_prediction_active_learning,2,rare_slip_failures,0.10,0.55556,0.00000,0.00000,0.55556,0.12861
failure_prediction_active_learning,2,rare_slip_failures,0.15,0.72222,0.00000,0.00000,0.72222,0.12861
failure_prediction_active_learning,2,rare_slip_failures,0.20,0.72222,0.00000,0.00000,0.72222,0.12861
failure_prediction_active_learning,2,rare_slip_failures,0.30,0.88889,0.00000,0.05556,0.94444,0.12861
failure_stratified_engine,2,actuator_limit_failures,0.05,0.27778,0.00000,0.00000,0.27778,0.07077
failure_stratified_engine,2,actuator_limit_failures,0.10,0.77778,0.00000,0.00000,0.77778,0.07077
failure_stratified_engine,2,actuator_limit_failures,0.15,1.00000,0.00000,0.00000,1.00000,0.07077
failure_stratified_engine,2,actuator_limit_failures,0.20,1.00000,0.00000,0.00000,1.00000,0.07077
failure_stratified_engine,2,actuator_limit_failures,0.30,1.00000,0.00000,0.00000,1.00000,0.07077
failure_stratified_engine,2,combined_tail_stress,0.05,0.00000,0.00000,0.00000,0.00000,0.61200
failure_stratified_engine,2,combined_tail_stress,0.10,0.00000,0.00000,0.00000,0.00000,0.61200
failure_stratified_engine,2,combined_tail_stress,0.15,0.00000,0.00000,0.00000,0.00000,0.61200
failure_stratified_engine,2,combined_tail_stress,0.20,0.00000,0.00000,0.00000,0.00000,0.61200
failure_stratified_engine,2,combined_tail_stress,0.30,0.00000,0.00000,0.00000,0.00000,0.61200
failure_stratified_engine,2,compound_sensor_actuator_shift,0.05,0.00000,0.00000,0.00000,0.00000,0.43464
failure_stratified_engine,2,compound_sensor_actuator_shift,0.10,0.00000,0.00000,0.00000,0.00000,0.43464
failure_stratified_engine,2,compound_sensor_actuator_shift,0.15,0.00000,0.00000,0.00000,0.00000,0.43464
failure_stratified_engine,2,compound_sensor_actuator_shift,0.20,0.00000,0.00000,0.00000,0.00000,0.43464
failure_stratified_engine,2,compound_sensor_actuator_shift,0.30,0.00000,0.00000,0.00000,0.00000,0.43464
failure_stratified_engine,2,fixture_geometry_shift,0.05,0.00000,0.00000,0.00000,0.00000,0.79043
failure_stratified_engine,2,fixture_geometry_shift,0.10,0.00000,0.00000,0.00000,0.00000,0.79043
failure_stratified_engine,2,fixture_geometry_shift,0.15,0.00000,0.00000,0.00000,0.00000,0.79043
failure_stratified_engine,2,fixture_geometry_shift,0.20,0.00000,0.00000,0.00000,0.00000,0.79043
failure_stratified_engine,2,fixture_geometry_shift,0.30,0.00000,0.00000,0.00000,0.00000,0.79043
failure_stratified_engine,2,jammed_fixture_failures,0.05,0.00000,0.00000,0.00000,0.00000,0.74307
failure_stratified_engine,2,jammed_fixture_failures,0.10,0.00000,0.00000,0.00000,0.00000,0.74307
failure_stratified_engine,2,jammed_fixture_failures,0.15,0.00000,0.00000,0.00000,0.00000,0.74307
failure_stratified_engine,2,jammed_fixture_failures,0.20,0.00000,0.00000,0.00000,0.00000,0.74307
failure_stratified_engine,2,jammed_fixture_failures,0.30,0.00000,0.00000,0.00000,0.00000,0.74307
failure_stratified_engine,2,nominal_task_balance,0.05,1.00000,0.00000,0.00000,1.00000,0.02109
failure_stratified_engine,2,nominal_task_balance,0.10,1.00000,0.00000,0.00000,1.00000,0.02109
failure_stratified_engine,2,nominal_task_balance,0.15,1.00000,0.00000,0.00000,1.00000,0.02109
failure_stratified_engine,2,nominal_task_balance,0.20,1.00000,0.00000,0.00000,1.00000,0.02109
failure_stratified_engine,2,nominal_task_balance,0.30,1.00000,0.00000,0.00000,1.00000,0.02109
failure_stratified_engine,2,out_of_distribution_tail,0.05,0.00000,0.00000,0.00000,0.00000,0.61640
failure_stratified_engine,2,out_of_distribution_tail,0.10,0.00000,0.00000,0.00000,0.00000,0.61640
failure_stratified_engine,2,out_of_distribution_tail,0.15,0.00000,0.00000,0.00000,0.00000,0.61640
failure_stratified_engine,2,out_of_distribution_tail,0.20,0.00000,0.00000,0.00000,0.00000,0.61640
failure_stratified_engine,2,out_of_distribution_tail,0.30,0.00000,0.00000,0.00000,0.00000,0.61640
failure_stratified_engine,2,rare_mechanism_combo,0.05,0.00000,0.00000,0.00000,0.00000,0.49300
failure_stratified_engine,2,rare_mechanism_combo,0.10,0.00000,0.00000,0.00000,0.00000,0.49300
failure_stratified_engine,2,rare_mechanism_combo,0.15,0.00000,0.00000,0.00000,0.00000,0.49300
failure_stratified_engine,2,rare_mechanism_combo,0.20,0.00000,0.00000,0.00000,0.00000,0.49300
failure_stratified_engine,2,rare_mechanism_combo,0.30,0.05556,0.00000,0.00000,0.05556,0.49300
failure_stratified_engine,2,rare_slip_failures,0.05,0.05556,0.00000,0.00000,0.05556,0.14704
failure_stratified_engine,2,rare_slip_failures,0.10,0.38889,0.00000,0.00000,0.38889,0.14704
failure_stratified_engine,2,rare_slip_failures,0.15,0.72222,0.00000,0.00000,0.72222,0.14704
failure_stratified_engine,2,rare_slip_failures,0.20,0.72222,0.00000,0.00000,0.72222,0.14704
failure_stratified_engine,2,rare_slip_failures,0.30,0.94444,0.00000,0.05556,1.00000,0.14704
failure_stratified_engine_v5,2,actuator_limit_failures,0.05,0.61111,0.00000,0.00000,0.61111,0.05191
failure_stratified_engine_v5,2,actuator_limit_failures,0.10,0.94444,0.00000,0.00000,0.94444,0.05191
failure_stratified_engine_v5,2,actuator_limit_failures,0.15,1.00000,0.00000,0.00000,1.00000,0.05191
failure_stratified_engine_v5,2,actuator_limit_failures,0.20,1.00000,0.00000,0.00000,1.00000,0.05191
failure_stratified_engine_v5,2,actuator_limit_failures,0.30,1.00000,0.00000,0.00000,1.00000,0.05191
failure_stratified_engine_v5,2,combined_tail_stress,0.05,0.00000,0.00000,0.00000,0.00000,0.49647
failure_stratified_engine_v5,2,combined_tail_stress,0.10,0.00000,0.00000,0.00000,0.00000,0.49647
failure_stratified_engine_v5,2,combined_tail_stress,0.15,0.00000,0.00000,0.00000,0.00000,0.49647
failure_stratified_engine_v5,2,combined_tail_stress,0.20,0.00000,0.00000,0.00000,0.00000,0.49647
failure_stratified_engine_v5,2,combined_tail_stress,0.30,0.11111,0.00000,0.00000,0.11111,0.49647
failure_stratified_engine_v5,2,compound_sensor_actuator_shift,0.05,0.00000,0.00000,0.00000,0.00000,0.17956
failure_stratified_engine_v5,2,compound_sensor_actuator_shift,0.10,0.05556,0.00000,0.00000,0.05556,0.17956
failure_stratified_engine_v5,2,compound_sensor_actuator_shift,0.15,0.22222,0.11111,0.16667,0.38889,0.17956
failure_stratified_engine_v5,2,compound_sensor_actuator_shift,0.20,0.55556,0.22222,0.27778,0.83333,0.17956
failure_stratified_engine_v5,2,compound_sensor_actuator_shift,0.30,0.61111,0.22222,0.27778,0.88889,0.17956
failure_stratified_engine_v5,2,fixture_geometry_shift,0.05,0.00000,0.00000,0.00000,0.00000,0.80574
failure_stratified_engine_v5,2,fixture_geometry_shift,0.10,0.00000,0.00000,0.00000,0.00000,0.80574
failure_stratified_engine_v5,2,fixture_geometry_shift,0.15,0.00000,0.00000,0.00000,0.00000,0.80574
failure_stratified_engine_v5,2,fixture_geometry_shift,0.20,0.00000,0.00000,0.00000,0.00000,0.80574
failure_stratified_engine_v5,2,fixture_geometry_shift,0.30,0.00000,0.00000,0.00000,0.00000,0.80574
failure_stratified_engine_v5,2,jammed_fixture_failures,0.05,0.00000,0.00000,0.00000,0.00000,0.73470
failure_stratified_engine_v5,2,jammed_fixture_failures,0.10,0.00000,0.00000,0.00000,0.00000,0.73470
failure_stratified_engine_v5,2,jammed_fixture_failures,0.15,0.00000,0.00000,0.00000,0.00000,0.73470
failure_stratified_engine_v5,2,jammed_fixture_failures,0.20,0.00000,0.00000,0.00000,0.00000,0.73470
failure_stratified_engine_v5,2,jammed_fixture_failures,0.30,0.00000,0.00000,0.00000,0.00000,0.73470
failure_stratified_engine_v5,2,nominal_task_balance,0.05,1.00000,0.00000,0.00000,1.00000,0.02102
failure_stratified_engine_v5,2,nominal_task_balance,0.10,1.00000,0.00000,0.00000,1.00000,0.02102
failure_stratified_engine_v5,2,nominal_task_balance,0.15,1.00000,0.00000,0.00000,1.00000,0.02102
failure_stratified_engine_v5,2,nominal_task_balance,0.20,1.00000,0.00000,0.00000,1.00000,0.02102
failure_stratified_engine_v5,2,nominal_task_balance,0.30,1.00000,0.00000,0.00000,1.00000,0.02102
failure_stratified_engine_v5,2,out_of_distribution_tail,0.05,0.00000,0.00000,0.00000,0.00000,0.54129
failure_stratified_engine_v5,2,out_of_distribution_tail,0.10,0.00000,0.00000,0.00000,0.00000,0.54129
failure_stratified_engine_v5,2,out_of_distribution_tail,0.15,0.00000,0.00000,0.00000,0.00000,0.54129
failure_stratified_engine_v5,2,out_of_distribution_tail,0.20,0.00000,0.00000,0.00000,0.00000,0.54129
failure_stratified_engine_v5,2,out_of_distribution_tail,0.30,0.00000,0.00000,0.00000,0.00000,0.54129
failure_stratified_engine_v5,2,rare_mechanism_combo,0.05,0.00000,0.00000,0.00000,0.00000,0.39962
failure_stratified_engine_v5,2,rare_mechanism_combo,0.10,0.00000,0.00000,0.00000,0.00000,0.39962
failure_stratified_engine_v5,2,rare_mechanism_combo,0.15,0.00000,0.00000,0.00000,0.00000,0.39962
failure_stratified_engine_v5,2,rare_mechanism_combo,0.20,0.00000,0.00000,0.00000,0.00000,0.39962
failure_stratified_engine_v5,2,rare_mechanism_combo,0.30,0.05556,0.00000,0.05556,0.11111,0.39962
failure_stratified_engine_v5,2,rare_slip_failures,0.05,0.00000,0.00000,0.00000,0.00000,0.12853
failure_stratified_engine_v5,2,rare_slip_failures,0.10,0.50000,0.00000,0.00000,0.50000,0.12853
failure_stratified_engine_v5,2,rare_slip_failures,0.15,0.72222,0.00000,0.00000,0.72222,0.12853
failure_stratified_engine_v5,2,rare_slip_failures,0.20,0.72222,0.00000,0.00000,0.72222,0.12853
failure_stratified_engine_v5,2,rare_slip_failures,0.30,0.94444,0.00000,0.05556,1.00000,0.12853
gradient_boosted_failure_active,2,actuator_limit_failures,0.05,0.55556,0.00000,0.00000,0.55556,0.05708
gradient_boosted_failure_active,2,actuator_limit_failures,0.10,0.83333,0.00000,0.00000,0.83333,0.05708
gradient_boosted_failure_active,2,actuator_limit_failures,0.15,1.00000,0.00000,0.00000,1.00000,0.05708
gradient_boosted_failure_active,2,actuator_limit_failures,0.20,1.00000,0.00000,0.00000,1.00000,0.05708
gradient_boosted_failure_active,2,actuator_limit_failures,0.30,1.00000,0.00000,0.00000,1.00000,0.05708
gradient_boosted_failure_active,2,combined_tail_stress,0.05,0.00000,0.00000,0.00000,0.00000,0.53319
gradient_boosted_failure_active,2,combined_tail_stress,0.10,0.00000,0.00000,0.00000,0.00000,0.53319
gradient_boosted_failure_active,2,combined_tail_stress,0.15,0.00000,0.00000,0.00000,0.00000,0.53319
gradient_boosted_failure_active,2,combined_tail_stress,0.20,0.00000,0.00000,0.00000,0.00000,0.53319
gradient_boosted_failure_active,2,combined_tail_stress,0.30,0.05556,0.00000,0.00000,0.05556,0.53319
gradient_boosted_failure_active,2,compound_sensor_actuator_shift,0.05,0.00000,0.00000,0.00000,0.00000,0.21636
gradient_boosted_failure_active,2,compound_sensor_actuator_shift,0.10,0.00000,0.00000,0.00000,0.00000,0.21636
gradient_boosted_failure_active,2,compound_sensor_actuator_shift,0.15,0.00000,0.11111,0.11111,0.11111,0.21636
gradient_boosted_failure_active,2,compound_sensor_actuator_shift,0.20,0.33333,0.22222,0.27778,0.61111,0.21636
gradient_boosted_failure_active,2,compound_sensor_actuator_shift,0.30,0.55556,0.22222,0.27778,0.83333,0.21636
gradient_boosted_failure_active,2,fixture_geometry_shift,0.05,0.00000,0.00000,0.00000,0.00000,0.80474
gradient_boosted_failure_active,2,fixture_geometry_shift,0.10,0.00000,0.00000,0.00000,0.00000,0.80474
gradient_boosted_failure_active,2,fixture_geometry_shift,0.15,0.00000,0.00000,0.00000,0.00000,0.80474
gradient_boosted_failure_active,2,fixture_geometry_shift,0.20,0.00000,0.00000,0.00000,0.00000,0.80474
gradient_boosted_failure_active,2,fixture_geometry_shift,0.30,0.00000,0.00000,0.00000,0.00000,0.80474
gradient_boosted_failure_active,2,jammed_fixture_failures,0.05,0.00000,0.00000,0.00000,0.00000,0.75444
gradient_boosted_failure_active,2,jammed_fixture_failures,0.10,0.00000,0.00000,0.00000,0.00000,0.75444
gradient_boosted_failure_active,2,jammed_fixture_failures,0.15,0.00000,0.00000,0.00000,0.00000,0.75444
gradient_boosted_failure_active,2,jammed_fixture_failures,0.20,0.00000,0.00000,0.00000,0.00000,0.75444
gradient_boosted_failure_active,2,jammed_fixture_failures,0.30,0.00000,0.00000,0.00000,0.00000,0.75444
gradient_boosted_failure_active,2,nominal_task_balance,0.05,1.00000,0.00000,0.00000,1.00000,0.01874
gradient_boosted_failure_active,2,nominal_task_balance,0.10,1.00000,0.00000,0.00000,1.00000,0.01874
gradient_boosted_failure_active,2,nominal_task_balance,0.15,1.00000,0.00000,0.00000,1.00000,0.01874
gradient_boosted_failure_active,2,nominal_task_balance,0.20,1.00000,0.00000,0.00000,1.00000,0.01874
gradient_boosted_failure_active,2,nominal_task_balance,0.30,1.00000,0.00000,0.00000,1.00000,0.01874
gradient_boosted_failure_active,2,out_of_distribution_tail,0.05,0.00000,0.00000,0.00000,0.00000,0.63584
gradient_boosted_failure_active,2,out_of_distribution_tail,0.10,0.00000,0.00000,0.00000,0.00000,0.63584
gradient_boosted_failure_active,2,out_of_distribution_tail,0.15,0.00000,0.00000,0.00000,0.00000,0.63584
gradient_boosted_failure_active,2,out_of_distribution_tail,0.20,0.00000,0.00000,0.00000,0.00000,0.63584
gradient_boosted_failure_active,2,out_of_distribution_tail,0.30,0.00000,0.00000,0.00000,0.00000,0.63584
gradient_boosted_failure_active,2,rare_mechanism_combo,0.05,0.00000,0.00000,0.00000,0.00000,0.45635
gradient_boosted_failure_active,2,rare_mechanism_combo,0.10,0.00000,0.00000,0.00000,0.00000,0.45635
gradient_boosted_failure_active,2,rare_mechanism_combo,0.15,0.00000,0.00000,0.00000,0.00000,0.45635
gradient_boosted_failure_active,2,rare_mechanism_combo,0.20,0.00000,0.00000,0.00000,0.00000,0.45635
gradient_boosted_failure_active,2,rare_mechanism_combo,0.30,0.00000,0.00000,0.05556,0.05556,0.45635
gradient_boosted_failure_active,2,rare_slip_failures,0.05,0.05556,0.00000,0.00000,0.05556,0.13389
gradient_boosted_failure_active,2,rare_slip_failures,0.10,0.44444,0.00000,0.00000,0.44444,0.13389
gradient_boosted_failure_active,2,rare_slip_failures,0.15,0.72222,0.00000,0.00000,0.72222,0.13389
gradient_boosted_failure_active,2,rare_slip_failures,0.20,0.72222,0.00000,0.00000,0.72222,0.13389
gradient_boosted_failure_active,2,rare_slip_failures,0.30,0.94444,0.00000,0.05556,1.00000,0.13389
greedy_oracle_success_upper,2,actuator_limit_failures,0.05,0.33333,0.00000,0.00000,0.33333,0.06712
greedy_oracle_success_upper,2,actuator_limit_failures,0.10,0.77778,0.00000,0.00000,0.77778,0.06712
greedy_oracle_success_upper,2,actuator_limit_failures,0.15,0.94444,0.00000,0.00000,0.94444,0.06712
greedy_oracle_success_upper,2,actuator_limit_failures,0.20,1.00000,0.00000,0.00000,1.00000,0.06712
greedy_oracle_success_upper,2,actuator_limit_failures,0.30,1.00000,0.00000,0.00000,1.00000,0.06712
greedy_oracle_success_upper,2,combined_tail_stress,0.05,0.00000,0.00000,0.00000,0.00000,0.54510
greedy_oracle_success_upper,2,combined_tail_stress,0.10,0.00000,0.00000,0.00000,0.00000,0.54510
greedy_oracle_success_upper,2,combined_tail_stress,0.15,0.00000,0.00000,0.00000,0.00000,0.54510
greedy_oracle_success_upper,2,combined_tail_stress,0.20,0.00000,0.00000,0.00000,0.00000,0.54510
greedy_oracle_success_upper,2,combined_tail_stress,0.30,0.16667,0.00000,0.00000,0.16667,0.54510
greedy_oracle_success_upper,2,compound_sensor_actuator_shift,0.05,0.00000,0.00000,0.00000,0.00000,0.41087
greedy_oracle_success_upper,2,compound_sensor_actuator_shift,0.10,0.00000,0.00000,0.00000,0.00000,0.41087
greedy_oracle_success_upper,2,compound_sensor_actuator_shift,0.15,0.00000,0.00000,0.00000,0.00000,0.41087
greedy_oracle_success_upper,2,compound_sensor_actuator_shift,0.20,0.00000,0.00000,0.00000,0.00000,0.41087
greedy_oracle_success_upper,2,compound_sensor_actuator_shift,0.30,0.05556,0.05556,0.05556,0.11111,0.41087
greedy_oracle_success_upper,2,fixture_geometry_shift,0.05,0.00000,0.00000,0.00000,0.00000,0.80234
greedy_oracle_success_upper,2,fixture_geometry_shift,0.10,0.00000,0.00000,0.00000,0.00000,0.80234
greedy_oracle_success_upper,2,fixture_geometry_shift,0.15,0.00000,0.00000,0.00000,0.00000,0.80234
greedy_oracle_success_upper,2,fixture_geometry_shift,0.20,0.00000,0.00000,0.00000,0.00000,0.80234
greedy_oracle_success_upper,2,fixture_geometry_shift,0.30,0.00000,0.00000,0.00000,0.00000,0.80234
greedy_oracle_success_upper,2,jammed_fixture_failures,0.05,0.00000,0.00000,0.00000,0.00000,0.73905
greedy_oracle_success_upper,2,jammed_fixture_failures,0.10,0.00000,0.00000,0.00000,0.00000,0.73905
greedy_oracle_success_upper,2,jammed_fixture_failures,0.15,0.00000,0.00000,0.00000,0.00000,0.73905
greedy_oracle_success_upper,2,jammed_fixture_failures,0.20,0.00000,0.00000,0.00000,0.00000,0.73905
greedy_oracle_success_upper,2,jammed_fixture_failures,0.30,0.00000,0.00000,0.00000,0.00000,0.73905
greedy_oracle_success_upper,2,nominal_task_balance,0.05,1.00000,0.00000,0.00000,1.00000,0.02051
greedy_oracle_success_upper,2,nominal_task_balance,0.10,1.00000,0.00000,0.00000,1.00000,0.02051
greedy_oracle_success_upper,2,nominal_task_balance,0.15,1.00000,0.00000,0.00000,1.00000,0.02051
greedy_oracle_success_upper,2,nominal_task_balance,0.20,1.00000,0.00000,0.00000,1.00000,0.02051
greedy_oracle_success_upper,2,nominal_task_balance,0.30,1.00000,0.00000,0.00000,1.00000,0.02051
greedy_oracle_success_upper,2,out_of_distribution_tail,0.05,0.00000,0.00000,0.00000,0.00000,0.51299
greedy_oracle_success_upper,2,out_of_distribution_tail,0.10,0.00000,0.00000,0.00000,0.00000,0.51299
greedy_oracle_success_upper,2,out_of_distribution_tail,0.15,0.00000,0.00000,0.00000,0.00000,0.51299
greedy_oracle_success_upper,2,out_of_distribution_tail,0.20,0.00000,0.00000,0.00000,0.00000,0.51299
greedy_oracle_success_upper,2,out_of_distribution_tail,0.30,0.00000,0.00000,0.11111,0.11111,0.51299
greedy_oracle_success_upper,2,rare_mechanism_combo,0.05,0.00000,0.00000,0.00000,0.00000,0.49847
greedy_oracle_success_upper,2,rare_mechanism_combo,0.10,0.00000,0.00000,0.00000,0.00000,0.49847
greedy_oracle_success_upper,2,rare_mechanism_combo,0.15,0.00000,0.00000,0.00000,0.00000,0.49847
greedy_oracle_success_upper,2,rare_mechanism_combo,0.20,0.00000,0.00000,0.00000,0.00000,0.49847
greedy_oracle_success_upper,2,rare_mechanism_combo,0.30,0.05556,0.00000,0.00000,0.05556,0.49847
greedy_oracle_success_upper,2,rare_slip_failures,0.05,0.05556,0.00000,0.00000,0.05556,0.12871
greedy_oracle_success_upper,2,rare_slip_failures,0.10,0.55556,0.00000,0.00000,0.55556,0.12871
greedy_oracle_success_upper,2,rare_slip_failures,0.15,0.72222,0.00000,0.00000,0.72222,0.12871
greedy_oracle_success_upper,2,rare_slip_failures,0.20,0.72222,0.00000,0.00000,0.72222,0.12871
greedy_oracle_success_upper,2,rare_slip_failures,0.30,0.94444,0.00000,0.05556,1.00000,0.12871
hybrid_diversity_risk,2,actuator_limit_failures,0.05,0.66667,0.00000,0.00000,0.66667,0.05287
hybrid_diversity_risk,2,actuator_limit_failures,0.10,0.88889,0.00000,0.00000,0.88889,0.05287
hybrid_diversity_risk,2,actuator_limit_failures,0.15,1.00000,0.00000,0.00000,1.00000,0.05287
hybrid_diversity_risk,2,actuator_limit_failures,0.20,1.00000,0.00000,0.00000,1.00000,0.05287
hybrid_diversity_risk,2,actuator_limit_failures,0.30,1.00000,0.00000,0.00000,1.00000,0.05287
hybrid_diversity_risk,2,combined_tail_stress,0.05,0.00000,0.00000,0.00000,0.00000,0.47828
hybrid_diversity_risk,2,combined_tail_stress,0.10,0.00000,0.00000,0.00000,0.00000,0.47828
hybrid_diversity_risk,2,combined_tail_stress,0.15,0.00000,0.00000,0.00000,0.00000,0.47828
hybrid_diversity_risk,2,combined_tail_stress,0.20,0.00000,0.00000,0.00000,0.00000,0.47828
hybrid_diversity_risk,2,combined_tail_stress,0.30,0.22222,0.00000,0.00000,0.22222,0.47828
hybrid_diversity_risk,2,compound_sensor_actuator_shift,0.05,0.00000,0.00000,0.00000,0.00000,0.21719
hybrid_diversity_risk,2,compound_sensor_actuator_shift,0.10,0.00000,0.00000,0.00000,0.00000,0.21719
hybrid_diversity_risk,2,compound_sensor_actuator_shift,0.15,0.11111,0.00000,0.00000,0.11111,0.21719
hybrid_diversity_risk,2,compound_sensor_actuator_shift,0.20,0.38889,0.16667,0.22222,0.61111,0.21719
hybrid_diversity_risk,2,compound_sensor_actuator_shift,0.30,0.55556,0.22222,0.27778,0.83333,0.21719
hybrid_diversity_risk,2,fixture_geometry_shift,0.05,0.00000,0.00000,0.00000,0.00000,0.79305
hybrid_diversity_risk,2,fixture_geometry_shift,0.10,0.00000,0.00000,0.00000,0.00000,0.79305
hybrid_diversity_risk,2,fixture_geometry_shift,0.15,0.00000,0.00000,0.00000,0.00000,0.79305
hybrid_diversity_risk,2,fixture_geometry_shift,0.20,0.00000,0.00000,0.00000,0.00000,0.79305
hybrid_diversity_risk,2,fixture_geometry_shift,0.30,0.00000,0.00000,0.00000,0.00000,0.79305
hybrid_diversity_risk,2,jammed_fixture_failures,0.05,0.00000,0.00000,0.00000,0.00000,0.70973
hybrid_diversity_risk,2,jammed_fixture_failures,0.10,0.00000,0.00000,0.00000,0.00000,0.70973
hybrid_diversity_risk,2,jammed_fixture_failures,0.15,0.00000,0.00000,0.00000,0.00000,0.70973
hybrid_diversity_risk,2,jammed_fixture_failures,0.20,0.00000,0.00000,0.00000,0.00000,0.70973
hybrid_diversity_risk,2,jammed_fixture_failures,0.30,0.00000,0.00000,0.00000,0.00000,0.70973
hybrid_diversity_risk,2,nominal_task_balance,0.05,1.00000,0.00000,0.00000,1.00000,0.01916
hybrid_diversity_risk,2,nominal_task_balance,0.10,1.00000,0.00000,0.00000,1.00000,0.01916
hybrid_diversity_risk,2,nominal_task_balance,0.15,1.00000,0.00000,0.00000,1.00000,0.01916
hybrid_diversity_risk,2,nominal_task_balance,0.20,1.00000,0.00000,0.00000,1.00000,0.01916
hybrid_diversity_risk,2,nominal_task_balance,0.30,1.00000,0.00000,0.00000,1.00000,0.01916
hybrid_diversity_risk,2,out_of_distribution_tail,0.05,0.00000,0.00000,0.00000,0.00000,0.42959
hybrid_diversity_risk,2,out_of_distribution_tail,0.10,0.00000,0.00000,0.00000,0.00000,0.42959
hybrid_diversity_risk,2,out_of_distribution_tail,0.15,0.00000,0.00000,0.00000,0.00000,0.42959
hybrid_diversity_risk,2,out_of_distribution_tail,0.20,0.00000,0.00000,0.00000,0.00000,0.42959
hybrid_diversity_risk,2,out_of_distribution_tail,0.30,0.00000,0.00000,0.27778,0.27778,0.42959
hybrid_diversity_risk,2,rare_mechanism_combo,0.05,0.00000,0.00000,0.00000,0.00000,0.40343
hybrid_diversity_risk,2,rare_mechanism_combo,0.10,0.00000,0.00000,0.00000,0.00000,0.40343
hybrid_diversity_risk,2,rare_mechanism_combo,0.15,0.00000,0.00000,0.00000,0.00000,0.40343
hybrid_diversity_risk,2,rare_mechanism_combo,0.20,0.00000,0.00000,0.00000,0.00000,0.40343
hybrid_diversity_risk,2,rare_mechanism_combo,0.30,0.05556,0.00000,0.05556,0.11111,0.40343
hybrid_diversity_risk,2,rare_slip_failures,0.05,0.05556,0.00000,0.00000,0.05556,0.12023
hybrid_diversity_risk,2,rare_slip_failures,0.10,0.55556,0.00000,0.00000,0.55556,0.12023
hybrid_diversity_risk,2,rare_slip_failures,0.15,0.72222,0.00000,0.00000,0.72222,0.12023
hybrid_diversity_risk,2,rare_slip_failures,0.20,0.72222,0.00000,0.05556,0.77778,0.12023
hybrid_diversity_risk,2,rare_slip_failures,0.30,0.94444,0.00000,0.05556,1.00000,0.12023
oracle_failure_strata,2,actuator_limit_failures,0.05,0.33333,0.00000,0.00000,0.33333,0.07002
oracle_failure_strata,2,actuator_limit_failures,0.10,0.77778,0.00000,0.00000,0.77778,0.07002
oracle_failure_strata,2,actuator_limit_failures,0.15,0.94444,0.00000,0.00000,0.94444,0.07002
oracle_failure_strata,2,actuator_limit_failures,0.20,1.00000,0.00000,0.00000,1.00000,0.07002
oracle_failure_strata,2,actuator_limit_failures,0.30,1.00000,0.00000,0.00000,1.00000,0.07002
oracle_failure_strata,2,combined_tail_stress,0.05,0.00000,0.00000,0.00000,0.00000,0.55183
oracle_failure_strata,2,combined_tail_stress,0.10,0.00000,0.00000,0.00000,0.00000,0.55183
oracle_failure_strata,2,combined_tail_stress,0.15,0.00000,0.00000,0.00000,0.00000,0.55183
oracle_failure_strata,2,combined_tail_stress,0.20,0.00000,0.00000,0.00000,0.00000,0.55183
oracle_failure_strata,2,combined_tail_stress,0.30,0.16667,0.00000,0.00000,0.16667,0.55183
oracle_failure_strata,2,compound_sensor_actuator_shift,0.05,0.00000,0.00000,0.00000,0.00000,0.40986
oracle_failure_strata,2,compound_sensor_actuator_shift,0.10,0.00000,0.00000,0.00000,0.00000,0.40986
oracle_failure_strata,2,compound_sensor_actuator_shift,0.15,0.00000,0.00000,0.00000,0.00000,0.40986
oracle_failure_strata,2,compound_sensor_actuator_shift,0.20,0.00000,0.00000,0.00000,0.00000,0.40986
oracle_failure_strata,2,compound_sensor_actuator_shift,0.30,0.05556,0.16667,0.16667,0.22222,0.40986
oracle_failure_strata,2,fixture_geometry_shift,0.05,0.00000,0.00000,0.00000,0.00000,0.78199
oracle_failure_strata,2,fixture_geometry_shift,0.10,0.00000,0.00000,0.00000,0.00000,0.78199
oracle_failure_strata,2,fixture_geometry_shift,0.15,0.00000,0.00000,0.00000,0.00000,0.78199
oracle_failure_strata,2,fixture_geometry_shift,0.20,0.00000,0.00000,0.00000,0.00000,0.78199
oracle_failure_strata,2,fixture_geometry_shift,0.30,0.00000,0.00000,0.00000,0.00000,0.78199
oracle_failure_strata,2,jammed_fixture_failures,0.05,0.00000,0.00000,0.00000,0.00000,0.77673
oracle_failure_strata,2,jammed_fixture_failures,0.10,0.00000,0.00000,0.00000,0.00000,0.77673
oracle_failure_strata,2,jammed_fixture_failures,0.15,0.00000,0.00000,0.00000,0.00000,0.77673
oracle_failure_strata,2,jammed_fixture_failures,0.20,0.00000,0.00000,0.00000,0.00000,0.77673
oracle_failure_strata,2,jammed_fixture_failures,0.30,0.00000,0.00000,0.00000,0.00000,0.77673
oracle_failure_strata,2,nominal_task_balance,0.05,1.00000,0.00000,0.00000,1.00000,0.02388
oracle_failure_strata,2,nominal_task_balance,0.10,1.00000,0.00000,0.00000,1.00000,0.02388
oracle_failure_strata,2,nominal_task_balance,0.15,1.00000,0.00000,0.00000,1.00000,0.02388
oracle_failure_strata,2,nominal_task_balance,0.20,1.00000,0.00000,0.00000,1.00000,0.02388
oracle_failure_strata,2,nominal_task_balance,0.30,1.00000,0.00000,0.00000,1.00000,0.02388
oracle_failure_strata,2,out_of_distribution_tail,0.05,0.00000,0.00000,0.00000,0.00000,0.49528
oracle_failure_strata,2,out_of_distribution_tail,0.10,0.00000,0.00000,0.00000,0.00000,0.49528
oracle_failure_strata,2,out_of_distribution_tail,0.15,0.00000,0.00000,0.00000,0.00000,0.49528
oracle_failure_strata,2,out_of_distribution_tail,0.20,0.00000,0.00000,0.00000,0.00000,0.49528
oracle_failure_strata,2,out_of_distribution_tail,0.30,0.00000,0.00000,0.11111,0.11111,0.49528
oracle_failure_strata,2,rare_mechanism_combo,0.05,0.00000,0.00000,0.00000,0.00000,0.45108
oracle_failure_strata,2,rare_mechanism_combo,0.10,0.00000,0.00000,0.00000,0.00000,0.45108
oracle_failure_strata,2,rare_mechanism_combo,0.15,0.00000,0.00000,0.00000,0.00000,0.45108
oracle_failure_strata,2,rare_mechanism_combo,0.20,0.00000,0.00000,0.00000,0.00000,0.45108
oracle_failure_strata,2,rare_mechanism_combo,0.30,0.11111,0.00000,0.05556,0.16667,0.45108
oracle_failure_strata,2,rare_slip_failures,0.05,0.05556,0.00000,0.00000,0.05556,0.15644
oracle_failure_strata,2,rare_slip_failures,0.10,0.44444,0.00000,0.00000,0.44444,0.15644
oracle_failure_strata,2,rare_slip_failures,0.15,0.72222,0.00000,0.00000,0.72222,0.15644
oracle_failure_strata,2,rare_slip_failures,0.20,0.72222,0.00000,0.00000,0.72222,0.15644
oracle_failure_strata,2,rare_slip_failures,0.30,0.72222,0.00000,0.05556,0.77778,0.15644
random_forest_failure_active,2,actuator_limit_failures,0.05,0.33333,0.00000,0.00000,0.33333,0.07605
random_forest_failure_active,2,actuator_limit_failures,0.10,0.77778,0.00000,0.00000,0.77778,0.07605
random_forest_failure_active,2,actuator_limit_failures,0.15,0.83333,0.00000,0.00000,0.83333,0.07605
random_forest_failure_active,2,actuator_limit_failures,0.20,1.00000,0.00000,0.00000,1.00000,0.07605
random_forest_failure_active,2,actuator_limit_failures,0.30,1.00000,0.00000,0.00000,1.00000,0.07605
random_forest_failure_active,2,combined_tail_stress,0.05,0.00000,0.00000,0.00000,0.00000,0.54654
random_forest_failure_active,2,combined_tail_stress,0.10,0.00000,0.00000,0.00000,0.00000,0.54654
random_forest_failure_active,2,combined_tail_stress,0.15,0.00000,0.00000,0.00000,0.00000,0.54654
random_forest_failure_active,2,combined_tail_stress,0.20,0.05556,0.00000,0.00000,0.05556,0.54654
random_forest_failure_active,2,combined_tail_stress,0.30,0.11111,0.00000,0.00000,0.11111,0.54654
random_forest_failure_active,2,compound_sensor_actuator_shift,0.05,0.00000,0.00000,0.00000,0.00000,0.21805
random_forest_failure_active,2,compound_sensor_actuator_shift,0.10,0.00000,0.00000,0.00000,0.00000,0.21805
random_forest_failure_active,2,compound_sensor_actuator_shift,0.15,0.05556,0.22222,0.22222,0.27778,0.21805
random_forest_failure_active,2,compound_sensor_actuator_shift,0.20,0.33333,0.22222,0.27778,0.61111,0.21805
random_forest_failure_active,2,compound_sensor_actuator_shift,0.30,0.55556,0.22222,0.27778,0.83333,0.21805
random_forest_failure_active,2,fixture_geometry_shift,0.05,0.00000,0.00000,0.00000,0.00000,0.87672
random_forest_failure_active,2,fixture_geometry_shift,0.10,0.00000,0.00000,0.00000,0.00000,0.87672
random_forest_failure_active,2,fixture_geometry_shift,0.15,0.00000,0.00000,0.00000,0.00000,0.87672
random_forest_failure_active,2,fixture_geometry_shift,0.20,0.00000,0.00000,0.00000,0.00000,0.87672
random_forest_failure_active,2,fixture_geometry_shift,0.30,0.00000,0.00000,0.00000,0.00000,0.87672
random_forest_failure_active,2,jammed_fixture_failures,0.05,0.00000,0.00000,0.00000,0.00000,0.86377
random_forest_failure_active,2,jammed_fixture_failures,0.10,0.00000,0.00000,0.00000,0.00000,0.86377
random_forest_failure_active,2,jammed_fixture_failures,0.15,0.00000,0.00000,0.00000,0.00000,0.86377
random_forest_failure_active,2,jammed_fixture_failures,0.20,0.00000,0.00000,0.00000,0.00000,0.86377
random_forest_failure_active,2,jammed_fixture_failures,0.30,0.00000,0.00000,0.00000,0.00000,0.86377
random_forest_failure_active,2,nominal_task_balance,0.05,1.00000,0.00000,0.00000,1.00000,0.02177
random_forest_failure_active,2,nominal_task_balance,0.10,1.00000,0.00000,0.00000,1.00000,0.02177
random_forest_failure_active,2,nominal_task_balance,0.15,1.00000,0.00000,0.00000,1.00000,0.02177
random_forest_failure_active,2,nominal_task_balance,0.20,1.00000,0.00000,0.00000,1.00000,0.02177
random_forest_failure_active,2,nominal_task_balance,0.30,1.00000,0.00000,0.00000,1.00000,0.02177
random_forest_failure_active,2,out_of_distribution_tail,0.05,0.00000,0.00000,0.00000,0.00000,0.65963
random_forest_failure_active,2,out_of_distribution_tail,0.10,0.00000,0.00000,0.00000,0.00000,0.65963
random_forest_failure_active,2,out_of_distribution_tail,0.15,0.00000,0.00000,0.00000,0.00000,0.65963
random_forest_failure_active,2,out_of_distribution_tail,0.20,0.00000,0.00000,0.00000,0.00000,0.65963
random_forest_failure_active,2,out_of_distribution_tail,0.30,0.00000,0.00000,0.00000,0.00000,0.65963
random_forest_failure_active,2,rare_mechanism_combo,0.05,0.00000,0.00000,0.00000,0.00000,0.38932
random_forest_failure_active,2,rare_mechanism_combo,0.10,0.00000,0.00000,0.00000,0.00000,0.38932
random_forest_failure_active,2,rare_mechanism_combo,0.15,0.00000,0.00000,0.00000,0.00000,0.38932
random_forest_failure_active,2,rare_mechanism_combo,0.20,0.00000,0.00000,0.00000,0.00000,0.38932
random_forest_failure_active,2,rare_mechanism_combo,0.30,0.22222,0.00000,0.11111,0.33333,0.38932
random_forest_failure_active,2,rare_slip_failures,0.05,0.05556,0.00000,0.00000,0.05556,0.14905
random_forest_failure_active,2,rare_slip_failures,0.10,0.50000,0.00000,0.00000,0.50000,0.14905
random_forest_failure_active,2,rare_slip_failures,0.15,0.66667,0.00000,0.00000,0.66667,0.14905
random_forest_failure_active,2,rare_slip_failures,0.20,0.72222,0.00000,0.00000,0.72222,0.14905
random_forest_failure_active,2,rare_slip_failures,0.30,0.94444,0.00000,0.05556,1.00000,0.14905
random_sampling,2,actuator_limit_failures,0.05,0.55556,0.00000,0.00000,0.55556,0.05881
random_sampling,2,actuator_limit_failures,0.10,0.77778,0.00000,0.00000,0.77778,0.05881
random_sampling,2,actuator_limit_failures,0.15,1.00000,0.00000,0.00000,1.00000,0.05881
random_sampling,2,actuator_limit_failures,0.20,1.00000,0.00000,0.00000,1.00000,0.05881
random_sampling,2,actuator_limit_failures,0.30,1.00000,0.00000,0.00000,1.00000,0.05881
random_sampling,2,combined_tail_stress,0.05,0.00000,0.00000,0.00000,0.00000,0.51044
random_sampling,2,combined_tail_stress,0.10,0.00000,0.00000,0.00000,0.00000,0.51044
random_sampling,2,combined_tail_stress,0.15,0.00000,0.00000,0.00000,0.00000,0.51044
random_sampling,2,combined_tail_stress,0.20,0.05556,0.00000,0.00000,0.05556,0.51044
random_sampling,2,combined_tail_stress,0.30,0.16667,0.00000,0.00000,0.16667,0.51044
random_sampling,2,compound_sensor_actuator_shift,0.05,0.00000,0.00000,0.00000,0.00000,0.23551
random_sampling,2,compound_sensor_actuator_shift,0.10,0.00000,0.00000,0.00000,0.00000,0.23551
random_sampling,2,compound_sensor_actuator_shift,0.15,0.00000,0.00000,0.00000,0.00000,0.23551
random_sampling,2,compound_sensor_actuator_shift,0.20,0.33333,0.22222,0.27778,0.61111,0.23551
random_sampling,2,compound_sensor_actuator_shift,0.30,0.55556,0.22222,0.27778,0.83333,0.23551
random_sampling,2,fixture_geometry_shift,0.05,0.00000,0.00000,0.00000,0.00000,0.85397
random_sampling,2,fixture_geometry_shift,0.10,0.00000,0.00000,0.00000,0.00000,0.85397
random_sampling,2,fixture_geometry_shift,0.15,0.00000,0.00000,0.00000,0.00000,0.85397
random_sampling,2,fixture_geometry_shift,0.20,0.00000,0.00000,0.00000,0.00000,0.85397
random_sampling,2,fixture_geometry_shift,0.30,0.00000,0.00000,0.00000,0.00000,0.85397
random_sampling,2,jammed_fixture_failures,0.05,0.00000,0.00000,0.00000,0.00000,0.78225
random_sampling,2,jammed_fixture_failures,0.10,0.00000,0.00000,0.00000,0.00000,0.78225
random_sampling,2,jammed_fixture_failures,0.15,0.00000,0.00000,0.00000,0.00000,0.78225
random_sampling,2,jammed_fixture_failures,0.20,0.00000,0.00000,0.00000,0.00000,0.78225
random_sampling,2,jammed_fixture_failures,0.30,0.00000,0.00000,0.00000,0.00000,0.78225
random_sampling,2,nominal_task_balance,0.05,1.00000,0.00000,0.00000,1.00000,0.01835
random_sampling,2,nominal_task_balance,0.10,1.00000,0.00000,0.00000,1.00000,0.01835
random_sampling,2,nominal_task_balance,0.15,1.00000,0.00000,0.00000,1.00000,0.01835
random_sampling,2,nominal_task_balance,0.20,1.00000,0.00000,0.00000,1.00000,0.01835
random_sampling,2,nominal_task_balance,0.30,1.00000,0.00000,0.00000,1.00000,0.01835
random_sampling,2,out_of_distribution_tail,0.05,0.00000,0.00000,0.00000,0.00000,0.53773
random_sampling,2,out_of_distribution_tail,0.10,0.00000,0.00000,0.00000,0.00000,0.53773
random_sampling,2,out_of_distribution_tail,0.15,0.00000,0.00000,0.00000,0.00000,0.53773
random_sampling,2,out_of_distribution_tail,0.20,0.00000,0.00000,0.00000,0.00000,0.53773
random_sampling,2,out_of_distribution_tail,0.30,0.00000,0.00000,0.00000,0.00000,0.53773
random_sampling,2,rare_mechanism_combo,0.05,0.00000,0.00000,0.00000,0.00000,0.45686
random_sampling,2,rare_mechanism_combo,0.10,0.00000,0.00000,0.00000,0.00000,0.45686
random_sampling,2,rare_mechanism_combo,0.15,0.00000,0.00000,0.00000,0.00000,0.45686
random_sampling,2,rare_mechanism_combo,0.20,0.00000,0.00000,0.00000,0.00000,0.45686
random_sampling,2,rare_mechanism_combo,0.30,0.11111,0.00000,0.05556,0.16667,0.45686
random_sampling,2,rare_slip_failures,0.05,0.05556,0.00000,0.00000,0.05556,0.14152
random_sampling,2,rare_slip_failures,0.10,0.55556,0.00000,0.00000,0.55556,0.14152
random_sampling,2,rare_slip_failures,0.15,0.66667,0.00000,0.00000,0.66667,0.14152
random_sampling,2,rare_slip_failures,0.20,0.72222,0.00000,0.00000,0.72222,0.14152
random_sampling,2,rare_slip_failures,0.30,0.94444,0.00000,0.05556,1.00000,0.14152
state_diversity_coreset,2,actuator_limit_failures,0.05,0.16667,0.00000,0.00000,0.16667,0.08206
state_diversity_coreset,2,actuator_limit_failures,0.10,0.77778,0.00000,0.00000,0.77778,0.08206
state_diversity_coreset,2,actuator_limit_failures,0.15,0.88889,0.00000,0.00000,0.88889,0.08206
state_diversity_coreset,2,actuator_limit_failures,0.20,1.00000,0.00000,0.00000,1.00000,0.08206
state_diversity_coreset,2,actuator_limit_failures,0.30,1.00000,0.00000,0.00000,1.00000,0.08206
state_diversity_coreset,2,combined_tail_stress,0.05,0.00000,0.00000,0.00000,0.00000,0.47802
state_diversity_coreset,2,combined_tail_stress,0.10,0.00000,0.00000,0.00000,0.00000,0.47802
state_diversity_coreset,2,combined_tail_stress,0.15,0.00000,0.00000,0.00000,0.00000,0.47802
state_diversity_coreset,2,combined_tail_stress,0.20,0.05556,0.00000,0.00000,0.05556,0.47802
state_diversity_coreset,2,combined_tail_stress,0.30,0.22222,0.00000,0.00000,0.22222,0.47802
state_diversity_coreset,2,compound_sensor_actuator_shift,0.05,0.00000,0.00000,0.00000,0.00000,0.30131
state_diversity_coreset,2,compound_sensor_actuator_shift,0.10,0.00000,0.00000,0.00000,0.00000,0.30131
state_diversity_coreset,2,compound_sensor_actuator_shift,0.15,0.00000,0.00000,0.00000,0.00000,0.30131
state_diversity_coreset,2,compound_sensor_actuator_shift,0.20,0.00000,0.00000,0.00000,0.00000,0.30131
state_diversity_coreset,2,compound_sensor_actuator_shift,0.30,0.44444,0.22222,0.27778,0.72222,0.30131
state_diversity_coreset,2,fixture_geometry_shift,0.05,0.00000,0.00000,0.00000,0.00000,0.81467
state_diversity_coreset,2,fixture_geometry_shift,0.10,0.00000,0.00000,0.00000,0.00000,0.81467
state_diversity_coreset,2,fixture_geometry_shift,0.15,0.00000,0.00000,0.00000,0.00000,0.81467
state_diversity_coreset,2,fixture_geometry_shift,0.20,0.00000,0.00000,0.00000,0.00000,0.81467
state_diversity_coreset,2,fixture_geometry_shift,0.30,0.00000,0.00000,0.00000,0.00000,0.81467
state_diversity_coreset,2,jammed_fixture_failures,0.05,0.00000,0.00000,0.00000,0.00000,0.75687
state_diversity_coreset,2,jammed_fixture_failures,0.10,0.00000,0.00000,0.00000,0.00000,0.75687
state_diversity_coreset,2,jammed_fixture_failures,0.15,0.00000,0.00000,0.00000,0.00000,0.75687
state_diversity_coreset,2,jammed_fixture_failures,0.20,0.00000,0.00000,0.00000,0.00000,0.75687
state_diversity_coreset,2,jammed_fixture_failures,0.30,0.00000,0.00000,0.00000,0.00000,0.75687
state_diversity_coreset,2,nominal_task_balance,0.05,1.00000,0.00000,0.00000,1.00000,0.02563
state_diversity_coreset,2,nominal_task_balance,0.10,1.00000,0.00000,0.00000,1.00000,0.02563
state_diversity_coreset,2,nominal_task_balance,0.15,1.00000,0.00000,0.00000,1.00000,0.02563
state_diversity_coreset,2,nominal_task_balance,0.20,1.00000,0.00000,0.00000,1.00000,0.02563
state_diversity_coreset,2,nominal_task_balance,0.30,1.00000,0.00000,0.00000,1.00000,0.02563
state_diversity_coreset,2,out_of_distribution_tail,0.05,0.00000,0.00000,0.00000,0.00000,0.52967
state_diversity_coreset,2,out_of_distribution_tail,0.10,0.00000,0.00000,0.00000,0.00000,0.52967
state_diversity_coreset,2,out_of_distribution_tail,0.15,0.00000,0.00000,0.00000,0.00000,0.52967
state_diversity_coreset,2,out_of_distribution_tail,0.20,0.00000,0.00000,0.00000,0.00000,0.52967
state_diversity_coreset,2,out_of_distribution_tail,0.30,0.00000,0.00000,0.00000,0.00000,0.52967
state_diversity_coreset,2,rare_mechanism_combo,0.05,0.00000,0.00000,0.00000,0.00000,0.43229
state_diversity_coreset,2,rare_mechanism_combo,0.10,0.00000,0.00000,0.00000,0.00000,0.43229
state_diversity_coreset,2,rare_mechanism_combo,0.15,0.00000,0.00000,0.00000,0.00000,0.43229
state_diversity_coreset,2,rare_mechanism_combo,0.20,0.00000,0.00000,0.00000,0.00000,0.43229
state_diversity_coreset,2,rare_mechanism_combo,0.30,0.05556,0.00000,0.05556,0.11111,0.43229
state_diversity_coreset,2,rare_slip_failures,0.05,0.05556,0.00000,0.00000,0.05556,0.12940
state_diversity_coreset,2,rare_slip_failures,0.10,0.55556,0.00000,0.00000,0.55556,0.12940
state_diversity_coreset,2,rare_slip_failures,0.15,0.72222,0.00000,0.00000,0.72222,0.12940
state_diversity_coreset,2,rare_slip_failures,0.20,0.72222,0.00000,0.00000,0.72222,0.12940
state_diversity_coreset,2,rare_slip_failures,0.30,0.94444,0.00000,0.05556,1.00000,0.12940
tail_risk_active_learning,2,actuator_limit_failures,0.05,0.50000,0.00000,0.00000,0.50000,0.05919
tail_risk_active_learning,2,actuator_limit_failures,0.10,0.88889,0.00000,0.00000,0.88889,0.05919
tail_risk_active_learning,2,actuator_limit_failures,0.15,1.00000,0.00000,0.00000,1.00000,0.05919
tail_risk_active_learning,2,actuator_limit_failures,0.20,1.00000,0.00000,0.00000,1.00000,0.05919
tail_risk_active_learning,2,actuator_limit_failures,0.30,1.00000,0.00000,0.00000,1.00000,0.05919
tail_risk_active_learning,2,combined_tail_stress,0.05,0.00000,0.00000,0.00000,0.00000,0.50696
tail_risk_active_learning,2,combined_tail_stress,0.10,0.00000,0.00000,0.00000,0.00000,0.50696
tail_risk_active_learning,2,combined_tail_stress,0.15,0.00000,0.00000,0.00000,0.00000,0.50696
tail_risk_active_learning,2,combined_tail_stress,0.20,0.00000,0.00000,0.00000,0.00000,0.50696
tail_risk_active_learning,2,combined_tail_stress,0.30,0.11111,0.00000,0.00000,0.11111,0.50696
tail_risk_active_learning,2,compound_sensor_actuator_shift,0.05,0.00000,0.00000,0.00000,0.00000,0.21329
tail_risk_active_learning,2,compound_sensor_actuator_shift,0.10,0.00000,0.00000,0.00000,0.00000,0.21329
tail_risk_active_learning,2,compound_sensor_actuator_shift,0.15,0.05556,0.05556,0.11111,0.16667,0.21329
tail_risk_active_learning,2,compound_sensor_actuator_shift,0.20,0.44444,0.22222,0.27778,0.72222,0.21329
tail_risk_active_learning,2,compound_sensor_actuator_shift,0.30,0.55556,0.22222,0.27778,0.83333,0.21329
tail_risk_active_learning,2,fixture_geometry_shift,0.05,0.00000,0.00000,0.00000,0.00000,0.81586
tail_risk_active_learning,2,fixture_geometry_shift,0.10,0.00000,0.00000,0.00000,0.00000,0.81586
tail_risk_active_learning,2,fixture_geometry_shift,0.15,0.00000,0.00000,0.00000,0.00000,0.81586
tail_risk_active_learning,2,fixture_geometry_shift,0.20,0.00000,0.00000,0.00000,0.00000,0.81586
tail_risk_active_learning,2,fixture_geometry_shift,0.30,0.00000,0.00000,0.00000,0.00000,0.81586
tail_risk_active_learning,2,jammed_fixture_failures,0.05,0.00000,0.00000,0.00000,0.00000,0.73982
tail_risk_active_learning,2,jammed_fixture_failures,0.10,0.00000,0.00000,0.00000,0.00000,0.73982
tail_risk_active_learning,2,jammed_fixture_failures,0.15,0.00000,0.00000,0.00000,0.00000,0.73982
tail_risk_active_learning,2,jammed_fixture_failures,0.20,0.00000,0.00000,0.00000,0.00000,0.73982
tail_risk_active_learning,2,jammed_fixture_failures,0.30,0.00000,0.00000,0.00000,0.00000,0.73982
tail_risk_active_learning,2,nominal_task_balance,0.05,1.00000,0.00000,0.00000,1.00000,0.01886
tail_risk_active_learning,2,nominal_task_balance,0.10,1.00000,0.00000,0.00000,1.00000,0.01886
tail_risk_active_learning,2,nominal_task_balance,0.15,1.00000,0.00000,0.00000,1.00000,0.01886
tail_risk_active_learning,2,nominal_task_balance,0.20,1.00000,0.00000,0.00000,1.00000,0.01886
tail_risk_active_learning,2,nominal_task_balance,0.30,1.00000,0.00000,0.00000,1.00000,0.01886
tail_risk_active_learning,2,out_of_distribution_tail,0.05,0.00000,0.00000,0.00000,0.00000,0.42077
tail_risk_active_learning,2,out_of_distribution_tail,0.10,0.00000,0.00000,0.00000,0.00000,0.42077
tail_risk_active_learning,2,out_of_distribution_tail,0.15,0.00000,0.00000,0.00000,0.00000,0.42077
tail_risk_active_learning,2,out_of_distribution_tail,0.20,0.00000,0.00000,0.00000,0.00000,0.42077
tail_risk_active_learning,2,out_of_distribution_tail,0.30,0.00000,0.00000,0.27778,0.27778,0.42077
tail_risk_active_learning,2,rare_mechanism_combo,0.05,0.00000,0.00000,0.00000,0.00000,0.40760
tail_risk_active_learning,2,rare_mechanism_combo,0.10,0.00000,0.00000,0.00000,0.00000,0.40760
tail_risk_active_learning,2,rare_mechanism_combo,0.15,0.00000,0.00000,0.00000,0.00000,0.40760
tail_risk_active_learning,2,rare_mechanism_combo,0.20,0.00000,0.00000,0.00000,0.00000,0.40760
tail_risk_active_learning,2,rare_mechanism_combo,0.30,0.11111,0.00000,0.05556,0.16667,0.40760
tail_risk_active_learning,2,rare_slip_failures,0.05,0.00000,0.00000,0.00000,0.00000,0.13817
tail_risk_active_learning,2,rare_slip_failures,0.10,0.55556,0.00000,0.00000,0.55556,0.13817
tail_risk_active_learning,2,rare_slip_failures,0.15,0.66667,0.00000,0.00000,0.66667,0.13817
tail_risk_active_learning,2,rare_slip_failures,0.20,0.72222,0.00000,0.00000,0.72222,0.13817
tail_risk_active_learning,2,rare_slip_failures,0.30,0.94444,0.00000,0.05556,1.00000,0.13817
task_label_stratification,2,actuator_limit_failures,0.05,0.55556,0.00000,0.00000,0.55556,0.05558
task_label_stratification,2,actuator_limit_failures,0.10,0.88889,0.00000,0.00000,0.88889,0.05558
task_label_stratification,2,actuator_limit_failures,0.15,1.00000,0.00000,0.00000,1.00000,0.05558
task_label_stratification,2,actuator_limit_failures,0.20,1.00000,0.00000,0.00000,1.00000,0.05558
task_label_stratification,2,actuator_limit_failures,0.30,1.00000,0.00000,0.00000,1.00000,0.05558
task_label_stratification,2,combined_tail_stress,0.05,0.00000,0.00000,0.00000,0.00000,0.50499
task_label_stratification,2,combined_tail_stress,0.10,0.00000,0.00000,0.00000,0.00000,0.50499
task_label_stratification,2,combined_tail_stress,0.15,0.00000,0.00000,0.00000,0.00000,0.50499
task_label_stratification,2,combined_tail_stress,0.20,0.05556,0.00000,0.00000,0.05556,0.50499
task_label_stratification,2,combined_tail_stress,0.30,0.16667,0.00000,0.00000,0.16667,0.50499
task_label_stratification,2,compound_sensor_actuator_shift,0.05,0.00000,0.00000,0.00000,0.00000,0.23179
task_label_stratification,2,compound_sensor_actuator_shift,0.10,0.00000,0.00000,0.00000,0.00000,0.23179
task_label_stratification,2,compound_sensor_actuator_shift,0.15,0.00000,0.16667,0.22222,0.22222,0.23179
task_label_stratification,2,compound_sensor_actuator_shift,0.20,0.38889,0.22222,0.27778,0.66667,0.23179
task_label_stratification,2,compound_sensor_actuator_shift,0.30,0.55556,0.22222,0.27778,0.83333,0.23179
task_label_stratification,2,fixture_geometry_shift,0.05,0.00000,0.00000,0.00000,0.00000,0.83947
task_label_stratification,2,fixture_geometry_shift,0.10,0.00000,0.00000,0.00000,0.00000,0.83947
task_label_stratification,2,fixture_geometry_shift,0.15,0.00000,0.00000,0.00000,0.00000,0.83947
task_label_stratification,2,fixture_geometry_shift,0.20,0.00000,0.00000,0.00000,0.00000,0.83947
task_label_stratification,2,fixture_geometry_shift,0.30,0.00000,0.00000,0.00000,0.00000,0.83947
task_label_stratification,2,jammed_fixture_failures,0.05,0.00000,0.00000,0.00000,0.00000,0.78240
task_label_stratification,2,jammed_fixture_failures,0.10,0.00000,0.00000,0.00000,0.00000,0.78240
task_label_stratification,2,jammed_fixture_failures,0.15,0.00000,0.00000,0.00000,0.00000,0.78240
task_label_stratification,2,jammed_fixture_failures,0.20,0.00000,0.00000,0.00000,0.00000,0.78240
task_label_stratification,2,jammed_fixture_failures,0.30,0.00000,0.00000,0.00000,0.00000,0.78240
task_label_stratification,2,nominal_task_balance,0.05,1.00000,0.00000,0.00000,1.00000,0.01448
task_label_stratification,2,nominal_task_balance,0.10,1.00000,0.00000,0.00000,1.00000,0.01448
task_label_stratification,2,nominal_task_balance,0.15,1.00000,0.00000,0.00000,1.00000,0.01448
task_label_stratification,2,nominal_task_balance,0.20,1.00000,0.00000,0.00000,1.00000,0.01448
task_label_stratification,2,nominal_task_balance,0.30,1.00000,0.00000,0.00000,1.00000,0.01448
task_label_stratification,2,out_of_distribution_tail,0.05,0.00000,0.00000,0.00000,0.00000,0.52200
task_label_stratification,2,out_of_distribution_tail,0.10,0.00000,0.00000,0.00000,0.00000,0.52200
task_label_stratification,2,out_of_distribution_tail,0.15,0.00000,0.00000,0.00000,0.00000,0.52200
task_label_stratification,2,out_of_distribution_tail,0.20,0.00000,0.00000,0.00000,0.00000,0.52200
task_label_stratification,2,out_of_distribution_tail,0.30,0.00000,0.00000,0.11111,0.11111,0.52200
task_label_stratification,2,rare_mechanism_combo,0.05,0.00000,0.00000,0.00000,0.00000,0.40203
task_label_stratification,2,rare_mechanism_combo,0.10,0.00000,0.00000,0.00000,0.00000,0.40203
task_label_stratification,2,rare_mechanism_combo,0.15,0.00000,0.00000,0.00000,0.00000,0.40203
task_label_stratification,2,rare_mechanism_combo,0.20,0.00000,0.00000,0.00000,0.00000,0.40203
task_label_stratification,2,rare_mechanism_combo,0.30,0.22222,0.00000,0.11111,0.33333,0.40203
task_label_stratification,2,rare_slip_failures,0.05,0.05556,0.00000,0.00000,0.05556,0.12366
task_label_stratification,2,rare_slip_failures,0.10,0.61111,0.00000,0.00000,0.61111,0.12366
task_label_stratification,2,rare_slip_failures,0.15,0.72222,0.00000,0.00000,0.72222,0.12366
task_label_stratification,2,rare_slip_failures,0.20,0.72222,0.00000,0.00000,0.72222,0.12366
task_label_stratification,2,rare_slip_failures,0.30,0.94444,0.00000,0.05556,1.00000,0.12366
uncertainty_sampling,2,actuator_limit_failures,0.05,0.61111,0.00000,0.00000,0.61111,0.05225
uncertainty_sampling,2,actuator_limit_failures,0.10,0.94444,0.00000,0.00000,0.94444,0.05225
uncertainty_sampling,2,actuator_limit_failures,0.15,1.00000,0.00000,0.00000,1.00000,0.05225
uncertainty_sampling,2,actuator_limit_failures,0.20,1.00000,0.00000,0.00000,1.00000,0.05225
uncertainty_sampling,2,actuator_limit_failures,0.30,1.00000,0.00000,0.00000,1.00000,0.05225
uncertainty_sampling,2,combined_tail_stress,0.05,0.00000,0.00000,0.00000,0.00000,0.50715
uncertainty_sampling,2,combined_tail_stress,0.10,0.00000,0.00000,0.00000,0.00000,0.50715
uncertainty_sampling,2,combined_tail_stress,0.15,0.00000,0.00000,0.00000,0.00000,0.50715
uncertainty_sampling,2,combined_tail_stress,0.20,0.00000,0.00000,0.00000,0.00000,0.50715
uncertainty_sampling,2,combined_tail_stress,0.30,0.11111,0.00000,0.00000,0.11111,0.50715
uncertainty_sampling,2,compound_sensor_actuator_shift,0.05,0.00000,0.00000,0.00000,0.00000,0.18914
uncertainty_sampling,2,compound_sensor_actuator_shift,0.10,0.00000,0.00000,0.00000,0.00000,0.18914
uncertainty_sampling,2,compound_sensor_actuator_shift,0.15,0.27778,0.22222,0.27778,0.55556,0.18914
uncertainty_sampling,2,compound_sensor_actuator_shift,0.20,0.44444,0.22222,0.27778,0.72222,0.18914
uncertainty_sampling,2,compound_sensor_actuator_shift,0.30,0.55556,0.22222,0.27778,0.83333,0.18914
uncertainty_sampling,2,fixture_geometry_shift,0.05,0.00000,0.00000,0.00000,0.00000,0.83065
uncertainty_sampling,2,fixture_geometry_shift,0.10,0.00000,0.00000,0.00000,0.00000,0.83065
uncertainty_sampling,2,fixture_geometry_shift,0.15,0.00000,0.00000,0.00000,0.00000,0.83065
uncertainty_sampling,2,fixture_geometry_shift,0.20,0.00000,0.00000,0.00000,0.00000,0.83065
uncertainty_sampling,2,fixture_geometry_shift,0.30,0.00000,0.00000,0.00000,0.00000,0.83065
uncertainty_sampling,2,jammed_fixture_failures,0.05,0.00000,0.00000,0.00000,0.00000,0.75157
uncertainty_sampling,2,jammed_fixture_failures,0.10,0.00000,0.00000,0.00000,0.00000,0.75157
uncertainty_sampling,2,jammed_fixture_failures,0.15,0.00000,0.00000,0.00000,0.00000,0.75157
uncertainty_sampling,2,jammed_fixture_failures,0.20,0.00000,0.00000,0.00000,0.00000,0.75157
uncertainty_sampling,2,jammed_fixture_failures,0.30,0.00000,0.00000,0.00000,0.00000,0.75157
uncertainty_sampling,2,nominal_task_balance,0.05,1.00000,0.00000,0.00000,1.00000,0.02058
uncertainty_sampling,2,nominal_task_balance,0.10,1.00000,0.00000,0.00000,1.00000,0.02058
uncertainty_sampling,2,nominal_task_balance,0.15,1.00000,0.00000,0.00000,1.00000,0.02058
uncertainty_sampling,2,nominal_task_balance,0.20,1.00000,0.00000,0.00000,1.00000,0.02058
uncertainty_sampling,2,nominal_task_balance,0.30,1.00000,0.00000,0.00000,1.00000,0.02058
uncertainty_sampling,2,out_of_distribution_tail,0.05,0.00000,0.00000,0.00000,0.00000,0.63335
uncertainty_sampling,2,out_of_distribution_tail,0.10,0.00000,0.00000,0.00000,0.00000,0.63335
uncertainty_sampling,2,out_of_distribution_tail,0.15,0.00000,0.00000,0.00000,0.00000,0.63335
uncertainty_sampling,2,out_of_distribution_tail,0.20,0.00000,0.00000,0.00000,0.00000,0.63335
uncertainty_sampling,2,out_of_distribution_tail,0.30,0.00000,0.00000,0.00000,0.00000,0.63335
uncertainty_sampling,2,rare_mechanism_combo,0.05,0.00000,0.00000,0.00000,0.00000,0.46610
uncertainty_sampling,2,rare_mechanism_combo,0.10,0.00000,0.00000,0.00000,0.00000,0.46610
uncertainty_sampling,2,rare_mechanism_combo,0.15,0.00000,0.00000,0.00000,0.00000,0.46610
uncertainty_sampling,2,rare_mechanism_combo,0.20,0.00000,0.00000,0.00000,0.00000,0.46610
uncertainty_sampling,2,rare_mechanism_combo,0.30,0.05556,0.00000,0.00000,0.05556,0.46610
uncertainty_sampling,2,rare_slip_failures,0.05,0.00000,0.00000,0.00000,0.00000,0.16088
uncertainty_sampling,2,rare_slip_failures,0.10,0.27778,0.00000,0.00000,0.27778,0.16088
uncertainty_sampling,2,rare_slip_failures,0.15,0.66667,0.00000,0.00000,0.66667,0.16088
uncertainty_sampling,2,rare_slip_failures,0.20,0.72222,0.00000,0.00000,0.72222,0.16088
uncertainty_sampling,2,rare_slip_failures,0.30,0.88889,0.00000,0.00000,0.88889,0.16088
balanced_failure_replay,3,actuator_limit_failures,0.05,0.55556,0.00000,0.00000,0.55556,0.05059
balanced_failure_replay,3,actuator_limit_failures,0.10,0.94444,0.00000,0.00000,0.94444,0.05059
balanced_failure_replay,3,actuator_limit_failures,0.15,1.00000,0.00000,0.00000,1.00000,0.05059
balanced_failure_replay,3,actuator_limit_failures,0.20,1.00000,0.00000,0.00000,1.00000,0.05059
balanced_failure_replay,3,actuator_limit_failures,0.30,1.00000,0.00000,0.00000,1.00000,0.05059
balanced_failure_replay,3,combined_tail_stress,0.05,0.00000,0.00000,0.00000,0.00000,0.47650
balanced_failure_replay,3,combined_tail_stress,0.10,0.00000,0.00000,0.00000,0.00000,0.47650
balanced_failure_replay,3,combined_tail_stress,0.15,0.00000,0.00000,0.00000,0.00000,0.47650
balanced_failure_replay,3,combined_tail_stress,0.20,0.00000,0.00000,0.00000,0.00000,0.47650
balanced_failure_replay,3,combined_tail_stress,0.30,0.05556,0.00000,0.00000,0.05556,0.47650
balanced_failure_replay,3,compound_sensor_actuator_shift,0.05,0.00000,0.00000,0.00000,0.00000,0.09403
balanced_failure_replay,3,compound_sensor_actuator_shift,0.10,0.33333,0.11111,0.22222,0.55556,0.09403
balanced_failure_replay,3,compound_sensor_actuator_shift,0.15,0.66667,0.11111,0.33333,1.00000,0.09403
balanced_failure_replay,3,compound_sensor_actuator_shift,0.20,0.66667,0.11111,0.33333,1.00000,0.09403
balanced_failure_replay,3,compound_sensor_actuator_shift,0.30,0.66667,0.11111,0.33333,1.00000,0.09403
balanced_failure_replay,3,fixture_geometry_shift,0.05,0.00000,0.00000,0.00000,0.00000,0.93646
balanced_failure_replay,3,fixture_geometry_shift,0.10,0.00000,0.00000,0.00000,0.00000,0.93646
balanced_failure_replay,3,fixture_geometry_shift,0.15,0.00000,0.00000,0.00000,0.00000,0.93646
balanced_failure_replay,3,fixture_geometry_shift,0.20,0.00000,0.00000,0.00000,0.00000,0.93646
balanced_failure_replay,3,fixture_geometry_shift,0.30,0.00000,0.00000,0.00000,0.00000,0.93646
balanced_failure_replay,3,jammed_fixture_failures,0.05,0.00000,0.00000,0.00000,0.00000,0.71125
balanced_failure_replay,3,jammed_fixture_failures,0.10,0.00000,0.00000,0.00000,0.00000,0.71125
balanced_failure_replay,3,jammed_fixture_failures,0.15,0.00000,0.00000,0.00000,0.00000,0.71125
balanced_failure_replay,3,jammed_fixture_failures,0.20,0.00000,0.00000,0.00000,0.00000,0.71125
balanced_failure_replay,3,jammed_fixture_failures,0.30,0.00000,0.00000,0.00000,0.00000,0.71125
balanced_failure_replay,3,nominal_task_balance,0.05,1.00000,0.00000,0.00000,1.00000,0.02043
balanced_failure_replay,3,nominal_task_balance,0.10,1.00000,0.00000,0.00000,1.00000,0.02043
balanced_failure_replay,3,nominal_task_balance,0.15,1.00000,0.00000,0.00000,1.00000,0.02043
balanced_failure_replay,3,nominal_task_balance,0.20,1.00000,0.00000,0.00000,1.00000,0.02043
balanced_failure_replay,3,nominal_task_balance,0.30,1.00000,0.00000,0.00000,1.00000,0.02043
balanced_failure_replay,3,out_of_distribution_tail,0.05,0.00000,0.00000,0.00000,0.00000,0.67570
balanced_failure_replay,3,out_of_distribution_tail,0.10,0.00000,0.00000,0.00000,0.00000,0.67570
balanced_failure_replay,3,out_of_distribution_tail,0.15,0.00000,0.00000,0.00000,0.00000,0.67570
balanced_failure_replay,3,out_of_distribution_tail,0.20,0.00000,0.00000,0.00000,0.00000,0.67570
balanced_failure_replay,3,out_of_distribution_tail,0.30,0.00000,0.00000,0.00000,0.00000,0.67570
balanced_failure_replay,3,rare_mechanism_combo,0.05,0.00000,0.00000,0.00000,0.00000,0.56006
balanced_failure_replay,3,rare_mechanism_combo,0.10,0.00000,0.00000,0.00000,0.00000,0.56006
balanced_failure_replay,3,rare_mechanism_combo,0.15,0.00000,0.00000,0.00000,0.00000,0.56006
balanced_failure_replay,3,rare_mechanism_combo,0.20,0.00000,0.00000,0.00000,0.00000,0.56006
balanced_failure_replay,3,rare_mechanism_combo,0.30,0.05556,0.00000,0.00000,0.05556,0.56006
balanced_failure_replay,3,rare_slip_failures,0.05,0.05556,0.00000,0.00000,0.05556,0.10465
balanced_failure_replay,3,rare_slip_failures,0.10,0.44444,0.00000,0.00000,0.44444,0.10465
balanced_failure_replay,3,rare_slip_failures,0.15,0.94444,0.00000,0.00000,0.94444,0.10465
balanced_failure_replay,3,rare_slip_failures,0.20,0.94444,0.00000,0.00000,0.94444,0.10465
balanced_failure_replay,3,rare_slip_failures,0.30,1.00000,0.00000,0.00000,1.00000,0.10465
calibrated_failure_risk,3,actuator_limit_failures,0.05,0.61111,0.00000,0.00000,0.61111,0.04775
calibrated_failure_risk,3,actuator_limit_failures,0.10,0.88889,0.00000,0.00000,0.88889,0.04775
calibrated_failure_risk,3,actuator_limit_failures,0.15,1.00000,0.00000,0.00000,1.00000,0.04775
calibrated_failure_risk,3,actuator_limit_failures,0.20,1.00000,0.00000,0.00000,1.00000,0.04775
calibrated_failure_risk,3,actuator_limit_failures,0.30,1.00000,0.00000,0.00000,1.00000,0.04775
calibrated_failure_risk,3,combined_tail_stress,0.05,0.00000,0.00000,0.00000,0.00000,0.42681
calibrated_failure_risk,3,combined_tail_stress,0.10,0.00000,0.00000,0.00000,0.00000,0.42681
calibrated_failure_risk,3,combined_tail_stress,0.15,0.00000,0.00000,0.00000,0.00000,0.42681
calibrated_failure_risk,3,combined_tail_stress,0.20,0.05556,0.00000,0.00000,0.05556,0.42681
calibrated_failure_risk,3,combined_tail_stress,0.30,0.05556,0.00000,0.00000,0.05556,0.42681
calibrated_failure_risk,3,compound_sensor_actuator_shift,0.05,0.05556,0.05556,0.05556,0.11111,0.09193
calibrated_failure_risk,3,compound_sensor_actuator_shift,0.10,0.33333,0.11111,0.27778,0.61111,0.09193
calibrated_failure_risk,3,compound_sensor_actuator_shift,0.15,0.61111,0.11111,0.33333,0.94444,0.09193
calibrated_failure_risk,3,compound_sensor_actuator_shift,0.20,0.66667,0.11111,0.33333,1.00000,0.09193
calibrated_failure_risk,3,compound_sensor_actuator_shift,0.30,0.66667,0.11111,0.33333,1.00000,0.09193
calibrated_failure_risk,3,fixture_geometry_shift,0.05,0.00000,0.00000,0.00000,0.00000,0.89977
calibrated_failure_risk,3,fixture_geometry_shift,0.10,0.00000,0.00000,0.00000,0.00000,0.89977
calibrated_failure_risk,3,fixture_geometry_shift,0.15,0.00000,0.00000,0.00000,0.00000,0.89977
calibrated_failure_risk,3,fixture_geometry_shift,0.20,0.00000,0.00000,0.00000,0.00000,0.89977
calibrated_failure_risk,3,fixture_geometry_shift,0.30,0.00000,0.00000,0.00000,0.00000,0.89977
calibrated_failure_risk,3,jammed_fixture_failures,0.05,0.00000,0.00000,0.00000,0.00000,0.68626
calibrated_failure_risk,3,jammed_fixture_failures,0.10,0.00000,0.00000,0.00000,0.00000,0.68626
calibrated_failure_risk,3,jammed_fixture_failures,0.15,0.00000,0.00000,0.00000,0.00000,0.68626
calibrated_failure_risk,3,jammed_fixture_failures,0.20,0.00000,0.00000,0.00000,0.00000,0.68626
calibrated_failure_risk,3,jammed_fixture_failures,0.30,0.00000,0.00000,0.00000,0.00000,0.68626
calibrated_failure_risk,3,nominal_task_balance,0.05,1.00000,0.00000,0.00000,1.00000,0.01711
calibrated_failure_risk,3,nominal_task_balance,0.10,1.00000,0.00000,0.00000,1.00000,0.01711
calibrated_failure_risk,3,nominal_task_balance,0.15,1.00000,0.00000,0.00000,1.00000,0.01711
calibrated_failure_risk,3,nominal_task_balance,0.20,1.00000,0.00000,0.00000,1.00000,0.01711
calibrated_failure_risk,3,nominal_task_balance,0.30,1.00000,0.00000,0.00000,1.00000,0.01711
calibrated_failure_risk,3,out_of_distribution_tail,0.05,0.00000,0.00000,0.00000,0.00000,0.71874
calibrated_failure_risk,3,out_of_distribution_tail,0.10,0.00000,0.00000,0.00000,0.00000,0.71874
calibrated_failure_risk,3,out_of_distribution_tail,0.15,0.00000,0.00000,0.00000,0.00000,0.71874
calibrated_failure_risk,3,out_of_distribution_tail,0.20,0.00000,0.00000,0.00000,0.00000,0.71874
calibrated_failure_risk,3,out_of_distribution_tail,0.30,0.00000,0.00000,0.00000,0.00000,0.71874
calibrated_failure_risk,3,rare_mechanism_combo,0.05,0.00000,0.00000,0.00000,0.00000,0.51819
calibrated_failure_risk,3,rare_mechanism_combo,0.10,0.00000,0.00000,0.00000,0.00000,0.51819
calibrated_failure_risk,3,rare_mechanism_combo,0.15,0.00000,0.00000,0.00000,0.00000,0.51819
calibrated_failure_risk,3,rare_mechanism_combo,0.20,0.00000,0.00000,0.00000,0.00000,0.51819
calibrated_failure_risk,3,rare_mechanism_combo,0.30,0.05556,0.00000,0.00000,0.05556,0.51819
calibrated_failure_risk,3,rare_slip_failures,0.05,0.00000,0.00000,0.00000,0.00000,0.12930
calibrated_failure_risk,3,rare_slip_failures,0.10,0.44444,0.00000,0.00000,0.44444,0.12930
calibrated_failure_risk,3,rare_slip_failures,0.15,0.72222,0.00000,0.00000,0.72222,0.12930
calibrated_failure_risk,3,rare_slip_failures,0.20,0.88889,0.00000,0.00000,0.88889,0.12930
calibrated_failure_risk,3,rare_slip_failures,0.30,1.00000,0.00000,0.00000,1.00000,0.12930
failure_prediction_active_learning,3,actuator_limit_failures,0.05,0.61111,0.00000,0.00000,0.61111,0.04807
failure_prediction_active_learning,3,actuator_limit_failures,0.10,0.88889,0.00000,0.00000,0.88889,0.04807
failure_prediction_active_learning,3,actuator_limit_failures,0.15,1.00000,0.00000,0.00000,1.00000,0.04807
failure_prediction_active_learning,3,actuator_limit_failures,0.20,1.00000,0.00000,0.00000,1.00000,0.04807
failure_prediction_active_learning,3,actuator_limit_failures,0.30,1.00000,0.00000,0.00000,1.00000,0.04807
failure_prediction_active_learning,3,combined_tail_stress,0.05,0.00000,0.00000,0.00000,0.00000,0.42799
failure_prediction_active_learning,3,combined_tail_stress,0.10,0.00000,0.00000,0.00000,0.00000,0.42799
failure_prediction_active_learning,3,combined_tail_stress,0.15,0.00000,0.00000,0.00000,0.00000,0.42799
failure_prediction_active_learning,3,combined_tail_stress,0.20,0.05556,0.00000,0.00000,0.05556,0.42799
failure_prediction_active_learning,3,combined_tail_stress,0.30,0.05556,0.00000,0.00000,0.05556,0.42799
failure_prediction_active_learning,3,compound_sensor_actuator_shift,0.05,0.05556,0.05556,0.05556,0.11111,0.09212
failure_prediction_active_learning,3,compound_sensor_actuator_shift,0.10,0.33333,0.11111,0.27778,0.61111,0.09212
failure_prediction_active_learning,3,compound_sensor_actuator_shift,0.15,0.61111,0.11111,0.33333,0.94444,0.09212
failure_prediction_active_learning,3,compound_sensor_actuator_shift,0.20,0.66667,0.11111,0.33333,1.00000,0.09212
failure_prediction_active_learning,3,compound_sensor_actuator_shift,0.30,0.66667,0.11111,0.33333,1.00000,0.09212
failure_prediction_active_learning,3,fixture_geometry_shift,0.05,0.00000,0.00000,0.00000,0.00000,0.90086
failure_prediction_active_learning,3,fixture_geometry_shift,0.10,0.00000,0.00000,0.00000,0.00000,0.90086
failure_prediction_active_learning,3,fixture_geometry_shift,0.15,0.00000,0.00000,0.00000,0.00000,0.90086
failure_prediction_active_learning,3,fixture_geometry_shift,0.20,0.00000,0.00000,0.00000,0.00000,0.90086
failure_prediction_active_learning,3,fixture_geometry_shift,0.30,0.00000,0.00000,0.00000,0.00000,0.90086
failure_prediction_active_learning,3,jammed_fixture_failures,0.05,0.00000,0.00000,0.00000,0.00000,0.68894
failure_prediction_active_learning,3,jammed_fixture_failures,0.10,0.00000,0.00000,0.00000,0.00000,0.68894
failure_prediction_active_learning,3,jammed_fixture_failures,0.15,0.00000,0.00000,0.00000,0.00000,0.68894
failure_prediction_active_learning,3,jammed_fixture_failures,0.20,0.00000,0.00000,0.00000,0.00000,0.68894
failure_prediction_active_learning,3,jammed_fixture_failures,0.30,0.00000,0.00000,0.00000,0.00000,0.68894
failure_prediction_active_learning,3,nominal_task_balance,0.05,1.00000,0.00000,0.00000,1.00000,0.01724
failure_prediction_active_learning,3,nominal_task_balance,0.10,1.00000,0.00000,0.00000,1.00000,0.01724
failure_prediction_active_learning,3,nominal_task_balance,0.15,1.00000,0.00000,0.00000,1.00000,0.01724
failure_prediction_active_learning,3,nominal_task_balance,0.20,1.00000,0.00000,0.00000,1.00000,0.01724
failure_prediction_active_learning,3,nominal_task_balance,0.30,1.00000,0.00000,0.00000,1.00000,0.01724
failure_prediction_active_learning,3,out_of_distribution_tail,0.05,0.00000,0.00000,0.00000,0.00000,0.71695
failure_prediction_active_learning,3,out_of_distribution_tail,0.10,0.00000,0.00000,0.00000,0.00000,0.71695
failure_prediction_active_learning,3,out_of_distribution_tail,0.15,0.00000,0.00000,0.00000,0.00000,0.71695
failure_prediction_active_learning,3,out_of_distribution_tail,0.20,0.00000,0.00000,0.00000,0.00000,0.71695
failure_prediction_active_learning,3,out_of_distribution_tail,0.30,0.00000,0.00000,0.00000,0.00000,0.71695
failure_prediction_active_learning,3,rare_mechanism_combo,0.05,0.00000,0.00000,0.00000,0.00000,0.51806
failure_prediction_active_learning,3,rare_mechanism_combo,0.10,0.00000,0.00000,0.00000,0.00000,0.51806
failure_prediction_active_learning,3,rare_mechanism_combo,0.15,0.00000,0.00000,0.00000,0.00000,0.51806
failure_prediction_active_learning,3,rare_mechanism_combo,0.20,0.00000,0.00000,0.00000,0.00000,0.51806
failure_prediction_active_learning,3,rare_mechanism_combo,0.30,0.05556,0.00000,0.00000,0.05556,0.51806
failure_prediction_active_learning,3,rare_slip_failures,0.05,0.00000,0.00000,0.00000,0.00000,0.12984
failure_prediction_active_learning,3,rare_slip_failures,0.10,0.44444,0.00000,0.00000,0.44444,0.12984
failure_prediction_active_learning,3,rare_slip_failures,0.15,0.72222,0.00000,0.00000,0.72222,0.12984
failure_prediction_active_learning,3,rare_slip_failures,0.20,0.88889,0.00000,0.00000,0.88889,0.12984
failure_prediction_active_learning,3,rare_slip_failures,0.30,1.00000,0.00000,0.00000,1.00000,0.12984
failure_stratified_engine,3,actuator_limit_failures,0.05,0.66667,0.00000,0.00000,0.66667,0.04829
failure_stratified_engine,3,actuator_limit_failures,0.10,0.94444,0.00000,0.00000,0.94444,0.04829
failure_stratified_engine,3,actuator_limit_failures,0.15,1.00000,0.00000,0.00000,1.00000,0.04829
failure_stratified_engine,3,actuator_limit_failures,0.20,1.00000,0.00000,0.00000,1.00000,0.04829
failure_stratified_engine,3,actuator_limit_failures,0.30,1.00000,0.00000,0.00000,1.00000,0.04829
failure_stratified_engine,3,combined_tail_stress,0.05,0.00000,0.00000,0.00000,0.00000,0.60951
failure_stratified_engine,3,combined_tail_stress,0.10,0.00000,0.00000,0.00000,0.00000,0.60951
failure_stratified_engine,3,combined_tail_stress,0.15,0.00000,0.00000,0.00000,0.00000,0.60951
failure_stratified_engine,3,combined_tail_stress,0.20,0.00000,0.00000,0.00000,0.00000,0.60951
failure_stratified_engine,3,combined_tail_stress,0.30,0.00000,0.00000,0.00000,0.00000,0.60951
failure_stratified_engine,3,compound_sensor_actuator_shift,0.05,0.00000,0.00000,0.00000,0.00000,0.12779
failure_stratified_engine,3,compound_sensor_actuator_shift,0.10,0.16667,0.05556,0.16667,0.33333,0.12779
failure_stratified_engine,3,compound_sensor_actuator_shift,0.15,0.38889,0.11111,0.27778,0.66667,0.12779
failure_stratified_engine,3,compound_sensor_actuator_shift,0.20,0.66667,0.11111,0.33333,1.00000,0.12779
failure_stratified_engine,3,compound_sensor_actuator_shift,0.30,0.66667,0.11111,0.33333,1.00000,0.12779
failure_stratified_engine,3,fixture_geometry_shift,0.05,0.00000,0.00000,0.00000,0.00000,0.95182
failure_stratified_engine,3,fixture_geometry_shift,0.10,0.00000,0.00000,0.00000,0.00000,0.95182
failure_stratified_engine,3,fixture_geometry_shift,0.15,0.00000,0.00000,0.00000,0.00000,0.95182
failure_stratified_engine,3,fixture_geometry_shift,0.20,0.00000,0.00000,0.00000,0.00000,0.95182
failure_stratified_engine,3,fixture_geometry_shift,0.30,0.00000,0.00000,0.00000,0.00000,0.95182
failure_stratified_engine,3,jammed_fixture_failures,0.05,0.00000,0.00000,0.00000,0.00000,0.74642
failure_stratified_engine,3,jammed_fixture_failures,0.10,0.00000,0.00000,0.00000,0.00000,0.74642
failure_stratified_engine,3,jammed_fixture_failures,0.15,0.00000,0.00000,0.00000,0.00000,0.74642
failure_stratified_engine,3,jammed_fixture_failures,0.20,0.00000,0.00000,0.00000,0.00000,0.74642
failure_stratified_engine,3,jammed_fixture_failures,0.30,0.00000,0.00000,0.00000,0.00000,0.74642
failure_stratified_engine,3,nominal_task_balance,0.05,1.00000,0.00000,0.00000,1.00000,0.01450
failure_stratified_engine,3,nominal_task_balance,0.10,1.00000,0.00000,0.00000,1.00000,0.01450
failure_stratified_engine,3,nominal_task_balance,0.15,1.00000,0.00000,0.00000,1.00000,0.01450
failure_stratified_engine,3,nominal_task_balance,0.20,1.00000,0.00000,0.00000,1.00000,0.01450
failure_stratified_engine,3,nominal_task_balance,0.30,1.00000,0.00000,0.00000,1.00000,0.01450
failure_stratified_engine,3,out_of_distribution_tail,0.05,0.00000,0.00000,0.00000,0.00000,0.76054
failure_stratified_engine,3,out_of_distribution_tail,0.10,0.00000,0.00000,0.00000,0.00000,0.76054
failure_stratified_engine,3,out_of_distribution_tail,0.15,0.00000,0.00000,0.00000,0.00000,0.76054
failure_stratified_engine,3,out_of_distribution_tail,0.20,0.00000,0.00000,0.00000,0.00000,0.76054
failure_stratified_engine,3,out_of_distribution_tail,0.30,0.00000,0.00000,0.00000,0.00000,0.76054
failure_stratified_engine,3,rare_mechanism_combo,0.05,0.00000,0.00000,0.00000,0.00000,0.64056
failure_stratified_engine,3,rare_mechanism_combo,0.10,0.00000,0.00000,0.00000,0.00000,0.64056
failure_stratified_engine,3,rare_mechanism_combo,0.15,0.00000,0.00000,0.00000,0.00000,0.64056
failure_stratified_engine,3,rare_mechanism_combo,0.20,0.00000,0.00000,0.00000,0.00000,0.64056
failure_stratified_engine,3,rare_mechanism_combo,0.30,0.05556,0.00000,0.00000,0.05556,0.64056
failure_stratified_engine,3,rare_slip_failures,0.05,0.05556,0.00000,0.00000,0.05556,0.11309
failure_stratified_engine,3,rare_slip_failures,0.10,0.44444,0.00000,0.00000,0.44444,0.11309
failure_stratified_engine,3,rare_slip_failures,0.15,0.83333,0.00000,0.00000,0.83333,0.11309
failure_stratified_engine,3,rare_slip_failures,0.20,0.94444,0.00000,0.00000,0.94444,0.11309
failure_stratified_engine,3,rare_slip_failures,0.30,1.00000,0.00000,0.00000,1.00000,0.11309
failure_stratified_engine_v5,3,actuator_limit_failures,0.05,0.55556,0.00000,0.00000,0.55556,0.05372
failure_stratified_engine_v5,3,actuator_limit_failures,0.10,0.83333,0.00000,0.00000,0.83333,0.05372
failure_stratified_engine_v5,3,actuator_limit_failures,0.15,1.00000,0.00000,0.00000,1.00000,0.05372
failure_stratified_engine_v5,3,actuator_limit_failures,0.20,1.00000,0.00000,0.00000,1.00000,0.05372
failure_stratified_engine_v5,3,actuator_limit_failures,0.30,1.00000,0.00000,0.00000,1.00000,0.05372
failure_stratified_engine_v5,3,combined_tail_stress,0.05,0.00000,0.00000,0.00000,0.00000,0.50607
failure_stratified_engine_v5,3,combined_tail_stress,0.10,0.00000,0.00000,0.00000,0.00000,0.50607
failure_stratified_engine_v5,3,combined_tail_stress,0.15,0.00000,0.00000,0.00000,0.00000,0.50607
failure_stratified_engine_v5,3,combined_tail_stress,0.20,0.00000,0.00000,0.00000,0.00000,0.50607
failure_stratified_engine_v5,3,combined_tail_stress,0.30,0.00000,0.00000,0.00000,0.00000,0.50607
failure_stratified_engine_v5,3,compound_sensor_actuator_shift,0.05,0.00000,0.00000,0.00000,0.00000,0.10082
failure_stratified_engine_v5,3,compound_sensor_actuator_shift,0.10,0.33333,0.11111,0.16667,0.50000,0.10082
failure_stratified_engine_v5,3,compound_sensor_actuator_shift,0.15,0.61111,0.11111,0.33333,0.94444,0.10082
failure_stratified_engine_v5,3,compound_sensor_actuator_shift,0.20,0.66667,0.11111,0.33333,1.00000,0.10082
failure_stratified_engine_v5,3,compound_sensor_actuator_shift,0.30,0.66667,0.11111,0.33333,1.00000,0.10082
failure_stratified_engine_v5,3,fixture_geometry_shift,0.05,0.00000,0.00000,0.00000,0.00000,0.93702
failure_stratified_engine_v5,3,fixture_geometry_shift,0.10,0.00000,0.00000,0.00000,0.00000,0.93702
failure_stratified_engine_v5,3,fixture_geometry_shift,0.15,0.00000,0.00000,0.00000,0.00000,0.93702
failure_stratified_engine_v5,3,fixture_geometry_shift,0.20,0.00000,0.00000,0.00000,0.00000,0.93702
failure_stratified_engine_v5,3,fixture_geometry_shift,0.30,0.00000,0.00000,0.00000,0.00000,0.93702
failure_stratified_engine_v5,3,jammed_fixture_failures,0.05,0.00000,0.00000,0.00000,0.00000,0.71720
failure_stratified_engine_v5,3,jammed_fixture_failures,0.10,0.00000,0.00000,0.00000,0.00000,0.71720
failure_stratified_engine_v5,3,jammed_fixture_failures,0.15,0.00000,0.00000,0.00000,0.00000,0.71720
failure_stratified_engine_v5,3,jammed_fixture_failures,0.20,0.00000,0.00000,0.00000,0.00000,0.71720
failure_stratified_engine_v5,3,jammed_fixture_failures,0.30,0.00000,0.00000,0.00000,0.00000,0.71720
failure_stratified_engine_v5,3,nominal_task_balance,0.05,1.00000,0.00000,0.00000,1.00000,0.02122
failure_stratified_engine_v5,3,nominal_task_balance,0.10,1.00000,0.00000,0.00000,1.00000,0.02122
failure_stratified_engine_v5,3,nominal_task_balance,0.15,1.00000,0.00000,0.00000,1.00000,0.02122
failure_stratified_engine_v5,3,nominal_task_balance,0.20,1.00000,0.00000,0.00000,1.00000,0.02122
failure_stratified_engine_v5,3,nominal_task_balance,0.30,1.00000,0.00000,0.00000,1.00000,0.02122
failure_stratified_engine_v5,3,out_of_distribution_tail,0.05,0.00000,0.00000,0.00000,0.00000,0.72519
failure_stratified_engine_v5,3,out_of_distribution_tail,0.10,0.00000,0.00000,0.00000,0.00000,0.72519
failure_stratified_engine_v5,3,out_of_distribution_tail,0.15,0.00000,0.00000,0.00000,0.00000,0.72519
failure_stratified_engine_v5,3,out_of_distribution_tail,0.20,0.00000,0.00000,0.00000,0.00000,0.72519
failure_stratified_engine_v5,3,out_of_distribution_tail,0.30,0.00000,0.00000,0.00000,0.00000,0.72519
failure_stratified_engine_v5,3,rare_mechanism_combo,0.05,0.00000,0.00000,0.00000,0.00000,0.59743
failure_stratified_engine_v5,3,rare_mechanism_combo,0.10,0.00000,0.00000,0.00000,0.00000,0.59743
failure_stratified_engine_v5,3,rare_mechanism_combo,0.15,0.00000,0.00000,0.00000,0.00000,0.59743
failure_stratified_engine_v5,3,rare_mechanism_combo,0.20,0.00000,0.00000,0.00000,0.00000,0.59743
failure_stratified_engine_v5,3,rare_mechanism_combo,0.30,0.05556,0.00000,0.00000,0.05556,0.59743
failure_stratified_engine_v5,3,rare_slip_failures,0.05,0.00000,0.00000,0.00000,0.00000,0.12074
failure_stratified_engine_v5,3,rare_slip_failures,0.10,0.38889,0.00000,0.00000,0.38889,0.12074
failure_stratified_engine_v5,3,rare_slip_failures,0.15,0.72222,0.00000,0.00000,0.72222,0.12074
failure_stratified_engine_v5,3,rare_slip_failures,0.20,1.00000,0.00000,0.00000,1.00000,0.12074
failure_stratified_engine_v5,3,rare_slip_failures,0.30,1.00000,0.00000,0.00000,1.00000,0.12074
gradient_boosted_failure_active,3,actuator_limit_failures,0.05,0.55556,0.00000,0.00000,0.55556,0.05815
gradient_boosted_failure_active,3,actuator_limit_failures,0.10,0.77778,0.00000,0.00000,0.77778,0.05815
gradient_boosted_failure_active,3,actuator_limit_failures,0.15,1.00000,0.00000,0.00000,1.00000,0.05815
gradient_boosted_failure_active,3,actuator_limit_failures,0.20,1.00000,0.00000,0.00000,1.00000,0.05815
gradient_boosted_failure_active,3,actuator_limit_failures,0.30,1.00000,0.00000,0.00000,1.00000,0.05815
gradient_boosted_failure_active,3,combined_tail_stress,0.05,0.00000,0.00000,0.00000,0.00000,0.50629
gradient_boosted_failure_active,3,combined_tail_stress,0.10,0.00000,0.00000,0.00000,0.00000,0.50629
gradient_boosted_failure_active,3,combined_tail_stress,0.15,0.00000,0.00000,0.00000,0.00000,0.50629
gradient_boosted_failure_active,3,combined_tail_stress,0.20,0.00000,0.00000,0.00000,0.00000,0.50629
gradient_boosted_failure_active,3,combined_tail_stress,0.30,0.05556,0.00000,0.00000,0.05556,0.50629
gradient_boosted_failure_active,3,compound_sensor_actuator_shift,0.05,0.00000,0.00000,0.00000,0.00000,0.11027
gradient_boosted_failure_active,3,compound_sensor_actuator_shift,0.10,0.27778,0.05556,0.16667,0.44444,0.11027
gradient_boosted_failure_active,3,compound_sensor_actuator_shift,0.15,0.50000,0.11111,0.27778,0.77778,0.11027
gradient_boosted_failure_active,3,compound_sensor_actuator_shift,0.20,0.66667,0.11111,0.33333,1.00000,0.11027
gradient_boosted_failure_active,3,compound_sensor_actuator_shift,0.30,0.66667,0.11111,0.33333,1.00000,0.11027
gradient_boosted_failure_active,3,fixture_geometry_shift,0.05,0.00000,0.00000,0.00000,0.00000,0.94932
gradient_boosted_failure_active,3,fixture_geometry_shift,0.10,0.00000,0.00000,0.00000,0.00000,0.94932
gradient_boosted_failure_active,3,fixture_geometry_shift,0.15,0.00000,0.00000,0.00000,0.00000,0.94932
gradient_boosted_failure_active,3,fixture_geometry_shift,0.20,0.00000,0.00000,0.00000,0.00000,0.94932
gradient_boosted_failure_active,3,fixture_geometry_shift,0.30,0.00000,0.00000,0.00000,0.00000,0.94932
gradient_boosted_failure_active,3,jammed_fixture_failures,0.05,0.00000,0.00000,0.00000,0.00000,0.75818
gradient_boosted_failure_active,3,jammed_fixture_failures,0.10,0.00000,0.00000,0.00000,0.00000,0.75818
gradient_boosted_failure_active,3,jammed_fixture_failures,0.15,0.00000,0.00000,0.00000,0.00000,0.75818
gradient_boosted_failure_active,3,jammed_fixture_failures,0.20,0.00000,0.00000,0.00000,0.00000,0.75818
gradient_boosted_failure_active,3,jammed_fixture_failures,0.30,0.00000,0.00000,0.00000,0.00000,0.75818
gradient_boosted_failure_active,3,nominal_task_balance,0.05,1.00000,0.00000,0.00000,1.00000,0.01706
gradient_boosted_failure_active,3,nominal_task_balance,0.10,1.00000,0.00000,0.00000,1.00000,0.01706
gradient_boosted_failure_active,3,nominal_task_balance,0.15,1.00000,0.00000,0.00000,1.00000,0.01706
gradient_boosted_failure_active,3,nominal_task_balance,0.20,1.00000,0.00000,0.00000,1.00000,0.01706
gradient_boosted_failure_active,3,nominal_task_balance,0.30,1.00000,0.00000,0.00000,1.00000,0.01706
gradient_boosted_failure_active,3,out_of_distribution_tail,0.05,0.00000,0.00000,0.00000,0.00000,0.82868
gradient_boosted_failure_active,3,out_of_distribution_tail,0.10,0.00000,0.00000,0.00000,0.00000,0.82868
gradient_boosted_failure_active,3,out_of_distribution_tail,0.15,0.00000,0.00000,0.00000,0.00000,0.82868
gradient_boosted_failure_active,3,out_of_distribution_tail,0.20,0.00000,0.00000,0.00000,0.00000,0.82868
gradient_boosted_failure_active,3,out_of_distribution_tail,0.30,0.00000,0.00000,0.00000,0.00000,0.82868
gradient_boosted_failure_active,3,rare_mechanism_combo,0.05,0.00000,0.00000,0.00000,0.00000,0.61683
gradient_boosted_failure_active,3,rare_mechanism_combo,0.10,0.00000,0.00000,0.00000,0.00000,0.61683
gradient_boosted_failure_active,3,rare_mechanism_combo,0.15,0.00000,0.00000,0.00000,0.00000,0.61683
gradient_boosted_failure_active,3,rare_mechanism_combo,0.20,0.00000,0.00000,0.00000,0.00000,0.61683
gradient_boosted_failure_active,3,rare_mechanism_combo,0.30,0.05556,0.00000,0.00000,0.05556,0.61683
gradient_boosted_failure_active,3,rare_slip_failures,0.05,0.05556,0.00000,0.00000,0.05556,0.12076
gradient_boosted_failure_active,3,rare_slip_failures,0.10,0.50000,0.00000,0.00000,0.50000,0.12076
gradient_boosted_failure_active,3,rare_slip_failures,0.15,0.72222,0.00000,0.00000,0.72222,0.12076
gradient_boosted_failure_active,3,rare_slip_failures,0.20,0.88889,0.00000,0.00000,0.88889,0.12076
gradient_boosted_failure_active,3,rare_slip_failures,0.30,1.00000,0.00000,0.00000,1.00000,0.12076
greedy_oracle_success_upper,3,actuator_limit_failures,0.05,0.44444,0.00000,0.00000,0.44444,0.06803
greedy_oracle_success_upper,3,actuator_limit_failures,0.10,0.77778,0.00000,0.00000,0.77778,0.06803
greedy_oracle_success_upper,3,actuator_limit_failures,0.15,1.00000,0.00000,0.00000,1.00000,0.06803
greedy_oracle_success_upper,3,actuator_limit_failures,0.20,1.00000,0.00000,0.00000,1.00000,0.06803
greedy_oracle_success_upper,3,actuator_limit_failures,0.30,1.00000,0.00000,0.00000,1.00000,0.06803
greedy_oracle_success_upper,3,combined_tail_stress,0.05,0.00000,0.00000,0.00000,0.00000,0.57746
greedy_oracle_success_upper,3,combined_tail_stress,0.10,0.00000,0.00000,0.00000,0.00000,0.57746
greedy_oracle_success_upper,3,combined_tail_stress,0.15,0.00000,0.00000,0.00000,0.00000,0.57746
greedy_oracle_success_upper,3,combined_tail_stress,0.20,0.00000,0.00000,0.00000,0.00000,0.57746
greedy_oracle_success_upper,3,combined_tail_stress,0.30,0.00000,0.00000,0.00000,0.00000,0.57746
greedy_oracle_success_upper,3,compound_sensor_actuator_shift,0.05,0.00000,0.00000,0.00000,0.00000,0.32491
greedy_oracle_success_upper,3,compound_sensor_actuator_shift,0.10,0.00000,0.00000,0.00000,0.00000,0.32491
greedy_oracle_success_upper,3,compound_sensor_actuator_shift,0.15,0.00000,0.00000,0.00000,0.00000,0.32491
greedy_oracle_success_upper,3,compound_sensor_actuator_shift,0.20,0.11111,0.00000,0.00000,0.11111,0.32491
greedy_oracle_success_upper,3,compound_sensor_actuator_shift,0.30,0.27778,0.11111,0.22222,0.50000,0.32491
greedy_oracle_success_upper,3,fixture_geometry_shift,0.05,0.00000,0.00000,0.00000,0.00000,0.92386
greedy_oracle_success_upper,3,fixture_geometry_shift,0.10,0.00000,0.00000,0.00000,0.00000,0.92386
greedy_oracle_success_upper,3,fixture_geometry_shift,0.15,0.00000,0.00000,0.00000,0.00000,0.92386
greedy_oracle_success_upper,3,fixture_geometry_shift,0.20,0.00000,0.00000,0.00000,0.00000,0.92386
greedy_oracle_success_upper,3,fixture_geometry_shift,0.30,0.00000,0.00000,0.00000,0.00000,0.92386
greedy_oracle_success_upper,3,jammed_fixture_failures,0.05,0.00000,0.00000,0.00000,0.00000,0.74772
greedy_oracle_success_upper,3,jammed_fixture_failures,0.10,0.00000,0.00000,0.00000,0.00000,0.74772
greedy_oracle_success_upper,3,jammed_fixture_failures,0.15,0.00000,0.00000,0.00000,0.00000,0.74772
greedy_oracle_success_upper,3,jammed_fixture_failures,0.20,0.00000,0.00000,0.00000,0.00000,0.74772
greedy_oracle_success_upper,3,jammed_fixture_failures,0.30,0.00000,0.00000,0.00000,0.00000,0.74772
greedy_oracle_success_upper,3,nominal_task_balance,0.05,0.94444,0.00000,0.00000,0.94444,0.03249
greedy_oracle_success_upper,3,nominal_task_balance,0.10,1.00000,0.00000,0.00000,1.00000,0.03249
greedy_oracle_success_upper,3,nominal_task_balance,0.15,1.00000,0.00000,0.00000,1.00000,0.03249
greedy_oracle_success_upper,3,nominal_task_balance,0.20,1.00000,0.00000,0.00000,1.00000,0.03249
greedy_oracle_success_upper,3,nominal_task_balance,0.30,1.00000,0.00000,0.00000,1.00000,0.03249
greedy_oracle_success_upper,3,out_of_distribution_tail,0.05,0.00000,0.00000,0.00000,0.00000,0.75286
greedy_oracle_success_upper,3,out_of_distribution_tail,0.10,0.00000,0.00000,0.00000,0.00000,0.75286
greedy_oracle_success_upper,3,out_of_distribution_tail,0.15,0.00000,0.00000,0.00000,0.00000,0.75286
greedy_oracle_success_upper,3,out_of_distribution_tail,0.20,0.00000,0.00000,0.00000,0.00000,0.75286
greedy_oracle_success_upper,3,out_of_distribution_tail,0.30,0.00000,0.00000,0.00000,0.00000,0.75286
greedy_oracle_success_upper,3,rare_mechanism_combo,0.05,0.00000,0.00000,0.00000,0.00000,0.62221
greedy_oracle_success_upper,3,rare_mechanism_combo,0.10,0.00000,0.00000,0.00000,0.00000,0.62221
greedy_oracle_success_upper,3,rare_mechanism_combo,0.15,0.00000,0.00000,0.00000,0.00000,0.62221
greedy_oracle_success_upper,3,rare_mechanism_combo,0.20,0.00000,0.00000,0.00000,0.00000,0.62221
greedy_oracle_success_upper,3,rare_mechanism_combo,0.30,0.00000,0.00000,0.00000,0.00000,0.62221
greedy_oracle_success_upper,3,rare_slip_failures,0.05,0.05556,0.00000,0.00000,0.05556,0.12811
greedy_oracle_success_upper,3,rare_slip_failures,0.10,0.33333,0.00000,0.00000,0.33333,0.12811
greedy_oracle_success_upper,3,rare_slip_failures,0.15,0.77778,0.00000,0.00000,0.77778,0.12811
greedy_oracle_success_upper,3,rare_slip_failures,0.20,0.88889,0.00000,0.00000,0.88889,0.12811
greedy_oracle_success_upper,3,rare_slip_failures,0.30,1.00000,0.00000,0.00000,1.00000,0.12811
hybrid_diversity_risk,3,actuator_limit_failures,0.05,0.55556,0.00000,0.00000,0.55556,0.05702
hybrid_diversity_risk,3,actuator_limit_failures,0.10,0.83333,0.00000,0.00000,0.83333,0.05702
hybrid_diversity_risk,3,actuator_limit_failures,0.15,1.00000,0.00000,0.00000,1.00000,0.05702
hybrid_diversity_risk,3,actuator_limit_failures,0.20,1.00000,0.00000,0.00000,1.00000,0.05702
hybrid_diversity_risk,3,actuator_limit_failures,0.30,1.00000,0.00000,0.00000,1.00000,0.05702
hybrid_diversity_risk,3,combined_tail_stress,0.05,0.00000,0.00000,0.00000,0.00000,0.50782
hybrid_diversity_risk,3,combined_tail_stress,0.10,0.00000,0.00000,0.00000,0.00000,0.50782
hybrid_diversity_risk,3,combined_tail_stress,0.15,0.00000,0.00000,0.00000,0.00000,0.50782
hybrid_diversity_risk,3,combined_tail_stress,0.20,0.00000,0.00000,0.00000,0.00000,0.50782
hybrid_diversity_risk,3,combined_tail_stress,0.30,0.00000,0.00000,0.00000,0.00000,0.50782
hybrid_diversity_risk,3,compound_sensor_actuator_shift,0.05,0.00000,0.00000,0.00000,0.00000,0.10471
hybrid_diversity_risk,3,compound_sensor_actuator_shift,0.10,0.27778,0.05556,0.16667,0.44444,0.10471
hybrid_diversity_risk,3,compound_sensor_actuator_shift,0.15,0.61111,0.11111,0.33333,0.94444,0.10471
hybrid_diversity_risk,3,compound_sensor_actuator_shift,0.20,0.66667,0.11111,0.33333,1.00000,0.10471
hybrid_diversity_risk,3,compound_sensor_actuator_shift,0.30,0.66667,0.11111,0.33333,1.00000,0.10471
hybrid_diversity_risk,3,fixture_geometry_shift,0.05,0.00000,0.00000,0.00000,0.00000,0.94449
hybrid_diversity_risk,3,fixture_geometry_shift,0.10,0.00000,0.00000,0.00000,0.00000,0.94449
hybrid_diversity_risk,3,fixture_geometry_shift,0.15,0.00000,0.00000,0.00000,0.00000,0.94449
hybrid_diversity_risk,3,fixture_geometry_shift,0.20,0.00000,0.00000,0.00000,0.00000,0.94449
hybrid_diversity_risk,3,fixture_geometry_shift,0.30,0.00000,0.00000,0.00000,0.00000,0.94449
hybrid_diversity_risk,3,jammed_fixture_failures,0.05,0.00000,0.00000,0.00000,0.00000,0.74960
hybrid_diversity_risk,3,jammed_fixture_failures,0.10,0.00000,0.00000,0.00000,0.00000,0.74960
hybrid_diversity_risk,3,jammed_fixture_failures,0.15,0.00000,0.00000,0.00000,0.00000,0.74960
hybrid_diversity_risk,3,jammed_fixture_failures,0.20,0.00000,0.00000,0.00000,0.00000,0.74960
hybrid_diversity_risk,3,jammed_fixture_failures,0.30,0.00000,0.00000,0.00000,0.00000,0.74960
hybrid_diversity_risk,3,nominal_task_balance,0.05,1.00000,0.00000,0.00000,1.00000,0.02431
hybrid_diversity_risk,3,nominal_task_balance,0.10,1.00000,0.00000,0.00000,1.00000,0.02431
hybrid_diversity_risk,3,nominal_task_balance,0.15,1.00000,0.00000,0.00000,1.00000,0.02431
hybrid_diversity_risk,3,nominal_task_balance,0.20,1.00000,0.00000,0.00000,1.00000,0.02431
hybrid_diversity_risk,3,nominal_task_balance,0.30,1.00000,0.00000,0.00000,1.00000,0.02431
hybrid_diversity_risk,3,out_of_distribution_tail,0.05,0.00000,0.00000,0.00000,0.00000,0.64790
hybrid_diversity_risk,3,out_of_distribution_tail,0.10,0.00000,0.00000,0.00000,0.00000,0.64790
hybrid_diversity_risk,3,out_of_distribution_tail,0.15,0.00000,0.00000,0.00000,0.00000,0.64790
hybrid_diversity_risk,3,out_of_distribution_tail,0.20,0.00000,0.00000,0.00000,0.00000,0.64790
hybrid_diversity_risk,3,out_of_distribution_tail,0.30,0.00000,0.00000,0.00000,0.00000,0.64790
hybrid_diversity_risk,3,rare_mechanism_combo,0.05,0.00000,0.00000,0.00000,0.00000,0.54587
hybrid_diversity_risk,3,rare_mechanism_combo,0.10,0.00000,0.00000,0.00000,0.00000,0.54587
hybrid_diversity_risk,3,rare_mechanism_combo,0.15,0.00000,0.00000,0.00000,0.00000,0.54587
hybrid_diversity_risk,3,rare_mechanism_combo,0.20,0.05556,0.00000,0.00000,0.05556,0.54587
hybrid_diversity_risk,3,rare_mechanism_combo,0.30,0.05556,0.00000,0.00000,0.05556,0.54587
hybrid_diversity_risk,3,rare_slip_failures,0.05,0.05556,0.00000,0.00000,0.05556,0.10514
hybrid_diversity_risk,3,rare_slip_failures,0.10,0.38889,0.00000,0.00000,0.38889,0.10514
hybrid_diversity_risk,3,rare_slip_failures,0.15,0.94444,0.00000,0.00000,0.94444,0.10514
hybrid_diversity_risk,3,rare_slip_failures,0.20,0.94444,0.00000,0.00000,0.94444,0.10514
hybrid_diversity_risk,3,rare_slip_failures,0.30,1.00000,0.00000,0.00000,1.00000,0.10514
oracle_failure_strata,3,actuator_limit_failures,0.05,0.33333,0.00000,0.00000,0.33333,0.07093
oracle_failure_strata,3,actuator_limit_failures,0.10,0.77778,0.00000,0.00000,0.77778,0.07093
oracle_failure_strata,3,actuator_limit_failures,0.15,0.94444,0.00000,0.00000,0.94444,0.07093
oracle_failure_strata,3,actuator_limit_failures,0.20,1.00000,0.00000,0.00000,1.00000,0.07093
oracle_failure_strata,3,actuator_limit_failures,0.30,1.00000,0.00000,0.00000,1.00000,0.07093
oracle_failure_strata,3,combined_tail_stress,0.05,0.00000,0.00000,0.00000,0.00000,0.57391
oracle_failure_strata,3,combined_tail_stress,0.10,0.00000,0.00000,0.00000,0.00000,0.57391
oracle_failure_strata,3,combined_tail_stress,0.15,0.00000,0.00000,0.00000,0.00000,0.57391
oracle_failure_strata,3,combined_tail_stress,0.20,0.00000,0.00000,0.00000,0.00000,0.57391
oracle_failure_strata,3,combined_tail_stress,0.30,0.00000,0.00000,0.00000,0.00000,0.57391
oracle_failure_strata,3,compound_sensor_actuator_shift,0.05,0.00000,0.00000,0.00000,0.00000,0.32366
oracle_failure_strata,3,compound_sensor_actuator_shift,0.10,0.00000,0.00000,0.00000,0.00000,0.32366
oracle_failure_strata,3,compound_sensor_actuator_shift,0.15,0.00000,0.00000,0.00000,0.00000,0.32366
oracle_failure_strata,3,compound_sensor_actuator_shift,0.20,0.11111,0.00000,0.00000,0.11111,0.32366
oracle_failure_strata,3,compound_sensor_actuator_shift,0.30,0.27778,0.11111,0.22222,0.50000,0.32366
oracle_failure_strata,3,fixture_geometry_shift,0.05,0.00000,0.00000,0.00000,0.00000,0.91499
oracle_failure_strata,3,fixture_geometry_shift,0.10,0.00000,0.00000,0.00000,0.00000,0.91499
oracle_failure_strata,3,fixture_geometry_shift,0.15,0.00000,0.00000,0.00000,0.00000,0.91499
oracle_failure_strata,3,fixture_geometry_shift,0.20,0.00000,0.00000,0.00000,0.00000,0.91499
oracle_failure_strata,3,fixture_geometry_shift,0.30,0.00000,0.00000,0.00000,0.00000,0.91499
oracle_failure_strata,3,jammed_fixture_failures,0.05,0.00000,0.00000,0.00000,0.00000,0.75678
oracle_failure_strata,3,jammed_fixture_failures,0.10,0.00000,0.00000,0.00000,0.00000,0.75678
oracle_failure_strata,3,jammed_fixture_failures,0.15,0.00000,0.00000,0.00000,0.00000,0.75678
oracle_failure_strata,3,jammed_fixture_failures,0.20,0.00000,0.00000,0.00000,0.00000,0.75678
oracle_failure_strata,3,jammed_fixture_failures,0.30,0.00000,0.00000,0.00000,0.00000,0.75678
oracle_failure_strata,3,nominal_task_balance,0.05,0.83333,0.00000,0.00000,0.83333,0.03565
oracle_failure_strata,3,nominal_task_balance,0.10,1.00000,0.00000,0.00000,1.00000,0.03565
oracle_failure_strata,3,nominal_task_balance,0.15,1.00000,0.00000,0.00000,1.00000,0.03565
oracle_failure_strata,3,nominal_task_balance,0.20,1.00000,0.00000,0.00000,1.00000,0.03565
oracle_failure_strata,3,nominal_task_balance,0.30,1.00000,0.00000,0.00000,1.00000,0.03565
oracle_failure_strata,3,out_of_distribution_tail,0.05,0.00000,0.00000,0.00000,0.00000,0.74398
oracle_failure_strata,3,out_of_distribution_tail,0.10,0.00000,0.00000,0.00000,0.00000,0.74398
oracle_failure_strata,3,out_of_distribution_tail,0.15,0.00000,0.00000,0.00000,0.00000,0.74398
oracle_failure_strata,3,out_of_distribution_tail,0.20,0.00000,0.00000,0.00000,0.00000,0.74398
oracle_failure_strata,3,out_of_distribution_tail,0.30,0.00000,0.00000,0.00000,0.00000,0.74398
oracle_failure_strata,3,rare_mechanism_combo,0.05,0.00000,0.00000,0.00000,0.00000,0.61722
oracle_failure_strata,3,rare_mechanism_combo,0.10,0.00000,0.00000,0.00000,0.00000,0.61722
oracle_failure_strata,3,rare_mechanism_combo,0.15,0.00000,0.00000,0.00000,0.00000,0.61722
oracle_failure_strata,3,rare_mechanism_combo,0.20,0.00000,0.00000,0.00000,0.00000,0.61722
oracle_failure_strata,3,rare_mechanism_combo,0.30,0.05556,0.00000,0.00000,0.05556,0.61722
oracle_failure_strata,3,rare_slip_failures,0.05,0.05556,0.00000,0.00000,0.05556,0.17418
oracle_failure_strata,3,rare_slip_failures,0.10,0.05556,0.00000,0.00000,0.05556,0.17418
oracle_failure_strata,3,rare_slip_failures,0.15,0.44444,0.00000,0.00000,0.44444,0.17418
oracle_failure_strata,3,rare_slip_failures,0.20,0.77778,0.00000,0.00000,0.77778,0.17418
oracle_failure_strata,3,rare_slip_failures,0.30,0.83333,0.00000,0.00000,0.83333,0.17418
random_forest_failure_active,3,actuator_limit_failures,0.05,0.61111,0.00000,0.00000,0.61111,0.05458
random_forest_failure_active,3,actuator_limit_failures,0.10,0.77778,0.00000,0.00000,0.77778,0.05458
random_forest_failure_active,3,actuator_limit_failures,0.15,1.00000,0.00000,0.00000,1.00000,0.05458
random_forest_failure_active,3,actuator_limit_failures,0.20,1.00000,0.00000,0.00000,1.00000,0.05458
random_forest_failure_active,3,actuator_limit_failures,0.30,1.00000,0.00000,0.00000,1.00000,0.05458
random_forest_failure_active,3,combined_tail_stress,0.05,0.00000,0.00000,0.00000,0.00000,0.46989
random_forest_failure_active,3,combined_tail_stress,0.10,0.00000,0.00000,0.00000,0.00000,0.46989
random_forest_failure_active,3,combined_tail_stress,0.15,0.00000,0.00000,0.00000,0.00000,0.46989
random_forest_failure_active,3,combined_tail_stress,0.20,0.05556,0.00000,0.00000,0.05556,0.46989
random_forest_failure_active,3,combined_tail_stress,0.30,0.05556,0.00000,0.00000,0.05556,0.46989
random_forest_failure_active,3,compound_sensor_actuator_shift,0.05,0.16667,0.05556,0.05556,0.22222,0.07800
random_forest_failure_active,3,compound_sensor_actuator_shift,0.10,0.44444,0.11111,0.27778,0.72222,0.07800
random_forest_failure_active,3,compound_sensor_actuator_shift,0.15,0.66667,0.11111,0.33333,1.00000,0.07800
random_forest_failure_active,3,compound_sensor_actuator_shift,0.20,0.66667,0.11111,0.33333,1.00000,0.07800
random_forest_failure_active,3,compound_sensor_actuator_shift,0.30,0.66667,0.11111,0.33333,1.00000,0.07800
random_forest_failure_active,3,fixture_geometry_shift,0.05,0.00000,0.00000,0.00000,0.00000,0.96618
random_forest_failure_active,3,fixture_geometry_shift,0.10,0.00000,0.00000,0.00000,0.00000,0.96618
random_forest_failure_active,3,fixture_geometry_shift,0.15,0.00000,0.00000,0.00000,0.00000,0.96618
random_forest_failure_active,3,fixture_geometry_shift,0.20,0.00000,0.00000,0.00000,0.00000,0.96618
random_forest_failure_active,3,fixture_geometry_shift,0.30,0.00000,0.00000,0.00000,0.00000,0.96618
random_forest_failure_active,3,jammed_fixture_failures,0.05,0.00000,0.00000,0.00000,0.00000,0.83743
random_forest_failure_active,3,jammed_fixture_failures,0.10,0.00000,0.00000,0.00000,0.00000,0.83743
random_forest_failure_active,3,jammed_fixture_failures,0.15,0.00000,0.00000,0.00000,0.00000,0.83743
random_forest_failure_active,3,jammed_fixture_failures,0.20,0.00000,0.00000,0.00000,0.00000,0.83743
random_forest_failure_active,3,jammed_fixture_failures,0.30,0.00000,0.00000,0.00000,0.00000,0.83743
random_forest_failure_active,3,nominal_task_balance,0.05,1.00000,0.00000,0.00000,1.00000,0.02094
random_forest_failure_active,3,nominal_task_balance,0.10,1.00000,0.00000,0.00000,1.00000,0.02094
random_forest_failure_active,3,nominal_task_balance,0.15,1.00000,0.00000,0.00000,1.00000,0.02094
random_forest_failure_active,3,nominal_task_balance,0.20,1.00000,0.00000,0.00000,1.00000,0.02094
random_forest_failure_active,3,nominal_task_balance,0.30,1.00000,0.00000,0.00000,1.00000,0.02094
random_forest_failure_active,3,out_of_distribution_tail,0.05,0.00000,0.00000,0.00000,0.00000,0.80308
random_forest_failure_active,3,out_of_distribution_tail,0.10,0.00000,0.00000,0.00000,0.00000,0.80308
random_forest_failure_active,3,out_of_distribution_tail,0.15,0.00000,0.00000,0.00000,0.00000,0.80308
random_forest_failure_active,3,out_of_distribution_tail,0.20,0.00000,0.00000,0.00000,0.00000,0.80308
random_forest_failure_active,3,out_of_distribution_tail,0.30,0.00000,0.00000,0.00000,0.00000,0.80308
random_forest_failure_active,3,rare_mechanism_combo,0.05,0.00000,0.00000,0.00000,0.00000,0.51756
random_forest_failure_active,3,rare_mechanism_combo,0.10,0.00000,0.00000,0.00000,0.00000,0.51756
random_forest_failure_active,3,rare_mechanism_combo,0.15,0.05556,0.00000,0.00000,0.05556,0.51756
random_forest_failure_active,3,rare_mechanism_combo,0.20,0.05556,0.00000,0.00000,0.05556,0.51756
random_forest_failure_active,3,rare_mechanism_combo,0.30,0.05556,0.00000,0.00000,0.05556,0.51756
random_forest_failure_active,3,rare_slip_failures,0.05,0.05556,0.00000,0.00000,0.05556,0.12232
random_forest_failure_active,3,rare_slip_failures,0.10,0.38889,0.00000,0.00000,0.38889,0.12232
random_forest_failure_active,3,rare_slip_failures,0.15,0.72222,0.00000,0.00000,0.72222,0.12232
random_forest_failure_active,3,rare_slip_failures,0.20,0.83333,0.00000,0.00000,0.83333,0.12232
random_forest_failure_active,3,rare_slip_failures,0.30,1.00000,0.00000,0.00000,1.00000,0.12232
random_sampling,3,actuator_limit_failures,0.05,0.55556,0.00000,0.00000,0.55556,0.05899
random_sampling,3,actuator_limit_failures,0.10,0.77778,0.00000,0.00000,0.77778,0.05899
random_sampling,3,actuator_limit_failures,0.15,1.00000,0.00000,0.00000,1.00000,0.05899
random_sampling,3,actuator_limit_failures,0.20,1.00000,0.00000,0.00000,1.00000,0.05899
random_sampling,3,actuator_limit_failures,0.30,1.00000,0.00000,0.00000,1.00000,0.05899
random_sampling,3,combined_tail_stress,0.05,0.00000,0.00000,0.00000,0.00000,0.50748
random_sampling,3,combined_tail_stress,0.10,0.00000,0.00000,0.00000,0.00000,0.50748
random_sampling,3,combined_tail_stress,0.15,0.00000,0.00000,0.00000,0.00000,0.50748
random_sampling,3,combined_tail_stress,0.20,0.00000,0.00000,0.00000,0.00000,0.50748
random_sampling,3,combined_tail_stress,0.30,0.05556,0.00000,0.00000,0.05556,0.50748
random_sampling,3,compound_sensor_actuator_shift,0.05,0.00000,0.00000,0.00000,0.00000,0.13488
random_sampling,3,compound_sensor_actuator_shift,0.10,0.22222,0.05556,0.16667,0.38889,0.13488
random_sampling,3,compound_sensor_actuator_shift,0.15,0.27778,0.11111,0.27778,0.55556,0.13488
random_sampling,3,compound_sensor_actuator_shift,0.20,0.55556,0.11111,0.33333,0.88889,0.13488
random_sampling,3,compound_sensor_actuator_shift,0.30,0.66667,0.11111,0.33333,1.00000,0.13488
random_sampling,3,fixture_geometry_shift,0.05,0.00000,0.00000,0.00000,0.00000,0.94676
random_sampling,3,fixture_geometry_shift,0.10,0.00000,0.00000,0.00000,0.00000,0.94676
random_sampling,3,fixture_geometry_shift,0.15,0.00000,0.00000,0.00000,0.00000,0.94676
random_sampling,3,fixture_geometry_shift,0.20,0.00000,0.00000,0.00000,0.00000,0.94676
random_sampling,3,fixture_geometry_shift,0.30,0.00000,0.00000,0.00000,0.00000,0.94676
random_sampling,3,jammed_fixture_failures,0.05,0.00000,0.00000,0.00000,0.00000,0.74586
random_sampling,3,jammed_fixture_failures,0.10,0.00000,0.00000,0.00000,0.00000,0.74586
random_sampling,3,jammed_fixture_failures,0.15,0.00000,0.00000,0.00000,0.00000,0.74586
random_sampling,3,jammed_fixture_failures,0.20,0.00000,0.00000,0.00000,0.00000,0.74586
random_sampling,3,jammed_fixture_failures,0.30,0.00000,0.00000,0.00000,0.00000,0.74586
random_sampling,3,nominal_task_balance,0.05,1.00000,0.00000,0.00000,1.00000,0.01882
random_sampling,3,nominal_task_balance,0.10,1.00000,0.00000,0.00000,1.00000,0.01882
random_sampling,3,nominal_task_balance,0.15,1.00000,0.00000,0.00000,1.00000,0.01882
random_sampling,3,nominal_task_balance,0.20,1.00000,0.00000,0.00000,1.00000,0.01882
random_sampling,3,nominal_task_balance,0.30,1.00000,0.00000,0.00000,1.00000,0.01882
random_sampling,3,out_of_distribution_tail,0.05,0.00000,0.00000,0.00000,0.00000,0.69325
random_sampling,3,out_of_distribution_tail,0.10,0.00000,0.00000,0.00000,0.00000,0.69325
random_sampling,3,out_of_distribution_tail,0.15,0.00000,0.00000,0.00000,0.00000,0.69325
random_sampling,3,out_of_distribution_tail,0.20,0.00000,0.00000,0.00000,0.00000,0.69325
random_sampling,3,out_of_distribution_tail,0.30,0.00000,0.00000,0.00000,0.00000,0.69325
random_sampling,3,rare_mechanism_combo,0.05,0.00000,0.00000,0.00000,0.00000,0.57685
random_sampling,3,rare_mechanism_combo,0.10,0.00000,0.00000,0.00000,0.00000,0.57685
random_sampling,3,rare_mechanism_combo,0.15,0.00000,0.00000,0.00000,0.00000,0.57685
random_sampling,3,rare_mechanism_combo,0.20,0.05556,0.00000,0.00000,0.05556,0.57685
random_sampling,3,rare_mechanism_combo,0.30,0.05556,0.00000,0.00000,0.05556,0.57685
random_sampling,3,rare_slip_failures,0.05,0.05556,0.00000,0.00000,0.05556,0.11797
random_sampling,3,rare_slip_failures,0.10,0.38889,0.00000,0.00000,0.38889,0.11797
random_sampling,3,rare_slip_failures,0.15,0.77778,0.00000,0.00000,0.77778,0.11797
random_sampling,3,rare_slip_failures,0.20,0.88889,0.00000,0.00000,0.88889,0.11797
random_sampling,3,rare_slip_failures,0.30,1.00000,0.00000,0.00000,1.00000,0.11797
state_diversity_coreset,3,actuator_limit_failures,0.05,0.27778,0.00000,0.00000,0.27778,0.08348
state_diversity_coreset,3,actuator_limit_failures,0.10,0.77778,0.00000,0.00000,0.77778,0.08348
state_diversity_coreset,3,actuator_limit_failures,0.15,0.83333,0.00000,0.00000,0.83333,0.08348
state_diversity_coreset,3,actuator_limit_failures,0.20,1.00000,0.00000,0.00000,1.00000,0.08348
state_diversity_coreset,3,actuator_limit_failures,0.30,1.00000,0.00000,0.00000,1.00000,0.08348
state_diversity_coreset,3,combined_tail_stress,0.05,0.00000,0.00000,0.00000,0.00000,0.51703
state_diversity_coreset,3,combined_tail_stress,0.10,0.00000,0.00000,0.00000,0.00000,0.51703
state_diversity_coreset,3,combined_tail_stress,0.15,0.00000,0.00000,0.00000,0.00000,0.51703
state_diversity_coreset,3,combined_tail_stress,0.20,0.00000,0.00000,0.00000,0.00000,0.51703
state_diversity_coreset,3,combined_tail_stress,0.30,0.00000,0.00000,0.00000,0.00000,0.51703
state_diversity_coreset,3,compound_sensor_actuator_shift,0.05,0.00000,0.00000,0.00000,0.00000,0.20136
state_diversity_coreset,3,compound_sensor_actuator_shift,0.10,0.00000,0.00000,0.00000,0.00000,0.20136
state_diversity_coreset,3,compound_sensor_actuator_shift,0.15,0.22222,0.00000,0.05556,0.27778,0.20136
state_diversity_coreset,3,compound_sensor_actuator_shift,0.20,0.27778,0.11111,0.22222,0.50000,0.20136
state_diversity_coreset,3,compound_sensor_actuator_shift,0.30,0.61111,0.11111,0.33333,0.94444,0.20136
state_diversity_coreset,3,fixture_geometry_shift,0.05,0.00000,0.00000,0.00000,0.00000,0.92306
state_diversity_coreset,3,fixture_geometry_shift,0.10,0.00000,0.00000,0.00000,0.00000,0.92306
state_diversity_coreset,3,fixture_geometry_shift,0.15,0.00000,0.00000,0.00000,0.00000,0.92306
state_diversity_coreset,3,fixture_geometry_shift,0.20,0.00000,0.00000,0.00000,0.00000,0.92306
state_diversity_coreset,3,fixture_geometry_shift,0.30,0.00000,0.00000,0.00000,0.00000,0.92306
state_diversity_coreset,3,jammed_fixture_failures,0.05,0.00000,0.00000,0.00000,0.00000,0.73181
state_diversity_coreset,3,jammed_fixture_failures,0.10,0.00000,0.00000,0.00000,0.00000,0.73181
state_diversity_coreset,3,jammed_fixture_failures,0.15,0.00000,0.00000,0.00000,0.00000,0.73181
state_diversity_coreset,3,jammed_fixture_failures,0.20,0.00000,0.00000,0.00000,0.00000,0.73181
state_diversity_coreset,3,jammed_fixture_failures,0.30,0.00000,0.00000,0.00000,0.00000,0.73181
state_diversity_coreset,3,nominal_task_balance,0.05,0.94444,0.00000,0.00000,0.94444,0.03300
state_diversity_coreset,3,nominal_task_balance,0.10,1.00000,0.00000,0.00000,1.00000,0.03300
state_diversity_coreset,3,nominal_task_balance,0.15,1.00000,0.00000,0.00000,1.00000,0.03300
state_diversity_coreset,3,nominal_task_balance,0.20,1.00000,0.00000,0.00000,1.00000,0.03300
state_diversity_coreset,3,nominal_task_balance,0.30,1.00000,0.00000,0.00000,1.00000,0.03300
state_diversity_coreset,3,out_of_distribution_tail,0.05,0.00000,0.00000,0.00000,0.00000,0.71868
state_diversity_coreset,3,out_of_distribution_tail,0.10,0.00000,0.00000,0.00000,0.00000,0.71868
state_diversity_coreset,3,out_of_distribution_tail,0.15,0.00000,0.00000,0.00000,0.00000,0.71868
state_diversity_coreset,3,out_of_distribution_tail,0.20,0.00000,0.00000,0.00000,0.00000,0.71868
state_diversity_coreset,3,out_of_distribution_tail,0.30,0.00000,0.00000,0.00000,0.00000,0.71868
state_diversity_coreset,3,rare_mechanism_combo,0.05,0.00000,0.00000,0.00000,0.00000,0.59557
state_diversity_coreset,3,rare_mechanism_combo,0.10,0.00000,0.00000,0.00000,0.00000,0.59557
state_diversity_coreset,3,rare_mechanism_combo,0.15,0.00000,0.00000,0.00000,0.00000,0.59557
state_diversity_coreset,3,rare_mechanism_combo,0.20,0.00000,0.00000,0.00000,0.00000,0.59557
state_diversity_coreset,3,rare_mechanism_combo,0.30,0.05556,0.00000,0.00000,0.05556,0.59557
state_diversity_coreset,3,rare_slip_failures,0.05,0.00000,0.00000,0.00000,0.00000,0.14678
state_diversity_coreset,3,rare_slip_failures,0.10,0.11111,0.00000,0.00000,0.11111,0.14678
state_diversity_coreset,3,rare_slip_failures,0.15,0.61111,0.00000,0.00000,0.61111,0.14678
state_diversity_coreset,3,rare_slip_failures,0.20,0.88889,0.00000,0.00000,0.88889,0.14678
state_diversity_coreset,3,rare_slip_failures,0.30,1.00000,0.00000,0.00000,1.00000,0.14678
tail_risk_active_learning,3,actuator_limit_failures,0.05,0.66667,0.00000,0.00000,0.66667,0.04493
tail_risk_active_learning,3,actuator_limit_failures,0.10,0.94444,0.00000,0.00000,0.94444,0.04493
tail_risk_active_learning,3,actuator_limit_failures,0.15,1.00000,0.00000,0.00000,1.00000,0.04493
tail_risk_active_learning,3,actuator_limit_failures,0.20,1.00000,0.00000,0.00000,1.00000,0.04493
tail_risk_active_learning,3,actuator_limit_failures,0.30,1.00000,0.00000,0.00000,1.00000,0.04493
tail_risk_active_learning,3,combined_tail_stress,0.05,0.00000,0.00000,0.00000,0.00000,0.47933
tail_risk_active_learning,3,combined_tail_stress,0.10,0.00000,0.00000,0.00000,0.00000,0.47933
tail_risk_active_learning,3,combined_tail_stress,0.15,0.00000,0.00000,0.00000,0.00000,0.47933
tail_risk_active_learning,3,combined_tail_stress,0.20,0.00000,0.00000,0.00000,0.00000,0.47933
tail_risk_active_learning,3,combined_tail_stress,0.30,0.05556,0.00000,0.00000,0.05556,0.47933
tail_risk_active_learning,3,compound_sensor_actuator_shift,0.05,0.11111,0.00000,0.00000,0.11111,0.08664
tail_risk_active_learning,3,compound_sensor_actuator_shift,0.10,0.38889,0.11111,0.27778,0.66667,0.08664
tail_risk_active_learning,3,compound_sensor_actuator_shift,0.15,0.66667,0.11111,0.33333,1.00000,0.08664
tail_risk_active_learning,3,compound_sensor_actuator_shift,0.20,0.66667,0.11111,0.33333,1.00000,0.08664
tail_risk_active_learning,3,compound_sensor_actuator_shift,0.30,0.66667,0.11111,0.33333,1.00000,0.08664
tail_risk_active_learning,3,fixture_geometry_shift,0.05,0.00000,0.00000,0.00000,0.00000,0.94695
tail_risk_active_learning,3,fixture_geometry_shift,0.10,0.00000,0.00000,0.00000,0.00000,0.94695
tail_risk_active_learning,3,fixture_geometry_shift,0.15,0.00000,0.00000,0.00000,0.00000,0.94695
tail_risk_active_learning,3,fixture_geometry_shift,0.20,0.00000,0.00000,0.00000,0.00000,0.94695
tail_risk_active_learning,3,fixture_geometry_shift,0.30,0.00000,0.00000,0.00000,0.00000,0.94695
tail_risk_active_learning,3,jammed_fixture_failures,0.05,0.00000,0.00000,0.00000,0.00000,0.72741
tail_risk_active_learning,3,jammed_fixture_failures,0.10,0.00000,0.00000,0.00000,0.00000,0.72741
tail_risk_active_learning,3,jammed_fixture_failures,0.15,0.00000,0.00000,0.00000,0.00000,0.72741
tail_risk_active_learning,3,jammed_fixture_failures,0.20,0.00000,0.00000,0.00000,0.00000,0.72741
tail_risk_active_learning,3,jammed_fixture_failures,0.30,0.00000,0.00000,0.00000,0.00000,0.72741
tail_risk_active_learning,3,nominal_task_balance,0.05,1.00000,0.00000,0.00000,1.00000,0.02061
tail_risk_active_learning,3,nominal_task_balance,0.10,1.00000,0.00000,0.00000,1.00000,0.02061
tail_risk_active_learning,3,nominal_task_balance,0.15,1.00000,0.00000,0.00000,1.00000,0.02061
tail_risk_active_learning,3,nominal_task_balance,0.20,1.00000,0.00000,0.00000,1.00000,0.02061
tail_risk_active_learning,3,nominal_task_balance,0.30,1.00000,0.00000,0.00000,1.00000,0.02061
tail_risk_active_learning,3,out_of_distribution_tail,0.05,0.00000,0.00000,0.00000,0.00000,0.61265
tail_risk_active_learning,3,out_of_distribution_tail,0.10,0.00000,0.00000,0.00000,0.00000,0.61265
tail_risk_active_learning,3,out_of_distribution_tail,0.15,0.00000,0.00000,0.00000,0.00000,0.61265
tail_risk_active_learning,3,out_of_distribution_tail,0.20,0.00000,0.00000,0.00000,0.00000,0.61265
tail_risk_active_learning,3,out_of_distribution_tail,0.30,0.00000,0.00000,0.00000,0.00000,0.61265
tail_risk_active_learning,3,rare_mechanism_combo,0.05,0.00000,0.00000,0.00000,0.00000,0.57569
tail_risk_active_learning,3,rare_mechanism_combo,0.10,0.00000,0.00000,0.00000,0.00000,0.57569
tail_risk_active_learning,3,rare_mechanism_combo,0.15,0.00000,0.00000,0.00000,0.00000,0.57569
tail_risk_active_learning,3,rare_mechanism_combo,0.20,0.00000,0.00000,0.00000,0.00000,0.57569
tail_risk_active_learning,3,rare_mechanism_combo,0.30,0.05556,0.00000,0.00000,0.05556,0.57569
tail_risk_active_learning,3,rare_slip_failures,0.05,0.05556,0.00000,0.00000,0.05556,0.09818
tail_risk_active_learning,3,rare_slip_failures,0.10,0.61111,0.00000,0.00000,0.61111,0.09818
tail_risk_active_learning,3,rare_slip_failures,0.15,0.88889,0.00000,0.00000,0.88889,0.09818
tail_risk_active_learning,3,rare_slip_failures,0.20,1.00000,0.00000,0.00000,1.00000,0.09818
tail_risk_active_learning,3,rare_slip_failures,0.30,1.00000,0.00000,0.00000,1.00000,0.09818
task_label_stratification,3,actuator_limit_failures,0.05,0.55556,0.00000,0.00000,0.55556,0.05693
task_label_stratification,3,actuator_limit_failures,0.10,0.77778,0.00000,0.00000,0.77778,0.05693
task_label_stratification,3,actuator_limit_failures,0.15,1.00000,0.00000,0.00000,1.00000,0.05693
task_label_stratification,3,actuator_limit_failures,0.20,1.00000,0.00000,0.00000,1.00000,0.05693
task_label_stratification,3,actuator_limit_failures,0.30,1.00000,0.00000,0.00000,1.00000,0.05693
task_label_stratification,3,combined_tail_stress,0.05,0.00000,0.00000,0.00000,0.00000,0.50888
task_label_stratification,3,combined_tail_stress,0.10,0.00000,0.00000,0.00000,0.00000,0.50888
task_label_stratification,3,combined_tail_stress,0.15,0.00000,0.00000,0.00000,0.00000,0.50888
task_label_stratification,3,combined_tail_stress,0.20,0.00000,0.00000,0.00000,0.00000,0.50888
task_label_stratification,3,combined_tail_stress,0.30,0.05556,0.00000,0.00000,0.05556,0.50888
task_label_stratification,3,compound_sensor_actuator_shift,0.05,0.00000,0.00000,0.00000,0.00000,0.12570
task_label_stratification,3,compound_sensor_actuator_shift,0.10,0.22222,0.11111,0.22222,0.44444,0.12570
task_label_stratification,3,compound_sensor_actuator_shift,0.15,0.33333,0.11111,0.27778,0.61111,0.12570
task_label_stratification,3,compound_sensor_actuator_shift,0.20,0.61111,0.11111,0.33333,0.94444,0.12570
task_label_stratification,3,compound_sensor_actuator_shift,0.30,0.66667,0.11111,0.33333,1.00000,0.12570
task_label_stratification,3,fixture_geometry_shift,0.05,0.00000,0.00000,0.00000,0.00000,0.95625
task_label_stratification,3,fixture_geometry_shift,0.10,0.00000,0.00000,0.00000,0.00000,0.95625
task_label_stratification,3,fixture_geometry_shift,0.15,0.00000,0.00000,0.00000,0.00000,0.95625
task_label_stratification,3,fixture_geometry_shift,0.20,0.00000,0.00000,0.00000,0.00000,0.95625
task_label_stratification,3,fixture_geometry_shift,0.30,0.00000,0.00000,0.00000,0.00000,0.95625
task_label_stratification,3,jammed_fixture_failures,0.05,0.00000,0.00000,0.00000,0.00000,0.76771
task_label_stratification,3,jammed_fixture_failures,0.10,0.00000,0.00000,0.00000,0.00000,0.76771
task_label_stratification,3,jammed_fixture_failures,0.15,0.00000,0.00000,0.00000,0.00000,0.76771
task_label_stratification,3,jammed_fixture_failures,0.20,0.00000,0.00000,0.00000,0.00000,0.76771
task_label_stratification,3,jammed_fixture_failures,0.30,0.00000,0.00000,0.00000,0.00000,0.76771
task_label_stratification,3,nominal_task_balance,0.05,1.00000,0.00000,0.00000,1.00000,0.02162
task_label_stratification,3,nominal_task_balance,0.10,1.00000,0.00000,0.00000,1.00000,0.02162
task_label_stratification,3,nominal_task_balance,0.15,1.00000,0.00000,0.00000,1.00000,0.02162
task_label_stratification,3,nominal_task_balance,0.20,1.00000,0.00000,0.00000,1.00000,0.02162
task_label_stratification,3,nominal_task_balance,0.30,1.00000,0.00000,0.00000,1.00000,0.02162
task_label_stratification,3,out_of_distribution_tail,0.05,0.00000,0.00000,0.00000,0.00000,0.70139
task_label_stratification,3,out_of_distribution_tail,0.10,0.00000,0.00000,0.00000,0.00000,0.70139
task_label_stratification,3,out_of_distribution_tail,0.15,0.00000,0.00000,0.00000,0.00000,0.70139
task_label_stratification,3,out_of_distribution_tail,0.20,0.00000,0.00000,0.00000,0.00000,0.70139
task_label_stratification,3,out_of_distribution_tail,0.30,0.00000,0.00000,0.00000,0.00000,0.70139
task_label_stratification,3,rare_mechanism_combo,0.05,0.00000,0.00000,0.00000,0.00000,0.57982
task_label_stratification,3,rare_mechanism_combo,0.10,0.00000,0.00000,0.00000,0.00000,0.57982
task_label_stratification,3,rare_mechanism_combo,0.15,0.00000,0.00000,0.00000,0.00000,0.57982
task_label_stratification,3,rare_mechanism_combo,0.20,0.05556,0.00000,0.00000,0.05556,0.57982
task_label_stratification,3,rare_mechanism_combo,0.30,0.05556,0.00000,0.00000,0.05556,0.57982
task_label_stratification,3,rare_slip_failures,0.05,0.05556,0.00000,0.00000,0.05556,0.12972
task_label_stratification,3,rare_slip_failures,0.10,0.33333,0.00000,0.00000,0.33333,0.12972
task_label_stratification,3,rare_slip_failures,0.15,0.72222,0.00000,0.00000,0.72222,0.12972
task_label_stratification,3,rare_slip_failures,0.20,0.83333,0.00000,0.00000,0.83333,0.12972
task_label_stratification,3,rare_slip_failures,0.30,1.00000,0.00000,0.00000,1.00000,0.12972
uncertainty_sampling,3,actuator_limit_failures,0.05,0.61111,0.00000,0.00000,0.61111,0.05244
uncertainty_sampling,3,actuator_limit_failures,0.10,0.88889,0.00000,0.00000,0.88889,0.05244
uncertainty_sampling,3,actuator_limit_failures,0.15,1.00000,0.00000,0.00000,1.00000,0.05244
uncertainty_sampling,3,actuator_limit_failures,0.20,1.00000,0.00000,0.00000,1.00000,0.05244
uncertainty_sampling,3,actuator_limit_failures,0.30,1.00000,0.00000,0.00000,1.00000,0.05244
uncertainty_sampling,3,combined_tail_stress,0.05,0.00000,0.00000,0.00000,0.00000,0.44119
uncertainty_sampling,3,combined_tail_stress,0.10,0.00000,0.00000,0.00000,0.00000,0.44119
uncertainty_sampling,3,combined_tail_stress,0.15,0.00000,0.00000,0.00000,0.00000,0.44119
uncertainty_sampling,3,combined_tail_stress,0.20,0.05556,0.00000,0.00000,0.05556,0.44119
uncertainty_sampling,3,combined_tail_stress,0.30,0.16667,0.00000,0.00000,0.16667,0.44119
uncertainty_sampling,3,compound_sensor_actuator_shift,0.05,0.00000,0.00000,0.00000,0.00000,0.11516
uncertainty_sampling,3,compound_sensor_actuator_shift,0.10,0.22222,0.11111,0.27778,0.50000,0.11516
uncertainty_sampling,3,compound_sensor_actuator_shift,0.15,0.44444,0.11111,0.27778,0.72222,0.11516
uncertainty_sampling,3,compound_sensor_actuator_shift,0.20,0.66667,0.11111,0.33333,1.00000,0.11516
uncertainty_sampling,3,compound_sensor_actuator_shift,0.30,0.66667,0.11111,0.33333,1.00000,0.11516
uncertainty_sampling,3,fixture_geometry_shift,0.05,0.00000,0.00000,0.00000,0.00000,0.95002
uncertainty_sampling,3,fixture_geometry_shift,0.10,0.00000,0.00000,0.00000,0.00000,0.95002
uncertainty_sampling,3,fixture_geometry_shift,0.15,0.00000,0.00000,0.00000,0.00000,0.95002
uncertainty_sampling,3,fixture_geometry_shift,0.20,0.00000,0.00000,0.00000,0.00000,0.95002
uncertainty_sampling,3,fixture_geometry_shift,0.30,0.00000,0.00000,0.00000,0.00000,0.95002
uncertainty_sampling,3,jammed_fixture_failures,0.05,0.00000,0.00000,0.00000,0.00000,0.72160
uncertainty_sampling,3,jammed_fixture_failures,0.10,0.00000,0.00000,0.00000,0.00000,0.72160
uncertainty_sampling,3,jammed_fixture_failures,0.15,0.00000,0.00000,0.00000,0.00000,0.72160
uncertainty_sampling,3,jammed_fixture_failures,0.20,0.00000,0.00000,0.00000,0.00000,0.72160
uncertainty_sampling,3,jammed_fixture_failures,0.30,0.00000,0.00000,0.00000,0.00000,0.72160
uncertainty_sampling,3,nominal_task_balance,0.05,1.00000,0.00000,0.00000,1.00000,0.02070
uncertainty_sampling,3,nominal_task_balance,0.10,1.00000,0.00000,0.00000,1.00000,0.02070
uncertainty_sampling,3,nominal_task_balance,0.15,1.00000,0.00000,0.00000,1.00000,0.02070
uncertainty_sampling,3,nominal_task_balance,0.20,1.00000,0.00000,0.00000,1.00000,0.02070
uncertainty_sampling,3,nominal_task_balance,0.30,1.00000,0.00000,0.00000,1.00000,0.02070
uncertainty_sampling,3,out_of_distribution_tail,0.05,0.00000,0.00000,0.00000,0.00000,0.77309
uncertainty_sampling,3,out_of_distribution_tail,0.10,0.00000,0.00000,0.00000,0.00000,0.77309
uncertainty_sampling,3,out_of_distribution_tail,0.15,0.00000,0.00000,0.00000,0.00000,0.77309
uncertainty_sampling,3,out_of_distribution_tail,0.20,0.00000,0.00000,0.00000,0.00000,0.77309
uncertainty_sampling,3,out_of_distribution_tail,0.30,0.00000,0.00000,0.00000,0.00000,0.77309
uncertainty_sampling,3,rare_mechanism_combo,0.05,0.00000,0.00000,0.00000,0.00000,0.56830
uncertainty_sampling,3,rare_mechanism_combo,0.10,0.00000,0.00000,0.00000,0.00000,0.56830
uncertainty_sampling,3,rare_mechanism_combo,0.15,0.05556,0.00000,0.00000,0.05556,0.56830
uncertainty_sampling,3,rare_mechanism_combo,0.20,0.05556,0.00000,0.00000,0.05556,0.56830
uncertainty_sampling,3,rare_mechanism_combo,0.30,0.05556,0.00000,0.00000,0.05556,0.56830
uncertainty_sampling,3,rare_slip_failures,0.05,0.05556,0.00000,0.00000,0.05556,0.11806
uncertainty_sampling,3,rare_slip_failures,0.10,0.44444,0.00000,0.00000,0.44444,0.11806
uncertainty_sampling,3,rare_slip_failures,0.15,0.77778,0.00000,0.00000,0.77778,0.11806
uncertainty_sampling,3,rare_slip_failures,0.20,0.94444,0.00000,0.00000,0.94444,0.11806
uncertainty_sampling,3,rare_slip_failures,0.30,1.00000,0.00000,0.00000,1.00000,0.11806
balanced_failure_replay,4,actuator_limit_failures,0.05,0.16667,0.00000,0.00000,0.16667,0.07908
balanced_failure_replay,4,actuator_limit_failures,0.10,0.72222,0.00000,0.00000,0.72222,0.07908
balanced_failure_replay,4,actuator_limit_failures,0.15,1.00000,0.00000,0.00000,1.00000,0.07908
balanced_failure_replay,4,actuator_limit_failures,0.20,1.00000,0.00000,0.00000,1.00000,0.07908
balanced_failure_replay,4,actuator_limit_failures,0.30,1.00000,0.00000,0.00000,1.00000,0.07908
balanced_failure_replay,4,combined_tail_stress,0.05,0.00000,0.00000,0.00000,0.00000,0.38188
balanced_failure_replay,4,combined_tail_stress,0.10,0.00000,0.00000,0.00000,0.00000,0.38188
balanced_failure_replay,4,combined_tail_stress,0.15,0.00000,0.00000,0.00000,0.00000,0.38188
balanced_failure_replay,4,combined_tail_stress,0.20,0.11111,0.00000,0.00000,0.11111,0.38188
balanced_failure_replay,4,combined_tail_stress,0.30,0.22222,0.05556,0.05556,0.27778,0.38188
balanced_failure_replay,4,compound_sensor_actuator_shift,0.05,0.00000,0.00000,0.00000,0.00000,0.16204
balanced_failure_replay,4,compound_sensor_actuator_shift,0.10,0.05556,0.00000,0.05556,0.11111,0.16204
balanced_failure_replay,4,compound_sensor_actuator_shift,0.15,0.44444,0.00000,0.05556,0.50000,0.16204
balanced_failure_replay,4,compound_sensor_actuator_shift,0.20,0.61111,0.05556,0.11111,0.72222,0.16204
balanced_failure_replay,4,compound_sensor_actuator_shift,0.30,0.88889,0.05556,0.11111,1.00000,0.16204
balanced_failure_replay,4,fixture_geometry_shift,0.05,0.00000,0.00000,0.00000,0.00000,0.92231
balanced_failure_replay,4,fixture_geometry_shift,0.10,0.00000,0.00000,0.00000,0.00000,0.92231
balanced_failure_replay,4,fixture_geometry_shift,0.15,0.00000,0.00000,0.00000,0.00000,0.92231
balanced_failure_replay,4,fixture_geometry_shift,0.20,0.00000,0.00000,0.00000,0.00000,0.92231
balanced_failure_replay,4,fixture_geometry_shift,0.30,0.00000,0.00000,0.00000,0.00000,0.92231
balanced_failure_replay,4,jammed_fixture_failures,0.05,0.00000,0.00000,0.00000,0.00000,0.72073
balanced_failure_replay,4,jammed_fixture_failures,0.10,0.00000,0.00000,0.00000,0.00000,0.72073
balanced_failure_replay,4,jammed_fixture_failures,0.15,0.00000,0.00000,0.00000,0.00000,0.72073
balanced_failure_replay,4,jammed_fixture_failures,0.20,0.00000,0.00000,0.00000,0.00000,0.72073
balanced_failure_replay,4,jammed_fixture_failures,0.30,0.00000,0.00000,0.00000,0.00000,0.72073
balanced_failure_replay,4,nominal_task_balance,0.05,0.94444,0.00000,0.00000,0.94444,0.02482
balanced_failure_replay,4,nominal_task_balance,0.10,1.00000,0.00000,0.00000,1.00000,0.02482
balanced_failure_replay,4,nominal_task_balance,0.15,1.00000,0.00000,0.00000,1.00000,0.02482
balanced_failure_replay,4,nominal_task_balance,0.20,1.00000,0.00000,0.00000,1.00000,0.02482
balanced_failure_replay,4,nominal_task_balance,0.30,1.00000,0.00000,0.00000,1.00000,0.02482
balanced_failure_replay,4,out_of_distribution_tail,0.05,0.00000,0.00000,0.00000,0.00000,0.80256
balanced_failure_replay,4,out_of_distribution_tail,0.10,0.00000,0.00000,0.00000,0.00000,0.80256
balanced_failure_replay,4,out_of_distribution_tail,0.15,0.00000,0.00000,0.00000,0.00000,0.80256
balanced_failure_replay,4,out_of_distribution_tail,0.20,0.00000,0.00000,0.00000,0.00000,0.80256
balanced_failure_replay,4,out_of_distribution_tail,0.30,0.00000,0.00000,0.00000,0.00000,0.80256
balanced_failure_replay,4,rare_mechanism_combo,0.05,0.00000,0.00000,0.00000,0.00000,0.57827
balanced_failure_replay,4,rare_mechanism_combo,0.10,0.00000,0.00000,0.00000,0.00000,0.57827
balanced_failure_replay,4,rare_mechanism_combo,0.15,0.00000,0.00000,0.00000,0.00000,0.57827
balanced_failure_replay,4,rare_mechanism_combo,0.20,0.00000,0.00000,0.00000,0.00000,0.57827
balanced_failure_replay,4,rare_mechanism_combo,0.30,0.00000,0.00000,0.00000,0.00000,0.57827
balanced_failure_replay,4,rare_slip_failures,0.05,0.33333,0.00000,0.00000,0.33333,0.06581
balanced_failure_replay,4,rare_slip_failures,0.10,0.83333,0.00000,0.00000,0.83333,0.06581
balanced_failure_replay,4,rare_slip_failures,0.15,0.94444,0.00000,0.05556,1.00000,0.06581
balanced_failure_replay,4,rare_slip_failures,0.20,0.94444,0.00000,0.05556,1.00000,0.06581
balanced_failure_replay,4,rare_slip_failures,0.30,0.94444,0.00000,0.05556,1.00000,0.06581
calibrated_failure_risk,4,actuator_limit_failures,0.05,0.27778,0.00000,0.00000,0.27778,0.07375
calibrated_failure_risk,4,actuator_limit_failures,0.10,0.83333,0.00000,0.00000,0.83333,0.07375
calibrated_failure_risk,4,actuator_limit_failures,0.15,1.00000,0.00000,0.00000,1.00000,0.07375
calibrated_failure_risk,4,actuator_limit_failures,0.20,1.00000,0.00000,0.00000,1.00000,0.07375
calibrated_failure_risk,4,actuator_limit_failures,0.30,1.00000,0.00000,0.00000,1.00000,0.07375
calibrated_failure_risk,4,combined_tail_stress,0.05,0.00000,0.00000,0.00000,0.00000,0.31558
calibrated_failure_risk,4,combined_tail_stress,0.10,0.00000,0.00000,0.00000,0.00000,0.31558
calibrated_failure_risk,4,combined_tail_stress,0.15,0.11111,0.00000,0.00000,0.11111,0.31558
calibrated_failure_risk,4,combined_tail_stress,0.20,0.16667,0.00000,0.00000,0.16667,0.31558
calibrated_failure_risk,4,combined_tail_stress,0.30,0.44444,0.05556,0.05556,0.50000,0.31558
calibrated_failure_risk,4,compound_sensor_actuator_shift,0.05,0.00000,0.00000,0.00000,0.00000,0.13601
calibrated_failure_risk,4,compound_sensor_actuator_shift,0.10,0.22222,0.00000,0.05556,0.27778,0.13601
calibrated_failure_risk,4,compound_sensor_actuator_shift,0.15,0.55556,0.05556,0.11111,0.66667,0.13601
calibrated_failure_risk,4,compound_sensor_actuator_shift,0.20,0.72222,0.05556,0.11111,0.83333,0.13601
calibrated_failure_risk,4,compound_sensor_actuator_shift,0.30,0.88889,0.05556,0.11111,1.00000,0.13601
calibrated_failure_risk,4,fixture_geometry_shift,0.05,0.00000,0.00000,0.00000,0.00000,0.89240
calibrated_failure_risk,4,fixture_geometry_shift,0.10,0.00000,0.00000,0.00000,0.00000,0.89240
calibrated_failure_risk,4,fixture_geometry_shift,0.15,0.00000,0.00000,0.00000,0.00000,0.89240
calibrated_failure_risk,4,fixture_geometry_shift,0.20,0.00000,0.00000,0.00000,0.00000,0.89240
calibrated_failure_risk,4,fixture_geometry_shift,0.30,0.00000,0.00000,0.00000,0.00000,0.89240
calibrated_failure_risk,4,jammed_fixture_failures,0.05,0.00000,0.00000,0.00000,0.00000,0.69544
calibrated_failure_risk,4,jammed_fixture_failures,0.10,0.00000,0.00000,0.00000,0.00000,0.69544
calibrated_failure_risk,4,jammed_fixture_failures,0.15,0.00000,0.00000,0.00000,0.00000,0.69544
calibrated_failure_risk,4,jammed_fixture_failures,0.20,0.00000,0.00000,0.00000,0.00000,0.69544
calibrated_failure_risk,4,jammed_fixture_failures,0.30,0.00000,0.00000,0.00000,0.00000,0.69544
calibrated_failure_risk,4,nominal_task_balance,0.05,0.94444,0.00000,0.00000,0.94444,0.02468
calibrated_failure_risk,4,nominal_task_balance,0.10,1.00000,0.00000,0.00000,1.00000,0.02468
calibrated_failure_risk,4,nominal_task_balance,0.15,1.00000,0.00000,0.00000,1.00000,0.02468
calibrated_failure_risk,4,nominal_task_balance,0.20,1.00000,0.00000,0.00000,1.00000,0.02468
calibrated_failure_risk,4,nominal_task_balance,0.30,1.00000,0.00000,0.00000,1.00000,0.02468
calibrated_failure_risk,4,out_of_distribution_tail,0.05,0.00000,0.00000,0.00000,0.00000,0.60853
calibrated_failure_risk,4,out_of_distribution_tail,0.10,0.00000,0.00000,0.00000,0.00000,0.60853
calibrated_failure_risk,4,out_of_distribution_tail,0.15,0.00000,0.00000,0.00000,0.00000,0.60853
calibrated_failure_risk,4,out_of_distribution_tail,0.20,0.00000,0.00000,0.00000,0.00000,0.60853
calibrated_failure_risk,4,out_of_distribution_tail,0.30,0.00000,0.00000,0.00000,0.00000,0.60853
calibrated_failure_risk,4,rare_mechanism_combo,0.05,0.00000,0.00000,0.00000,0.00000,0.48476
calibrated_failure_risk,4,rare_mechanism_combo,0.10,0.00000,0.00000,0.00000,0.00000,0.48476
calibrated_failure_risk,4,rare_mechanism_combo,0.15,0.00000,0.00000,0.00000,0.00000,0.48476
calibrated_failure_risk,4,rare_mechanism_combo,0.20,0.00000,0.00000,0.00000,0.00000,0.48476
calibrated_failure_risk,4,rare_mechanism_combo,0.30,0.00000,0.00000,0.05556,0.05556,0.48476
calibrated_failure_risk,4,rare_slip_failures,0.05,0.55556,0.00000,0.00000,0.55556,0.06143
calibrated_failure_risk,4,rare_slip_failures,0.10,0.83333,0.00000,0.00000,0.83333,0.06143
calibrated_failure_risk,4,rare_slip_failures,0.15,0.94444,0.00000,0.05556,1.00000,0.06143
calibrated_failure_risk,4,rare_slip_failures,0.20,0.94444,0.00000,0.05556,1.00000,0.06143
calibrated_failure_risk,4,rare_slip_failures,0.30,0.94444,0.00000,0.05556,1.00000,0.06143
failure_prediction_active_learning,4,actuator_limit_failures,0.05,0.27778,0.00000,0.00000,0.27778,0.07193
failure_prediction_active_learning,4,actuator_limit_failures,0.10,0.83333,0.00000,0.00000,0.83333,0.07193
failure_prediction_active_learning,4,actuator_limit_failures,0.15,1.00000,0.00000,0.00000,1.00000,0.07193
failure_prediction_active_learning,4,actuator_limit_failures,0.20,1.00000,0.00000,0.00000,1.00000,0.07193
failure_prediction_active_learning,4,actuator_limit_failures,0.30,1.00000,0.00000,0.00000,1.00000,0.07193
failure_prediction_active_learning,4,combined_tail_stress,0.05,0.00000,0.00000,0.00000,0.00000,0.32078
failure_prediction_active_learning,4,combined_tail_stress,0.10,0.00000,0.00000,0.00000,0.00000,0.32078
failure_prediction_active_learning,4,combined_tail_stress,0.15,0.11111,0.00000,0.00000,0.11111,0.32078
failure_prediction_active_learning,4,combined_tail_stress,0.20,0.16667,0.00000,0.00000,0.16667,0.32078
failure_prediction_active_learning,4,combined_tail_stress,0.30,0.44444,0.05556,0.05556,0.50000,0.32078
failure_prediction_active_learning,4,compound_sensor_actuator_shift,0.05,0.00000,0.00000,0.00000,0.00000,0.13480
failure_prediction_active_learning,4,compound_sensor_actuator_shift,0.10,0.22222,0.00000,0.05556,0.27778,0.13480
failure_prediction_active_learning,4,compound_sensor_actuator_shift,0.15,0.55556,0.05556,0.11111,0.66667,0.13480
failure_prediction_active_learning,4,compound_sensor_actuator_shift,0.20,0.72222,0.05556,0.11111,0.83333,0.13480
failure_prediction_active_learning,4,compound_sensor_actuator_shift,0.30,0.88889,0.05556,0.11111,1.00000,0.13480
failure_prediction_active_learning,4,fixture_geometry_shift,0.05,0.00000,0.00000,0.00000,0.00000,0.89381
failure_prediction_active_learning,4,fixture_geometry_shift,0.10,0.00000,0.00000,0.00000,0.00000,0.89381
failure_prediction_active_learning,4,fixture_geometry_shift,0.15,0.00000,0.00000,0.00000,0.00000,0.89381
failure_prediction_active_learning,4,fixture_geometry_shift,0.20,0.00000,0.00000,0.00000,0.00000,0.89381
failure_prediction_active_learning,4,fixture_geometry_shift,0.30,0.00000,0.00000,0.00000,0.00000,0.89381
failure_prediction_active_learning,4,jammed_fixture_failures,0.05,0.00000,0.00000,0.00000,0.00000,0.69954
failure_prediction_active_learning,4,jammed_fixture_failures,0.10,0.00000,0.00000,0.00000,0.00000,0.69954
failure_prediction_active_learning,4,jammed_fixture_failures,0.15,0.00000,0.00000,0.00000,0.00000,0.69954
failure_prediction_active_learning,4,jammed_fixture_failures,0.20,0.00000,0.00000,0.00000,0.00000,0.69954
failure_prediction_active_learning,4,jammed_fixture_failures,0.30,0.00000,0.00000,0.00000,0.00000,0.69954
failure_prediction_active_learning,4,nominal_task_balance,0.05,0.94444,0.00000,0.00000,0.94444,0.02382
failure_prediction_active_learning,4,nominal_task_balance,0.10,1.00000,0.00000,0.00000,1.00000,0.02382
failure_prediction_active_learning,4,nominal_task_balance,0.15,1.00000,0.00000,0.00000,1.00000,0.02382
failure_prediction_active_learning,4,nominal_task_balance,0.20,1.00000,0.00000,0.00000,1.00000,0.02382
failure_prediction_active_learning,4,nominal_task_balance,0.30,1.00000,0.00000,0.00000,1.00000,0.02382
failure_prediction_active_learning,4,out_of_distribution_tail,0.05,0.00000,0.00000,0.00000,0.00000,0.60384
failure_prediction_active_learning,4,out_of_distribution_tail,0.10,0.00000,0.00000,0.00000,0.00000,0.60384
failure_prediction_active_learning,4,out_of_distribution_tail,0.15,0.00000,0.00000,0.00000,0.00000,0.60384
failure_prediction_active_learning,4,out_of_distribution_tail,0.20,0.00000,0.00000,0.00000,0.00000,0.60384
failure_prediction_active_learning,4,out_of_distribution_tail,0.30,0.00000,0.00000,0.00000,0.00000,0.60384
failure_prediction_active_learning,4,rare_mechanism_combo,0.05,0.00000,0.00000,0.00000,0.00000,0.48216
failure_prediction_active_learning,4,rare_mechanism_combo,0.10,0.00000,0.00000,0.00000,0.00000,0.48216
failure_prediction_active_learning,4,rare_mechanism_combo,0.15,0.00000,0.00000,0.00000,0.00000,0.48216
failure_prediction_active_learning,4,rare_mechanism_combo,0.20,0.00000,0.00000,0.00000,0.00000,0.48216
failure_prediction_active_learning,4,rare_mechanism_combo,0.30,0.05556,0.00000,0.05556,0.11111,0.48216
failure_prediction_active_learning,4,rare_slip_failures,0.05,0.50000,0.00000,0.00000,0.50000,0.06126
failure_prediction_active_learning,4,rare_slip_failures,0.10,0.83333,0.00000,0.00000,0.83333,0.06126
failure_prediction_active_learning,4,rare_slip_failures,0.15,0.94444,0.00000,0.05556,1.00000,0.06126
failure_prediction_active_learning,4,rare_slip_failures,0.20,0.94444,0.00000,0.05556,1.00000,0.06126
failure_prediction_active_learning,4,rare_slip_failures,0.30,0.94444,0.00000,0.05556,1.00000,0.06126
failure_stratified_engine,4,actuator_limit_failures,0.05,0.22222,0.00000,0.00000,0.22222,0.07549
failure_stratified_engine,4,actuator_limit_failures,0.10,0.77778,0.00000,0.00000,0.77778,0.07549
failure_stratified_engine,4,actuator_limit_failures,0.15,1.00000,0.00000,0.00000,1.00000,0.07549
failure_stratified_engine,4,actuator_limit_failures,0.20,1.00000,0.00000,0.00000,1.00000,0.07549
failure_stratified_engine,4,actuator_limit_failures,0.30,1.00000,0.00000,0.00000,1.00000,0.07549
failure_stratified_engine,4,combined_tail_stress,0.05,0.00000,0.00000,0.00000,0.00000,0.52458
failure_stratified_engine,4,combined_tail_stress,0.10,0.00000,0.00000,0.00000,0.00000,0.52458
failure_stratified_engine,4,combined_tail_stress,0.15,0.00000,0.00000,0.00000,0.00000,0.52458
failure_stratified_engine,4,combined_tail_stress,0.20,0.00000,0.00000,0.00000,0.00000,0.52458
failure_stratified_engine,4,combined_tail_stress,0.30,0.05556,0.00000,0.00000,0.05556,0.52458
failure_stratified_engine,4,compound_sensor_actuator_shift,0.05,0.00000,0.00000,0.00000,0.00000,0.21014
failure_stratified_engine,4,compound_sensor_actuator_shift,0.10,0.00000,0.00000,0.05556,0.05556,0.21014
failure_stratified_engine,4,compound_sensor_actuator_shift,0.15,0.16667,0.00000,0.05556,0.22222,0.21014
failure_stratified_engine,4,compound_sensor_actuator_shift,0.20,0.44444,0.00000,0.05556,0.50000,0.21014
failure_stratified_engine,4,compound_sensor_actuator_shift,0.30,0.77778,0.05556,0.11111,0.88889,0.21014
failure_stratified_engine,4,fixture_geometry_shift,0.05,0.00000,0.00000,0.00000,0.00000,0.91237
failure_stratified_engine,4,fixture_geometry_shift,0.10,0.00000,0.00000,0.00000,0.00000,0.91237
failure_stratified_engine,4,fixture_geometry_shift,0.15,0.00000,0.00000,0.00000,0.00000,0.91237
failure_stratified_engine,4,fixture_geometry_shift,0.20,0.00000,0.00000,0.00000,0.00000,0.91237
failure_stratified_engine,4,fixture_geometry_shift,0.30,0.00000,0.00000,0.00000,0.00000,0.91237
failure_stratified_engine,4,jammed_fixture_failures,0.05,0.00000,0.00000,0.00000,0.00000,0.75044
failure_stratified_engine,4,jammed_fixture_failures,0.10,0.00000,0.00000,0.00000,0.00000,0.75044
failure_stratified_engine,4,jammed_fixture_failures,0.15,0.00000,0.00000,0.00000,0.00000,0.75044
failure_stratified_engine,4,jammed_fixture_failures,0.20,0.00000,0.00000,0.00000,0.00000,0.75044
failure_stratified_engine,4,jammed_fixture_failures,0.30,0.00000,0.00000,0.00000,0.00000,0.75044
failure_stratified_engine,4,nominal_task_balance,0.05,0.94444,0.00000,0.00000,0.94444,0.02418
failure_stratified_engine,4,nominal_task_balance,0.10,1.00000,0.00000,0.00000,1.00000,0.02418
failure_stratified_engine,4,nominal_task_balance,0.15,1.00000,0.00000,0.00000,1.00000,0.02418
failure_stratified_engine,4,nominal_task_balance,0.20,1.00000,0.00000,0.00000,1.00000,0.02418
failure_stratified_engine,4,nominal_task_balance,0.30,1.00000,0.00000,0.00000,1.00000,0.02418
failure_stratified_engine,4,out_of_distribution_tail,0.05,0.00000,0.00000,0.00000,0.00000,0.77927
failure_stratified_engine,4,out_of_distribution_tail,0.10,0.00000,0.00000,0.00000,0.00000,0.77927
failure_stratified_engine,4,out_of_distribution_tail,0.15,0.00000,0.00000,0.00000,0.00000,0.77927
failure_stratified_engine,4,out_of_distribution_tail,0.20,0.00000,0.00000,0.00000,0.00000,0.77927
failure_stratified_engine,4,out_of_distribution_tail,0.30,0.00000,0.00000,0.00000,0.00000,0.77927
failure_stratified_engine,4,rare_mechanism_combo,0.05,0.00000,0.00000,0.00000,0.00000,0.60213
failure_stratified_engine,4,rare_mechanism_combo,0.10,0.00000,0.00000,0.00000,0.00000,0.60213
failure_stratified_engine,4,rare_mechanism_combo,0.15,0.00000,0.00000,0.00000,0.00000,0.60213
failure_stratified_engine,4,rare_mechanism_combo,0.20,0.00000,0.00000,0.00000,0.00000,0.60213
failure_stratified_engine,4,rare_mechanism_combo,0.30,0.00000,0.00000,0.00000,0.00000,0.60213
failure_stratified_engine,4,rare_slip_failures,0.05,0.22222,0.00000,0.00000,0.22222,0.06875
failure_stratified_engine,4,rare_slip_failures,0.10,0.83333,0.00000,0.00000,0.83333,0.06875
failure_stratified_engine,4,rare_slip_failures,0.15,0.94444,0.00000,0.05556,1.00000,0.06875
failure_stratified_engine,4,rare_slip_failures,0.20,0.94444,0.00000,0.05556,1.00000,0.06875
failure_stratified_engine,4,rare_slip_failures,0.30,0.94444,0.00000,0.05556,1.00000,0.06875
failure_stratified_engine_v5,4,actuator_limit_failures,0.05,0.16667,0.00000,0.00000,0.16667,0.08514
failure_stratified_engine_v5,4,actuator_limit_failures,0.10,0.66667,0.00000,0.00000,0.66667,0.08514
failure_stratified_engine_v5,4,actuator_limit_failures,0.15,0.94444,0.00000,0.00000,0.94444,0.08514
failure_stratified_engine_v5,4,actuator_limit_failures,0.20,1.00000,0.00000,0.00000,1.00000,0.08514
failure_stratified_engine_v5,4,actuator_limit_failures,0.30,1.00000,0.00000,0.00000,1.00000,0.08514
failure_stratified_engine_v5,4,combined_tail_stress,0.05,0.00000,0.00000,0.00000,0.00000,0.39683
failure_stratified_engine_v5,4,combined_tail_stress,0.10,0.00000,0.00000,0.00000,0.00000,0.39683
failure_stratified_engine_v5,4,combined_tail_stress,0.15,0.00000,0.00000,0.00000,0.00000,0.39683
failure_stratified_engine_v5,4,combined_tail_stress,0.20,0.05556,0.00000,0.00000,0.05556,0.39683
failure_stratified_engine_v5,4,combined_tail_stress,0.30,0.22222,0.05556,0.05556,0.27778,0.39683
failure_stratified_engine_v5,4,compound_sensor_actuator_shift,0.05,0.00000,0.00000,0.00000,0.00000,0.15039
failure_stratified_engine_v5,4,compound_sensor_actuator_shift,0.10,0.05556,0.00000,0.05556,0.11111,0.15039
failure_stratified_engine_v5,4,compound_sensor_actuator_shift,0.15,0.44444,0.00000,0.05556,0.50000,0.15039
failure_stratified_engine_v5,4,compound_sensor_actuator_shift,0.20,0.66667,0.05556,0.11111,0.77778,0.15039
failure_stratified_engine_v5,4,compound_sensor_actuator_shift,0.30,0.88889,0.05556,0.11111,1.00000,0.15039
failure_stratified_engine_v5,4,fixture_geometry_shift,0.05,0.00000,0.00000,0.00000,0.00000,0.92247
failure_stratified_engine_v5,4,fixture_geometry_shift,0.10,0.00000,0.00000,0.00000,0.00000,0.92247
failure_stratified_engine_v5,4,fixture_geometry_shift,0.15,0.00000,0.00000,0.00000,0.00000,0.92247
failure_stratified_engine_v5,4,fixture_geometry_shift,0.20,0.00000,0.00000,0.00000,0.00000,0.92247
failure_stratified_engine_v5,4,fixture_geometry_shift,0.30,0.00000,0.00000,0.00000,0.00000,0.92247
failure_stratified_engine_v5,4,jammed_fixture_failures,0.05,0.00000,0.00000,0.00000,0.00000,0.72926
failure_stratified_engine_v5,4,jammed_fixture_failures,0.10,0.00000,0.00000,0.00000,0.00000,0.72926
failure_stratified_engine_v5,4,jammed_fixture_failures,0.15,0.00000,0.00000,0.00000,0.00000,0.72926
failure_stratified_engine_v5,4,jammed_fixture_failures,0.20,0.00000,0.00000,0.00000,0.00000,0.72926
failure_stratified_engine_v5,4,jammed_fixture_failures,0.30,0.00000,0.00000,0.00000,0.00000,0.72926
failure_stratified_engine_v5,4,nominal_task_balance,0.05,0.94444,0.00000,0.00000,0.94444,0.02940
failure_stratified_engine_v5,4,nominal_task_balance,0.10,1.00000,0.00000,0.00000,1.00000,0.02940
failure_stratified_engine_v5,4,nominal_task_balance,0.15,1.00000,0.00000,0.00000,1.00000,0.02940
failure_stratified_engine_v5,4,nominal_task_balance,0.20,1.00000,0.00000,0.00000,1.00000,0.02940
failure_stratified_engine_v5,4,nominal_task_balance,0.30,1.00000,0.00000,0.00000,1.00000,0.02940
failure_stratified_engine_v5,4,out_of_distribution_tail,0.05,0.00000,0.00000,0.00000,0.00000,0.80981
failure_stratified_engine_v5,4,out_of_distribution_tail,0.10,0.00000,0.00000,0.00000,0.00000,0.80981
failure_stratified_engine_v5,4,out_of_distribution_tail,0.15,0.00000,0.00000,0.00000,0.00000,0.80981
failure_stratified_engine_v5,4,out_of_distribution_tail,0.20,0.00000,0.00000,0.00000,0.00000,0.80981
failure_stratified_engine_v5,4,out_of_distribution_tail,0.30,0.00000,0.00000,0.00000,0.00000,0.80981
failure_stratified_engine_v5,4,rare_mechanism_combo,0.05,0.00000,0.00000,0.00000,0.00000,0.59362
failure_stratified_engine_v5,4,rare_mechanism_combo,0.10,0.00000,0.00000,0.00000,0.00000,0.59362
failure_stratified_engine_v5,4,rare_mechanism_combo,0.15,0.00000,0.00000,0.00000,0.00000,0.59362
failure_stratified_engine_v5,4,rare_mechanism_combo,0.20,0.00000,0.00000,0.00000,0.00000,0.59362
failure_stratified_engine_v5,4,rare_mechanism_combo,0.30,0.00000,0.00000,0.00000,0.00000,0.59362
failure_stratified_engine_v5,4,rare_slip_failures,0.05,0.33333,0.00000,0.00000,0.33333,0.06683
failure_stratified_engine_v5,4,rare_slip_failures,0.10,0.83333,0.00000,0.00000,0.83333,0.06683
failure_stratified_engine_v5,4,rare_slip_failures,0.15,0.94444,0.00000,0.05556,1.00000,0.06683
failure_stratified_engine_v5,4,rare_slip_failures,0.20,0.94444,0.00000,0.05556,1.00000,0.06683
failure_stratified_engine_v5,4,rare_slip_failures,0.30,0.94444,0.00000,0.05556,1.00000,0.06683
gradient_boosted_failure_active,4,actuator_limit_failures,0.05,0.11111,0.00000,0.00000,0.11111,0.08716
gradient_boosted_failure_active,4,actuator_limit_failures,0.10,0.61111,0.00000,0.00000,0.61111,0.08716
gradient_boosted_failure_active,4,actuator_limit_failures,0.15,0.94444,0.00000,0.00000,0.94444,0.08716
gradient_boosted_failure_active,4,actuator_limit_failures,0.20,1.00000,0.00000,0.00000,1.00000,0.08716
gradient_boosted_failure_active,4,actuator_limit_failures,0.30,1.00000,0.00000,0.00000,1.00000,0.08716
gradient_boosted_failure_active,4,combined_tail_stress,0.05,0.00000,0.00000,0.00000,0.00000,0.38365
gradient_boosted_failure_active,4,combined_tail_stress,0.10,0.00000,0.00000,0.00000,0.00000,0.38365
gradient_boosted_failure_active,4,combined_tail_stress,0.15,0.00000,0.00000,0.00000,0.00000,0.38365
gradient_boosted_failure_active,4,combined_tail_stress,0.20,0.11111,0.00000,0.00000,0.11111,0.38365
gradient_boosted_failure_active,4,combined_tail_stress,0.30,0.22222,0.05556,0.05556,0.27778,0.38365
gradient_boosted_failure_active,4,compound_sensor_actuator_shift,0.05,0.00000,0.00000,0.00000,0.00000,0.15874
gradient_boosted_failure_active,4,compound_sensor_actuator_shift,0.10,0.11111,0.00000,0.05556,0.16667,0.15874
gradient_boosted_failure_active,4,compound_sensor_actuator_shift,0.15,0.44444,0.00000,0.05556,0.50000,0.15874
gradient_boosted_failure_active,4,compound_sensor_actuator_shift,0.20,0.61111,0.05556,0.11111,0.72222,0.15874
gradient_boosted_failure_active,4,compound_sensor_actuator_shift,0.30,0.88889,0.05556,0.11111,1.00000,0.15874
gradient_boosted_failure_active,4,fixture_geometry_shift,0.05,0.00000,0.00000,0.00000,0.00000,0.91641
gradient_boosted_failure_active,4,fixture_geometry_shift,0.10,0.00000,0.00000,0.00000,0.00000,0.91641
gradient_boosted_failure_active,4,fixture_geometry_shift,0.15,0.00000,0.00000,0.00000,0.00000,0.91641
gradient_boosted_failure_active,4,fixture_geometry_shift,0.20,0.00000,0.00000,0.00000,0.00000,0.91641
gradient_boosted_failure_active,4,fixture_geometry_shift,0.30,0.00000,0.00000,0.00000,0.00000,0.91641
gradient_boosted_failure_active,4,jammed_fixture_failures,0.05,0.00000,0.00000,0.00000,0.00000,0.75068
gradient_boosted_failure_active,4,jammed_fixture_failures,0.10,0.00000,0.00000,0.00000,0.00000,0.75068
gradient_boosted_failure_active,4,jammed_fixture_failures,0.15,0.00000,0.00000,0.00000,0.00000,0.75068
gradient_boosted_failure_active,4,jammed_fixture_failures,0.20,0.00000,0.00000,0.00000,0.00000,0.75068
gradient_boosted_failure_active,4,jammed_fixture_failures,0.30,0.00000,0.00000,0.00000,0.00000,0.75068
gradient_boosted_failure_active,4,nominal_task_balance,0.05,0.94444,0.00000,0.00000,0.94444,0.02330
gradient_boosted_failure_active,4,nominal_task_balance,0.10,1.00000,0.00000,0.00000,1.00000,0.02330
gradient_boosted_failure_active,4,nominal_task_balance,0.15,1.00000,0.00000,0.00000,1.00000,0.02330
gradient_boosted_failure_active,4,nominal_task_balance,0.20,1.00000,0.00000,0.00000,1.00000,0.02330
gradient_boosted_failure_active,4,nominal_task_balance,0.30,1.00000,0.00000,0.00000,1.00000,0.02330
gradient_boosted_failure_active,4,out_of_distribution_tail,0.05,0.00000,0.00000,0.00000,0.00000,0.82799
gradient_boosted_failure_active,4,out_of_distribution_tail,0.10,0.00000,0.00000,0.00000,0.00000,0.82799
gradient_boosted_failure_active,4,out_of_distribution_tail,0.15,0.00000,0.00000,0.00000,0.00000,0.82799
gradient_boosted_failure_active,4,out_of_distribution_tail,0.20,0.00000,0.00000,0.00000,0.00000,0.82799
gradient_boosted_failure_active,4,out_of_distribution_tail,0.30,0.00000,0.00000,0.00000,0.00000,0.82799
gradient_boosted_failure_active,4,rare_mechanism_combo,0.05,0.00000,0.00000,0.00000,0.00000,0.59486
gradient_boosted_failure_active,4,rare_mechanism_combo,0.10,0.00000,0.00000,0.00000,0.00000,0.59486
gradient_boosted_failure_active,4,rare_mechanism_combo,0.15,0.00000,0.00000,0.00000,0.00000,0.59486
gradient_boosted_failure_active,4,rare_mechanism_combo,0.20,0.00000,0.00000,0.00000,0.00000,0.59486
gradient_boosted_failure_active,4,rare_mechanism_combo,0.30,0.00000,0.00000,0.00000,0.00000,0.59486
gradient_boosted_failure_active,4,rare_slip_failures,0.05,0.38889,0.00000,0.00000,0.38889,0.06434
gradient_boosted_failure_active,4,rare_slip_failures,0.10,0.83333,0.00000,0.00000,0.83333,0.06434
gradient_boosted_failure_active,4,rare_slip_failures,0.15,0.94444,0.00000,0.05556,1.00000,0.06434
gradient_boosted_failure_active,4,rare_slip_failures,0.20,0.94444,0.00000,0.05556,1.00000,0.06434
gradient_boosted_failure_active,4,rare_slip_failures,0.30,0.94444,0.00000,0.05556,1.00000,0.06434
greedy_oracle_success_upper,4,actuator_limit_failures,0.05,0.16667,0.00000,0.00000,0.16667,0.09456
greedy_oracle_success_upper,4,actuator_limit_failures,0.10,0.61111,0.00000,0.00000,0.61111,0.09456
greedy_oracle_success_upper,4,actuator_limit_failures,0.15,0.83333,0.00000,0.00000,0.83333,0.09456
greedy_oracle_success_upper,4,actuator_limit_failures,0.20,1.00000,0.00000,0.00000,1.00000,0.09456
greedy_oracle_success_upper,4,actuator_limit_failures,0.30,1.00000,0.00000,0.00000,1.00000,0.09456
greedy_oracle_success_upper,4,combined_tail_stress,0.05,0.00000,0.00000,0.00000,0.00000,0.44375
greedy_oracle_success_upper,4,combined_tail_stress,0.10,0.00000,0.00000,0.00000,0.00000,0.44375
greedy_oracle_success_upper,4,combined_tail_stress,0.15,0.00000,0.00000,0.00000,0.00000,0.44375
greedy_oracle_success_upper,4,combined_tail_stress,0.20,0.00000,0.00000,0.00000,0.00000,0.44375
greedy_oracle_success_upper,4,combined_tail_stress,0.30,0.16667,0.00000,0.00000,0.16667,0.44375
greedy_oracle_success_upper,4,compound_sensor_actuator_shift,0.05,0.00000,0.00000,0.00000,0.00000,0.33044
greedy_oracle_success_upper,4,compound_sensor_actuator_shift,0.10,0.00000,0.00000,0.00000,0.00000,0.33044
greedy_oracle_success_upper,4,compound_sensor_actuator_shift,0.15,0.00000,0.00000,0.00000,0.00000,0.33044
greedy_oracle_success_upper,4,compound_sensor_actuator_shift,0.20,0.05556,0.00000,0.05556,0.11111,0.33044
greedy_oracle_success_upper,4,compound_sensor_actuator_shift,0.30,0.22222,0.00000,0.05556,0.27778,0.33044
greedy_oracle_success_upper,4,fixture_geometry_shift,0.05,0.00000,0.00000,0.00000,0.00000,0.89650
greedy_oracle_success_upper,4,fixture_geometry_shift,0.10,0.00000,0.00000,0.00000,0.00000,0.89650
greedy_oracle_success_upper,4,fixture_geometry_shift,0.15,0.00000,0.00000,0.00000,0.00000,0.89650
greedy_oracle_success_upper,4,fixture_geometry_shift,0.20,0.00000,0.00000,0.00000,0.00000,0.89650
greedy_oracle_success_upper,4,fixture_geometry_shift,0.30,0.00000,0.00000,0.00000,0.00000,0.89650
greedy_oracle_success_upper,4,jammed_fixture_failures,0.05,0.00000,0.00000,0.00000,0.00000,0.72513
greedy_oracle_success_upper,4,jammed_fixture_failures,0.10,0.00000,0.00000,0.00000,0.00000,0.72513
greedy_oracle_success_upper,4,jammed_fixture_failures,0.15,0.00000,0.00000,0.00000,0.00000,0.72513
greedy_oracle_success_upper,4,jammed_fixture_failures,0.20,0.00000,0.00000,0.00000,0.00000,0.72513
greedy_oracle_success_upper,4,jammed_fixture_failures,0.30,0.00000,0.00000,0.00000,0.00000,0.72513
greedy_oracle_success_upper,4,nominal_task_balance,0.05,0.83333,0.00000,0.00000,0.83333,0.03132
greedy_oracle_success_upper,4,nominal_task_balance,0.10,1.00000,0.00000,0.00000,1.00000,0.03132
greedy_oracle_success_upper,4,nominal_task_balance,0.15,1.00000,0.00000,0.00000,1.00000,0.03132
greedy_oracle_success_upper,4,nominal_task_balance,0.20,1.00000,0.00000,0.00000,1.00000,0.03132
greedy_oracle_success_upper,4,nominal_task_balance,0.30,1.00000,0.00000,0.00000,1.00000,0.03132
greedy_oracle_success_upper,4,out_of_distribution_tail,0.05,0.00000,0.00000,0.00000,0.00000,0.70764
greedy_oracle_success_upper,4,out_of_distribution_tail,0.10,0.00000,0.00000,0.00000,0.00000,0.70764
greedy_oracle_success_upper,4,out_of_distribution_tail,0.15,0.00000,0.00000,0.00000,0.00000,0.70764
greedy_oracle_success_upper,4,out_of_distribution_tail,0.20,0.00000,0.00000,0.00000,0.00000,0.70764
greedy_oracle_success_upper,4,out_of_distribution_tail,0.30,0.00000,0.00000,0.00000,0.00000,0.70764
greedy_oracle_success_upper,4,rare_mechanism_combo,0.05,0.00000,0.00000,0.00000,0.00000,0.60639
greedy_oracle_success_upper,4,rare_mechanism_combo,0.10,0.00000,0.00000,0.00000,0.00000,0.60639
greedy_oracle_success_upper,4,rare_mechanism_combo,0.15,0.00000,0.00000,0.00000,0.00000,0.60639
greedy_oracle_success_upper,4,rare_mechanism_combo,0.20,0.00000,0.00000,0.00000,0.00000,0.60639
greedy_oracle_success_upper,4,rare_mechanism_combo,0.30,0.00000,0.00000,0.00000,0.00000,0.60639
greedy_oracle_success_upper,4,rare_slip_failures,0.05,0.16667,0.00000,0.00000,0.16667,0.09018
greedy_oracle_success_upper,4,rare_slip_failures,0.10,0.66667,0.00000,0.00000,0.66667,0.09018
greedy_oracle_success_upper,4,rare_slip_failures,0.15,0.83333,0.00000,0.00000,0.83333,0.09018
greedy_oracle_success_upper,4,rare_slip_failures,0.20,0.94444,0.00000,0.05556,1.00000,0.09018
greedy_oracle_success_upper,4,rare_slip_failures,0.30,0.94444,0.00000,0.05556,1.00000,0.09018
hybrid_diversity_risk,4,actuator_limit_failures,0.05,0.22222,0.00000,0.00000,0.22222,0.07566
hybrid_diversity_risk,4,actuator_limit_failures,0.10,0.77778,0.00000,0.00000,0.77778,0.07566
hybrid_diversity_risk,4,actuator_limit_failures,0.15,1.00000,0.00000,0.00000,1.00000,0.07566
hybrid_diversity_risk,4,actuator_limit_failures,0.20,1.00000,0.00000,0.00000,1.00000,0.07566
hybrid_diversity_risk,4,actuator_limit_failures,0.30,1.00000,0.00000,0.00000,1.00000,0.07566
hybrid_diversity_risk,4,combined_tail_stress,0.05,0.00000,0.00000,0.00000,0.00000,0.34471
hybrid_diversity_risk,4,combined_tail_stress,0.10,0.00000,0.00000,0.00000,0.00000,0.34471
hybrid_diversity_risk,4,combined_tail_stress,0.15,0.05556,0.00000,0.00000,0.05556,0.34471
hybrid_diversity_risk,4,combined_tail_stress,0.20,0.16667,0.00000,0.00000,0.16667,0.34471
hybrid_diversity_risk,4,combined_tail_stress,0.30,0.27778,0.05556,0.05556,0.33333,0.34471
hybrid_diversity_risk,4,compound_sensor_actuator_shift,0.05,0.00000,0.00000,0.00000,0.00000,0.12327
hybrid_diversity_risk,4,compound_sensor_actuator_shift,0.10,0.27778,0.00000,0.05556,0.33333,0.12327
hybrid_diversity_risk,4,compound_sensor_actuator_shift,0.15,0.55556,0.05556,0.11111,0.66667,0.12327
hybrid_diversity_risk,4,compound_sensor_actuator_shift,0.20,0.83333,0.05556,0.11111,0.94444,0.12327
hybrid_diversity_risk,4,compound_sensor_actuator_shift,0.30,0.88889,0.05556,0.11111,1.00000,0.12327
hybrid_diversity_risk,4,fixture_geometry_shift,0.05,0.00000,0.00000,0.00000,0.00000,0.90362
hybrid_diversity_risk,4,fixture_geometry_shift,0.10,0.00000,0.00000,0.00000,0.00000,0.90362
hybrid_diversity_risk,4,fixture_geometry_shift,0.15,0.00000,0.00000,0.00000,0.00000,0.90362
hybrid_diversity_risk,4,fixture_geometry_shift,0.20,0.00000,0.00000,0.00000,0.00000,0.90362
hybrid_diversity_risk,4,fixture_geometry_shift,0.30,0.00000,0.00000,0.00000,0.00000,0.90362
hybrid_diversity_risk,4,jammed_fixture_failures,0.05,0.00000,0.00000,0.00000,0.00000,0.65309
hybrid_diversity_risk,4,jammed_fixture_failures,0.10,0.00000,0.00000,0.00000,0.00000,0.65309
hybrid_diversity_risk,4,jammed_fixture_failures,0.15,0.00000,0.00000,0.00000,0.00000,0.65309
hybrid_diversity_risk,4,jammed_fixture_failures,0.20,0.00000,0.00000,0.00000,0.00000,0.65309
hybrid_diversity_risk,4,jammed_fixture_failures,0.30,0.00000,0.00000,0.00000,0.00000,0.65309
hybrid_diversity_risk,4,nominal_task_balance,0.05,0.94444,0.00000,0.00000,0.94444,0.02411
hybrid_diversity_risk,4,nominal_task_balance,0.10,1.00000,0.00000,0.00000,1.00000,0.02411
hybrid_diversity_risk,4,nominal_task_balance,0.15,1.00000,0.00000,0.00000,1.00000,0.02411
hybrid_diversity_risk,4,nominal_task_balance,0.20,1.00000,0.00000,0.00000,1.00000,0.02411
hybrid_diversity_risk,4,nominal_task_balance,0.30,1.00000,0.00000,0.00000,1.00000,0.02411
hybrid_diversity_risk,4,out_of_distribution_tail,0.05,0.00000,0.00000,0.00000,0.00000,0.71022
hybrid_diversity_risk,4,out_of_distribution_tail,0.10,0.00000,0.00000,0.00000,0.00000,0.71022
hybrid_diversity_risk,4,out_of_distribution_tail,0.15,0.00000,0.00000,0.00000,0.00000,0.71022
hybrid_diversity_risk,4,out_of_distribution_tail,0.20,0.00000,0.00000,0.00000,0.00000,0.71022
hybrid_diversity_risk,4,out_of_distribution_tail,0.30,0.00000,0.00000,0.00000,0.00000,0.71022
hybrid_diversity_risk,4,rare_mechanism_combo,0.05,0.00000,0.00000,0.00000,0.00000,0.53765
hybrid_diversity_risk,4,rare_mechanism_combo,0.10,0.00000,0.00000,0.00000,0.00000,0.53765
hybrid_diversity_risk,4,rare_mechanism_combo,0.15,0.00000,0.00000,0.00000,0.00000,0.53765
hybrid_diversity_risk,4,rare_mechanism_combo,0.20,0.00000,0.00000,0.00000,0.00000,0.53765
hybrid_diversity_risk,4,rare_mechanism_combo,0.30,0.00000,0.00000,0.05556,0.05556,0.53765
hybrid_diversity_risk,4,rare_slip_failures,0.05,0.50000,0.00000,0.00000,0.50000,0.06143
hybrid_diversity_risk,4,rare_slip_failures,0.10,0.88889,0.00000,0.00000,0.88889,0.06143
hybrid_diversity_risk,4,rare_slip_failures,0.15,0.94444,0.00000,0.05556,1.00000,0.06143
hybrid_diversity_risk,4,rare_slip_failures,0.20,0.94444,0.00000,0.05556,1.00000,0.06143
hybrid_diversity_risk,4,rare_slip_failures,0.30,0.94444,0.00000,0.05556,1.00000,0.06143
oracle_failure_strata,4,actuator_limit_failures,0.05,0.22222,0.00000,0.00000,0.22222,0.08998
oracle_failure_strata,4,actuator_limit_failures,0.10,0.61111,0.00000,0.00000,0.61111,0.08998
oracle_failure_strata,4,actuator_limit_failures,0.15,0.83333,0.00000,0.00000,0.83333,0.08998
oracle_failure_strata,4,actuator_limit_failures,0.20,1.00000,0.00000,0.00000,1.00000,0.08998
oracle_failure_strata,4,actuator_limit_failures,0.30,1.00000,0.00000,0.00000,1.00000,0.08998
oracle_failure_strata,4,combined_tail_stress,0.05,0.00000,0.00000,0.00000,0.00000,0.42394
oracle_failure_strata,4,combined_tail_stress,0.10,0.00000,0.00000,0.00000,0.00000,0.42394
oracle_failure_strata,4,combined_tail_stress,0.15,0.00000,0.00000,0.00000,0.00000,0.42394
oracle_failure_strata,4,combined_tail_stress,0.20,0.11111,0.00000,0.00000,0.11111,0.42394
oracle_failure_strata,4,combined_tail_stress,0.30,0.16667,0.00000,0.00000,0.16667,0.42394
oracle_failure_strata,4,compound_sensor_actuator_shift,0.05,0.00000,0.00000,0.00000,0.00000,0.33741
oracle_failure_strata,4,compound_sensor_actuator_shift,0.10,0.00000,0.00000,0.00000,0.00000,0.33741
oracle_failure_strata,4,compound_sensor_actuator_shift,0.15,0.00000,0.00000,0.00000,0.00000,0.33741
oracle_failure_strata,4,compound_sensor_actuator_shift,0.20,0.05556,0.00000,0.05556,0.11111,0.33741
oracle_failure_strata,4,compound_sensor_actuator_shift,0.30,0.33333,0.00000,0.05556,0.38889,0.33741
oracle_failure_strata,4,fixture_geometry_shift,0.05,0.00000,0.00000,0.00000,0.00000,0.88456
oracle_failure_strata,4,fixture_geometry_shift,0.10,0.00000,0.00000,0.00000,0.00000,0.88456
oracle_failure_strata,4,fixture_geometry_shift,0.15,0.00000,0.00000,0.00000,0.00000,0.88456
oracle_failure_strata,4,fixture_geometry_shift,0.20,0.00000,0.00000,0.00000,0.00000,0.88456
oracle_failure_strata,4,fixture_geometry_shift,0.30,0.00000,0.00000,0.00000,0.00000,0.88456
oracle_failure_strata,4,jammed_fixture_failures,0.05,0.00000,0.00000,0.00000,0.00000,0.77555
oracle_failure_strata,4,jammed_fixture_failures,0.10,0.00000,0.00000,0.00000,0.00000,0.77555
oracle_failure_strata,4,jammed_fixture_failures,0.15,0.00000,0.00000,0.00000,0.00000,0.77555
oracle_failure_strata,4,jammed_fixture_failures,0.20,0.00000,0.00000,0.00000,0.00000,0.77555
oracle_failure_strata,4,jammed_fixture_failures,0.30,0.00000,0.00000,0.00000,0.00000,0.77555
oracle_failure_strata,4,nominal_task_balance,0.05,0.66667,0.00000,0.00000,0.66667,0.04208
oracle_failure_strata,4,nominal_task_balance,0.10,1.00000,0.00000,0.00000,1.00000,0.04208
oracle_failure_strata,4,nominal_task_balance,0.15,1.00000,0.00000,0.00000,1.00000,0.04208
oracle_failure_strata,4,nominal_task_balance,0.20,1.00000,0.00000,0.00000,1.00000,0.04208
oracle_failure_strata,4,nominal_task_balance,0.30,1.00000,0.00000,0.00000,1.00000,0.04208
oracle_failure_strata,4,out_of_distribution_tail,0.05,0.00000,0.00000,0.00000,0.00000,0.70320
oracle_failure_strata,4,out_of_distribution_tail,0.10,0.00000,0.00000,0.00000,0.00000,0.70320
oracle_failure_strata,4,out_of_distribution_tail,0.15,0.00000,0.00000,0.00000,0.00000,0.70320
oracle_failure_strata,4,out_of_distribution_tail,0.20,0.00000,0.00000,0.00000,0.00000,0.70320
oracle_failure_strata,4,out_of_distribution_tail,0.30,0.00000,0.00000,0.00000,0.00000,0.70320
oracle_failure_strata,4,rare_mechanism_combo,0.05,0.00000,0.00000,0.00000,0.00000,0.53337
oracle_failure_strata,4,rare_mechanism_combo,0.10,0.00000,0.00000,0.00000,0.00000,0.53337
oracle_failure_strata,4,rare_mechanism_combo,0.15,0.00000,0.00000,0.00000,0.00000,0.53337
oracle_failure_strata,4,rare_mechanism_combo,0.20,0.00000,0.00000,0.00000,0.00000,0.53337
oracle_failure_strata,4,rare_mechanism_combo,0.30,0.00000,0.00000,0.05556,0.05556,0.53337
oracle_failure_strata,4,rare_slip_failures,0.05,0.16667,0.00000,0.00000,0.16667,0.13001
oracle_failure_strata,4,rare_slip_failures,0.10,0.44444,0.00000,0.00000,0.44444,0.13001
oracle_failure_strata,4,rare_slip_failures,0.15,0.66667,0.00000,0.00000,0.66667,0.13001
oracle_failure_strata,4,rare_slip_failures,0.20,0.83333,0.00000,0.00000,0.83333,0.13001
oracle_failure_strata,4,rare_slip_failures,0.30,0.94444,0.00000,0.05556,1.00000,0.13001
random_forest_failure_active,4,actuator_limit_failures,0.05,0.22222,0.00000,0.00000,0.22222,0.08575
random_forest_failure_active,4,actuator_limit_failures,0.10,0.72222,0.00000,0.00000,0.72222,0.08575
random_forest_failure_active,4,actuator_limit_failures,0.15,0.94444,0.00000,0.00000,0.94444,0.08575
random_forest_failure_active,4,actuator_limit_failures,0.20,1.00000,0.00000,0.00000,1.00000,0.08575
random_forest_failure_active,4,actuator_limit_failures,0.30,1.00000,0.00000,0.00000,1.00000,0.08575
random_forest_failure_active,4,combined_tail_stress,0.05,0.00000,0.00000,0.00000,0.00000,0.40052
random_forest_failure_active,4,combined_tail_stress,0.10,0.00000,0.00000,0.00000,0.00000,0.40052
random_forest_failure_active,4,combined_tail_stress,0.15,0.00000,0.00000,0.00000,0.00000,0.40052
random_forest_failure_active,4,combined_tail_stress,0.20,0.11111,0.00000,0.00000,0.11111,0.40052
random_forest_failure_active,4,combined_tail_stress,0.30,0.22222,0.05556,0.05556,0.27778,0.40052
random_forest_failure_active,4,compound_sensor_actuator_shift,0.05,0.11111,0.00000,0.05556,0.16667,0.11569
random_forest_failure_active,4,compound_sensor_actuator_shift,0.10,0.33333,0.00000,0.05556,0.38889,0.11569
random_forest_failure_active,4,compound_sensor_actuator_shift,0.15,0.66667,0.05556,0.11111,0.77778,0.11569
random_forest_failure_active,4,compound_sensor_actuator_shift,0.20,0.83333,0.05556,0.11111,0.94444,0.11569
random_forest_failure_active,4,compound_sensor_actuator_shift,0.30,0.88889,0.05556,0.11111,1.00000,0.11569
random_forest_failure_active,4,fixture_geometry_shift,0.05,0.00000,0.00000,0.00000,0.00000,0.94112
random_forest_failure_active,4,fixture_geometry_shift,0.10,0.00000,0.00000,0.00000,0.00000,0.94112
random_forest_failure_active,4,fixture_geometry_shift,0.15,0.00000,0.00000,0.00000,0.00000,0.94112
random_forest_failure_active,4,fixture_geometry_shift,0.20,0.00000,0.00000,0.00000,0.00000,0.94112
random_forest_failure_active,4,fixture_geometry_shift,0.30,0.00000,0.00000,0.00000,0.00000,0.94112
random_forest_failure_active,4,jammed_fixture_failures,0.05,0.00000,0.00000,0.00000,0.00000,0.84882
random_forest_failure_active,4,jammed_fixture_failures,0.10,0.00000,0.00000,0.00000,0.00000,0.84882
random_forest_failure_active,4,jammed_fixture_failures,0.15,0.00000,0.00000,0.00000,0.00000,0.84882
random_forest_failure_active,4,jammed_fixture_failures,0.20,0.00000,0.00000,0.00000,0.00000,0.84882
random_forest_failure_active,4,jammed_fixture_failures,0.30,0.00000,0.00000,0.00000,0.00000,0.84882
random_forest_failure_active,4,nominal_task_balance,0.05,0.88889,0.00000,0.00000,0.88889,0.03013
random_forest_failure_active,4,nominal_task_balance,0.10,1.00000,0.00000,0.00000,1.00000,0.03013
random_forest_failure_active,4,nominal_task_balance,0.15,1.00000,0.00000,0.00000,1.00000,0.03013
random_forest_failure_active,4,nominal_task_balance,0.20,1.00000,0.00000,0.00000,1.00000,0.03013
random_forest_failure_active,4,nominal_task_balance,0.30,1.00000,0.00000,0.00000,1.00000,0.03013
random_forest_failure_active,4,out_of_distribution_tail,0.05,0.00000,0.00000,0.00000,0.00000,0.80088
random_forest_failure_active,4,out_of_distribution_tail,0.10,0.00000,0.00000,0.00000,0.00000,0.80088
random_forest_failure_active,4,out_of_distribution_tail,0.15,0.00000,0.00000,0.00000,0.00000,0.80088
random_forest_failure_active,4,out_of_distribution_tail,0.20,0.00000,0.00000,0.00000,0.00000,0.80088
random_forest_failure_active,4,out_of_distribution_tail,0.30,0.00000,0.00000,0.00000,0.00000,0.80088
random_forest_failure_active,4,rare_mechanism_combo,0.05,0.00000,0.00000,0.00000,0.00000,0.48170
random_forest_failure_active,4,rare_mechanism_combo,0.10,0.00000,0.00000,0.00000,0.00000,0.48170
random_forest_failure_active,4,rare_mechanism_combo,0.15,0.00000,0.00000,0.00000,0.00000,0.48170
random_forest_failure_active,4,rare_mechanism_combo,0.20,0.00000,0.00000,0.00000,0.00000,0.48170
random_forest_failure_active,4,rare_mechanism_combo,0.30,0.11111,0.05556,0.11111,0.22222,0.48170
random_forest_failure_active,4,rare_slip_failures,0.05,0.61111,0.00000,0.00000,0.61111,0.05698
random_forest_failure_active,4,rare_slip_failures,0.10,0.83333,0.00000,0.05556,0.88889,0.05698
random_forest_failure_active,4,rare_slip_failures,0.15,0.94444,0.00000,0.05556,1.00000,0.05698
random_forest_failure_active,4,rare_slip_failures,0.20,0.94444,0.00000,0.05556,1.00000,0.05698
random_forest_failure_active,4,rare_slip_failures,0.30,0.94444,0.00000,0.05556,1.00000,0.05698
random_sampling,4,actuator_limit_failures,0.05,0.27778,0.00000,0.00000,0.27778,0.07114
random_sampling,4,actuator_limit_failures,0.10,0.77778,0.00000,0.00000,0.77778,0.07114
random_sampling,4,actuator_limit_failures,0.15,0.94444,0.00000,0.00000,0.94444,0.07114
random_sampling,4,actuator_limit_failures,0.20,1.00000,0.00000,0.00000,1.00000,0.07114
random_sampling,4,actuator_limit_failures,0.30,1.00000,0.00000,0.00000,1.00000,0.07114
random_sampling,4,combined_tail_stress,0.05,0.00000,0.00000,0.00000,0.00000,0.38685
random_sampling,4,combined_tail_stress,0.10,0.00000,0.00000,0.00000,0.00000,0.38685
random_sampling,4,combined_tail_stress,0.15,0.11111,0.00000,0.00000,0.11111,0.38685
random_sampling,4,combined_tail_stress,0.20,0.11111,0.00000,0.00000,0.11111,0.38685
random_sampling,4,combined_tail_stress,0.30,0.22222,0.05556,0.05556,0.27778,0.38685
random_sampling,4,compound_sensor_actuator_shift,0.05,0.00000,0.00000,0.00000,0.00000,0.16993
random_sampling,4,compound_sensor_actuator_shift,0.10,0.05556,0.00000,0.05556,0.11111,0.16993
random_sampling,4,compound_sensor_actuator_shift,0.15,0.38889,0.00000,0.05556,0.44444,0.16993
random_sampling,4,compound_sensor_actuator_shift,0.20,0.66667,0.05556,0.11111,0.77778,0.16993
random_sampling,4,compound_sensor_actuator_shift,0.30,0.83333,0.05556,0.11111,0.94444,0.16993
random_sampling,4,fixture_geometry_shift,0.05,0.00000,0.00000,0.00000,0.00000,0.92174
random_sampling,4,fixture_geometry_shift,0.10,0.00000,0.00000,0.00000,0.00000,0.92174
random_sampling,4,fixture_geometry_shift,0.15,0.00000,0.00000,0.00000,0.00000,0.92174
random_sampling,4,fixture_geometry_shift,0.20,0.00000,0.00000,0.00000,0.00000,0.92174
random_sampling,4,fixture_geometry_shift,0.30,0.00000,0.00000,0.00000,0.00000,0.92174
random_sampling,4,jammed_fixture_failures,0.05,0.00000,0.00000,0.00000,0.00000,0.75420
random_sampling,4,jammed_fixture_failures,0.10,0.00000,0.00000,0.00000,0.00000,0.75420
random_sampling,4,jammed_fixture_failures,0.15,0.00000,0.00000,0.00000,0.00000,0.75420
random_sampling,4,jammed_fixture_failures,0.20,0.00000,0.00000,0.00000,0.00000,0.75420
random_sampling,4,jammed_fixture_failures,0.30,0.00000,0.00000,0.00000,0.00000,0.75420
random_sampling,4,nominal_task_balance,0.05,0.94444,0.00000,0.00000,0.94444,0.02425
random_sampling,4,nominal_task_balance,0.10,1.00000,0.00000,0.00000,1.00000,0.02425
random_sampling,4,nominal_task_balance,0.15,1.00000,0.00000,0.00000,1.00000,0.02425
random_sampling,4,nominal_task_balance,0.20,1.00000,0.00000,0.00000,1.00000,0.02425
random_sampling,4,nominal_task_balance,0.30,1.00000,0.00000,0.00000,1.00000,0.02425
random_sampling,4,out_of_distribution_tail,0.05,0.00000,0.00000,0.00000,0.00000,0.69456
random_sampling,4,out_of_distribution_tail,0.10,0.00000,0.00000,0.00000,0.00000,0.69456
random_sampling,4,out_of_distribution_tail,0.15,0.00000,0.00000,0.00000,0.00000,0.69456
random_sampling,4,out_of_distribution_tail,0.20,0.00000,0.00000,0.00000,0.00000,0.69456
random_sampling,4,out_of_distribution_tail,0.30,0.00000,0.00000,0.00000,0.00000,0.69456
random_sampling,4,rare_mechanism_combo,0.05,0.00000,0.00000,0.00000,0.00000,0.52951
random_sampling,4,rare_mechanism_combo,0.10,0.00000,0.00000,0.00000,0.00000,0.52951
random_sampling,4,rare_mechanism_combo,0.15,0.00000,0.00000,0.00000,0.00000,0.52951
random_sampling,4,rare_mechanism_combo,0.20,0.00000,0.00000,0.00000,0.00000,0.52951
random_sampling,4,rare_mechanism_combo,0.30,0.00000,0.00000,0.05556,0.05556,0.52951
random_sampling,4,rare_slip_failures,0.05,0.55556,0.00000,0.00000,0.55556,0.06205
random_sampling,4,rare_slip_failures,0.10,0.83333,0.00000,0.00000,0.83333,0.06205
random_sampling,4,rare_slip_failures,0.15,0.94444,0.00000,0.05556,1.00000,0.06205
random_sampling,4,rare_slip_failures,0.20,0.94444,0.00000,0.05556,1.00000,0.06205
random_sampling,4,rare_slip_failures,0.30,0.94444,0.00000,0.05556,1.00000,0.06205
state_diversity_coreset,4,actuator_limit_failures,0.05,0.11111,0.00000,0.00000,0.11111,0.10172
state_diversity_coreset,4,actuator_limit_failures,0.10,0.55556,0.00000,0.00000,0.55556,0.10172
state_diversity_coreset,4,actuator_limit_failures,0.15,0.88889,0.00000,0.00000,0.88889,0.10172
state_diversity_coreset,4,actuator_limit_failures,0.20,1.00000,0.00000,0.00000,1.00000,0.10172
state_diversity_coreset,4,actuator_limit_failures,0.30,1.00000,0.00000,0.00000,1.00000,0.10172
state_diversity_coreset,4,combined_tail_stress,0.05,0.00000,0.00000,0.00000,0.00000,0.40539
state_diversity_coreset,4,combined_tail_stress,0.10,0.00000,0.00000,0.00000,0.00000,0.40539
state_diversity_coreset,4,combined_tail_stress,0.15,0.00000,0.00000,0.00000,0.00000,0.40539
state_diversity_coreset,4,combined_tail_stress,0.20,0.11111,0.00000,0.00000,0.11111,0.40539
state_diversity_coreset,4,combined_tail_stress,0.30,0.22222,0.00000,0.00000,0.22222,0.40539
state_diversity_coreset,4,compound_sensor_actuator_shift,0.05,0.00000,0.00000,0.00000,0.00000,0.23013
state_diversity_coreset,4,compound_sensor_actuator_shift,0.10,0.00000,0.00000,0.00000,0.00000,0.23013
state_diversity_coreset,4,compound_sensor_actuator_shift,0.15,0.05556,0.00000,0.11111,0.16667,0.23013
state_diversity_coreset,4,compound_sensor_actuator_shift,0.20,0.22222,0.00000,0.11111,0.33333,0.23013
state_diversity_coreset,4,compound_sensor_actuator_shift,0.30,0.61111,0.05556,0.16667,0.77778,0.23013
state_diversity_coreset,4,fixture_geometry_shift,0.05,0.00000,0.00000,0.00000,0.00000,0.89392
state_diversity_coreset,4,fixture_geometry_shift,0.10,0.00000,0.00000,0.00000,0.00000,0.89392
state_diversity_coreset,4,fixture_geometry_shift,0.15,0.00000,0.00000,0.00000,0.00000,0.89392
state_diversity_coreset,4,fixture_geometry_shift,0.20,0.00000,0.00000,0.00000,0.00000,0.89392
state_diversity_coreset,4,fixture_geometry_shift,0.30,0.00000,0.00000,0.00000,0.00000,0.89392
state_diversity_coreset,4,jammed_fixture_failures,0.05,0.00000,0.00000,0.00000,0.00000,0.74521
state_diversity_coreset,4,jammed_fixture_failures,0.10,0.00000,0.00000,0.00000,0.00000,0.74521
state_diversity_coreset,4,jammed_fixture_failures,0.15,0.00000,0.00000,0.00000,0.00000,0.74521
state_diversity_coreset,4,jammed_fixture_failures,0.20,0.00000,0.00000,0.00000,0.00000,0.74521
state_diversity_coreset,4,jammed_fixture_failures,0.30,0.00000,0.00000,0.00000,0.00000,0.74521
state_diversity_coreset,4,nominal_task_balance,0.05,0.88889,0.00000,0.00000,0.88889,0.03598
state_diversity_coreset,4,nominal_task_balance,0.10,1.00000,0.00000,0.00000,1.00000,0.03598
state_diversity_coreset,4,nominal_task_balance,0.15,1.00000,0.00000,0.00000,1.00000,0.03598
state_diversity_coreset,4,nominal_task_balance,0.20,1.00000,0.00000,0.00000,1.00000,0.03598
state_diversity_coreset,4,nominal_task_balance,0.30,1.00000,0.00000,0.00000,1.00000,0.03598
state_diversity_coreset,4,out_of_distribution_tail,0.05,0.00000,0.00000,0.00000,0.00000,0.71662
state_diversity_coreset,4,out_of_distribution_tail,0.10,0.00000,0.00000,0.00000,0.00000,0.71662
state_diversity_coreset,4,out_of_distribution_tail,0.15,0.00000,0.00000,0.00000,0.00000,0.71662
state_diversity_coreset,4,out_of_distribution_tail,0.20,0.00000,0.00000,0.00000,0.00000,0.71662
state_diversity_coreset,4,out_of_distribution_tail,0.30,0.00000,0.00000,0.00000,0.00000,0.71662
state_diversity_coreset,4,rare_mechanism_combo,0.05,0.00000,0.00000,0.00000,0.00000,0.57260
state_diversity_coreset,4,rare_mechanism_combo,0.10,0.00000,0.00000,0.00000,0.00000,0.57260
state_diversity_coreset,4,rare_mechanism_combo,0.15,0.00000,0.00000,0.00000,0.00000,0.57260
state_diversity_coreset,4,rare_mechanism_combo,0.20,0.00000,0.00000,0.00000,0.00000,0.57260
state_diversity_coreset,4,rare_mechanism_combo,0.30,0.00000,0.00000,0.00000,0.00000,0.57260
state_diversity_coreset,4,rare_slip_failures,0.05,0.16667,0.00000,0.00000,0.16667,0.10532
state_diversity_coreset,4,rare_slip_failures,0.10,0.55556,0.00000,0.05556,0.61111,0.10532
state_diversity_coreset,4,rare_slip_failures,0.15,0.77778,0.00000,0.05556,0.83333,0.10532
state_diversity_coreset,4,rare_slip_failures,0.20,0.88889,0.00000,0.05556,0.94444,0.10532
state_diversity_coreset,4,rare_slip_failures,0.30,0.88889,0.05556,0.11111,1.00000,0.10532
tail_risk_active_learning,4,actuator_limit_failures,0.05,0.27778,0.00000,0.00000,0.27778,0.06877
tail_risk_active_learning,4,actuator_limit_failures,0.10,0.83333,0.00000,0.00000,0.83333,0.06877
tail_risk_active_learning,4,actuator_limit_failures,0.15,1.00000,0.00000,0.00000,1.00000,0.06877
tail_risk_active_learning,4,actuator_limit_failures,0.20,1.00000,0.00000,0.00000,1.00000,0.06877
tail_risk_active_learning,4,actuator_limit_failures,0.30,1.00000,0.00000,0.00000,1.00000,0.06877
tail_risk_active_learning,4,combined_tail_stress,0.05,0.00000,0.00000,0.00000,0.00000,0.35162
tail_risk_active_learning,4,combined_tail_stress,0.10,0.00000,0.00000,0.00000,0.00000,0.35162
tail_risk_active_learning,4,combined_tail_stress,0.15,0.00000,0.00000,0.00000,0.00000,0.35162
tail_risk_active_learning,4,combined_tail_stress,0.20,0.11111,0.00000,0.00000,0.11111,0.35162
tail_risk_active_learning,4,combined_tail_stress,0.30,0.33333,0.05556,0.05556,0.38889,0.35162
tail_risk_active_learning,4,compound_sensor_actuator_shift,0.05,0.00000,0.00000,0.00000,0.00000,0.11197
tail_risk_active_learning,4,compound_sensor_actuator_shift,0.10,0.33333,0.00000,0.05556,0.38889,0.11197
tail_risk_active_learning,4,compound_sensor_actuator_shift,0.15,0.66667,0.05556,0.11111,0.77778,0.11197
tail_risk_active_learning,4,compound_sensor_actuator_shift,0.20,0.83333,0.05556,0.11111,0.94444,0.11197
tail_risk_active_learning,4,compound_sensor_actuator_shift,0.30,0.88889,0.05556,0.11111,1.00000,0.11197
tail_risk_active_learning,4,fixture_geometry_shift,0.05,0.00000,0.00000,0.00000,0.00000,0.89427
tail_risk_active_learning,4,fixture_geometry_shift,0.10,0.00000,0.00000,0.00000,0.00000,0.89427
tail_risk_active_learning,4,fixture_geometry_shift,0.15,0.00000,0.00000,0.00000,0.00000,0.89427
tail_risk_active_learning,4,fixture_geometry_shift,0.20,0.00000,0.00000,0.00000,0.00000,0.89427
tail_risk_active_learning,4,fixture_geometry_shift,0.30,0.00000,0.00000,0.00000,0.00000,0.89427
tail_risk_active_learning,4,jammed_fixture_failures,0.05,0.00000,0.00000,0.00000,0.00000,0.65884
tail_risk_active_learning,4,jammed_fixture_failures,0.10,0.00000,0.00000,0.00000,0.00000,0.65884
tail_risk_active_learning,4,jammed_fixture_failures,0.15,0.00000,0.00000,0.00000,0.00000,0.65884
tail_risk_active_learning,4,jammed_fixture_failures,0.20,0.00000,0.00000,0.00000,0.00000,0.65884
tail_risk_active_learning,4,jammed_fixture_failures,0.30,0.00000,0.00000,0.00000,0.00000,0.65884
tail_risk_active_learning,4,nominal_task_balance,0.05,0.94444,0.00000,0.00000,0.94444,0.02075
tail_risk_active_learning,4,nominal_task_balance,0.10,1.00000,0.00000,0.00000,1.00000,0.02075
tail_risk_active_learning,4,nominal_task_balance,0.15,1.00000,0.00000,0.00000,1.00000,0.02075
tail_risk_active_learning,4,nominal_task_balance,0.20,1.00000,0.00000,0.00000,1.00000,0.02075
tail_risk_active_learning,4,nominal_task_balance,0.30,1.00000,0.00000,0.00000,1.00000,0.02075
tail_risk_active_learning,4,out_of_distribution_tail,0.05,0.00000,0.00000,0.00000,0.00000,0.51776
tail_risk_active_learning,4,out_of_distribution_tail,0.10,0.00000,0.00000,0.00000,0.00000,0.51776
tail_risk_active_learning,4,out_of_distribution_tail,0.15,0.00000,0.00000,0.00000,0.00000,0.51776
tail_risk_active_learning,4,out_of_distribution_tail,0.20,0.00000,0.00000,0.00000,0.00000,0.51776
tail_risk_active_learning,4,out_of_distribution_tail,0.30,0.00000,0.00000,0.05556,0.05556,0.51776
tail_risk_active_learning,4,rare_mechanism_combo,0.05,0.00000,0.00000,0.00000,0.00000,0.48343
tail_risk_active_learning,4,rare_mechanism_combo,0.10,0.00000,0.00000,0.00000,0.00000,0.48343
tail_risk_active_learning,4,rare_mechanism_combo,0.15,0.00000,0.00000,0.00000,0.00000,0.48343
tail_risk_active_learning,4,rare_mechanism_combo,0.20,0.00000,0.00000,0.00000,0.00000,0.48343
tail_risk_active_learning,4,rare_mechanism_combo,0.30,0.00000,0.00000,0.05556,0.05556,0.48343
tail_risk_active_learning,4,rare_slip_failures,0.05,0.55556,0.00000,0.00000,0.55556,0.05898
tail_risk_active_learning,4,rare_slip_failures,0.10,0.83333,0.00000,0.00000,0.83333,0.05898
tail_risk_active_learning,4,rare_slip_failures,0.15,0.94444,0.00000,0.05556,1.00000,0.05898
tail_risk_active_learning,4,rare_slip_failures,0.20,0.94444,0.00000,0.05556,1.00000,0.05898
tail_risk_active_learning,4,rare_slip_failures,0.30,0.94444,0.00000,0.05556,1.00000,0.05898
task_label_stratification,4,actuator_limit_failures,0.05,0.22222,0.00000,0.00000,0.22222,0.07676
task_label_stratification,4,actuator_limit_failures,0.10,0.72222,0.00000,0.00000,0.72222,0.07676
task_label_stratification,4,actuator_limit_failures,0.15,1.00000,0.00000,0.00000,1.00000,0.07676
task_label_stratification,4,actuator_limit_failures,0.20,1.00000,0.00000,0.00000,1.00000,0.07676
task_label_stratification,4,actuator_limit_failures,0.30,1.00000,0.00000,0.00000,1.00000,0.07676
task_label_stratification,4,combined_tail_stress,0.05,0.00000,0.00000,0.00000,0.00000,0.38804
task_label_stratification,4,combined_tail_stress,0.10,0.00000,0.00000,0.00000,0.00000,0.38804
task_label_stratification,4,combined_tail_stress,0.15,0.00000,0.00000,0.00000,0.00000,0.38804
task_label_stratification,4,combined_tail_stress,0.20,0.11111,0.00000,0.00000,0.11111,0.38804
task_label_stratification,4,combined_tail_stress,0.30,0.22222,0.05556,0.05556,0.27778,0.38804
task_label_stratification,4,compound_sensor_actuator_shift,0.05,0.00000,0.00000,0.00000,0.00000,0.17330
task_label_stratification,4,compound_sensor_actuator_shift,0.10,0.11111,0.00000,0.05556,0.16667,0.17330
task_label_stratification,4,compound_sensor_actuator_shift,0.15,0.33333,0.00000,0.05556,0.38889,0.17330
task_label_stratification,4,compound_sensor_actuator_shift,0.20,0.61111,0.05556,0.11111,0.72222,0.17330
task_label_stratification,4,compound_sensor_actuator_shift,0.30,0.83333,0.05556,0.11111,0.94444,0.17330
task_label_stratification,4,fixture_geometry_shift,0.05,0.00000,0.00000,0.00000,0.00000,0.91670
task_label_stratification,4,fixture_geometry_shift,0.10,0.00000,0.00000,0.00000,0.00000,0.91670
task_label_stratification,4,fixture_geometry_shift,0.15,0.00000,0.00000,0.00000,0.00000,0.91670
task_label_stratification,4,fixture_geometry_shift,0.20,0.00000,0.00000,0.00000,0.00000,0.91670
task_label_stratification,4,fixture_geometry_shift,0.30,0.00000,0.00000,0.00000,0.00000,0.91670
task_label_stratification,4,jammed_fixture_failures,0.05,0.00000,0.00000,0.00000,0.00000,0.75634
task_label_stratification,4,jammed_fixture_failures,0.10,0.00000,0.00000,0.00000,0.00000,0.75634
task_label_stratification,4,jammed_fixture_failures,0.15,0.00000,0.00000,0.00000,0.00000,0.75634
task_label_stratification,4,jammed_fixture_failures,0.20,0.00000,0.00000,0.00000,0.00000,0.75634
task_label_stratification,4,jammed_fixture_failures,0.30,0.00000,0.00000,0.00000,0.00000,0.75634
task_label_stratification,4,nominal_task_balance,0.05,0.94444,0.00000,0.00000,0.94444,0.02565
task_label_stratification,4,nominal_task_balance,0.10,1.00000,0.00000,0.00000,1.00000,0.02565
task_label_stratification,4,nominal_task_balance,0.15,1.00000,0.00000,0.00000,1.00000,0.02565
task_label_stratification,4,nominal_task_balance,0.20,1.00000,0.00000,0.00000,1.00000,0.02565
task_label_stratification,4,nominal_task_balance,0.30,1.00000,0.00000,0.00000,1.00000,0.02565
task_label_stratification,4,out_of_distribution_tail,0.05,0.00000,0.00000,0.00000,0.00000,0.71472
task_label_stratification,4,out_of_distribution_tail,0.10,0.00000,0.00000,0.00000,0.00000,0.71472
task_label_stratification,4,out_of_distribution_tail,0.15,0.00000,0.00000,0.00000,0.00000,0.71472
task_label_stratification,4,out_of_distribution_tail,0.20,0.00000,0.00000,0.00000,0.00000,0.71472
task_label_stratification,4,out_of_distribution_tail,0.30,0.00000,0.00000,0.00000,0.00000,0.71472
task_label_stratification,4,rare_mechanism_combo,0.05,0.00000,0.00000,0.00000,0.00000,0.54044
task_label_stratification,4,rare_mechanism_combo,0.10,0.00000,0.00000,0.00000,0.00000,0.54044
task_label_stratification,4,rare_mechanism_combo,0.15,0.00000,0.00000,0.00000,0.00000,0.54044
task_label_stratification,4,rare_mechanism_combo,0.20,0.00000,0.00000,0.00000,0.00000,0.54044
task_label_stratification,4,rare_mechanism_combo,0.30,0.00000,0.00000,0.05556,0.05556,0.54044
task_label_stratification,4,rare_slip_failures,0.05,0.33333,0.00000,0.00000,0.33333,0.06913
task_label_stratification,4,rare_slip_failures,0.10,0.83333,0.00000,0.00000,0.83333,0.06913
task_label_stratification,4,rare_slip_failures,0.15,0.88889,0.00000,0.05556,0.94444,0.06913
task_label_stratification,4,rare_slip_failures,0.20,0.94444,0.00000,0.05556,1.00000,0.06913
task_label_stratification,4,rare_slip_failures,0.30,0.94444,0.00000,0.05556,1.00000,0.06913
uncertainty_sampling,4,actuator_limit_failures,0.05,0.11111,0.00000,0.00000,0.11111,0.09236
uncertainty_sampling,4,actuator_limit_failures,0.10,0.55556,0.00000,0.00000,0.55556,0.09236
uncertainty_sampling,4,actuator_limit_failures,0.15,0.94444,0.00000,0.00000,0.94444,0.09236
uncertainty_sampling,4,actuator_limit_failures,0.20,1.00000,0.00000,0.00000,1.00000,0.09236
uncertainty_sampling,4,actuator_limit_failures,0.30,1.00000,0.00000,0.00000,1.00000,0.09236
uncertainty_sampling,4,combined_tail_stress,0.05,0.00000,0.00000,0.00000,0.00000,0.35886
uncertainty_sampling,4,combined_tail_stress,0.10,0.00000,0.00000,0.00000,0.00000,0.35886
uncertainty_sampling,4,combined_tail_stress,0.15,0.05556,0.00000,0.00000,0.05556,0.35886
uncertainty_sampling,4,combined_tail_stress,0.20,0.11111,0.00000,0.00000,0.11111,0.35886
uncertainty_sampling,4,combined_tail_stress,0.30,0.22222,0.05556,0.05556,0.27778,0.35886
uncertainty_sampling,4,compound_sensor_actuator_shift,0.05,0.00000,0.00000,0.00000,0.00000,0.16245
uncertainty_sampling,4,compound_sensor_actuator_shift,0.10,0.11111,0.00000,0.05556,0.16667,0.16245
uncertainty_sampling,4,compound_sensor_actuator_shift,0.15,0.38889,0.00000,0.05556,0.44444,0.16245
uncertainty_sampling,4,compound_sensor_actuator_shift,0.20,0.66667,0.05556,0.11111,0.77778,0.16245
uncertainty_sampling,4,compound_sensor_actuator_shift,0.30,0.88889,0.05556,0.11111,1.00000,0.16245
uncertainty_sampling,4,fixture_geometry_shift,0.05,0.00000,0.00000,0.00000,0.00000,0.91645
uncertainty_sampling,4,fixture_geometry_shift,0.10,0.00000,0.00000,0.00000,0.00000,0.91645
uncertainty_sampling,4,fixture_geometry_shift,0.15,0.00000,0.00000,0.00000,0.00000,0.91645
uncertainty_sampling,4,fixture_geometry_shift,0.20,0.00000,0.00000,0.00000,0.00000,0.91645
uncertainty_sampling,4,fixture_geometry_shift,0.30,0.00000,0.00000,0.00000,0.00000,0.91645
uncertainty_sampling,4,jammed_fixture_failures,0.05,0.00000,0.00000,0.00000,0.00000,0.75277
uncertainty_sampling,4,jammed_fixture_failures,0.10,0.00000,0.00000,0.00000,0.00000,0.75277
uncertainty_sampling,4,jammed_fixture_failures,0.15,0.00000,0.00000,0.00000,0.00000,0.75277
uncertainty_sampling,4,jammed_fixture_failures,0.20,0.00000,0.00000,0.00000,0.00000,0.75277
uncertainty_sampling,4,jammed_fixture_failures,0.30,0.00000,0.00000,0.00000,0.00000,0.75277
uncertainty_sampling,4,nominal_task_balance,0.05,0.94444,0.00000,0.00000,0.94444,0.02399
uncertainty_sampling,4,nominal_task_balance,0.10,1.00000,0.00000,0.00000,1.00000,0.02399
uncertainty_sampling,4,nominal_task_balance,0.15,1.00000,0.00000,0.00000,1.00000,0.02399
uncertainty_sampling,4,nominal_task_balance,0.20,1.00000,0.00000,0.00000,1.00000,0.02399
uncertainty_sampling,4,nominal_task_balance,0.30,1.00000,0.00000,0.00000,1.00000,0.02399
uncertainty_sampling,4,out_of_distribution_tail,0.05,0.00000,0.00000,0.00000,0.00000,0.78115
uncertainty_sampling,4,out_of_distribution_tail,0.10,0.00000,0.00000,0.00000,0.00000,0.78115
uncertainty_sampling,4,out_of_distribution_tail,0.15,0.00000,0.00000,0.00000,0.00000,0.78115
uncertainty_sampling,4,out_of_distribution_tail,0.20,0.00000,0.00000,0.00000,0.00000,0.78115
uncertainty_sampling,4,out_of_distribution_tail,0.30,0.00000,0.00000,0.00000,0.00000,0.78115
uncertainty_sampling,4,rare_mechanism_combo,0.05,0.00000,0.00000,0.00000,0.00000,0.57987
uncertainty_sampling,4,rare_mechanism_combo,0.10,0.00000,0.00000,0.00000,0.00000,0.57987
uncertainty_sampling,4,rare_mechanism_combo,0.15,0.00000,0.00000,0.00000,0.00000,0.57987
uncertainty_sampling,4,rare_mechanism_combo,0.20,0.00000,0.00000,0.00000,0.00000,0.57987
uncertainty_sampling,4,rare_mechanism_combo,0.30,0.00000,0.00000,0.00000,0.00000,0.57987
uncertainty_sampling,4,rare_slip_failures,0.05,0.22222,0.00000,0.00000,0.22222,0.07184
uncertainty_sampling,4,rare_slip_failures,0.10,0.77778,0.00000,0.00000,0.77778,0.07184
uncertainty_sampling,4,rare_slip_failures,0.15,0.94444,0.00000,0.00000,0.94444,0.07184
uncertainty_sampling,4,rare_slip_failures,0.20,0.94444,0.00000,0.05556,1.00000,0.07184
uncertainty_sampling,4,rare_slip_failures,0.30,0.94444,0.00000,0.05556,1.00000,0.07184
balanced_failure_replay,5,actuator_limit_failures,0.05,0.55556,0.00000,0.00000,0.55556,0.05936
balanced_failure_replay,5,actuator_limit_failures,0.10,0.83333,0.00000,0.00000,0.83333,0.05936
balanced_failure_replay,5,actuator_limit_failures,0.15,0.94444,0.00000,0.00000,0.94444,0.05936
balanced_failure_replay,5,actuator_limit_failures,0.20,1.00000,0.00000,0.00000,1.00000,0.05936
balanced_failure_replay,5,actuator_limit_failures,0.30,1.00000,0.00000,0.00000,1.00000,0.05936
balanced_failure_replay,5,combined_tail_stress,0.05,0.00000,0.00000,0.00000,0.00000,0.57068
balanced_failure_replay,5,combined_tail_stress,0.10,0.00000,0.00000,0.00000,0.00000,0.57068
balanced_failure_replay,5,combined_tail_stress,0.15,0.00000,0.00000,0.00000,0.00000,0.57068
balanced_failure_replay,5,combined_tail_stress,0.20,0.00000,0.00000,0.00000,0.00000,0.57068
balanced_failure_replay,5,combined_tail_stress,0.30,0.00000,0.00000,0.00000,0.00000,0.57068
balanced_failure_replay,5,compound_sensor_actuator_shift,0.05,0.00000,0.05556,0.11111,0.11111,0.12273
balanced_failure_replay,5,compound_sensor_actuator_shift,0.10,0.11111,0.16667,0.27778,0.38889,0.12273
balanced_failure_replay,5,compound_sensor_actuator_shift,0.15,0.50000,0.22222,0.33333,0.83333,0.12273
balanced_failure_replay,5,compound_sensor_actuator_shift,0.20,0.55556,0.22222,0.33333,0.88889,0.12273
balanced_failure_replay,5,compound_sensor_actuator_shift,0.30,0.66667,0.22222,0.33333,1.00000,0.12273
balanced_failure_replay,5,fixture_geometry_shift,0.05,0.00000,0.00000,0.00000,0.00000,0.95117
balanced_failure_replay,5,fixture_geometry_shift,0.10,0.00000,0.00000,0.00000,0.00000,0.95117
balanced_failure_replay,5,fixture_geometry_shift,0.15,0.00000,0.00000,0.00000,0.00000,0.95117
balanced_failure_replay,5,fixture_geometry_shift,0.20,0.00000,0.00000,0.00000,0.00000,0.95117
balanced_failure_replay,5,fixture_geometry_shift,0.30,0.00000,0.00000,0.00000,0.00000,0.95117
balanced_failure_replay,5,jammed_fixture_failures,0.05,0.00000,0.00000,0.00000,0.00000,0.69451
balanced_failure_replay,5,jammed_fixture_failures,0.10,0.00000,0.00000,0.00000,0.00000,0.69451
balanced_failure_replay,5,jammed_fixture_failures,0.15,0.00000,0.00000,0.00000,0.00000,0.69451
balanced_failure_replay,5,jammed_fixture_failures,0.20,0.00000,0.00000,0.00000,0.00000,0.69451
balanced_failure_replay,5,jammed_fixture_failures,0.30,0.00000,0.00000,0.00000,0.00000,0.69451
balanced_failure_replay,5,nominal_task_balance,0.05,1.00000,0.00000,0.00000,1.00000,0.00503
balanced_failure_replay,5,nominal_task_balance,0.10,1.00000,0.00000,0.00000,1.00000,0.00503
balanced_failure_replay,5,nominal_task_balance,0.15,1.00000,0.00000,0.00000,1.00000,0.00503
balanced_failure_replay,5,nominal_task_balance,0.20,1.00000,0.00000,0.00000,1.00000,0.00503
balanced_failure_replay,5,nominal_task_balance,0.30,1.00000,0.00000,0.00000,1.00000,0.00503
balanced_failure_replay,5,out_of_distribution_tail,0.05,0.00000,0.00000,0.00000,0.00000,0.79740
balanced_failure_replay,5,out_of_distribution_tail,0.10,0.00000,0.00000,0.00000,0.00000,0.79740
balanced_failure_replay,5,out_of_distribution_tail,0.15,0.00000,0.00000,0.00000,0.00000,0.79740
balanced_failure_replay,5,out_of_distribution_tail,0.20,0.00000,0.00000,0.00000,0.00000,0.79740
balanced_failure_replay,5,out_of_distribution_tail,0.30,0.00000,0.00000,0.00000,0.00000,0.79740
balanced_failure_replay,5,rare_mechanism_combo,0.05,0.00000,0.00000,0.00000,0.00000,0.49146
balanced_failure_replay,5,rare_mechanism_combo,0.10,0.00000,0.00000,0.00000,0.00000,0.49146
balanced_failure_replay,5,rare_mechanism_combo,0.15,0.00000,0.00000,0.00000,0.00000,0.49146
balanced_failure_replay,5,rare_mechanism_combo,0.20,0.05556,0.00000,0.00000,0.05556,0.49146
balanced_failure_replay,5,rare_mechanism_combo,0.30,0.05556,0.00000,0.00000,0.05556,0.49146
balanced_failure_replay,5,rare_slip_failures,0.05,0.50000,0.00000,0.05556,0.55556,0.07010
balanced_failure_replay,5,rare_slip_failures,0.10,0.72222,0.00000,0.05556,0.77778,0.07010
balanced_failure_replay,5,rare_slip_failures,0.15,0.83333,0.00000,0.05556,0.88889,0.07010
balanced_failure_replay,5,rare_slip_failures,0.20,0.83333,0.00000,0.11111,0.94444,0.07010
balanced_failure_replay,5,rare_slip_failures,0.30,0.88889,0.00000,0.11111,1.00000,0.07010
calibrated_failure_risk,5,actuator_limit_failures,0.05,0.61111,0.00000,0.00000,0.61111,0.05498
calibrated_failure_risk,5,actuator_limit_failures,0.10,0.83333,0.00000,0.00000,0.83333,0.05498
calibrated_failure_risk,5,actuator_limit_failures,0.15,1.00000,0.00000,0.00000,1.00000,0.05498
calibrated_failure_risk,5,actuator_limit_failures,0.20,1.00000,0.00000,0.00000,1.00000,0.05498
calibrated_failure_risk,5,actuator_limit_failures,0.30,1.00000,0.00000,0.00000,1.00000,0.05498
calibrated_failure_risk,5,combined_tail_stress,0.05,0.00000,0.00000,0.00000,0.00000,0.54246
calibrated_failure_risk,5,combined_tail_stress,0.10,0.00000,0.00000,0.00000,0.00000,0.54246
calibrated_failure_risk,5,combined_tail_stress,0.15,0.00000,0.00000,0.00000,0.00000,0.54246
calibrated_failure_risk,5,combined_tail_stress,0.20,0.00000,0.00000,0.00000,0.00000,0.54246
calibrated_failure_risk,5,combined_tail_stress,0.30,0.05556,0.00000,0.00000,0.05556,0.54246
calibrated_failure_risk,5,compound_sensor_actuator_shift,0.05,0.00000,0.00000,0.05556,0.05556,0.11881
calibrated_failure_risk,5,compound_sensor_actuator_shift,0.10,0.11111,0.16667,0.27778,0.38889,0.11881
calibrated_failure_risk,5,compound_sensor_actuator_shift,0.15,0.50000,0.22222,0.33333,0.83333,0.11881
calibrated_failure_risk,5,compound_sensor_actuator_shift,0.20,0.55556,0.22222,0.33333,0.88889,0.11881
calibrated_failure_risk,5,compound_sensor_actuator_shift,0.30,0.66667,0.22222,0.33333,1.00000,0.11881
calibrated_failure_risk,5,fixture_geometry_shift,0.05,0.00000,0.00000,0.00000,0.00000,0.88519
calibrated_failure_risk,5,fixture_geometry_shift,0.10,0.00000,0.00000,0.00000,0.00000,0.88519
calibrated_failure_risk,5,fixture_geometry_shift,0.15,0.00000,0.00000,0.00000,0.00000,0.88519
calibrated_failure_risk,5,fixture_geometry_shift,0.20,0.00000,0.00000,0.00000,0.00000,0.88519
calibrated_failure_risk,5,fixture_geometry_shift,0.30,0.00000,0.00000,0.00000,0.00000,0.88519
calibrated_failure_risk,5,jammed_fixture_failures,0.05,0.00000,0.00000,0.00000,0.00000,0.66348
calibrated_failure_risk,5,jammed_fixture_failures,0.10,0.00000,0.00000,0.00000,0.00000,0.66348
calibrated_failure_risk,5,jammed_fixture_failures,0.15,0.00000,0.00000,0.00000,0.00000,0.66348
calibrated_failure_risk,5,jammed_fixture_failures,0.20,0.00000,0.00000,0.00000,0.00000,0.66348
calibrated_failure_risk,5,jammed_fixture_failures,0.30,0.00000,0.00000,0.00000,0.00000,0.66348
calibrated_failure_risk,5,nominal_task_balance,0.05,1.00000,0.00000,0.00000,1.00000,0.00674
calibrated_failure_risk,5,nominal_task_balance,0.10,1.00000,0.00000,0.00000,1.00000,0.00674
calibrated_failure_risk,5,nominal_task_balance,0.15,1.00000,0.00000,0.00000,1.00000,0.00674
calibrated_failure_risk,5,nominal_task_balance,0.20,1.00000,0.00000,0.00000,1.00000,0.00674
calibrated_failure_risk,5,nominal_task_balance,0.30,1.00000,0.00000,0.00000,1.00000,0.00674
calibrated_failure_risk,5,out_of_distribution_tail,0.05,0.00000,0.00000,0.00000,0.00000,0.64535
calibrated_failure_risk,5,out_of_distribution_tail,0.10,0.00000,0.00000,0.00000,0.00000,0.64535
calibrated_failure_risk,5,out_of_distribution_tail,0.15,0.00000,0.00000,0.00000,0.00000,0.64535
calibrated_failure_risk,5,out_of_distribution_tail,0.20,0.00000,0.00000,0.00000,0.00000,0.64535
calibrated_failure_risk,5,out_of_distribution_tail,0.30,0.00000,0.00000,0.00000,0.00000,0.64535
calibrated_failure_risk,5,rare_mechanism_combo,0.05,0.00000,0.00000,0.00000,0.00000,0.41359
calibrated_failure_risk,5,rare_mechanism_combo,0.10,0.00000,0.00000,0.00000,0.00000,0.41359
calibrated_failure_risk,5,rare_mechanism_combo,0.15,0.00000,0.00000,0.00000,0.00000,0.41359
calibrated_failure_risk,5,rare_mechanism_combo,0.20,0.05556,0.00000,0.00000,0.05556,0.41359
calibrated_failure_risk,5,rare_mechanism_combo,0.30,0.16667,0.00000,0.00000,0.16667,0.41359
calibrated_failure_risk,5,rare_slip_failures,0.05,0.38889,0.00000,0.05556,0.44444,0.07814
calibrated_failure_risk,5,rare_slip_failures,0.10,0.72222,0.00000,0.05556,0.77778,0.07814
calibrated_failure_risk,5,rare_slip_failures,0.15,0.83333,0.00000,0.11111,0.94444,0.07814
calibrated_failure_risk,5,rare_slip_failures,0.20,0.83333,0.00000,0.11111,0.94444,0.07814
calibrated_failure_risk,5,rare_slip_failures,0.30,0.88889,0.00000,0.11111,1.00000,0.07814
failure_prediction_active_learning,5,actuator_limit_failures,0.05,0.61111,0.00000,0.00000,0.61111,0.05548
failure_prediction_active_learning,5,actuator_limit_failures,0.10,0.83333,0.00000,0.00000,0.83333,0.05548
failure_prediction_active_learning,5,actuator_limit_failures,0.15,1.00000,0.00000,0.00000,1.00000,0.05548
failure_prediction_active_learning,5,actuator_limit_failures,0.20,1.00000,0.00000,0.00000,1.00000,0.05548
failure_prediction_active_learning,5,actuator_limit_failures,0.30,1.00000,0.00000,0.00000,1.00000,0.05548
failure_prediction_active_learning,5,combined_tail_stress,0.05,0.00000,0.00000,0.00000,0.00000,0.54187
failure_prediction_active_learning,5,combined_tail_stress,0.10,0.00000,0.00000,0.00000,0.00000,0.54187
failure_prediction_active_learning,5,combined_tail_stress,0.15,0.00000,0.00000,0.00000,0.00000,0.54187
failure_prediction_active_learning,5,combined_tail_stress,0.20,0.00000,0.00000,0.00000,0.00000,0.54187
failure_prediction_active_learning,5,combined_tail_stress,0.30,0.05556,0.00000,0.00000,0.05556,0.54187
failure_prediction_active_learning,5,compound_sensor_actuator_shift,0.05,0.00000,0.00000,0.05556,0.05556,0.11918
failure_prediction_active_learning,5,compound_sensor_actuator_shift,0.10,0.11111,0.16667,0.27778,0.38889,0.11918
failure_prediction_active_learning,5,compound_sensor_actuator_shift,0.15,0.50000,0.22222,0.33333,0.83333,0.11918
failure_prediction_active_learning,5,compound_sensor_actuator_shift,0.20,0.55556,0.22222,0.33333,0.88889,0.11918
failure_prediction_active_learning,5,compound_sensor_actuator_shift,0.30,0.66667,0.22222,0.33333,1.00000,0.11918
failure_prediction_active_learning,5,fixture_geometry_shift,0.05,0.00000,0.00000,0.00000,0.00000,0.88837
failure_prediction_active_learning,5,fixture_geometry_shift,0.10,0.00000,0.00000,0.00000,0.00000,0.88837
failure_prediction_active_learning,5,fixture_geometry_shift,0.15,0.00000,0.00000,0.00000,0.00000,0.88837
failure_prediction_active_learning,5,fixture_geometry_shift,0.20,0.00000,0.00000,0.00000,0.00000,0.88837
failure_prediction_active_learning,5,fixture_geometry_shift,0.30,0.00000,0.00000,0.00000,0.00000,0.88837
failure_prediction_active_learning,5,jammed_fixture_failures,0.05,0.00000,0.00000,0.00000,0.00000,0.66552
failure_prediction_active_learning,5,jammed_fixture_failures,0.10,0.00000,0.00000,0.00000,0.00000,0.66552
failure_prediction_active_learning,5,jammed_fixture_failures,0.15,0.00000,0.00000,0.00000,0.00000,0.66552
failure_prediction_active_learning,5,jammed_fixture_failures,0.20,0.00000,0.00000,0.00000,0.00000,0.66552
failure_prediction_active_learning,5,jammed_fixture_failures,0.30,0.00000,0.00000,0.00000,0.00000,0.66552
failure_prediction_active_learning,5,nominal_task_balance,0.05,1.00000,0.00000,0.00000,1.00000,0.00686
failure_prediction_active_learning,5,nominal_task_balance,0.10,1.00000,0.00000,0.00000,1.00000,0.00686
failure_prediction_active_learning,5,nominal_task_balance,0.15,1.00000,0.00000,0.00000,1.00000,0.00686
failure_prediction_active_learning,5,nominal_task_balance,0.20,1.00000,0.00000,0.00000,1.00000,0.00686
failure_prediction_active_learning,5,nominal_task_balance,0.30,1.00000,0.00000,0.00000,1.00000,0.00686
failure_prediction_active_learning,5,out_of_distribution_tail,0.05,0.00000,0.00000,0.00000,0.00000,0.64307
failure_prediction_active_learning,5,out_of_distribution_tail,0.10,0.00000,0.00000,0.00000,0.00000,0.64307
failure_prediction_active_learning,5,out_of_distribution_tail,0.15,0.00000,0.00000,0.00000,0.00000,0.64307
failure_prediction_active_learning,5,out_of_distribution_tail,0.20,0.00000,0.00000,0.00000,0.00000,0.64307
failure_prediction_active_learning,5,out_of_distribution_tail,0.30,0.00000,0.00000,0.00000,0.00000,0.64307
failure_prediction_active_learning,5,rare_mechanism_combo,0.05,0.00000,0.00000,0.00000,0.00000,0.41203
failure_prediction_active_learning,5,rare_mechanism_combo,0.10,0.00000,0.00000,0.00000,0.00000,0.41203
failure_prediction_active_learning,5,rare_mechanism_combo,0.15,0.00000,0.00000,0.00000,0.00000,0.41203
failure_prediction_active_learning,5,rare_mechanism_combo,0.20,0.05556,0.00000,0.00000,0.05556,0.41203
failure_prediction_active_learning,5,rare_mechanism_combo,0.30,0.16667,0.00000,0.00000,0.16667,0.41203
failure_prediction_active_learning,5,rare_slip_failures,0.05,0.38889,0.00000,0.05556,0.44444,0.07826
failure_prediction_active_learning,5,rare_slip_failures,0.10,0.72222,0.00000,0.05556,0.77778,0.07826
failure_prediction_active_learning,5,rare_slip_failures,0.15,0.83333,0.00000,0.11111,0.94444,0.07826
failure_prediction_active_learning,5,rare_slip_failures,0.20,0.83333,0.00000,0.11111,0.94444,0.07826
failure_prediction_active_learning,5,rare_slip_failures,0.30,0.88889,0.00000,0.11111,1.00000,0.07826
failure_stratified_engine,5,actuator_limit_failures,0.05,0.50000,0.00000,0.05556,0.55556,0.05782
failure_stratified_engine,5,actuator_limit_failures,0.10,0.83333,0.00000,0.05556,0.88889,0.05782
failure_stratified_engine,5,actuator_limit_failures,0.15,0.94444,0.00000,0.05556,1.00000,0.05782
failure_stratified_engine,5,actuator_limit_failures,0.20,0.94444,0.00000,0.05556,1.00000,0.05782
failure_stratified_engine,5,actuator_limit_failures,0.30,0.94444,0.00000,0.05556,1.00000,0.05782
failure_stratified_engine,5,combined_tail_stress,0.05,0.00000,0.00000,0.00000,0.00000,0.71049
failure_stratified_engine,5,combined_tail_stress,0.10,0.00000,0.00000,0.00000,0.00000,0.71049
failure_stratified_engine,5,combined_tail_stress,0.15,0.00000,0.00000,0.00000,0.00000,0.71049
failure_stratified_engine,5,combined_tail_stress,0.20,0.00000,0.00000,0.00000,0.00000,0.71049
failure_stratified_engine,5,combined_tail_stress,0.30,0.00000,0.00000,0.00000,0.00000,0.71049
failure_stratified_engine,5,compound_sensor_actuator_shift,0.05,0.00000,0.00000,0.00000,0.00000,0.12862
failure_stratified_engine,5,compound_sensor_actuator_shift,0.10,0.11111,0.16667,0.22222,0.33333,0.12862
failure_stratified_engine,5,compound_sensor_actuator_shift,0.15,0.27778,0.33333,0.38889,0.66667,0.12862
failure_stratified_engine,5,compound_sensor_actuator_shift,0.20,0.50000,0.33333,0.38889,0.88889,0.12862
failure_stratified_engine,5,compound_sensor_actuator_shift,0.30,0.61111,0.33333,0.38889,1.00000,0.12862
failure_stratified_engine,5,fixture_geometry_shift,0.05,0.00000,0.00000,0.00000,0.00000,0.95127
failure_stratified_engine,5,fixture_geometry_shift,0.10,0.00000,0.00000,0.00000,0.00000,0.95127
failure_stratified_engine,5,fixture_geometry_shift,0.15,0.00000,0.00000,0.00000,0.00000,0.95127
failure_stratified_engine,5,fixture_geometry_shift,0.20,0.00000,0.00000,0.00000,0.00000,0.95127
failure_stratified_engine,5,fixture_geometry_shift,0.30,0.00000,0.00000,0.00000,0.00000,0.95127
failure_stratified_engine,5,jammed_fixture_failures,0.05,0.00000,0.00000,0.00000,0.00000,0.72503
failure_stratified_engine,5,jammed_fixture_failures,0.10,0.00000,0.00000,0.00000,0.00000,0.72503
failure_stratified_engine,5,jammed_fixture_failures,0.15,0.00000,0.00000,0.00000,0.00000,0.72503
failure_stratified_engine,5,jammed_fixture_failures,0.20,0.00000,0.00000,0.00000,0.00000,0.72503
failure_stratified_engine,5,jammed_fixture_failures,0.30,0.00000,0.00000,0.00000,0.00000,0.72503
failure_stratified_engine,5,nominal_task_balance,0.05,1.00000,0.00000,0.00000,1.00000,0.00509
failure_stratified_engine,5,nominal_task_balance,0.10,1.00000,0.00000,0.00000,1.00000,0.00509
failure_stratified_engine,5,nominal_task_balance,0.15,1.00000,0.00000,0.00000,1.00000,0.00509
failure_stratified_engine,5,nominal_task_balance,0.20,1.00000,0.00000,0.00000,1.00000,0.00509
failure_stratified_engine,5,nominal_task_balance,0.30,1.00000,0.00000,0.00000,1.00000,0.00509
failure_stratified_engine,5,out_of_distribution_tail,0.05,0.00000,0.00000,0.00000,0.00000,0.69345
failure_stratified_engine,5,out_of_distribution_tail,0.10,0.00000,0.00000,0.00000,0.00000,0.69345
failure_stratified_engine,5,out_of_distribution_tail,0.15,0.00000,0.00000,0.00000,0.00000,0.69345
failure_stratified_engine,5,out_of_distribution_tail,0.20,0.00000,0.00000,0.00000,0.00000,0.69345
failure_stratified_engine,5,out_of_distribution_tail,0.30,0.00000,0.00000,0.00000,0.00000,0.69345
failure_stratified_engine,5,rare_mechanism_combo,0.05,0.00000,0.00000,0.00000,0.00000,0.60192
failure_stratified_engine,5,rare_mechanism_combo,0.10,0.00000,0.00000,0.00000,0.00000,0.60192
failure_stratified_engine,5,rare_mechanism_combo,0.15,0.00000,0.00000,0.00000,0.00000,0.60192
failure_stratified_engine,5,rare_mechanism_combo,0.20,0.00000,0.00000,0.00000,0.00000,0.60192
failure_stratified_engine,5,rare_mechanism_combo,0.30,0.00000,0.00000,0.00000,0.00000,0.60192
failure_stratified_engine,5,rare_slip_failures,0.05,0.33333,0.00000,0.00000,0.33333,0.07717
failure_stratified_engine,5,rare_slip_failures,0.10,0.77778,0.00000,0.05556,0.83333,0.07717
failure_stratified_engine,5,rare_slip_failures,0.15,0.83333,0.00000,0.05556,0.88889,0.07717
failure_stratified_engine,5,rare_slip_failures,0.20,0.88889,0.00000,0.05556,0.94444,0.07717
failure_stratified_engine,5,rare_slip_failures,0.30,0.88889,0.00000,0.11111,1.00000,0.07717
failure_stratified_engine_v5,5,actuator_limit_failures,0.05,0.50000,0.00000,0.05556,0.55556,0.05844
failure_stratified_engine_v5,5,actuator_limit_failures,0.10,0.83333,0.00000,0.05556,0.88889,0.05844
failure_stratified_engine_v5,5,actuator_limit_failures,0.15,0.88889,0.00000,0.05556,0.94444,0.05844
failure_stratified_engine_v5,5,actuator_limit_failures,0.20,0.94444,0.00000,0.05556,1.00000,0.05844
failure_stratified_engine_v5,5,actuator_limit_failures,0.30,0.94444,0.00000,0.05556,1.00000,0.05844
failure_stratified_engine_v5,5,combined_tail_stress,0.05,0.00000,0.00000,0.00000,0.00000,0.55685
failure_stratified_engine_v5,5,combined_tail_stress,0.10,0.00000,0.00000,0.00000,0.00000,0.55685
failure_stratified_engine_v5,5,combined_tail_stress,0.15,0.00000,0.00000,0.00000,0.00000,0.55685
failure_stratified_engine_v5,5,combined_tail_stress,0.20,0.00000,0.00000,0.00000,0.00000,0.55685
failure_stratified_engine_v5,5,combined_tail_stress,0.30,0.00000,0.00000,0.00000,0.00000,0.55685
failure_stratified_engine_v5,5,compound_sensor_actuator_shift,0.05,0.00000,0.05556,0.11111,0.11111,0.11864
failure_stratified_engine_v5,5,compound_sensor_actuator_shift,0.10,0.11111,0.22222,0.27778,0.38889,0.11864
failure_stratified_engine_v5,5,compound_sensor_actuator_shift,0.15,0.44444,0.33333,0.38889,0.83333,0.11864
failure_stratified_engine_v5,5,compound_sensor_actuator_shift,0.20,0.50000,0.33333,0.38889,0.88889,0.11864
failure_stratified_engine_v5,5,compound_sensor_actuator_shift,0.30,0.61111,0.33333,0.38889,1.00000,0.11864
failure_stratified_engine_v5,5,fixture_geometry_shift,0.05,0.00000,0.00000,0.00000,0.00000,0.95381
failure_stratified_engine_v5,5,fixture_geometry_shift,0.10,0.00000,0.00000,0.00000,0.00000,0.95381
failure_stratified_engine_v5,5,fixture_geometry_shift,0.15,0.00000,0.00000,0.00000,0.00000,0.95381
failure_stratified_engine_v5,5,fixture_geometry_shift,0.20,0.00000,0.00000,0.00000,0.00000,0.95381
failure_stratified_engine_v5,5,fixture_geometry_shift,0.30,0.00000,0.00000,0.00000,0.00000,0.95381
failure_stratified_engine_v5,5,jammed_fixture_failures,0.05,0.00000,0.00000,0.00000,0.00000,0.69726
failure_stratified_engine_v5,5,jammed_fixture_failures,0.10,0.00000,0.00000,0.00000,0.00000,0.69726
failure_stratified_engine_v5,5,jammed_fixture_failures,0.15,0.00000,0.00000,0.00000,0.00000,0.69726
failure_stratified_engine_v5,5,jammed_fixture_failures,0.20,0.00000,0.00000,0.00000,0.00000,0.69726
failure_stratified_engine_v5,5,jammed_fixture_failures,0.30,0.00000,0.00000,0.00000,0.00000,0.69726
failure_stratified_engine_v5,5,nominal_task_balance,0.05,1.00000,0.00000,0.00000,1.00000,0.00619
failure_stratified_engine_v5,5,nominal_task_balance,0.10,1.00000,0.00000,0.00000,1.00000,0.00619
failure_stratified_engine_v5,5,nominal_task_balance,0.15,1.00000,0.00000,0.00000,1.00000,0.00619
failure_stratified_engine_v5,5,nominal_task_balance,0.20,1.00000,0.00000,0.00000,1.00000,0.00619
failure_stratified_engine_v5,5,nominal_task_balance,0.30,1.00000,0.00000,0.00000,1.00000,0.00619
failure_stratified_engine_v5,5,out_of_distribution_tail,0.05,0.00000,0.00000,0.00000,0.00000,0.71699
failure_stratified_engine_v5,5,out_of_distribution_tail,0.10,0.00000,0.00000,0.00000,0.00000,0.71699
failure_stratified_engine_v5,5,out_of_distribution_tail,0.15,0.00000,0.00000,0.00000,0.00000,0.71699
failure_stratified_engine_v5,5,out_of_distribution_tail,0.20,0.00000,0.00000,0.00000,0.00000,0.71699
failure_stratified_engine_v5,5,out_of_distribution_tail,0.30,0.00000,0.00000,0.00000,0.00000,0.71699
failure_stratified_engine_v5,5,rare_mechanism_combo,0.05,0.00000,0.00000,0.00000,0.00000,0.53445
failure_stratified_engine_v5,5,rare_mechanism_combo,0.10,0.00000,0.00000,0.00000,0.00000,0.53445
failure_stratified_engine_v5,5,rare_mechanism_combo,0.15,0.00000,0.00000,0.00000,0.00000,0.53445
failure_stratified_engine_v5,5,rare_mechanism_combo,0.20,0.00000,0.00000,0.00000,0.00000,0.53445
failure_stratified_engine_v5,5,rare_mechanism_combo,0.30,0.05556,0.00000,0.00000,0.05556,0.53445
failure_stratified_engine_v5,5,rare_slip_failures,0.05,0.44444,0.00000,0.00000,0.44444,0.06933
failure_stratified_engine_v5,5,rare_slip_failures,0.10,0.77778,0.00000,0.05556,0.83333,0.06933
failure_stratified_engine_v5,5,rare_slip_failures,0.15,0.88889,0.00000,0.05556,0.94444,0.06933
failure_stratified_engine_v5,5,rare_slip_failures,0.20,0.88889,0.00000,0.05556,0.94444,0.06933
failure_stratified_engine_v5,5,rare_slip_failures,0.30,0.88889,0.00000,0.11111,1.00000,0.06933
gradient_boosted_failure_active,5,actuator_limit_failures,0.05,0.55556,0.00000,0.00000,0.55556,0.05829
gradient_boosted_failure_active,5,actuator_limit_failures,0.10,0.88889,0.00000,0.00000,0.88889,0.05829
gradient_boosted_failure_active,5,actuator_limit_failures,0.15,1.00000,0.00000,0.00000,1.00000,0.05829
gradient_boosted_failure_active,5,actuator_limit_failures,0.20,1.00000,0.00000,0.00000,1.00000,0.05829
gradient_boosted_failure_active,5,actuator_limit_failures,0.30,1.00000,0.00000,0.00000,1.00000,0.05829
gradient_boosted_failure_active,5,combined_tail_stress,0.05,0.00000,0.00000,0.00000,0.00000,0.57177
gradient_boosted_failure_active,5,combined_tail_stress,0.10,0.00000,0.00000,0.00000,0.00000,0.57177
gradient_boosted_failure_active,5,combined_tail_stress,0.15,0.00000,0.00000,0.00000,0.00000,0.57177
gradient_boosted_failure_active,5,combined_tail_stress,0.20,0.00000,0.00000,0.00000,0.00000,0.57177
gradient_boosted_failure_active,5,combined_tail_stress,0.30,0.05556,0.00000,0.05556,0.11111,0.57177
gradient_boosted_failure_active,5,compound_sensor_actuator_shift,0.05,0.00000,0.05556,0.11111,0.11111,0.10305
gradient_boosted_failure_active,5,compound_sensor_actuator_shift,0.10,0.27778,0.16667,0.27778,0.55556,0.10305
gradient_boosted_failure_active,5,compound_sensor_actuator_shift,0.15,0.55556,0.22222,0.33333,0.88889,0.10305
gradient_boosted_failure_active,5,compound_sensor_actuator_shift,0.20,0.61111,0.22222,0.33333,0.94444,0.10305
gradient_boosted_failure_active,5,compound_sensor_actuator_shift,0.30,0.66667,0.22222,0.33333,1.00000,0.10305
gradient_boosted_failure_active,5,fixture_geometry_shift,0.05,0.00000,0.00000,0.00000,0.00000,0.95048
gradient_boosted_failure_active,5,fixture_geometry_shift,0.10,0.00000,0.00000,0.00000,0.00000,0.95048
gradient_boosted_failure_active,5,fixture_geometry_shift,0.15,0.00000,0.00000,0.00000,0.00000,0.95048
gradient_boosted_failure_active,5,fixture_geometry_shift,0.20,0.00000,0.00000,0.00000,0.00000,0.95048
gradient_boosted_failure_active,5,fixture_geometry_shift,0.30,0.00000,0.00000,0.00000,0.00000,0.95048
gradient_boosted_failure_active,5,jammed_fixture_failures,0.05,0.00000,0.00000,0.00000,0.00000,0.70971
gradient_boosted_failure_active,5,jammed_fixture_failures,0.10,0.00000,0.00000,0.00000,0.00000,0.70971
gradient_boosted_failure_active,5,jammed_fixture_failures,0.15,0.00000,0.00000,0.00000,0.00000,0.70971
gradient_boosted_failure_active,5,jammed_fixture_failures,0.20,0.00000,0.00000,0.00000,0.00000,0.70971
gradient_boosted_failure_active,5,jammed_fixture_failures,0.30,0.00000,0.00000,0.00000,0.00000,0.70971
gradient_boosted_failure_active,5,nominal_task_balance,0.05,1.00000,0.00000,0.00000,1.00000,0.00416
gradient_boosted_failure_active,5,nominal_task_balance,0.10,1.00000,0.00000,0.00000,1.00000,0.00416
gradient_boosted_failure_active,5,nominal_task_balance,0.15,1.00000,0.00000,0.00000,1.00000,0.00416
gradient_boosted_failure_active,5,nominal_task_balance,0.20,1.00000,0.00000,0.00000,1.00000,0.00416
gradient_boosted_failure_active,5,nominal_task_balance,0.30,1.00000,0.00000,0.00000,1.00000,0.00416
gradient_boosted_failure_active,5,out_of_distribution_tail,0.05,0.00000,0.00000,0.00000,0.00000,0.80181
gradient_boosted_failure_active,5,out_of_distribution_tail,0.10,0.00000,0.00000,0.00000,0.00000,0.80181
gradient_boosted_failure_active,5,out_of_distribution_tail,0.15,0.00000,0.00000,0.00000,0.00000,0.80181
gradient_boosted_failure_active,5,out_of_distribution_tail,0.20,0.00000,0.00000,0.00000,0.00000,0.80181
gradient_boosted_failure_active,5,out_of_distribution_tail,0.30,0.00000,0.00000,0.00000,0.00000,0.80181
gradient_boosted_failure_active,5,rare_mechanism_combo,0.05,0.00000,0.00000,0.00000,0.00000,0.46880
gradient_boosted_failure_active,5,rare_mechanism_combo,0.10,0.00000,0.00000,0.00000,0.00000,0.46880
gradient_boosted_failure_active,5,rare_mechanism_combo,0.15,0.00000,0.00000,0.00000,0.00000,0.46880
gradient_boosted_failure_active,5,rare_mechanism_combo,0.20,0.00000,0.00000,0.00000,0.00000,0.46880
gradient_boosted_failure_active,5,rare_mechanism_combo,0.30,0.05556,0.00000,0.00000,0.05556,0.46880
gradient_boosted_failure_active,5,rare_slip_failures,0.05,0.50000,0.00000,0.05556,0.55556,0.06683
gradient_boosted_failure_active,5,rare_slip_failures,0.10,0.77778,0.00000,0.05556,0.83333,0.06683
gradient_boosted_failure_active,5,rare_slip_failures,0.15,0.83333,0.00000,0.11111,0.94444,0.06683
gradient_boosted_failure_active,5,rare_slip_failures,0.20,0.83333,0.00000,0.11111,0.94444,0.06683
gradient_boosted_failure_active,5,rare_slip_failures,0.30,0.88889,0.00000,0.11111,1.00000,0.06683
greedy_oracle_success_upper,5,actuator_limit_failures,0.05,0.50000,0.00000,0.00000,0.50000,0.06146
greedy_oracle_success_upper,5,actuator_limit_failures,0.10,0.88889,0.00000,0.00000,0.88889,0.06146
greedy_oracle_success_upper,5,actuator_limit_failures,0.15,1.00000,0.00000,0.00000,1.00000,0.06146
greedy_oracle_success_upper,5,actuator_limit_failures,0.20,1.00000,0.00000,0.00000,1.00000,0.06146
greedy_oracle_success_upper,5,actuator_limit_failures,0.30,1.00000,0.00000,0.00000,1.00000,0.06146
greedy_oracle_success_upper,5,combined_tail_stress,0.05,0.00000,0.00000,0.00000,0.00000,0.65112
greedy_oracle_success_upper,5,combined_tail_stress,0.10,0.00000,0.00000,0.00000,0.00000,0.65112
greedy_oracle_success_upper,5,combined_tail_stress,0.15,0.00000,0.00000,0.00000,0.00000,0.65112
greedy_oracle_success_upper,5,combined_tail_stress,0.20,0.00000,0.00000,0.00000,0.00000,0.65112
greedy_oracle_success_upper,5,combined_tail_stress,0.30,0.00000,0.00000,0.00000,0.00000,0.65112
greedy_oracle_success_upper,5,compound_sensor_actuator_shift,0.05,0.00000,0.00000,0.00000,0.00000,0.27130
greedy_oracle_success_upper,5,compound_sensor_actuator_shift,0.10,0.00000,0.00000,0.00000,0.00000,0.27130
greedy_oracle_success_upper,5,compound_sensor_actuator_shift,0.15,0.00000,0.05556,0.05556,0.05556,0.27130
greedy_oracle_success_upper,5,compound_sensor_actuator_shift,0.20,0.05556,0.11111,0.16667,0.22222,0.27130
greedy_oracle_success_upper,5,compound_sensor_actuator_shift,0.30,0.22222,0.22222,0.33333,0.55556,0.27130
greedy_oracle_success_upper,5,fixture_geometry_shift,0.05,0.00000,0.00000,0.00000,0.00000,0.93366
greedy_oracle_success_upper,5,fixture_geometry_shift,0.10,0.00000,0.00000,0.00000,0.00000,0.93366
greedy_oracle_success_upper,5,fixture_geometry_shift,0.15,0.00000,0.00000,0.00000,0.00000,0.93366
greedy_oracle_success_upper,5,fixture_geometry_shift,0.20,0.00000,0.00000,0.00000,0.00000,0.93366
greedy_oracle_success_upper,5,fixture_geometry_shift,0.30,0.00000,0.00000,0.00000,0.00000,0.93366
greedy_oracle_success_upper,5,jammed_fixture_failures,0.05,0.00000,0.00000,0.00000,0.00000,0.70279
greedy_oracle_success_upper,5,jammed_fixture_failures,0.10,0.00000,0.00000,0.00000,0.00000,0.70279
greedy_oracle_success_upper,5,jammed_fixture_failures,0.15,0.00000,0.00000,0.00000,0.00000,0.70279
greedy_oracle_success_upper,5,jammed_fixture_failures,0.20,0.00000,0.00000,0.00000,0.00000,0.70279
greedy_oracle_success_upper,5,jammed_fixture_failures,0.30,0.00000,0.00000,0.00000,0.00000,0.70279
greedy_oracle_success_upper,5,nominal_task_balance,0.05,1.00000,0.00000,0.00000,1.00000,0.00961
greedy_oracle_success_upper,5,nominal_task_balance,0.10,1.00000,0.00000,0.00000,1.00000,0.00961
greedy_oracle_success_upper,5,nominal_task_balance,0.15,1.00000,0.00000,0.00000,1.00000,0.00961
greedy_oracle_success_upper,5,nominal_task_balance,0.20,1.00000,0.00000,0.00000,1.00000,0.00961
greedy_oracle_success_upper,5,nominal_task_balance,0.30,1.00000,0.00000,0.00000,1.00000,0.00961
greedy_oracle_success_upper,5,out_of_distribution_tail,0.05,0.00000,0.00000,0.00000,0.00000,0.66772
greedy_oracle_success_upper,5,out_of_distribution_tail,0.10,0.00000,0.00000,0.00000,0.00000,0.66772
greedy_oracle_success_upper,5,out_of_distribution_tail,0.15,0.00000,0.00000,0.00000,0.00000,0.66772
greedy_oracle_success_upper,5,out_of_distribution_tail,0.20,0.00000,0.00000,0.00000,0.00000,0.66772
greedy_oracle_success_upper,5,out_of_distribution_tail,0.30,0.00000,0.00000,0.00000,0.00000,0.66772
greedy_oracle_success_upper,5,rare_mechanism_combo,0.05,0.00000,0.00000,0.00000,0.00000,0.50497
greedy_oracle_success_upper,5,rare_mechanism_combo,0.10,0.00000,0.00000,0.00000,0.00000,0.50497
greedy_oracle_success_upper,5,rare_mechanism_combo,0.15,0.00000,0.00000,0.00000,0.00000,0.50497
greedy_oracle_success_upper,5,rare_mechanism_combo,0.20,0.00000,0.00000,0.00000,0.00000,0.50497
greedy_oracle_success_upper,5,rare_mechanism_combo,0.30,0.05556,0.00000,0.00000,0.05556,0.50497
greedy_oracle_success_upper,5,rare_slip_failures,0.05,0.27778,0.00000,0.05556,0.33333,0.07446
greedy_oracle_success_upper,5,rare_slip_failures,0.10,0.77778,0.00000,0.11111,0.88889,0.07446
greedy_oracle_success_upper,5,rare_slip_failures,0.15,0.83333,0.00000,0.11111,0.94444,0.07446
greedy_oracle_success_upper,5,rare_slip_failures,0.20,0.83333,0.00000,0.11111,0.94444,0.07446
greedy_oracle_success_upper,5,rare_slip_failures,0.30,0.88889,0.00000,0.11111,1.00000,0.07446
hybrid_diversity_risk,5,actuator_limit_failures,0.05,0.66667,0.00000,0.00000,0.66667,0.05356
hybrid_diversity_risk,5,actuator_limit_failures,0.10,0.83333,0.00000,0.00000,0.83333,0.05356
hybrid_diversity_risk,5,actuator_limit_failures,0.15,1.00000,0.00000,0.00000,1.00000,0.05356
hybrid_diversity_risk,5,actuator_limit_failures,0.20,1.00000,0.00000,0.00000,1.00000,0.05356
hybrid_diversity_risk,5,actuator_limit_failures,0.30,1.00000,0.00000,0.00000,1.00000,0.05356
hybrid_diversity_risk,5,combined_tail_stress,0.05,0.00000,0.00000,0.00000,0.00000,0.54469
hybrid_diversity_risk,5,combined_tail_stress,0.10,0.00000,0.00000,0.00000,0.00000,0.54469
hybrid_diversity_risk,5,combined_tail_stress,0.15,0.00000,0.00000,0.00000,0.00000,0.54469
hybrid_diversity_risk,5,combined_tail_stress,0.20,0.00000,0.00000,0.00000,0.00000,0.54469
hybrid_diversity_risk,5,combined_tail_stress,0.30,0.05556,0.00000,0.05556,0.11111,0.54469
hybrid_diversity_risk,5,compound_sensor_actuator_shift,0.05,0.00000,0.00000,0.05556,0.05556,0.11799
hybrid_diversity_risk,5,compound_sensor_actuator_shift,0.10,0.11111,0.16667,0.22222,0.33333,0.11799
hybrid_diversity_risk,5,compound_sensor_actuator_shift,0.15,0.50000,0.22222,0.33333,0.83333,0.11799
hybrid_diversity_risk,5,compound_sensor_actuator_shift,0.20,0.55556,0.22222,0.33333,0.88889,0.11799
hybrid_diversity_risk,5,compound_sensor_actuator_shift,0.30,0.66667,0.22222,0.33333,1.00000,0.11799
hybrid_diversity_risk,5,fixture_geometry_shift,0.05,0.00000,0.00000,0.00000,0.00000,0.95369
hybrid_diversity_risk,5,fixture_geometry_shift,0.10,0.00000,0.00000,0.00000,0.00000,0.95369
hybrid_diversity_risk,5,fixture_geometry_shift,0.15,0.00000,0.00000,0.00000,0.00000,0.95369
hybrid_diversity_risk,5,fixture_geometry_shift,0.20,0.00000,0.00000,0.00000,0.00000,0.95369
hybrid_diversity_risk,5,fixture_geometry_shift,0.30,0.00000,0.00000,0.00000,0.00000,0.95369
hybrid_diversity_risk,5,jammed_fixture_failures,0.05,0.00000,0.00000,0.00000,0.00000,0.70068
hybrid_diversity_risk,5,jammed_fixture_failures,0.10,0.00000,0.00000,0.00000,0.00000,0.70068
hybrid_diversity_risk,5,jammed_fixture_failures,0.15,0.00000,0.00000,0.00000,0.00000,0.70068
hybrid_diversity_risk,5,jammed_fixture_failures,0.20,0.00000,0.00000,0.00000,0.00000,0.70068
hybrid_diversity_risk,5,jammed_fixture_failures,0.30,0.00000,0.00000,0.00000,0.00000,0.70068
hybrid_diversity_risk,5,nominal_task_balance,0.05,1.00000,0.00000,0.00000,1.00000,0.00566
hybrid_diversity_risk,5,nominal_task_balance,0.10,1.00000,0.00000,0.00000,1.00000,0.00566
hybrid_diversity_risk,5,nominal_task_balance,0.15,1.00000,0.00000,0.00000,1.00000,0.00566
hybrid_diversity_risk,5,nominal_task_balance,0.20,1.00000,0.00000,0.00000,1.00000,0.00566
hybrid_diversity_risk,5,nominal_task_balance,0.30,1.00000,0.00000,0.00000,1.00000,0.00566
hybrid_diversity_risk,5,out_of_distribution_tail,0.05,0.00000,0.00000,0.00000,0.00000,0.74365
hybrid_diversity_risk,5,out_of_distribution_tail,0.10,0.00000,0.00000,0.00000,0.00000,0.74365
hybrid_diversity_risk,5,out_of_distribution_tail,0.15,0.00000,0.00000,0.00000,0.00000,0.74365
hybrid_diversity_risk,5,out_of_distribution_tail,0.20,0.00000,0.00000,0.00000,0.00000,0.74365
hybrid_diversity_risk,5,out_of_distribution_tail,0.30,0.00000,0.00000,0.00000,0.00000,0.74365
hybrid_diversity_risk,5,rare_mechanism_combo,0.05,0.00000,0.00000,0.00000,0.00000,0.46034
hybrid_diversity_risk,5,rare_mechanism_combo,0.10,0.00000,0.00000,0.00000,0.00000,0.46034
hybrid_diversity_risk,5,rare_mechanism_combo,0.15,0.00000,0.00000,0.00000,0.00000,0.46034
hybrid_diversity_risk,5,rare_mechanism_combo,0.20,0.05556,0.00000,0.00000,0.05556,0.46034
hybrid_diversity_risk,5,rare_mechanism_combo,0.30,0.05556,0.00000,0.00000,0.05556,0.46034
hybrid_diversity_risk,5,rare_slip_failures,0.05,0.61111,0.00000,0.05556,0.66667,0.06303
hybrid_diversity_risk,5,rare_slip_failures,0.10,0.77778,0.00000,0.05556,0.83333,0.06303
hybrid_diversity_risk,5,rare_slip_failures,0.15,0.83333,0.00000,0.11111,0.94444,0.06303
hybrid_diversity_risk,5,rare_slip_failures,0.20,0.83333,0.00000,0.11111,0.94444,0.06303
hybrid_diversity_risk,5,rare_slip_failures,0.30,0.88889,0.00000,0.11111,1.00000,0.06303
oracle_failure_strata,5,actuator_limit_failures,0.05,0.50000,0.00000,0.00000,0.50000,0.06215
oracle_failure_strata,5,actuator_limit_failures,0.10,0.83333,0.00000,0.00000,0.83333,0.06215
oracle_failure_strata,5,actuator_limit_failures,0.15,1.00000,0.00000,0.00000,1.00000,0.06215
oracle_failure_strata,5,actuator_limit_failures,0.20,1.00000,0.00000,0.00000,1.00000,0.06215
oracle_failure_strata,5,actuator_limit_failures,0.30,1.00000,0.00000,0.00000,1.00000,0.06215
oracle_failure_strata,5,combined_tail_stress,0.05,0.00000,0.00000,0.00000,0.00000,0.65499
oracle_failure_strata,5,combined_tail_stress,0.10,0.00000,0.00000,0.00000,0.00000,0.65499
oracle_failure_strata,5,combined_tail_stress,0.15,0.00000,0.00000,0.00000,0.00000,0.65499
oracle_failure_strata,5,combined_tail_stress,0.20,0.00000,0.00000,0.00000,0.00000,0.65499
oracle_failure_strata,5,combined_tail_stress,0.30,0.00000,0.00000,0.00000,0.00000,0.65499
oracle_failure_strata,5,compound_sensor_actuator_shift,0.05,0.00000,0.00000,0.00000,0.00000,0.26389
oracle_failure_strata,5,compound_sensor_actuator_shift,0.10,0.00000,0.00000,0.00000,0.00000,0.26389
oracle_failure_strata,5,compound_sensor_actuator_shift,0.15,0.00000,0.05556,0.11111,0.11111,0.26389
oracle_failure_strata,5,compound_sensor_actuator_shift,0.20,0.05556,0.11111,0.16667,0.22222,0.26389
oracle_failure_strata,5,compound_sensor_actuator_shift,0.30,0.22222,0.22222,0.33333,0.55556,0.26389
oracle_failure_strata,5,fixture_geometry_shift,0.05,0.00000,0.00000,0.00000,0.00000,0.91454
oracle_failure_strata,5,fixture_geometry_shift,0.10,0.00000,0.00000,0.00000,0.00000,0.91454
oracle_failure_strata,5,fixture_geometry_shift,0.15,0.00000,0.00000,0.00000,0.00000,0.91454
oracle_failure_strata,5,fixture_geometry_shift,0.20,0.00000,0.00000,0.00000,0.00000,0.91454
oracle_failure_strata,5,fixture_geometry_shift,0.30,0.00000,0.00000,0.00000,0.00000,0.91454
oracle_failure_strata,5,jammed_fixture_failures,0.05,0.00000,0.00000,0.00000,0.00000,0.72188
oracle_failure_strata,5,jammed_fixture_failures,0.10,0.00000,0.00000,0.00000,0.00000,0.72188
oracle_failure_strata,5,jammed_fixture_failures,0.15,0.00000,0.00000,0.00000,0.00000,0.72188
oracle_failure_strata,5,jammed_fixture_failures,0.20,0.00000,0.00000,0.00000,0.00000,0.72188
oracle_failure_strata,5,jammed_fixture_failures,0.30,0.00000,0.00000,0.00000,0.00000,0.72188
oracle_failure_strata,5,nominal_task_balance,0.05,1.00000,0.00000,0.00000,1.00000,0.01163
oracle_failure_strata,5,nominal_task_balance,0.10,1.00000,0.00000,0.00000,1.00000,0.01163
oracle_failure_strata,5,nominal_task_balance,0.15,1.00000,0.00000,0.00000,1.00000,0.01163
oracle_failure_strata,5,nominal_task_balance,0.20,1.00000,0.00000,0.00000,1.00000,0.01163
oracle_failure_strata,5,nominal_task_balance,0.30,1.00000,0.00000,0.00000,1.00000,0.01163
oracle_failure_strata,5,out_of_distribution_tail,0.05,0.00000,0.00000,0.00000,0.00000,0.67136
oracle_failure_strata,5,out_of_distribution_tail,0.10,0.00000,0.00000,0.00000,0.00000,0.67136
oracle_failure_strata,5,out_of_distribution_tail,0.15,0.00000,0.00000,0.00000,0.00000,0.67136
oracle_failure_strata,5,out_of_distribution_tail,0.20,0.00000,0.00000,0.00000,0.00000,0.67136
oracle_failure_strata,5,out_of_distribution_tail,0.30,0.00000,0.00000,0.00000,0.00000,0.67136
oracle_failure_strata,5,rare_mechanism_combo,0.05,0.00000,0.00000,0.00000,0.00000,0.46946
oracle_failure_strata,5,rare_mechanism_combo,0.10,0.00000,0.00000,0.00000,0.00000,0.46946
oracle_failure_strata,5,rare_mechanism_combo,0.15,0.00000,0.00000,0.00000,0.00000,0.46946
oracle_failure_strata,5,rare_mechanism_combo,0.20,0.05556,0.00000,0.00000,0.05556,0.46946
oracle_failure_strata,5,rare_mechanism_combo,0.30,0.05556,0.00000,0.00000,0.05556,0.46946
oracle_failure_strata,5,rare_slip_failures,0.05,0.00000,0.00000,0.00000,0.00000,0.10671
oracle_failure_strata,5,rare_slip_failures,0.10,0.61111,0.00000,0.05556,0.66667,0.10671
oracle_failure_strata,5,rare_slip_failures,0.15,0.77778,0.00000,0.11111,0.88889,0.10671
oracle_failure_strata,5,rare_slip_failures,0.20,0.83333,0.00000,0.11111,0.94444,0.10671
oracle_failure_strata,5,rare_slip_failures,0.30,0.83333,0.00000,0.11111,0.94444,0.10671
random_forest_failure_active,5,actuator_limit_failures,0.05,0.50000,0.00000,0.00000,0.50000,0.06351
random_forest_failure_active,5,actuator_limit_failures,0.10,0.77778,0.00000,0.00000,0.77778,0.06351
random_forest_failure_active,5,actuator_limit_failures,0.15,0.94444,0.00000,0.00000,0.94444,0.06351
random_forest_failure_active,5,actuator_limit_failures,0.20,1.00000,0.00000,0.00000,1.00000,0.06351
random_forest_failure_active,5,actuator_limit_failures,0.30,1.00000,0.00000,0.00000,1.00000,0.06351
random_forest_failure_active,5,combined_tail_stress,0.05,0.00000,0.00000,0.00000,0.00000,0.57919
random_forest_failure_active,5,combined_tail_stress,0.10,0.00000,0.00000,0.00000,0.00000,0.57919
random_forest_failure_active,5,combined_tail_stress,0.15,0.00000,0.00000,0.00000,0.00000,0.57919
random_forest_failure_active,5,combined_tail_stress,0.20,0.00000,0.00000,0.00000,0.00000,0.57919
random_forest_failure_active,5,combined_tail_stress,0.30,0.05556,0.00000,0.05556,0.11111,0.57919
random_forest_failure_active,5,compound_sensor_actuator_shift,0.05,0.00000,0.05556,0.11111,0.11111,0.09701
random_forest_failure_active,5,compound_sensor_actuator_shift,0.10,0.27778,0.22222,0.33333,0.61111,0.09701
random_forest_failure_active,5,compound_sensor_actuator_shift,0.15,0.55556,0.22222,0.33333,0.88889,0.09701
random_forest_failure_active,5,compound_sensor_actuator_shift,0.20,0.61111,0.22222,0.33333,0.94444,0.09701
random_forest_failure_active,5,compound_sensor_actuator_shift,0.30,0.66667,0.22222,0.33333,1.00000,0.09701
random_forest_failure_active,5,fixture_geometry_shift,0.05,0.00000,0.00000,0.00000,0.00000,0.96556
random_forest_failure_active,5,fixture_geometry_shift,0.10,0.00000,0.00000,0.00000,0.00000,0.96556
random_forest_failure_active,5,fixture_geometry_shift,0.15,0.00000,0.00000,0.00000,0.00000,0.96556
random_forest_failure_active,5,fixture_geometry_shift,0.20,0.00000,0.00000,0.00000,0.00000,0.96556
random_forest_failure_active,5,fixture_geometry_shift,0.30,0.00000,0.00000,0.00000,0.00000,0.96556
random_forest_failure_active,5,jammed_fixture_failures,0.05,0.00000,0.00000,0.00000,0.00000,0.82037
random_forest_failure_active,5,jammed_fixture_failures,0.10,0.00000,0.00000,0.00000,0.00000,0.82037
random_forest_failure_active,5,jammed_fixture_failures,0.15,0.00000,0.00000,0.00000,0.00000,0.82037
random_forest_failure_active,5,jammed_fixture_failures,0.20,0.00000,0.00000,0.00000,0.00000,0.82037
random_forest_failure_active,5,jammed_fixture_failures,0.30,0.00000,0.00000,0.00000,0.00000,0.82037
random_forest_failure_active,5,nominal_task_balance,0.05,1.00000,0.00000,0.00000,1.00000,0.00685
random_forest_failure_active,5,nominal_task_balance,0.10,1.00000,0.00000,0.00000,1.00000,0.00685
random_forest_failure_active,5,nominal_task_balance,0.15,1.00000,0.00000,0.00000,1.00000,0.00685
random_forest_failure_active,5,nominal_task_balance,0.20,1.00000,0.00000,0.00000,1.00000,0.00685
random_forest_failure_active,5,nominal_task_balance,0.30,1.00000,0.00000,0.00000,1.00000,0.00685
random_forest_failure_active,5,out_of_distribution_tail,0.05,0.00000,0.00000,0.00000,0.00000,0.80650
random_forest_failure_active,5,out_of_distribution_tail,0.10,0.00000,0.00000,0.00000,0.00000,0.80650
random_forest_failure_active,5,out_of_distribution_tail,0.15,0.00000,0.00000,0.00000,0.00000,0.80650
random_forest_failure_active,5,out_of_distribution_tail,0.20,0.00000,0.00000,0.00000,0.00000,0.80650
random_forest_failure_active,5,out_of_distribution_tail,0.30,0.00000,0.00000,0.00000,0.00000,0.80650
random_forest_failure_active,5,rare_mechanism_combo,0.05,0.00000,0.00000,0.00000,0.00000,0.40043
random_forest_failure_active,5,rare_mechanism_combo,0.10,0.00000,0.00000,0.00000,0.00000,0.40043
random_forest_failure_active,5,rare_mechanism_combo,0.15,0.05556,0.00000,0.00000,0.05556,0.40043
random_forest_failure_active,5,rare_mechanism_combo,0.20,0.05556,0.00000,0.00000,0.05556,0.40043
random_forest_failure_active,5,rare_mechanism_combo,0.30,0.27778,0.00000,0.00000,0.27778,0.40043
random_forest_failure_active,5,rare_slip_failures,0.05,0.38889,0.00000,0.05556,0.44444,0.08515
random_forest_failure_active,5,rare_slip_failures,0.10,0.72222,0.00000,0.05556,0.77778,0.08515
random_forest_failure_active,5,rare_slip_failures,0.15,0.77778,0.00000,0.05556,0.83333,0.08515
random_forest_failure_active,5,rare_slip_failures,0.20,0.83333,0.00000,0.11111,0.94444,0.08515
random_forest_failure_active,5,rare_slip_failures,0.30,0.83333,0.00000,0.11111,0.94444,0.08515
random_sampling,5,actuator_limit_failures,0.05,0.77778,0.00000,0.00000,0.77778,0.03669
random_sampling,5,actuator_limit_failures,0.10,0.94444,0.00000,0.00000,0.94444,0.03669
random_sampling,5,actuator_limit_failures,0.15,1.00000,0.00000,0.00000,1.00000,0.03669
random_sampling,5,actuator_limit_failures,0.20,1.00000,0.00000,0.00000,1.00000,0.03669
random_sampling,5,actuator_limit_failures,0.30,1.00000,0.00000,0.00000,1.00000,0.03669
random_sampling,5,combined_tail_stress,0.05,0.00000,0.00000,0.00000,0.00000,0.54196
random_sampling,5,combined_tail_stress,0.10,0.00000,0.00000,0.00000,0.00000,0.54196
random_sampling,5,combined_tail_stress,0.15,0.00000,0.00000,0.00000,0.00000,0.54196
random_sampling,5,combined_tail_stress,0.20,0.00000,0.00000,0.00000,0.00000,0.54196
random_sampling,5,combined_tail_stress,0.30,0.05556,0.00000,0.05556,0.11111,0.54196
random_sampling,5,compound_sensor_actuator_shift,0.05,0.00000,0.11111,0.16667,0.16667,0.10381
random_sampling,5,compound_sensor_actuator_shift,0.10,0.27778,0.16667,0.27778,0.55556,0.10381
random_sampling,5,compound_sensor_actuator_shift,0.15,0.50000,0.22222,0.33333,0.83333,0.10381
random_sampling,5,compound_sensor_actuator_shift,0.20,0.61111,0.22222,0.33333,0.94444,0.10381
random_sampling,5,compound_sensor_actuator_shift,0.30,0.66667,0.22222,0.33333,1.00000,0.10381
random_sampling,5,fixture_geometry_shift,0.05,0.00000,0.00000,0.00000,0.00000,0.93274
random_sampling,5,fixture_geometry_shift,0.10,0.00000,0.00000,0.00000,0.00000,0.93274
random_sampling,5,fixture_geometry_shift,0.15,0.00000,0.00000,0.00000,0.00000,0.93274
random_sampling,5,fixture_geometry_shift,0.20,0.00000,0.00000,0.00000,0.00000,0.93274
random_sampling,5,fixture_geometry_shift,0.30,0.00000,0.00000,0.00000,0.00000,0.93274
random_sampling,5,jammed_fixture_failures,0.05,0.00000,0.00000,0.00000,0.00000,0.69361
random_sampling,5,jammed_fixture_failures,0.10,0.00000,0.00000,0.00000,0.00000,0.69361
random_sampling,5,jammed_fixture_failures,0.15,0.00000,0.00000,0.00000,0.00000,0.69361
random_sampling,5,jammed_fixture_failures,0.20,0.00000,0.00000,0.00000,0.00000,0.69361
random_sampling,5,jammed_fixture_failures,0.30,0.00000,0.00000,0.00000,0.00000,0.69361
random_sampling,5,nominal_task_balance,0.05,1.00000,0.00000,0.00000,1.00000,0.00461
random_sampling,5,nominal_task_balance,0.10,1.00000,0.00000,0.00000,1.00000,0.00461
random_sampling,5,nominal_task_balance,0.15,1.00000,0.00000,0.00000,1.00000,0.00461
random_sampling,5,nominal_task_balance,0.20,1.00000,0.00000,0.00000,1.00000,0.00461
random_sampling,5,nominal_task_balance,0.30,1.00000,0.00000,0.00000,1.00000,0.00461
random_sampling,5,out_of_distribution_tail,0.05,0.00000,0.00000,0.00000,0.00000,0.69962
random_sampling,5,out_of_distribution_tail,0.10,0.00000,0.00000,0.00000,0.00000,0.69962
random_sampling,5,out_of_distribution_tail,0.15,0.00000,0.00000,0.00000,0.00000,0.69962
random_sampling,5,out_of_distribution_tail,0.20,0.00000,0.00000,0.00000,0.00000,0.69962
random_sampling,5,out_of_distribution_tail,0.30,0.00000,0.00000,0.00000,0.00000,0.69962
random_sampling,5,rare_mechanism_combo,0.05,0.00000,0.00000,0.00000,0.00000,0.45106
random_sampling,5,rare_mechanism_combo,0.10,0.00000,0.00000,0.00000,0.00000,0.45106
random_sampling,5,rare_mechanism_combo,0.15,0.05556,0.00000,0.00000,0.05556,0.45106
random_sampling,5,rare_mechanism_combo,0.20,0.05556,0.00000,0.00000,0.05556,0.45106
random_sampling,5,rare_mechanism_combo,0.30,0.16667,0.00000,0.00000,0.16667,0.45106
random_sampling,5,rare_slip_failures,0.05,0.33333,0.00000,0.00000,0.33333,0.07207
random_sampling,5,rare_slip_failures,0.10,0.72222,0.00000,0.05556,0.77778,0.07207
random_sampling,5,rare_slip_failures,0.15,0.83333,0.00000,0.11111,0.94444,0.07207
random_sampling,5,rare_slip_failures,0.20,0.83333,0.00000,0.11111,0.94444,0.07207
random_sampling,5,rare_slip_failures,0.30,0.88889,0.00000,0.11111,1.00000,0.07207
state_diversity_coreset,5,actuator_limit_failures,0.05,0.27778,0.00000,0.00000,0.27778,0.07224
state_diversity_coreset,5,actuator_limit_failures,0.10,0.72222,0.00000,0.00000,0.72222,0.07224
state_diversity_coreset,5,actuator_limit_failures,0.15,0.94444,0.00000,0.00000,0.94444,0.07224
state_diversity_coreset,5,actuator_limit_failures,0.20,1.00000,0.00000,0.00000,1.00000,0.07224
state_diversity_coreset,5,actuator_limit_failures,0.30,1.00000,0.00000,0.00000,1.00000,0.07224
state_diversity_coreset,5,combined_tail_stress,0.05,0.00000,0.00000,0.00000,0.00000,0.58984
state_diversity_coreset,5,combined_tail_stress,0.10,0.00000,0.00000,0.00000,0.00000,0.58984
state_diversity_coreset,5,combined_tail_stress,0.15,0.00000,0.00000,0.00000,0.00000,0.58984
state_diversity_coreset,5,combined_tail_stress,0.20,0.00000,0.00000,0.00000,0.00000,0.58984
state_diversity_coreset,5,combined_tail_stress,0.30,0.00000,0.00000,0.00000,0.00000,0.58984
state_diversity_coreset,5,compound_sensor_actuator_shift,0.05,0.00000,0.00000,0.00000,0.00000,0.20865
state_diversity_coreset,5,compound_sensor_actuator_shift,0.10,0.00000,0.05556,0.11111,0.11111,0.20865
state_diversity_coreset,5,compound_sensor_actuator_shift,0.15,0.00000,0.11111,0.16667,0.16667,0.20865
state_diversity_coreset,5,compound_sensor_actuator_shift,0.20,0.22222,0.16667,0.27778,0.50000,0.20865
state_diversity_coreset,5,compound_sensor_actuator_shift,0.30,0.55556,0.22222,0.33333,0.88889,0.20865
state_diversity_coreset,5,fixture_geometry_shift,0.05,0.00000,0.00000,0.00000,0.00000,0.90258
state_diversity_coreset,5,fixture_geometry_shift,0.10,0.00000,0.00000,0.00000,0.00000,0.90258
state_diversity_coreset,5,fixture_geometry_shift,0.15,0.00000,0.00000,0.00000,0.00000,0.90258
state_diversity_coreset,5,fixture_geometry_shift,0.20,0.00000,0.00000,0.00000,0.00000,0.90258
state_diversity_coreset,5,fixture_geometry_shift,0.30,0.00000,0.00000,0.00000,0.00000,0.90258
state_diversity_coreset,5,jammed_fixture_failures,0.05,0.00000,0.00000,0.00000,0.00000,0.71121
state_diversity_coreset,5,jammed_fixture_failures,0.10,0.00000,0.00000,0.00000,0.00000,0.71121
state_diversity_coreset,5,jammed_fixture_failures,0.15,0.00000,0.00000,0.00000,0.00000,0.71121
state_diversity_coreset,5,jammed_fixture_failures,0.20,0.00000,0.00000,0.00000,0.00000,0.71121
state_diversity_coreset,5,jammed_fixture_failures,0.30,0.00000,0.00000,0.00000,0.00000,0.71121
state_diversity_coreset,5,nominal_task_balance,0.05,1.00000,0.00000,0.00000,1.00000,0.01180
state_diversity_coreset,5,nominal_task_balance,0.10,1.00000,0.00000,0.00000,1.00000,0.01180
state_diversity_coreset,5,nominal_task_balance,0.15,1.00000,0.00000,0.00000,1.00000,0.01180
state_diversity_coreset,5,nominal_task_balance,0.20,1.00000,0.00000,0.00000,1.00000,0.01180
state_diversity_coreset,5,nominal_task_balance,0.30,1.00000,0.00000,0.00000,1.00000,0.01180
state_diversity_coreset,5,out_of_distribution_tail,0.05,0.00000,0.00000,0.00000,0.00000,0.69147
state_diversity_coreset,5,out_of_distribution_tail,0.10,0.00000,0.00000,0.00000,0.00000,0.69147
state_diversity_coreset,5,out_of_distribution_tail,0.15,0.00000,0.00000,0.00000,0.00000,0.69147
state_diversity_coreset,5,out_of_distribution_tail,0.20,0.00000,0.00000,0.00000,0.00000,0.69147
state_diversity_coreset,5,out_of_distribution_tail,0.30,0.00000,0.00000,0.00000,0.00000,0.69147
state_diversity_coreset,5,rare_mechanism_combo,0.05,0.00000,0.00000,0.00000,0.00000,0.47104
state_diversity_coreset,5,rare_mechanism_combo,0.10,0.00000,0.00000,0.00000,0.00000,0.47104
state_diversity_coreset,5,rare_mechanism_combo,0.15,0.00000,0.00000,0.00000,0.00000,0.47104
state_diversity_coreset,5,rare_mechanism_combo,0.20,0.00000,0.00000,0.00000,0.00000,0.47104
state_diversity_coreset,5,rare_mechanism_combo,0.30,0.05556,0.00000,0.00000,0.05556,0.47104
state_diversity_coreset,5,rare_slip_failures,0.05,0.00000,0.00000,0.00000,0.00000,0.09677
state_diversity_coreset,5,rare_slip_failures,0.10,0.72222,0.00000,0.05556,0.77778,0.09677
state_diversity_coreset,5,rare_slip_failures,0.15,0.77778,0.00000,0.05556,0.83333,0.09677
state_diversity_coreset,5,rare_slip_failures,0.20,0.83333,0.00000,0.11111,0.94444,0.09677
state_diversity_coreset,5,rare_slip_failures,0.30,0.88889,0.00000,0.11111,1.00000,0.09677
tail_risk_active_learning,5,actuator_limit_failures,0.05,0.72222,0.00000,0.00000,0.72222,0.04422
tail_risk_active_learning,5,actuator_limit_failures,0.10,0.94444,0.00000,0.00000,0.94444,0.04422
tail_risk_active_learning,5,actuator_limit_failures,0.15,1.00000,0.00000,0.00000,1.00000,0.04422
tail_risk_active_learning,5,actuator_limit_failures,0.20,1.00000,0.00000,0.00000,1.00000,0.04422
tail_risk_active_learning,5,actuator_limit_failures,0.30,1.00000,0.00000,0.00000,1.00000,0.04422
tail_risk_active_learning,5,combined_tail_stress,0.05,0.00000,0.00000,0.00000,0.00000,0.54982
tail_risk_active_learning,5,combined_tail_stress,0.10,0.00000,0.00000,0.00000,0.00000,0.54982
tail_risk_active_learning,5,combined_tail_stress,0.15,0.00000,0.00000,0.00000,0.00000,0.54982
tail_risk_active_learning,5,combined_tail_stress,0.20,0.00000,0.00000,0.00000,0.00000,0.54982
tail_risk_active_learning,5,combined_tail_stress,0.30,0.05556,0.00000,0.05556,0.11111,0.54982
tail_risk_active_learning,5,compound_sensor_actuator_shift,0.05,0.00000,0.05556,0.11111,0.11111,0.09945
tail_risk_active_learning,5,compound_sensor_actuator_shift,0.10,0.27778,0.16667,0.27778,0.55556,0.09945
tail_risk_active_learning,5,compound_sensor_actuator_shift,0.15,0.55556,0.22222,0.33333,0.88889,0.09945
tail_risk_active_learning,5,compound_sensor_actuator_shift,0.20,0.61111,0.22222,0.33333,0.94444,0.09945
tail_risk_active_learning,5,compound_sensor_actuator_shift,0.30,0.66667,0.22222,0.33333,1.00000,0.09945
tail_risk_active_learning,5,fixture_geometry_shift,0.05,0.00000,0.00000,0.00000,0.00000,0.94845
tail_risk_active_learning,5,fixture_geometry_shift,0.10,0.00000,0.00000,0.00000,0.00000,0.94845
tail_risk_active_learning,5,fixture_geometry_shift,0.15,0.00000,0.00000,0.00000,0.00000,0.94845
tail_risk_active_learning,5,fixture_geometry_shift,0.20,0.00000,0.00000,0.00000,0.00000,0.94845
tail_risk_active_learning,5,fixture_geometry_shift,0.30,0.00000,0.00000,0.00000,0.00000,0.94845
tail_risk_active_learning,5,jammed_fixture_failures,0.05,0.00000,0.00000,0.00000,0.00000,0.69680
tail_risk_active_learning,5,jammed_fixture_failures,0.10,0.00000,0.00000,0.00000,0.00000,0.69680
tail_risk_active_learning,5,jammed_fixture_failures,0.15,0.00000,0.00000,0.00000,0.00000,0.69680
tail_risk_active_learning,5,jammed_fixture_failures,0.20,0.00000,0.00000,0.00000,0.00000,0.69680
tail_risk_active_learning,5,jammed_fixture_failures,0.30,0.00000,0.00000,0.00000,0.00000,0.69680
tail_risk_active_learning,5,nominal_task_balance,0.05,1.00000,0.00000,0.00000,1.00000,0.00484
tail_risk_active_learning,5,nominal_task_balance,0.10,1.00000,0.00000,0.00000,1.00000,0.00484
tail_risk_active_learning,5,nominal_task_balance,0.15,1.00000,0.00000,0.00000,1.00000,0.00484
tail_risk_active_learning,5,nominal_task_balance,0.20,1.00000,0.00000,0.00000,1.00000,0.00484
tail_risk_active_learning,5,nominal_task_balance,0.30,1.00000,0.00000,0.00000,1.00000,0.00484
tail_risk_active_learning,5,out_of_distribution_tail,0.05,0.00000,0.00000,0.00000,0.00000,0.67699
tail_risk_active_learning,5,out_of_distribution_tail,0.10,0.00000,0.00000,0.00000,0.00000,0.67699
tail_risk_active_learning,5,out_of_distribution_tail,0.15,0.00000,0.00000,0.00000,0.00000,0.67699
tail_risk_active_learning,5,out_of_distribution_tail,0.20,0.00000,0.00000,0.00000,0.00000,0.67699
tail_risk_active_learning,5,out_of_distribution_tail,0.30,0.00000,0.00000,0.00000,0.00000,0.67699
tail_risk_active_learning,5,rare_mechanism_combo,0.05,0.00000,0.00000,0.00000,0.00000,0.42050
tail_risk_active_learning,5,rare_mechanism_combo,0.10,0.00000,0.00000,0.00000,0.00000,0.42050
tail_risk_active_learning,5,rare_mechanism_combo,0.15,0.05556,0.00000,0.00000,0.05556,0.42050
tail_risk_active_learning,5,rare_mechanism_combo,0.20,0.05556,0.00000,0.00000,0.05556,0.42050
tail_risk_active_learning,5,rare_mechanism_combo,0.30,0.22222,0.00000,0.00000,0.22222,0.42050
tail_risk_active_learning,5,rare_slip_failures,0.05,0.61111,0.00000,0.05556,0.66667,0.05377
tail_risk_active_learning,5,rare_slip_failures,0.10,0.77778,0.00000,0.05556,0.83333,0.05377
tail_risk_active_learning,5,rare_slip_failures,0.15,0.83333,0.00000,0.11111,0.94444,0.05377
tail_risk_active_learning,5,rare_slip_failures,0.20,0.88889,0.00000,0.11111,1.00000,0.05377
tail_risk_active_learning,5,rare_slip_failures,0.30,0.88889,0.00000,0.11111,1.00000,0.05377
task_label_stratification,5,actuator_limit_failures,0.05,0.44444,0.00000,0.11111,0.55556,0.05935
task_label_stratification,5,actuator_limit_failures,0.10,0.72222,0.00000,0.11111,0.83333,0.05935
task_label_stratification,5,actuator_limit_failures,0.15,0.88889,0.00000,0.11111,1.00000,0.05935
task_label_stratification,5,actuator_limit_failures,0.20,0.88889,0.00000,0.11111,1.00000,0.05935
task_label_stratification,5,actuator_limit_failures,0.30,0.88889,0.00000,0.11111,1.00000,0.05935
task_label_stratification,5,combined_tail_stress,0.05,0.00000,0.00000,0.00000,0.00000,0.60799
task_label_stratification,5,combined_tail_stress,0.10,0.00000,0.00000,0.00000,0.00000,0.60799
task_label_stratification,5,combined_tail_stress,0.15,0.00000,0.00000,0.00000,0.00000,0.60799
task_label_stratification,5,combined_tail_stress,0.20,0.00000,0.00000,0.00000,0.00000,0.60799
task_label_stratification,5,combined_tail_stress,0.30,0.00000,0.00000,0.00000,0.00000,0.60799
task_label_stratification,5,compound_sensor_actuator_shift,0.05,0.00000,0.00000,0.00000,0.00000,0.14825
task_label_stratification,5,compound_sensor_actuator_shift,0.10,0.05556,0.00000,0.16667,0.22222,0.14825
task_label_stratification,5,compound_sensor_actuator_shift,0.15,0.33333,0.00000,0.22222,0.55556,0.14825
task_label_stratification,5,compound_sensor_actuator_shift,0.20,0.61111,0.00000,0.27778,0.88889,0.14825
task_label_stratification,5,compound_sensor_actuator_shift,0.30,0.72222,0.00000,0.27778,1.00000,0.14825
task_label_stratification,5,fixture_geometry_shift,0.05,0.00000,0.00000,0.00000,0.00000,0.95033
task_label_stratification,5,fixture_geometry_shift,0.10,0.00000,0.00000,0.00000,0.00000,0.95033
task_label_stratification,5,fixture_geometry_shift,0.15,0.00000,0.00000,0.00000,0.00000,0.95033
task_label_stratification,5,fixture_geometry_shift,0.20,0.00000,0.00000,0.00000,0.00000,0.95033
task_label_stratification,5,fixture_geometry_shift,0.30,0.00000,0.00000,0.00000,0.00000,0.95033
task_label_stratification,5,jammed_fixture_failures,0.05,0.00000,0.00000,0.00000,0.00000,0.73809
task_label_stratification,5,jammed_fixture_failures,0.10,0.00000,0.00000,0.00000,0.00000,0.73809
task_label_stratification,5,jammed_fixture_failures,0.15,0.00000,0.00000,0.00000,0.00000,0.73809
task_label_stratification,5,jammed_fixture_failures,0.20,0.00000,0.00000,0.00000,0.00000,0.73809
task_label_stratification,5,jammed_fixture_failures,0.30,0.00000,0.00000,0.00000,0.00000,0.73809
task_label_stratification,5,nominal_task_balance,0.05,1.00000,0.00000,0.00000,1.00000,0.00648
task_label_stratification,5,nominal_task_balance,0.10,1.00000,0.00000,0.00000,1.00000,0.00648
task_label_stratification,5,nominal_task_balance,0.15,1.00000,0.00000,0.00000,1.00000,0.00648
task_label_stratification,5,nominal_task_balance,0.20,1.00000,0.00000,0.00000,1.00000,0.00648
task_label_stratification,5,nominal_task_balance,0.30,1.00000,0.00000,0.00000,1.00000,0.00648
task_label_stratification,5,out_of_distribution_tail,0.05,0.00000,0.00000,0.00000,0.00000,0.72276
task_label_stratification,5,out_of_distribution_tail,0.10,0.00000,0.00000,0.00000,0.00000,0.72276
task_label_stratification,5,out_of_distribution_tail,0.15,0.00000,0.00000,0.00000,0.00000,0.72276
task_label_stratification,5,out_of_distribution_tail,0.20,0.00000,0.00000,0.00000,0.00000,0.72276
task_label_stratification,5,out_of_distribution_tail,0.30,0.00000,0.00000,0.00000,0.00000,0.72276
task_label_stratification,5,rare_mechanism_combo,0.05,0.00000,0.00000,0.00000,0.00000,0.49291
task_label_stratification,5,rare_mechanism_combo,0.10,0.00000,0.00000,0.00000,0.00000,0.49291
task_label_stratification,5,rare_mechanism_combo,0.15,0.00000,0.00000,0.00000,0.00000,0.49291
task_label_stratification,5,rare_mechanism_combo,0.20,0.00000,0.00000,0.05556,0.05556,0.49291
task_label_stratification,5,rare_mechanism_combo,0.30,0.00000,0.00000,0.05556,0.05556,0.49291
task_label_stratification,5,rare_slip_failures,0.05,0.44444,0.00000,0.00000,0.44444,0.07476
task_label_stratification,5,rare_slip_failures,0.10,0.77778,0.00000,0.00000,0.77778,0.07476
task_label_stratification,5,rare_slip_failures,0.15,0.88889,0.00000,0.05556,0.94444,0.07476
task_label_stratification,5,rare_slip_failures,0.20,0.88889,0.00000,0.05556,0.94444,0.07476
task_label_stratification,5,rare_slip_failures,0.30,0.88889,0.00000,0.11111,1.00000,0.07476
uncertainty_sampling,5,actuator_limit_failures,0.05,0.44444,0.00000,0.00000,0.44444,0.06377
uncertainty_sampling,5,actuator_limit_failures,0.10,0.83333,0.00000,0.00000,0.83333,0.06377
uncertainty_sampling,5,actuator_limit_failures,0.15,0.94444,0.00000,0.00000,0.94444,0.06377
uncertainty_sampling,5,actuator_limit_failures,0.20,1.00000,0.00000,0.00000,1.00000,0.06377
uncertainty_sampling,5,actuator_limit_failures,0.30,1.00000,0.00000,0.00000,1.00000,0.06377
uncertainty_sampling,5,combined_tail_stress,0.05,0.00000,0.00000,0.00000,0.00000,0.52443
uncertainty_sampling,5,combined_tail_stress,0.10,0.00000,0.00000,0.00000,0.00000,0.52443
uncertainty_sampling,5,combined_tail_stress,0.15,0.00000,0.00000,0.00000,0.00000,0.52443
uncertainty_sampling,5,combined_tail_stress,0.20,0.00000,0.00000,0.00000,0.00000,0.52443
uncertainty_sampling,5,combined_tail_stress,0.30,0.11111,0.00000,0.05556,0.16667,0.52443
uncertainty_sampling,5,compound_sensor_actuator_shift,0.05,0.00000,0.11111,0.16667,0.16667,0.10896
uncertainty_sampling,5,compound_sensor_actuator_shift,0.10,0.16667,0.16667,0.27778,0.44444,0.10896
uncertainty_sampling,5,compound_sensor_actuator_shift,0.15,0.50000,0.22222,0.33333,0.83333,0.10896
uncertainty_sampling,5,compound_sensor_actuator_shift,0.20,0.61111,0.22222,0.33333,0.94444,0.10896
uncertainty_sampling,5,compound_sensor_actuator_shift,0.30,0.66667,0.22222,0.33333,1.00000,0.10896
uncertainty_sampling,5,fixture_geometry_shift,0.05,0.00000,0.00000,0.00000,0.00000,0.95263
uncertainty_sampling,5,fixture_geometry_shift,0.10,0.00000,0.00000,0.00000,0.00000,0.95263
uncertainty_sampling,5,fixture_geometry_shift,0.15,0.00000,0.00000,0.00000,0.00000,0.95263
uncertainty_sampling,5,fixture_geometry_shift,0.20,0.00000,0.00000,0.00000,0.00000,0.95263
uncertainty_sampling,5,fixture_geometry_shift,0.30,0.00000,0.00000,0.00000,0.00000,0.95263
uncertainty_sampling,5,jammed_fixture_failures,0.05,0.00000,0.00000,0.00000,0.00000,0.70921
uncertainty_sampling,5,jammed_fixture_failures,0.10,0.00000,0.00000,0.00000,0.00000,0.70921
uncertainty_sampling,5,jammed_fixture_failures,0.15,0.00000,0.00000,0.00000,0.00000,0.70921
uncertainty_sampling,5,jammed_fixture_failures,0.20,0.00000,0.00000,0.00000,0.00000,0.70921
uncertainty_sampling,5,jammed_fixture_failures,0.30,0.00000,0.00000,0.00000,0.00000,0.70921
uncertainty_sampling,5,nominal_task_balance,0.05,1.00000,0.00000,0.00000,1.00000,0.00564
uncertainty_sampling,5,nominal_task_balance,0.10,1.00000,0.00000,0.00000,1.00000,0.00564
uncertainty_sampling,5,nominal_task_balance,0.15,1.00000,0.00000,0.00000,1.00000,0.00564
uncertainty_sampling,5,nominal_task_balance,0.20,1.00000,0.00000,0.00000,1.00000,0.00564
uncertainty_sampling,5,nominal_task_balance,0.30,1.00000,0.00000,0.00000,1.00000,0.00564
uncertainty_sampling,5,out_of_distribution_tail,0.05,0.00000,0.00000,0.00000,0.00000,0.75913
uncertainty_sampling,5,out_of_distribution_tail,0.10,0.00000,0.00000,0.00000,0.00000,0.75913
uncertainty_sampling,5,out_of_distribution_tail,0.15,0.00000,0.00000,0.00000,0.00000,0.75913
uncertainty_sampling,5,out_of_distribution_tail,0.20,0.00000,0.00000,0.00000,0.00000,0.75913
uncertainty_sampling,5,out_of_distribution_tail,0.30,0.00000,0.00000,0.00000,0.00000,0.75913
uncertainty_sampling,5,rare_mechanism_combo,0.05,0.00000,0.00000,0.00000,0.00000,0.48547
uncertainty_sampling,5,rare_mechanism_combo,0.10,0.00000,0.00000,0.00000,0.00000,0.48547
uncertainty_sampling,5,rare_mechanism_combo,0.15,0.00000,0.00000,0.00000,0.00000,0.48547
uncertainty_sampling,5,rare_mechanism_combo,0.20,0.05556,0.00000,0.00000,0.05556,0.48547
uncertainty_sampling,5,rare_mechanism_combo,0.30,0.11111,0.00000,0.00000,0.11111,0.48547
uncertainty_sampling,5,rare_slip_failures,0.05,0.33333,0.00000,0.00000,0.33333,0.08421
uncertainty_sampling,5,rare_slip_failures,0.10,0.66667,0.00000,0.05556,0.72222,0.08421
uncertainty_sampling,5,rare_slip_failures,0.15,0.83333,0.00000,0.05556,0.88889,0.08421
uncertainty_sampling,5,rare_slip_failures,0.20,0.83333,0.00000,0.11111,0.94444,0.08421
uncertainty_sampling,5,rare_slip_failures,0.30,0.88889,0.00000,0.11111,1.00000,0.08421
balanced_failure_replay,6,actuator_limit_failures,0.05,0.77778,0.00000,0.00000,0.77778,0.04076
balanced_failure_replay,6,actuator_limit_failures,0.10,1.00000,0.00000,0.00000,1.00000,0.04076
balanced_failure_replay,6,actuator_limit_failures,0.15,1.00000,0.00000,0.00000,1.00000,0.04076
balanced_failure_replay,6,actuator_limit_failures,0.20,1.00000,0.00000,0.00000,1.00000,0.04076
balanced_failure_replay,6,actuator_limit_failures,0.30,1.00000,0.00000,0.00000,1.00000,0.04076
balanced_failure_replay,6,combined_tail_stress,0.05,0.00000,0.00000,0.00000,0.00000,0.40791
balanced_failure_replay,6,combined_tail_stress,0.10,0.00000,0.00000,0.00000,0.00000,0.40791
balanced_failure_replay,6,combined_tail_stress,0.15,0.00000,0.00000,0.00000,0.00000,0.40791
balanced_failure_replay,6,combined_tail_stress,0.20,0.00000,0.00000,0.00000,0.00000,0.40791
balanced_failure_replay,6,combined_tail_stress,0.30,0.16667,0.00000,0.05556,0.22222,0.40791
balanced_failure_replay,6,compound_sensor_actuator_shift,0.05,0.00000,0.00000,0.00000,0.00000,0.21655
balanced_failure_replay,6,compound_sensor_actuator_shift,0.10,0.05556,0.05556,0.05556,0.11111,0.21655
balanced_failure_replay,6,compound_sensor_actuator_shift,0.15,0.27778,0.11111,0.11111,0.38889,0.21655
balanced_failure_replay,6,compound_sensor_actuator_shift,0.20,0.33333,0.16667,0.16667,0.50000,0.21655
balanced_failure_replay,6,compound_sensor_actuator_shift,0.30,0.61111,0.16667,0.16667,0.77778,0.21655
balanced_failure_replay,6,fixture_geometry_shift,0.05,0.00000,0.00000,0.00000,0.00000,0.82807
balanced_failure_replay,6,fixture_geometry_shift,0.10,0.00000,0.00000,0.00000,0.00000,0.82807
balanced_failure_replay,6,fixture_geometry_shift,0.15,0.00000,0.00000,0.00000,0.00000,0.82807
balanced_failure_replay,6,fixture_geometry_shift,0.20,0.00000,0.00000,0.00000,0.00000,0.82807
balanced_failure_replay,6,fixture_geometry_shift,0.30,0.00000,0.00000,0.00000,0.00000,0.82807
balanced_failure_replay,6,jammed_fixture_failures,0.05,0.00000,0.00000,0.00000,0.00000,0.71618
balanced_failure_replay,6,jammed_fixture_failures,0.10,0.00000,0.00000,0.00000,0.00000,0.71618
balanced_failure_replay,6,jammed_fixture_failures,0.15,0.00000,0.00000,0.00000,0.00000,0.71618
balanced_failure_replay,6,jammed_fixture_failures,0.20,0.00000,0.00000,0.00000,0.00000,0.71618
balanced_failure_replay,6,jammed_fixture_failures,0.30,0.00000,0.00000,0.00000,0.00000,0.71618
balanced_failure_replay,6,nominal_task_balance,0.05,1.00000,0.00000,0.00000,1.00000,0.01474
balanced_failure_replay,6,nominal_task_balance,0.10,1.00000,0.00000,0.00000,1.00000,0.01474
balanced_failure_replay,6,nominal_task_balance,0.15,1.00000,0.00000,0.00000,1.00000,0.01474
balanced_failure_replay,6,nominal_task_balance,0.20,1.00000,0.00000,0.00000,1.00000,0.01474
balanced_failure_replay,6,nominal_task_balance,0.30,1.00000,0.00000,0.00000,1.00000,0.01474
balanced_failure_replay,6,out_of_distribution_tail,0.05,0.00000,0.00000,0.00000,0.00000,0.87190
balanced_failure_replay,6,out_of_distribution_tail,0.10,0.00000,0.00000,0.00000,0.00000,0.87190
balanced_failure_replay,6,out_of_distribution_tail,0.15,0.00000,0.00000,0.00000,0.00000,0.87190
balanced_failure_replay,6,out_of_distribution_tail,0.20,0.00000,0.00000,0.00000,0.00000,0.87190
balanced_failure_replay,6,out_of_distribution_tail,0.30,0.00000,0.00000,0.00000,0.00000,0.87190
balanced_failure_replay,6,rare_mechanism_combo,0.05,0.00000,0.00000,0.00000,0.00000,0.48753
balanced_failure_replay,6,rare_mechanism_combo,0.10,0.00000,0.00000,0.00000,0.00000,0.48753
balanced_failure_replay,6,rare_mechanism_combo,0.15,0.00000,0.00000,0.00000,0.00000,0.48753
balanced_failure_replay,6,rare_mechanism_combo,0.20,0.00000,0.00000,0.00000,0.00000,0.48753
balanced_failure_replay,6,rare_mechanism_combo,0.30,0.11111,0.00000,0.00000,0.11111,0.48753
balanced_failure_replay,6,rare_slip_failures,0.05,0.44444,0.00000,0.00000,0.44444,0.06198
balanced_failure_replay,6,rare_slip_failures,0.10,0.88889,0.00000,0.00000,0.88889,0.06198
balanced_failure_replay,6,rare_slip_failures,0.15,1.00000,0.00000,0.00000,1.00000,0.06198
balanced_failure_replay,6,rare_slip_failures,0.20,1.00000,0.00000,0.00000,1.00000,0.06198
balanced_failure_replay,6,rare_slip_failures,0.30,1.00000,0.00000,0.00000,1.00000,0.06198
calibrated_failure_risk,6,actuator_limit_failures,0.05,0.72222,0.00000,0.00000,0.72222,0.04677
calibrated_failure_risk,6,actuator_limit_failures,0.10,0.94444,0.00000,0.00000,0.94444,0.04677
calibrated_failure_risk,6,actuator_limit_failures,0.15,1.00000,0.00000,0.00000,1.00000,0.04677
calibrated_failure_risk,6,actuator_limit_failures,0.20,1.00000,0.00000,0.00000,1.00000,0.04677
calibrated_failure_risk,6,actuator_limit_failures,0.30,1.00000,0.00000,0.00000,1.00000,0.04677
calibrated_failure_risk,6,combined_tail_stress,0.05,0.00000,0.00000,0.00000,0.00000,0.44465
calibrated_failure_risk,6,combined_tail_stress,0.10,0.00000,0.00000,0.00000,0.00000,0.44465
calibrated_failure_risk,6,combined_tail_stress,0.15,0.00000,0.00000,0.00000,0.00000,0.44465
calibrated_failure_risk,6,combined_tail_stress,0.20,0.00000,0.00000,0.05556,0.05556,0.44465
calibrated_failure_risk,6,combined_tail_stress,0.30,0.11111,0.00000,0.05556,0.16667,0.44465
calibrated_failure_risk,6,compound_sensor_actuator_shift,0.05,0.00000,0.00000,0.00000,0.00000,0.21761
calibrated_failure_risk,6,compound_sensor_actuator_shift,0.10,0.05556,0.00000,0.00000,0.05556,0.21761
calibrated_failure_risk,6,compound_sensor_actuator_shift,0.15,0.22222,0.05556,0.05556,0.27778,0.21761
calibrated_failure_risk,6,compound_sensor_actuator_shift,0.20,0.38889,0.11111,0.11111,0.50000,0.21761
calibrated_failure_risk,6,compound_sensor_actuator_shift,0.30,0.66667,0.16667,0.16667,0.83333,0.21761
calibrated_failure_risk,6,fixture_geometry_shift,0.05,0.00000,0.00000,0.00000,0.00000,0.73135
calibrated_failure_risk,6,fixture_geometry_shift,0.10,0.00000,0.00000,0.00000,0.00000,0.73135
calibrated_failure_risk,6,fixture_geometry_shift,0.15,0.00000,0.00000,0.00000,0.00000,0.73135
calibrated_failure_risk,6,fixture_geometry_shift,0.20,0.00000,0.00000,0.00000,0.00000,0.73135
calibrated_failure_risk,6,fixture_geometry_shift,0.30,0.00000,0.00000,0.00000,0.00000,0.73135
calibrated_failure_risk,6,jammed_fixture_failures,0.05,0.00000,0.00000,0.00000,0.00000,0.70039
calibrated_failure_risk,6,jammed_fixture_failures,0.10,0.00000,0.00000,0.00000,0.00000,0.70039
calibrated_failure_risk,6,jammed_fixture_failures,0.15,0.00000,0.00000,0.00000,0.00000,0.70039
calibrated_failure_risk,6,jammed_fixture_failures,0.20,0.00000,0.00000,0.00000,0.00000,0.70039
calibrated_failure_risk,6,jammed_fixture_failures,0.30,0.00000,0.00000,0.00000,0.00000,0.70039
calibrated_failure_risk,6,nominal_task_balance,0.05,1.00000,0.00000,0.00000,1.00000,0.02162
calibrated_failure_risk,6,nominal_task_balance,0.10,1.00000,0.00000,0.00000,1.00000,0.02162
calibrated_failure_risk,6,nominal_task_balance,0.15,1.00000,0.00000,0.00000,1.00000,0.02162
calibrated_failure_risk,6,nominal_task_balance,0.20,1.00000,0.00000,0.00000,1.00000,0.02162
calibrated_failure_risk,6,nominal_task_balance,0.30,1.00000,0.00000,0.00000,1.00000,0.02162
calibrated_failure_risk,6,out_of_distribution_tail,0.05,0.00000,0.00000,0.00000,0.00000,0.76231
calibrated_failure_risk,6,out_of_distribution_tail,0.10,0.00000,0.00000,0.00000,0.00000,0.76231
calibrated_failure_risk,6,out_of_distribution_tail,0.15,0.00000,0.00000,0.00000,0.00000,0.76231
calibrated_failure_risk,6,out_of_distribution_tail,0.20,0.00000,0.00000,0.00000,0.00000,0.76231
calibrated_failure_risk,6,out_of_distribution_tail,0.30,0.00000,0.00000,0.00000,0.00000,0.76231
calibrated_failure_risk,6,rare_mechanism_combo,0.05,0.00000,0.00000,0.00000,0.00000,0.46407
calibrated_failure_risk,6,rare_mechanism_combo,0.10,0.00000,0.00000,0.00000,0.00000,0.46407
calibrated_failure_risk,6,rare_mechanism_combo,0.15,0.00000,0.00000,0.00000,0.00000,0.46407
calibrated_failure_risk,6,rare_mechanism_combo,0.20,0.00000,0.00000,0.00000,0.00000,0.46407
calibrated_failure_risk,6,rare_mechanism_combo,0.30,0.00000,0.00000,0.00000,0.00000,0.46407
calibrated_failure_risk,6,rare_slip_failures,0.05,0.33333,0.00000,0.00000,0.33333,0.06903
calibrated_failure_risk,6,rare_slip_failures,0.10,0.83333,0.00000,0.00000,0.83333,0.06903
calibrated_failure_risk,6,rare_slip_failures,0.15,1.00000,0.00000,0.00000,1.00000,0.06903
calibrated_failure_risk,6,rare_slip_failures,0.20,1.00000,0.00000,0.00000,1.00000,0.06903
calibrated_failure_risk,6,rare_slip_failures,0.30,1.00000,0.00000,0.00000,1.00000,0.06903
failure_prediction_active_learning,6,actuator_limit_failures,0.05,0.72222,0.00000,0.00000,0.72222,0.04520
failure_prediction_active_learning,6,actuator_limit_failures,0.10,0.94444,0.00000,0.00000,0.94444,0.04520
failure_prediction_active_learning,6,actuator_limit_failures,0.15,1.00000,0.00000,0.00000,1.00000,0.04520
failure_prediction_active_learning,6,actuator_limit_failures,0.20,1.00000,0.00000,0.00000,1.00000,0.04520
failure_prediction_active_learning,6,actuator_limit_failures,0.30,1.00000,0.00000,0.00000,1.00000,0.04520
failure_prediction_active_learning,6,combined_tail_stress,0.05,0.00000,0.00000,0.00000,0.00000,0.43469
failure_prediction_active_learning,6,combined_tail_stress,0.10,0.00000,0.00000,0.00000,0.00000,0.43469
failure_prediction_active_learning,6,combined_tail_stress,0.15,0.00000,0.00000,0.00000,0.00000,0.43469
failure_prediction_active_learning,6,combined_tail_stress,0.20,0.00000,0.00000,0.05556,0.05556,0.43469
failure_prediction_active_learning,6,combined_tail_stress,0.30,0.11111,0.00000,0.05556,0.16667,0.43469
failure_prediction_active_learning,6,compound_sensor_actuator_shift,0.05,0.00000,0.00000,0.00000,0.00000,0.21803
failure_prediction_active_learning,6,compound_sensor_actuator_shift,0.10,0.05556,0.05556,0.05556,0.11111,0.21803
failure_prediction_active_learning,6,compound_sensor_actuator_shift,0.15,0.22222,0.11111,0.11111,0.33333,0.21803
failure_prediction_active_learning,6,compound_sensor_actuator_shift,0.20,0.38889,0.11111,0.11111,0.50000,0.21803
failure_prediction_active_learning,6,compound_sensor_actuator_shift,0.30,0.66667,0.16667,0.16667,0.83333,0.21803
failure_prediction_active_learning,6,fixture_geometry_shift,0.05,0.00000,0.00000,0.00000,0.00000,0.73407
failure_prediction_active_learning,6,fixture_geometry_shift,0.10,0.00000,0.00000,0.00000,0.00000,0.73407
failure_prediction_active_learning,6,fixture_geometry_shift,0.15,0.00000,0.00000,0.00000,0.00000,0.73407
failure_prediction_active_learning,6,fixture_geometry_shift,0.20,0.00000,0.00000,0.00000,0.00000,0.73407
failure_prediction_active_learning,6,fixture_geometry_shift,0.30,0.00000,0.00000,0.00000,0.00000,0.73407
failure_prediction_active_learning,6,jammed_fixture_failures,0.05,0.00000,0.00000,0.00000,0.00000,0.70959
failure_prediction_active_learning,6,jammed_fixture_failures,0.10,0.00000,0.00000,0.00000,0.00000,0.70959
failure_prediction_active_learning,6,jammed_fixture_failures,0.15,0.00000,0.00000,0.00000,0.00000,0.70959
failure_prediction_active_learning,6,jammed_fixture_failures,0.20,0.00000,0.00000,0.00000,0.00000,0.70959
failure_prediction_active_learning,6,jammed_fixture_failures,0.30,0.00000,0.00000,0.00000,0.00000,0.70959
failure_prediction_active_learning,6,nominal_task_balance,0.05,1.00000,0.00000,0.00000,1.00000,0.02051
failure_prediction_active_learning,6,nominal_task_balance,0.10,1.00000,0.00000,0.00000,1.00000,0.02051
failure_prediction_active_learning,6,nominal_task_balance,0.15,1.00000,0.00000,0.00000,1.00000,0.02051
failure_prediction_active_learning,6,nominal_task_balance,0.20,1.00000,0.00000,0.00000,1.00000,0.02051
failure_prediction_active_learning,6,nominal_task_balance,0.30,1.00000,0.00000,0.00000,1.00000,0.02051
failure_prediction_active_learning,6,out_of_distribution_tail,0.05,0.00000,0.00000,0.00000,0.00000,0.76941
failure_prediction_active_learning,6,out_of_distribution_tail,0.10,0.00000,0.00000,0.00000,0.00000,0.76941
failure_prediction_active_learning,6,out_of_distribution_tail,0.15,0.00000,0.00000,0.00000,0.00000,0.76941
failure_prediction_active_learning,6,out_of_distribution_tail,0.20,0.00000,0.00000,0.00000,0.00000,0.76941
failure_prediction_active_learning,6,out_of_distribution_tail,0.30,0.00000,0.00000,0.00000,0.00000,0.76941
failure_prediction_active_learning,6,rare_mechanism_combo,0.05,0.00000,0.00000,0.00000,0.00000,0.45456
failure_prediction_active_learning,6,rare_mechanism_combo,0.10,0.00000,0.00000,0.00000,0.00000,0.45456
failure_prediction_active_learning,6,rare_mechanism_combo,0.15,0.00000,0.00000,0.00000,0.00000,0.45456
failure_prediction_active_learning,6,rare_mechanism_combo,0.20,0.00000,0.00000,0.00000,0.00000,0.45456
failure_prediction_active_learning,6,rare_mechanism_combo,0.30,0.11111,0.00000,0.00000,0.11111,0.45456
failure_prediction_active_learning,6,rare_slip_failures,0.05,0.38889,0.00000,0.00000,0.38889,0.06625
failure_prediction_active_learning,6,rare_slip_failures,0.10,0.83333,0.00000,0.00000,0.83333,0.06625
failure_prediction_active_learning,6,rare_slip_failures,0.15,1.00000,0.00000,0.00000,1.00000,0.06625
failure_prediction_active_learning,6,rare_slip_failures,0.20,1.00000,0.00000,0.00000,1.00000,0.06625
failure_prediction_active_learning,6,rare_slip_failures,0.30,1.00000,0.00000,0.00000,1.00000,0.06625
failure_stratified_engine,6,actuator_limit_failures,0.05,0.66667,0.00000,0.00000,0.66667,0.04762
failure_stratified_engine,6,actuator_limit_failures,0.10,0.94444,0.00000,0.00000,0.94444,0.04762
failure_stratified_engine,6,actuator_limit_failures,0.15,1.00000,0.00000,0.00000,1.00000,0.04762
failure_stratified_engine,6,actuator_limit_failures,0.20,1.00000,0.00000,0.00000,1.00000,0.04762
failure_stratified_engine,6,actuator_limit_failures,0.30,1.00000,0.00000,0.00000,1.00000,0.04762
failure_stratified_engine,6,combined_tail_stress,0.05,0.00000,0.00000,0.00000,0.00000,0.59419
failure_stratified_engine,6,combined_tail_stress,0.10,0.00000,0.00000,0.00000,0.00000,0.59419
failure_stratified_engine,6,combined_tail_stress,0.15,0.00000,0.00000,0.00000,0.00000,0.59419
failure_stratified_engine,6,combined_tail_stress,0.20,0.00000,0.00000,0.00000,0.00000,0.59419
failure_stratified_engine,6,combined_tail_stress,0.30,0.00000,0.00000,0.00000,0.00000,0.59419
failure_stratified_engine,6,compound_sensor_actuator_shift,0.05,0.00000,0.00000,0.00000,0.00000,0.43289
failure_stratified_engine,6,compound_sensor_actuator_shift,0.10,0.00000,0.00000,0.00000,0.00000,0.43289
failure_stratified_engine,6,compound_sensor_actuator_shift,0.15,0.00000,0.00000,0.00000,0.00000,0.43289
failure_stratified_engine,6,compound_sensor_actuator_shift,0.20,0.00000,0.00000,0.00000,0.00000,0.43289
failure_stratified_engine,6,compound_sensor_actuator_shift,0.30,0.11111,0.05556,0.05556,0.16667,0.43289
failure_stratified_engine,6,fixture_geometry_shift,0.05,0.00000,0.00000,0.00000,0.00000,0.80477
failure_stratified_engine,6,fixture_geometry_shift,0.10,0.00000,0.00000,0.00000,0.00000,0.80477
failure_stratified_engine,6,fixture_geometry_shift,0.15,0.00000,0.00000,0.00000,0.00000,0.80477
failure_stratified_engine,6,fixture_geometry_shift,0.20,0.00000,0.00000,0.00000,0.00000,0.80477
failure_stratified_engine,6,fixture_geometry_shift,0.30,0.00000,0.00000,0.00000,0.00000,0.80477
failure_stratified_engine,6,jammed_fixture_failures,0.05,0.00000,0.00000,0.00000,0.00000,0.68722
failure_stratified_engine,6,jammed_fixture_failures,0.10,0.00000,0.00000,0.00000,0.00000,0.68722
failure_stratified_engine,6,jammed_fixture_failures,0.15,0.00000,0.00000,0.00000,0.00000,0.68722
failure_stratified_engine,6,jammed_fixture_failures,0.20,0.00000,0.00000,0.00000,0.00000,0.68722
failure_stratified_engine,6,jammed_fixture_failures,0.30,0.00000,0.00000,0.00000,0.00000,0.68722
failure_stratified_engine,6,nominal_task_balance,0.05,1.00000,0.00000,0.00000,1.00000,0.01716
failure_stratified_engine,6,nominal_task_balance,0.10,1.00000,0.00000,0.00000,1.00000,0.01716
failure_stratified_engine,6,nominal_task_balance,0.15,1.00000,0.00000,0.00000,1.00000,0.01716
failure_stratified_engine,6,nominal_task_balance,0.20,1.00000,0.00000,0.00000,1.00000,0.01716
failure_stratified_engine,6,nominal_task_balance,0.30,1.00000,0.00000,0.00000,1.00000,0.01716
failure_stratified_engine,6,out_of_distribution_tail,0.05,0.00000,0.00000,0.00000,0.00000,0.86202
failure_stratified_engine,6,out_of_distribution_tail,0.10,0.00000,0.00000,0.00000,0.00000,0.86202
failure_stratified_engine,6,out_of_distribution_tail,0.15,0.00000,0.00000,0.00000,0.00000,0.86202
failure_stratified_engine,6,out_of_distribution_tail,0.20,0.00000,0.00000,0.00000,0.00000,0.86202
failure_stratified_engine,6,out_of_distribution_tail,0.30,0.00000,0.00000,0.00000,0.00000,0.86202
failure_stratified_engine,6,rare_mechanism_combo,0.05,0.00000,0.00000,0.00000,0.00000,0.58166
failure_stratified_engine,6,rare_mechanism_combo,0.10,0.00000,0.00000,0.00000,0.00000,0.58166
failure_stratified_engine,6,rare_mechanism_combo,0.15,0.00000,0.00000,0.00000,0.00000,0.58166
failure_stratified_engine,6,rare_mechanism_combo,0.20,0.00000,0.00000,0.00000,0.00000,0.58166
failure_stratified_engine,6,rare_mechanism_combo,0.30,0.00000,0.00000,0.00000,0.00000,0.58166
failure_stratified_engine,6,rare_slip_failures,0.05,0.16667,0.00000,0.00000,0.16667,0.08850
failure_stratified_engine,6,rare_slip_failures,0.10,0.66667,0.00000,0.00000,0.66667,0.08850
failure_stratified_engine,6,rare_slip_failures,0.15,0.88889,0.00000,0.00000,0.88889,0.08850
failure_stratified_engine,6,rare_slip_failures,0.20,0.94444,0.00000,0.00000,0.94444,0.08850
failure_stratified_engine,6,rare_slip_failures,0.30,1.00000,0.00000,0.00000,1.00000,0.08850
failure_stratified_engine_v5,6,actuator_limit_failures,0.05,0.72222,0.00000,0.00000,0.72222,0.04068
failure_stratified_engine_v5,6,actuator_limit_failures,0.10,1.00000,0.00000,0.00000,1.00000,0.04068
failure_stratified_engine_v5,6,actuator_limit_failures,0.15,1.00000,0.00000,0.00000,1.00000,0.04068
failure_stratified_engine_v5,6,actuator_limit_failures,0.20,1.00000,0.00000,0.00000,1.00000,0.04068
failure_stratified_engine_v5,6,actuator_limit_failures,0.30,1.00000,0.00000,0.00000,1.00000,0.04068
failure_stratified_engine_v5,6,combined_tail_stress,0.05,0.00000,0.00000,0.00000,0.00000,0.40523
failure_stratified_engine_v5,6,combined_tail_stress,0.10,0.00000,0.00000,0.00000,0.00000,0.40523
failure_stratified_engine_v5,6,combined_tail_stress,0.15,0.00000,0.00000,0.00000,0.00000,0.40523
failure_stratified_engine_v5,6,combined_tail_stress,0.20,0.00000,0.00000,0.00000,0.00000,0.40523
failure_stratified_engine_v5,6,combined_tail_stress,0.30,0.16667,0.00000,0.05556,0.22222,0.40523
failure_stratified_engine_v5,6,compound_sensor_actuator_shift,0.05,0.00000,0.00000,0.00000,0.00000,0.19829
failure_stratified_engine_v5,6,compound_sensor_actuator_shift,0.10,0.05556,0.05556,0.05556,0.11111,0.19829
failure_stratified_engine_v5,6,compound_sensor_actuator_shift,0.15,0.27778,0.11111,0.11111,0.38889,0.19829
failure_stratified_engine_v5,6,compound_sensor_actuator_shift,0.20,0.38889,0.16667,0.16667,0.55556,0.19829
failure_stratified_engine_v5,6,compound_sensor_actuator_shift,0.30,0.72222,0.16667,0.16667,0.88889,0.19829
failure_stratified_engine_v5,6,fixture_geometry_shift,0.05,0.00000,0.00000,0.00000,0.00000,0.83485
failure_stratified_engine_v5,6,fixture_geometry_shift,0.10,0.00000,0.00000,0.00000,0.00000,0.83485
failure_stratified_engine_v5,6,fixture_geometry_shift,0.15,0.00000,0.00000,0.00000,0.00000,0.83485
failure_stratified_engine_v5,6,fixture_geometry_shift,0.20,0.00000,0.00000,0.00000,0.00000,0.83485
failure_stratified_engine_v5,6,fixture_geometry_shift,0.30,0.00000,0.00000,0.00000,0.00000,0.83485
failure_stratified_engine_v5,6,jammed_fixture_failures,0.05,0.00000,0.00000,0.00000,0.00000,0.70732
failure_stratified_engine_v5,6,jammed_fixture_failures,0.10,0.00000,0.00000,0.00000,0.00000,0.70732
failure_stratified_engine_v5,6,jammed_fixture_failures,0.15,0.00000,0.00000,0.00000,0.00000,0.70732
failure_stratified_engine_v5,6,jammed_fixture_failures,0.20,0.00000,0.00000,0.00000,0.00000,0.70732
failure_stratified_engine_v5,6,jammed_fixture_failures,0.30,0.00000,0.00000,0.00000,0.00000,0.70732
failure_stratified_engine_v5,6,nominal_task_balance,0.05,1.00000,0.00000,0.00000,1.00000,0.01507
failure_stratified_engine_v5,6,nominal_task_balance,0.10,1.00000,0.00000,0.00000,1.00000,0.01507
failure_stratified_engine_v5,6,nominal_task_balance,0.15,1.00000,0.00000,0.00000,1.00000,0.01507
failure_stratified_engine_v5,6,nominal_task_balance,0.20,1.00000,0.00000,0.00000,1.00000,0.01507
failure_stratified_engine_v5,6,nominal_task_balance,0.30,1.00000,0.00000,0.00000,1.00000,0.01507
failure_stratified_engine_v5,6,out_of_distribution_tail,0.05,0.00000,0.00000,0.00000,0.00000,0.86984
failure_stratified_engine_v5,6,out_of_distribution_tail,0.10,0.00000,0.00000,0.00000,0.00000,0.86984
failure_stratified_engine_v5,6,out_of_distribution_tail,0.15,0.00000,0.00000,0.00000,0.00000,0.86984
failure_stratified_engine_v5,6,out_of_distribution_tail,0.20,0.00000,0.00000,0.00000,0.00000,0.86984
failure_stratified_engine_v5,6,out_of_distribution_tail,0.30,0.00000,0.00000,0.00000,0.00000,0.86984
failure_stratified_engine_v5,6,rare_mechanism_combo,0.05,0.00000,0.00000,0.00000,0.00000,0.51993
failure_stratified_engine_v5,6,rare_mechanism_combo,0.10,0.00000,0.00000,0.00000,0.00000,0.51993
failure_stratified_engine_v5,6,rare_mechanism_combo,0.15,0.00000,0.00000,0.00000,0.00000,0.51993
failure_stratified_engine_v5,6,rare_mechanism_combo,0.20,0.00000,0.00000,0.00000,0.00000,0.51993
failure_stratified_engine_v5,6,rare_mechanism_combo,0.30,0.05556,0.00000,0.00000,0.05556,0.51993
failure_stratified_engine_v5,6,rare_slip_failures,0.05,0.38889,0.00000,0.00000,0.38889,0.05930
failure_stratified_engine_v5,6,rare_slip_failures,0.10,0.88889,0.00000,0.00000,0.88889,0.05930
failure_stratified_engine_v5,6,rare_slip_failures,0.15,1.00000,0.00000,0.00000,1.00000,0.05930
failure_stratified_engine_v5,6,rare_slip_failures,0.20,1.00000,0.00000,0.00000,1.00000,0.05930
failure_stratified_engine_v5,6,rare_slip_failures,0.30,1.00000,0.00000,0.00000,1.00000,0.05930
gradient_boosted_failure_active,6,actuator_limit_failures,0.05,0.77778,0.00000,0.00000,0.77778,0.03989
gradient_boosted_failure_active,6,actuator_limit_failures,0.10,0.94444,0.00000,0.00000,0.94444,0.03989
gradient_boosted_failure_active,6,actuator_limit_failures,0.15,1.00000,0.00000,0.00000,1.00000,0.03989
gradient_boosted_failure_active,6,actuator_limit_failures,0.20,1.00000,0.00000,0.00000,1.00000,0.03989
gradient_boosted_failure_active,6,actuator_limit_failures,0.30,1.00000,0.00000,0.00000,1.00000,0.03989
gradient_boosted_failure_active,6,combined_tail_stress,0.05,0.00000,0.00000,0.00000,0.00000,0.47598
gradient_boosted_failure_active,6,combined_tail_stress,0.10,0.00000,0.00000,0.00000,0.00000,0.47598
gradient_boosted_failure_active,6,combined_tail_stress,0.15,0.00000,0.00000,0.00000,0.00000,0.47598
gradient_boosted_failure_active,6,combined_tail_stress,0.20,0.00000,0.00000,0.00000,0.00000,0.47598
gradient_boosted_failure_active,6,combined_tail_stress,0.30,0.05556,0.00000,0.05556,0.11111,0.47598
gradient_boosted_failure_active,6,compound_sensor_actuator_shift,0.05,0.00000,0.00000,0.00000,0.00000,0.24766
gradient_boosted_failure_active,6,compound_sensor_actuator_shift,0.10,0.05556,0.05556,0.05556,0.11111,0.24766
gradient_boosted_failure_active,6,compound_sensor_actuator_shift,0.15,0.22222,0.11111,0.11111,0.33333,0.24766
gradient_boosted_failure_active,6,compound_sensor_actuator_shift,0.20,0.22222,0.11111,0.11111,0.33333,0.24766
gradient_boosted_failure_active,6,compound_sensor_actuator_shift,0.30,0.50000,0.16667,0.16667,0.66667,0.24766
gradient_boosted_failure_active,6,fixture_geometry_shift,0.05,0.00000,0.00000,0.00000,0.00000,0.82422
gradient_boosted_failure_active,6,fixture_geometry_shift,0.10,0.00000,0.00000,0.00000,0.00000,0.82422
gradient_boosted_failure_active,6,fixture_geometry_shift,0.15,0.00000,0.00000,0.00000,0.00000,0.82422
gradient_boosted_failure_active,6,fixture_geometry_shift,0.20,0.00000,0.00000,0.00000,0.00000,0.82422
gradient_boosted_failure_active,6,fixture_geometry_shift,0.30,0.00000,0.00000,0.00000,0.00000,0.82422
gradient_boosted_failure_active,6,jammed_fixture_failures,0.05,0.00000,0.00000,0.00000,0.00000,0.75155
gradient_boosted_failure_active,6,jammed_fixture_failures,0.10,0.00000,0.00000,0.00000,0.00000,0.75155
gradient_boosted_failure_active,6,jammed_fixture_failures,0.15,0.00000,0.00000,0.00000,0.00000,0.75155
gradient_boosted_failure_active,6,jammed_fixture_failures,0.20,0.00000,0.00000,0.00000,0.00000,0.75155
gradient_boosted_failure_active,6,jammed_fixture_failures,0.30,0.00000,0.00000,0.00000,0.00000,0.75155
gradient_boosted_failure_active,6,nominal_task_balance,0.05,1.00000,0.00000,0.00000,1.00000,0.01575
gradient_boosted_failure_active,6,nominal_task_balance,0.10,1.00000,0.00000,0.00000,1.00000,0.01575
gradient_boosted_failure_active,6,nominal_task_balance,0.15,1.00000,0.00000,0.00000,1.00000,0.01575
gradient_boosted_failure_active,6,nominal_task_balance,0.20,1.00000,0.00000,0.00000,1.00000,0.01575
gradient_boosted_failure_active,6,nominal_task_balance,0.30,1.00000,0.00000,0.00000,1.00000,0.01575
gradient_boosted_failure_active,6,out_of_distribution_tail,0.05,0.00000,0.00000,0.00000,0.00000,0.89254
gradient_boosted_failure_active,6,out_of_distribution_tail,0.10,0.00000,0.00000,0.00000,0.00000,0.89254
gradient_boosted_failure_active,6,out_of_distribution_tail,0.15,0.00000,0.00000,0.00000,0.00000,0.89254
gradient_boosted_failure_active,6,out_of_distribution_tail,0.20,0.00000,0.00000,0.00000,0.00000,0.89254
gradient_boosted_failure_active,6,out_of_distribution_tail,0.30,0.00000,0.00000,0.00000,0.00000,0.89254
gradient_boosted_failure_active,6,rare_mechanism_combo,0.05,0.00000,0.00000,0.00000,0.00000,0.57802
gradient_boosted_failure_active,6,rare_mechanism_combo,0.10,0.00000,0.00000,0.00000,0.00000,0.57802
gradient_boosted_failure_active,6,rare_mechanism_combo,0.15,0.00000,0.00000,0.00000,0.00000,0.57802
gradient_boosted_failure_active,6,rare_mechanism_combo,0.20,0.00000,0.00000,0.00000,0.00000,0.57802
gradient_boosted_failure_active,6,rare_mechanism_combo,0.30,0.00000,0.00000,0.00000,0.00000,0.57802
gradient_boosted_failure_active,6,rare_slip_failures,0.05,0.38889,0.00000,0.00000,0.38889,0.06200
gradient_boosted_failure_active,6,rare_slip_failures,0.10,0.88889,0.00000,0.00000,0.88889,0.06200
gradient_boosted_failure_active,6,rare_slip_failures,0.15,1.00000,0.00000,0.00000,1.00000,0.06200
gradient_boosted_failure_active,6,rare_slip_failures,0.20,1.00000,0.00000,0.00000,1.00000,0.06200
gradient_boosted_failure_active,6,rare_slip_failures,0.30,1.00000,0.00000,0.00000,1.00000,0.06200
greedy_oracle_success_upper,6,actuator_limit_failures,0.05,0.66667,0.00000,0.00000,0.66667,0.04637
greedy_oracle_success_upper,6,actuator_limit_failures,0.10,0.94444,0.00000,0.00000,0.94444,0.04637
greedy_oracle_success_upper,6,actuator_limit_failures,0.15,1.00000,0.00000,0.00000,1.00000,0.04637
greedy_oracle_success_upper,6,actuator_limit_failures,0.20,1.00000,0.00000,0.00000,1.00000,0.04637
greedy_oracle_success_upper,6,actuator_limit_failures,0.30,1.00000,0.00000,0.00000,1.00000,0.04637
greedy_oracle_success_upper,6,combined_tail_stress,0.05,0.00000,0.00000,0.00000,0.00000,0.52012
greedy_oracle_success_upper,6,combined_tail_stress,0.10,0.00000,0.00000,0.00000,0.00000,0.52012
greedy_oracle_success_upper,6,combined_tail_stress,0.15,0.00000,0.00000,0.00000,0.00000,0.52012
greedy_oracle_success_upper,6,combined_tail_stress,0.20,0.00000,0.00000,0.00000,0.00000,0.52012
greedy_oracle_success_upper,6,combined_tail_stress,0.30,0.05556,0.00000,0.05556,0.11111,0.52012
greedy_oracle_success_upper,6,compound_sensor_actuator_shift,0.05,0.00000,0.00000,0.00000,0.00000,0.44010
greedy_oracle_success_upper,6,compound_sensor_actuator_shift,0.10,0.00000,0.00000,0.00000,0.00000,0.44010
greedy_oracle_success_upper,6,compound_sensor_actuator_shift,0.15,0.00000,0.00000,0.00000,0.00000,0.44010
greedy_oracle_success_upper,6,compound_sensor_actuator_shift,0.20,0.00000,0.00000,0.00000,0.00000,0.44010
greedy_oracle_success_upper,6,compound_sensor_actuator_shift,0.30,0.11111,0.05556,0.05556,0.16667,0.44010
greedy_oracle_success_upper,6,fixture_geometry_shift,0.05,0.00000,0.00000,0.00000,0.00000,0.79899
greedy_oracle_success_upper,6,fixture_geometry_shift,0.10,0.00000,0.00000,0.00000,0.00000,0.79899
greedy_oracle_success_upper,6,fixture_geometry_shift,0.15,0.00000,0.00000,0.00000,0.00000,0.79899
greedy_oracle_success_upper,6,fixture_geometry_shift,0.20,0.00000,0.00000,0.00000,0.00000,0.79899
greedy_oracle_success_upper,6,fixture_geometry_shift,0.30,0.00000,0.00000,0.00000,0.00000,0.79899
greedy_oracle_success_upper,6,jammed_fixture_failures,0.05,0.00000,0.00000,0.00000,0.00000,0.71873
greedy_oracle_success_upper,6,jammed_fixture_failures,0.10,0.00000,0.00000,0.00000,0.00000,0.71873
greedy_oracle_success_upper,6,jammed_fixture_failures,0.15,0.00000,0.00000,0.00000,0.00000,0.71873
greedy_oracle_success_upper,6,jammed_fixture_failures,0.20,0.00000,0.00000,0.00000,0.00000,0.71873
greedy_oracle_success_upper,6,jammed_fixture_failures,0.30,0.00000,0.00000,0.00000,0.00000,0.71873
greedy_oracle_success_upper,6,nominal_task_balance,0.05,1.00000,0.00000,0.00000,1.00000,0.01947
greedy_oracle_success_upper,6,nominal_task_balance,0.10,1.00000,0.00000,0.00000,1.00000,0.01947
greedy_oracle_success_upper,6,nominal_task_balance,0.15,1.00000,0.00000,0.00000,1.00000,0.01947
greedy_oracle_success_upper,6,nominal_task_balance,0.20,1.00000,0.00000,0.00000,1.00000,0.01947
greedy_oracle_success_upper,6,nominal_task_balance,0.30,1.00000,0.00000,0.00000,1.00000,0.01947
greedy_oracle_success_upper,6,out_of_distribution_tail,0.05,0.00000,0.00000,0.00000,0.00000,0.87465
greedy_oracle_success_upper,6,out_of_distribution_tail,0.10,0.00000,0.00000,0.00000,0.00000,0.87465
greedy_oracle_success_upper,6,out_of_distribution_tail,0.15,0.00000,0.00000,0.00000,0.00000,0.87465
greedy_oracle_success_upper,6,out_of_distribution_tail,0.20,0.00000,0.00000,0.00000,0.00000,0.87465
greedy_oracle_success_upper,6,out_of_distribution_tail,0.30,0.00000,0.00000,0.00000,0.00000,0.87465
greedy_oracle_success_upper,6,rare_mechanism_combo,0.05,0.00000,0.00000,0.00000,0.00000,0.52702
greedy_oracle_success_upper,6,rare_mechanism_combo,0.10,0.00000,0.00000,0.00000,0.00000,0.52702
greedy_oracle_success_upper,6,rare_mechanism_combo,0.15,0.00000,0.00000,0.00000,0.00000,0.52702
greedy_oracle_success_upper,6,rare_mechanism_combo,0.20,0.00000,0.00000,0.00000,0.00000,0.52702
greedy_oracle_success_upper,6,rare_mechanism_combo,0.30,0.05556,0.00000,0.00000,0.05556,0.52702
greedy_oracle_success_upper,6,rare_slip_failures,0.05,0.33333,0.00000,0.00000,0.33333,0.07696
greedy_oracle_success_upper,6,rare_slip_failures,0.10,0.72222,0.00000,0.00000,0.72222,0.07696
greedy_oracle_success_upper,6,rare_slip_failures,0.15,0.88889,0.00000,0.00000,0.88889,0.07696
greedy_oracle_success_upper,6,rare_slip_failures,0.20,1.00000,0.00000,0.00000,1.00000,0.07696
greedy_oracle_success_upper,6,rare_slip_failures,0.30,1.00000,0.00000,0.00000,1.00000,0.07696
hybrid_diversity_risk,6,actuator_limit_failures,0.05,0.72222,0.00000,0.00000,0.72222,0.04098
hybrid_diversity_risk,6,actuator_limit_failures,0.10,0.94444,0.00000,0.00000,0.94444,0.04098
hybrid_diversity_risk,6,actuator_limit_failures,0.15,1.00000,0.00000,0.00000,1.00000,0.04098
hybrid_diversity_risk,6,actuator_limit_failures,0.20,1.00000,0.00000,0.00000,1.00000,0.04098
hybrid_diversity_risk,6,actuator_limit_failures,0.30,1.00000,0.00000,0.00000,1.00000,0.04098
hybrid_diversity_risk,6,combined_tail_stress,0.05,0.00000,0.00000,0.00000,0.00000,0.44136
hybrid_diversity_risk,6,combined_tail_stress,0.10,0.00000,0.00000,0.00000,0.00000,0.44136
hybrid_diversity_risk,6,combined_tail_stress,0.15,0.00000,0.00000,0.00000,0.00000,0.44136
hybrid_diversity_risk,6,combined_tail_stress,0.20,0.00000,0.00000,0.05556,0.05556,0.44136
hybrid_diversity_risk,6,combined_tail_stress,0.30,0.05556,0.00000,0.05556,0.11111,0.44136
hybrid_diversity_risk,6,compound_sensor_actuator_shift,0.05,0.00000,0.00000,0.00000,0.00000,0.18523
hybrid_diversity_risk,6,compound_sensor_actuator_shift,0.10,0.16667,0.05556,0.05556,0.22222,0.18523
hybrid_diversity_risk,6,compound_sensor_actuator_shift,0.15,0.22222,0.05556,0.05556,0.27778,0.18523
hybrid_diversity_risk,6,compound_sensor_actuator_shift,0.20,0.44444,0.11111,0.11111,0.55556,0.18523
hybrid_diversity_risk,6,compound_sensor_actuator_shift,0.30,0.66667,0.16667,0.22222,0.88889,0.18523
hybrid_diversity_risk,6,fixture_geometry_shift,0.05,0.00000,0.00000,0.00000,0.00000,0.78888
hybrid_diversity_risk,6,fixture_geometry_shift,0.10,0.00000,0.00000,0.00000,0.00000,0.78888
hybrid_diversity_risk,6,fixture_geometry_shift,0.15,0.00000,0.00000,0.00000,0.00000,0.78888
hybrid_diversity_risk,6,fixture_geometry_shift,0.20,0.00000,0.00000,0.00000,0.00000,0.78888
hybrid_diversity_risk,6,fixture_geometry_shift,0.30,0.00000,0.00000,0.00000,0.00000,0.78888
hybrid_diversity_risk,6,jammed_fixture_failures,0.05,0.00000,0.00000,0.00000,0.00000,0.65937
hybrid_diversity_risk,6,jammed_fixture_failures,0.10,0.00000,0.00000,0.00000,0.00000,0.65937
hybrid_diversity_risk,6,jammed_fixture_failures,0.15,0.00000,0.00000,0.00000,0.00000,0.65937
hybrid_diversity_risk,6,jammed_fixture_failures,0.20,0.00000,0.00000,0.00000,0.00000,0.65937
hybrid_diversity_risk,6,jammed_fixture_failures,0.30,0.00000,0.00000,0.00000,0.00000,0.65937
hybrid_diversity_risk,6,nominal_task_balance,0.05,1.00000,0.00000,0.00000,1.00000,0.01716
hybrid_diversity_risk,6,nominal_task_balance,0.10,1.00000,0.00000,0.00000,1.00000,0.01716
hybrid_diversity_risk,6,nominal_task_balance,0.15,1.00000,0.00000,0.00000,1.00000,0.01716
hybrid_diversity_risk,6,nominal_task_balance,0.20,1.00000,0.00000,0.00000,1.00000,0.01716
hybrid_diversity_risk,6,nominal_task_balance,0.30,1.00000,0.00000,0.00000,1.00000,0.01716
hybrid_diversity_risk,6,out_of_distribution_tail,0.05,0.00000,0.00000,0.00000,0.00000,0.80223
hybrid_diversity_risk,6,out_of_distribution_tail,0.10,0.00000,0.00000,0.00000,0.00000,0.80223
hybrid_diversity_risk,6,out_of_distribution_tail,0.15,0.00000,0.00000,0.00000,0.00000,0.80223
hybrid_diversity_risk,6,out_of_distribution_tail,0.20,0.00000,0.00000,0.00000,0.00000,0.80223
hybrid_diversity_risk,6,out_of_distribution_tail,0.30,0.00000,0.00000,0.00000,0.00000,0.80223
hybrid_diversity_risk,6,rare_mechanism_combo,0.05,0.00000,0.00000,0.00000,0.00000,0.43957
hybrid_diversity_risk,6,rare_mechanism_combo,0.10,0.00000,0.00000,0.00000,0.00000,0.43957
hybrid_diversity_risk,6,rare_mechanism_combo,0.15,0.00000,0.00000,0.00000,0.00000,0.43957
hybrid_diversity_risk,6,rare_mechanism_combo,0.20,0.00000,0.00000,0.00000,0.00000,0.43957
hybrid_diversity_risk,6,rare_mechanism_combo,0.30,0.00000,0.00000,0.05556,0.05556,0.43957
hybrid_diversity_risk,6,rare_slip_failures,0.05,0.50000,0.00000,0.00000,0.50000,0.06033
hybrid_diversity_risk,6,rare_slip_failures,0.10,0.88889,0.00000,0.00000,0.88889,0.06033
hybrid_diversity_risk,6,rare_slip_failures,0.15,1.00000,0.00000,0.00000,1.00000,0.06033
hybrid_diversity_risk,6,rare_slip_failures,0.20,1.00000,0.00000,0.00000,1.00000,0.06033
hybrid_diversity_risk,6,rare_slip_failures,0.30,1.00000,0.00000,0.00000,1.00000,0.06033
oracle_failure_strata,6,actuator_limit_failures,0.05,0.72222,0.00000,0.00000,0.72222,0.04349
oracle_failure_strata,6,actuator_limit_failures,0.10,1.00000,0.00000,0.00000,1.00000,0.04349
oracle_failure_strata,6,actuator_limit_failures,0.15,1.00000,0.00000,0.00000,1.00000,0.04349
oracle_failure_strata,6,actuator_limit_failures,0.20,1.00000,0.00000,0.00000,1.00000,0.04349
oracle_failure_strata,6,actuator_limit_failures,0.30,1.00000,0.00000,0.00000,1.00000,0.04349
oracle_failure_strata,6,combined_tail_stress,0.05,0.00000,0.00000,0.00000,0.00000,0.50588
oracle_failure_strata,6,combined_tail_stress,0.10,0.00000,0.00000,0.00000,0.00000,0.50588
oracle_failure_strata,6,combined_tail_stress,0.15,0.00000,0.00000,0.00000,0.00000,0.50588
oracle_failure_strata,6,combined_tail_stress,0.20,0.00000,0.00000,0.00000,0.00000,0.50588
oracle_failure_strata,6,combined_tail_stress,0.30,0.05556,0.00000,0.05556,0.11111,0.50588
oracle_failure_strata,6,compound_sensor_actuator_shift,0.05,0.00000,0.00000,0.00000,0.00000,0.39958
oracle_failure_strata,6,compound_sensor_actuator_shift,0.10,0.00000,0.00000,0.00000,0.00000,0.39958
oracle_failure_strata,6,compound_sensor_actuator_shift,0.15,0.00000,0.00000,0.00000,0.00000,0.39958
oracle_failure_strata,6,compound_sensor_actuator_shift,0.20,0.05556,0.05556,0.05556,0.11111,0.39958
oracle_failure_strata,6,compound_sensor_actuator_shift,0.30,0.27778,0.05556,0.05556,0.33333,0.39958
oracle_failure_strata,6,fixture_geometry_shift,0.05,0.00000,0.00000,0.00000,0.00000,0.79758
oracle_failure_strata,6,fixture_geometry_shift,0.10,0.00000,0.00000,0.00000,0.00000,0.79758
oracle_failure_strata,6,fixture_geometry_shift,0.15,0.00000,0.00000,0.00000,0.00000,0.79758
oracle_failure_strata,6,fixture_geometry_shift,0.20,0.00000,0.00000,0.00000,0.00000,0.79758
oracle_failure_strata,6,fixture_geometry_shift,0.30,0.00000,0.00000,0.00000,0.00000,0.79758
oracle_failure_strata,6,jammed_fixture_failures,0.05,0.00000,0.00000,0.00000,0.00000,0.76126
oracle_failure_strata,6,jammed_fixture_failures,0.10,0.00000,0.00000,0.00000,0.00000,0.76126
oracle_failure_strata,6,jammed_fixture_failures,0.15,0.00000,0.00000,0.00000,0.00000,0.76126
oracle_failure_strata,6,jammed_fixture_failures,0.20,0.00000,0.00000,0.00000,0.00000,0.76126
oracle_failure_strata,6,jammed_fixture_failures,0.30,0.00000,0.00000,0.00000,0.00000,0.76126
oracle_failure_strata,6,nominal_task_balance,0.05,1.00000,0.00000,0.00000,1.00000,0.02541
oracle_failure_strata,6,nominal_task_balance,0.10,1.00000,0.00000,0.00000,1.00000,0.02541
oracle_failure_strata,6,nominal_task_balance,0.15,1.00000,0.00000,0.00000,1.00000,0.02541
oracle_failure_strata,6,nominal_task_balance,0.20,1.00000,0.00000,0.00000,1.00000,0.02541
oracle_failure_strata,6,nominal_task_balance,0.30,1.00000,0.00000,0.00000,1.00000,0.02541
oracle_failure_strata,6,out_of_distribution_tail,0.05,0.00000,0.00000,0.00000,0.00000,0.86895
oracle_failure_strata,6,out_of_distribution_tail,0.10,0.00000,0.00000,0.00000,0.00000,0.86895
oracle_failure_strata,6,out_of_distribution_tail,0.15,0.00000,0.00000,0.00000,0.00000,0.86895
oracle_failure_strata,6,out_of_distribution_tail,0.20,0.00000,0.00000,0.00000,0.00000,0.86895
oracle_failure_strata,6,out_of_distribution_tail,0.30,0.00000,0.00000,0.00000,0.00000,0.86895
oracle_failure_strata,6,rare_mechanism_combo,0.05,0.00000,0.00000,0.00000,0.00000,0.51376
oracle_failure_strata,6,rare_mechanism_combo,0.10,0.00000,0.00000,0.00000,0.00000,0.51376
oracle_failure_strata,6,rare_mechanism_combo,0.15,0.00000,0.00000,0.00000,0.00000,0.51376
oracle_failure_strata,6,rare_mechanism_combo,0.20,0.00000,0.00000,0.00000,0.00000,0.51376
oracle_failure_strata,6,rare_mechanism_combo,0.30,0.05556,0.00000,0.00000,0.05556,0.51376
oracle_failure_strata,6,rare_slip_failures,0.05,0.16667,0.00000,0.00000,0.16667,0.09989
oracle_failure_strata,6,rare_slip_failures,0.10,0.50000,0.00000,0.00000,0.50000,0.09989
oracle_failure_strata,6,rare_slip_failures,0.15,0.88889,0.00000,0.00000,0.88889,0.09989
oracle_failure_strata,6,rare_slip_failures,0.20,0.94444,0.00000,0.00000,0.94444,0.09989
oracle_failure_strata,6,rare_slip_failures,0.30,1.00000,0.00000,0.00000,1.00000,0.09989
random_forest_failure_active,6,actuator_limit_failures,0.05,0.72222,0.00000,0.00000,0.72222,0.04493
random_forest_failure_active,6,actuator_limit_failures,0.10,0.94444,0.00000,0.00000,0.94444,0.04493
random_forest_failure_active,6,actuator_limit_failures,0.15,1.00000,0.00000,0.00000,1.00000,0.04493
random_forest_failure_active,6,actuator_limit_failures,0.20,1.00000,0.00000,0.00000,1.00000,0.04493
random_forest_failure_active,6,actuator_limit_failures,0.30,1.00000,0.00000,0.00000,1.00000,0.04493
random_forest_failure_active,6,combined_tail_stress,0.05,0.00000,0.00000,0.00000,0.00000,0.44440
random_forest_failure_active,6,combined_tail_stress,0.10,0.00000,0.00000,0.00000,0.00000,0.44440
random_forest_failure_active,6,combined_tail_stress,0.15,0.00000,0.00000,0.00000,0.00000,0.44440
random_forest_failure_active,6,combined_tail_stress,0.20,0.00000,0.00000,0.05556,0.05556,0.44440
random_forest_failure_active,6,combined_tail_stress,0.30,0.16667,0.00000,0.05556,0.22222,0.44440
random_forest_failure_active,6,compound_sensor_actuator_shift,0.05,0.00000,0.00000,0.00000,0.00000,0.20357
random_forest_failure_active,6,compound_sensor_actuator_shift,0.10,0.16667,0.05556,0.05556,0.22222,0.20357
random_forest_failure_active,6,compound_sensor_actuator_shift,0.15,0.22222,0.11111,0.11111,0.33333,0.20357
random_forest_failure_active,6,compound_sensor_actuator_shift,0.20,0.38889,0.16667,0.16667,0.55556,0.20357
random_forest_failure_active,6,compound_sensor_actuator_shift,0.30,0.66667,0.16667,0.16667,0.83333,0.20357
random_forest_failure_active,6,fixture_geometry_shift,0.05,0.00000,0.00000,0.00000,0.00000,0.86896
random_forest_failure_active,6,fixture_geometry_shift,0.10,0.00000,0.00000,0.00000,0.00000,0.86896
random_forest_failure_active,6,fixture_geometry_shift,0.15,0.00000,0.00000,0.00000,0.00000,0.86896
random_forest_failure_active,6,fixture_geometry_shift,0.20,0.00000,0.00000,0.00000,0.00000,0.86896
random_forest_failure_active,6,fixture_geometry_shift,0.30,0.00000,0.00000,0.00000,0.00000,0.86896
random_forest_failure_active,6,jammed_fixture_failures,0.05,0.00000,0.00000,0.00000,0.00000,0.85442
random_forest_failure_active,6,jammed_fixture_failures,0.10,0.00000,0.00000,0.00000,0.00000,0.85442
random_forest_failure_active,6,jammed_fixture_failures,0.15,0.00000,0.00000,0.00000,0.00000,0.85442
random_forest_failure_active,6,jammed_fixture_failures,0.20,0.00000,0.00000,0.00000,0.00000,0.85442
random_forest_failure_active,6,jammed_fixture_failures,0.30,0.00000,0.00000,0.00000,0.00000,0.85442
random_forest_failure_active,6,nominal_task_balance,0.05,1.00000,0.00000,0.00000,1.00000,0.02091
random_forest_failure_active,6,nominal_task_balance,0.10,1.00000,0.00000,0.00000,1.00000,0.02091
random_forest_failure_active,6,nominal_task_balance,0.15,1.00000,0.00000,0.00000,1.00000,0.02091
random_forest_failure_active,6,nominal_task_balance,0.20,1.00000,0.00000,0.00000,1.00000,0.02091
random_forest_failure_active,6,nominal_task_balance,0.30,1.00000,0.00000,0.00000,1.00000,0.02091
random_forest_failure_active,6,out_of_distribution_tail,0.05,0.00000,0.00000,0.00000,0.00000,0.88597
random_forest_failure_active,6,out_of_distribution_tail,0.10,0.00000,0.00000,0.00000,0.00000,0.88597
random_forest_failure_active,6,out_of_distribution_tail,0.15,0.00000,0.00000,0.00000,0.00000,0.88597
random_forest_failure_active,6,out_of_distribution_tail,0.20,0.00000,0.00000,0.00000,0.00000,0.88597
random_forest_failure_active,6,out_of_distribution_tail,0.30,0.00000,0.00000,0.00000,0.00000,0.88597
random_forest_failure_active,6,rare_mechanism_combo,0.05,0.00000,0.00000,0.00000,0.00000,0.44065
random_forest_failure_active,6,rare_mechanism_combo,0.10,0.00000,0.00000,0.00000,0.00000,0.44065
random_forest_failure_active,6,rare_mechanism_combo,0.15,0.00000,0.00000,0.00000,0.00000,0.44065
random_forest_failure_active,6,rare_mechanism_combo,0.20,0.00000,0.00000,0.00000,0.00000,0.44065
random_forest_failure_active,6,rare_mechanism_combo,0.30,0.11111,0.00000,0.11111,0.22222,0.44065
random_forest_failure_active,6,rare_slip_failures,0.05,0.44444,0.00000,0.00000,0.44444,0.05989
random_forest_failure_active,6,rare_slip_failures,0.10,0.83333,0.00000,0.00000,0.83333,0.05989
random_forest_failure_active,6,rare_slip_failures,0.15,0.94444,0.00000,0.00000,0.94444,0.05989
random_forest_failure_active,6,rare_slip_failures,0.20,1.00000,0.00000,0.00000,1.00000,0.05989
random_forest_failure_active,6,rare_slip_failures,0.30,1.00000,0.00000,0.00000,1.00000,0.05989
random_sampling,6,actuator_limit_failures,0.05,0.72222,0.00000,0.00000,0.72222,0.04134
random_sampling,6,actuator_limit_failures,0.10,1.00000,0.00000,0.00000,1.00000,0.04134
random_sampling,6,actuator_limit_failures,0.15,1.00000,0.00000,0.00000,1.00000,0.04134
random_sampling,6,actuator_limit_failures,0.20,1.00000,0.00000,0.00000,1.00000,0.04134
random_sampling,6,actuator_limit_failures,0.30,1.00000,0.00000,0.00000,1.00000,0.04134
random_sampling,6,combined_tail_stress,0.05,0.00000,0.00000,0.00000,0.00000,0.45391
random_sampling,6,combined_tail_stress,0.10,0.00000,0.00000,0.00000,0.00000,0.45391
random_sampling,6,combined_tail_stress,0.15,0.00000,0.00000,0.00000,0.00000,0.45391
random_sampling,6,combined_tail_stress,0.20,0.00000,0.00000,0.00000,0.00000,0.45391
random_sampling,6,combined_tail_stress,0.30,0.11111,0.00000,0.05556,0.16667,0.45391
random_sampling,6,compound_sensor_actuator_shift,0.05,0.00000,0.00000,0.00000,0.00000,0.23978
random_sampling,6,compound_sensor_actuator_shift,0.10,0.05556,0.05556,0.05556,0.11111,0.23978
random_sampling,6,compound_sensor_actuator_shift,0.15,0.27778,0.05556,0.05556,0.33333,0.23978
random_sampling,6,compound_sensor_actuator_shift,0.20,0.27778,0.11111,0.11111,0.38889,0.23978
random_sampling,6,compound_sensor_actuator_shift,0.30,0.55556,0.16667,0.16667,0.72222,0.23978
random_sampling,6,fixture_geometry_shift,0.05,0.00000,0.00000,0.00000,0.00000,0.84561
random_sampling,6,fixture_geometry_shift,0.10,0.00000,0.00000,0.00000,0.00000,0.84561
random_sampling,6,fixture_geometry_shift,0.15,0.00000,0.00000,0.00000,0.00000,0.84561
random_sampling,6,fixture_geometry_shift,0.20,0.00000,0.00000,0.00000,0.00000,0.84561
random_sampling,6,fixture_geometry_shift,0.30,0.00000,0.00000,0.00000,0.00000,0.84561
random_sampling,6,jammed_fixture_failures,0.05,0.00000,0.00000,0.00000,0.00000,0.77582
random_sampling,6,jammed_fixture_failures,0.10,0.00000,0.00000,0.00000,0.00000,0.77582
random_sampling,6,jammed_fixture_failures,0.15,0.00000,0.00000,0.00000,0.00000,0.77582
random_sampling,6,jammed_fixture_failures,0.20,0.00000,0.00000,0.00000,0.00000,0.77582
random_sampling,6,jammed_fixture_failures,0.30,0.00000,0.00000,0.00000,0.00000,0.77582
random_sampling,6,nominal_task_balance,0.05,1.00000,0.00000,0.00000,1.00000,0.01751
random_sampling,6,nominal_task_balance,0.10,1.00000,0.00000,0.00000,1.00000,0.01751
random_sampling,6,nominal_task_balance,0.15,1.00000,0.00000,0.00000,1.00000,0.01751
random_sampling,6,nominal_task_balance,0.20,1.00000,0.00000,0.00000,1.00000,0.01751
random_sampling,6,nominal_task_balance,0.30,1.00000,0.00000,0.00000,1.00000,0.01751
random_sampling,6,out_of_distribution_tail,0.05,0.00000,0.00000,0.00000,0.00000,0.86922
random_sampling,6,out_of_distribution_tail,0.10,0.00000,0.00000,0.00000,0.00000,0.86922
random_sampling,6,out_of_distribution_tail,0.15,0.00000,0.00000,0.00000,0.00000,0.86922
random_sampling,6,out_of_distribution_tail,0.20,0.00000,0.00000,0.00000,0.00000,0.86922
random_sampling,6,out_of_distribution_tail,0.30,0.00000,0.00000,0.00000,0.00000,0.86922
random_sampling,6,rare_mechanism_combo,0.05,0.00000,0.00000,0.00000,0.00000,0.52279
random_sampling,6,rare_mechanism_combo,0.10,0.00000,0.00000,0.00000,0.00000,0.52279
random_sampling,6,rare_mechanism_combo,0.15,0.00000,0.00000,0.00000,0.00000,0.52279
random_sampling,6,rare_mechanism_combo,0.20,0.00000,0.00000,0.00000,0.00000,0.52279
random_sampling,6,rare_mechanism_combo,0.30,0.05556,0.00000,0.00000,0.05556,0.52279
random_sampling,6,rare_slip_failures,0.05,0.38889,0.00000,0.00000,0.38889,0.07258
random_sampling,6,rare_slip_failures,0.10,0.83333,0.00000,0.00000,0.83333,0.07258
random_sampling,6,rare_slip_failures,0.15,1.00000,0.00000,0.00000,1.00000,0.07258
random_sampling,6,rare_slip_failures,0.20,1.00000,0.00000,0.00000,1.00000,0.07258
random_sampling,6,rare_slip_failures,0.30,1.00000,0.00000,0.00000,1.00000,0.07258
state_diversity_coreset,6,actuator_limit_failures,0.05,0.61111,0.00000,0.00000,0.61111,0.04946
state_diversity_coreset,6,actuator_limit_failures,0.10,0.94444,0.00000,0.00000,0.94444,0.04946
state_diversity_coreset,6,actuator_limit_failures,0.15,1.00000,0.00000,0.00000,1.00000,0.04946
state_diversity_coreset,6,actuator_limit_failures,0.20,1.00000,0.00000,0.00000,1.00000,0.04946
state_diversity_coreset,6,actuator_limit_failures,0.30,1.00000,0.00000,0.00000,1.00000,0.04946
state_diversity_coreset,6,combined_tail_stress,0.05,0.00000,0.00000,0.00000,0.00000,0.45795
state_diversity_coreset,6,combined_tail_stress,0.10,0.00000,0.00000,0.00000,0.00000,0.45795
state_diversity_coreset,6,combined_tail_stress,0.15,0.00000,0.00000,0.00000,0.00000,0.45795
state_diversity_coreset,6,combined_tail_stress,0.20,0.00000,0.00000,0.00000,0.00000,0.45795
state_diversity_coreset,6,combined_tail_stress,0.30,0.11111,0.00000,0.05556,0.16667,0.45795
state_diversity_coreset,6,compound_sensor_actuator_shift,0.05,0.00000,0.00000,0.00000,0.00000,0.28700
state_diversity_coreset,6,compound_sensor_actuator_shift,0.10,0.00000,0.00000,0.00000,0.00000,0.28700
state_diversity_coreset,6,compound_sensor_actuator_shift,0.15,0.05556,0.05556,0.05556,0.11111,0.28700
state_diversity_coreset,6,compound_sensor_actuator_shift,0.20,0.27778,0.05556,0.05556,0.33333,0.28700
state_diversity_coreset,6,compound_sensor_actuator_shift,0.30,0.38889,0.16667,0.16667,0.55556,0.28700
state_diversity_coreset,6,fixture_geometry_shift,0.05,0.00000,0.00000,0.00000,0.00000,0.85977
state_diversity_coreset,6,fixture_geometry_shift,0.10,0.00000,0.00000,0.00000,0.00000,0.85977
state_diversity_coreset,6,fixture_geometry_shift,0.15,0.00000,0.00000,0.00000,0.00000,0.85977
state_diversity_coreset,6,fixture_geometry_shift,0.20,0.00000,0.00000,0.00000,0.00000,0.85977
state_diversity_coreset,6,fixture_geometry_shift,0.30,0.00000,0.00000,0.00000,0.00000,0.85977
state_diversity_coreset,6,jammed_fixture_failures,0.05,0.00000,0.00000,0.00000,0.00000,0.74088
state_diversity_coreset,6,jammed_fixture_failures,0.10,0.00000,0.00000,0.00000,0.00000,0.74088
state_diversity_coreset,6,jammed_fixture_failures,0.15,0.00000,0.00000,0.00000,0.00000,0.74088
state_diversity_coreset,6,jammed_fixture_failures,0.20,0.00000,0.00000,0.00000,0.00000,0.74088
state_diversity_coreset,6,jammed_fixture_failures,0.30,0.00000,0.00000,0.00000,0.00000,0.74088
state_diversity_coreset,6,nominal_task_balance,0.05,0.83333,0.00000,0.00000,0.83333,0.03406
state_diversity_coreset,6,nominal_task_balance,0.10,1.00000,0.00000,0.00000,1.00000,0.03406
state_diversity_coreset,6,nominal_task_balance,0.15,1.00000,0.00000,0.00000,1.00000,0.03406
state_diversity_coreset,6,nominal_task_balance,0.20,1.00000,0.00000,0.00000,1.00000,0.03406
state_diversity_coreset,6,nominal_task_balance,0.30,1.00000,0.00000,0.00000,1.00000,0.03406
state_diversity_coreset,6,out_of_distribution_tail,0.05,0.00000,0.00000,0.00000,0.00000,0.86137
state_diversity_coreset,6,out_of_distribution_tail,0.10,0.00000,0.00000,0.00000,0.00000,0.86137
state_diversity_coreset,6,out_of_distribution_tail,0.15,0.00000,0.00000,0.00000,0.00000,0.86137
state_diversity_coreset,6,out_of_distribution_tail,0.20,0.00000,0.00000,0.00000,0.00000,0.86137
state_diversity_coreset,6,out_of_distribution_tail,0.30,0.00000,0.00000,0.00000,0.00000,0.86137
state_diversity_coreset,6,rare_mechanism_combo,0.05,0.00000,0.00000,0.00000,0.00000,0.54766
state_diversity_coreset,6,rare_mechanism_combo,0.10,0.00000,0.00000,0.00000,0.00000,0.54766
state_diversity_coreset,6,rare_mechanism_combo,0.15,0.00000,0.00000,0.00000,0.00000,0.54766
state_diversity_coreset,6,rare_mechanism_combo,0.20,0.00000,0.00000,0.00000,0.00000,0.54766
state_diversity_coreset,6,rare_mechanism_combo,0.30,0.00000,0.00000,0.00000,0.00000,0.54766
state_diversity_coreset,6,rare_slip_failures,0.05,0.27778,0.00000,0.00000,0.27778,0.09239
state_diversity_coreset,6,rare_slip_failures,0.10,0.61111,0.00000,0.00000,0.61111,0.09239
state_diversity_coreset,6,rare_slip_failures,0.15,0.88889,0.00000,0.00000,0.88889,0.09239
state_diversity_coreset,6,rare_slip_failures,0.20,1.00000,0.00000,0.00000,1.00000,0.09239
state_diversity_coreset,6,rare_slip_failures,0.30,1.00000,0.00000,0.00000,1.00000,0.09239
tail_risk_active_learning,6,actuator_limit_failures,0.05,0.72222,0.00000,0.00000,0.72222,0.04432
tail_risk_active_learning,6,actuator_limit_failures,0.10,0.94444,0.00000,0.00000,0.94444,0.04432
tail_risk_active_learning,6,actuator_limit_failures,0.15,1.00000,0.00000,0.00000,1.00000,0.04432
tail_risk_active_learning,6,actuator_limit_failures,0.20,1.00000,0.00000,0.00000,1.00000,0.04432
tail_risk_active_learning,6,actuator_limit_failures,0.30,1.00000,0.00000,0.00000,1.00000,0.04432
tail_risk_active_learning,6,combined_tail_stress,0.05,0.00000,0.00000,0.00000,0.00000,0.46441
tail_risk_active_learning,6,combined_tail_stress,0.10,0.00000,0.00000,0.00000,0.00000,0.46441
tail_risk_active_learning,6,combined_tail_stress,0.15,0.00000,0.00000,0.00000,0.00000,0.46441
tail_risk_active_learning,6,combined_tail_stress,0.20,0.00000,0.00000,0.05556,0.05556,0.46441
tail_risk_active_learning,6,combined_tail_stress,0.30,0.11111,0.00000,0.05556,0.16667,0.46441
tail_risk_active_learning,6,compound_sensor_actuator_shift,0.05,0.00000,0.00000,0.00000,0.00000,0.18365
tail_risk_active_learning,6,compound_sensor_actuator_shift,0.10,0.16667,0.05556,0.05556,0.22222,0.18365
tail_risk_active_learning,6,compound_sensor_actuator_shift,0.15,0.33333,0.05556,0.05556,0.38889,0.18365
tail_risk_active_learning,6,compound_sensor_actuator_shift,0.20,0.44444,0.11111,0.11111,0.55556,0.18365
tail_risk_active_learning,6,compound_sensor_actuator_shift,0.30,0.66667,0.16667,0.22222,0.88889,0.18365
tail_risk_active_learning,6,fixture_geometry_shift,0.05,0.00000,0.00000,0.00000,0.00000,0.78391
tail_risk_active_learning,6,fixture_geometry_shift,0.10,0.00000,0.00000,0.00000,0.00000,0.78391
tail_risk_active_learning,6,fixture_geometry_shift,0.15,0.00000,0.00000,0.00000,0.00000,0.78391
tail_risk_active_learning,6,fixture_geometry_shift,0.20,0.00000,0.00000,0.00000,0.00000,0.78391
tail_risk_active_learning,6,fixture_geometry_shift,0.30,0.00000,0.00000,0.00000,0.00000,0.78391
tail_risk_active_learning,6,jammed_fixture_failures,0.05,0.00000,0.00000,0.00000,0.00000,0.67488
tail_risk_active_learning,6,jammed_fixture_failures,0.10,0.00000,0.00000,0.00000,0.00000,0.67488
tail_risk_active_learning,6,jammed_fixture_failures,0.15,0.00000,0.00000,0.00000,0.00000,0.67488
tail_risk_active_learning,6,jammed_fixture_failures,0.20,0.00000,0.00000,0.00000,0.00000,0.67488
tail_risk_active_learning,6,jammed_fixture_failures,0.30,0.00000,0.00000,0.00000,0.00000,0.67488
tail_risk_active_learning,6,nominal_task_balance,0.05,1.00000,0.00000,0.00000,1.00000,0.02047
tail_risk_active_learning,6,nominal_task_balance,0.10,1.00000,0.00000,0.00000,1.00000,0.02047
tail_risk_active_learning,6,nominal_task_balance,0.15,1.00000,0.00000,0.00000,1.00000,0.02047
tail_risk_active_learning,6,nominal_task_balance,0.20,1.00000,0.00000,0.00000,1.00000,0.02047
tail_risk_active_learning,6,nominal_task_balance,0.30,1.00000,0.00000,0.00000,1.00000,0.02047
tail_risk_active_learning,6,out_of_distribution_tail,0.05,0.00000,0.00000,0.00000,0.00000,0.69572
tail_risk_active_learning,6,out_of_distribution_tail,0.10,0.00000,0.00000,0.00000,0.00000,0.69572
tail_risk_active_learning,6,out_of_distribution_tail,0.15,0.00000,0.00000,0.00000,0.00000,0.69572
tail_risk_active_learning,6,out_of_distribution_tail,0.20,0.00000,0.00000,0.00000,0.00000,0.69572
tail_risk_active_learning,6,out_of_distribution_tail,0.30,0.00000,0.00000,0.00000,0.00000,0.69572
tail_risk_active_learning,6,rare_mechanism_combo,0.05,0.00000,0.00000,0.00000,0.00000,0.46091
tail_risk_active_learning,6,rare_mechanism_combo,0.10,0.00000,0.00000,0.00000,0.00000,0.46091
tail_risk_active_learning,6,rare_mechanism_combo,0.15,0.00000,0.00000,0.00000,0.00000,0.46091
tail_risk_active_learning,6,rare_mechanism_combo,0.20,0.00000,0.00000,0.00000,0.00000,0.46091
tail_risk_active_learning,6,rare_mechanism_combo,0.30,0.00000,0.00000,0.00000,0.00000,0.46091
tail_risk_active_learning,6,rare_slip_failures,0.05,0.44444,0.00000,0.00000,0.44444,0.06283
tail_risk_active_learning,6,rare_slip_failures,0.10,0.88889,0.00000,0.00000,0.88889,0.06283
tail_risk_active_learning,6,rare_slip_failures,0.15,1.00000,0.00000,0.00000,1.00000,0.06283
tail_risk_active_learning,6,rare_slip_failures,0.20,1.00000,0.00000,0.00000,1.00000,0.06283
tail_risk_active_learning,6,rare_slip_failures,0.30,1.00000,0.00000,0.00000,1.00000,0.06283
task_label_stratification,6,actuator_limit_failures,0.05,0.66667,0.00000,0.00000,0.66667,0.04792
task_label_stratification,6,actuator_limit_failures,0.10,0.94444,0.00000,0.00000,0.94444,0.04792
task_label_stratification,6,actuator_limit_failures,0.15,1.00000,0.00000,0.00000,1.00000,0.04792
task_label_stratification,6,actuator_limit_failures,0.20,1.00000,0.00000,0.00000,1.00000,0.04792
task_label_stratification,6,actuator_limit_failures,0.30,1.00000,0.00000,0.00000,1.00000,0.04792
task_label_stratification,6,combined_tail_stress,0.05,0.00000,0.00000,0.00000,0.00000,0.45353
task_label_stratification,6,combined_tail_stress,0.10,0.00000,0.00000,0.00000,0.00000,0.45353
task_label_stratification,6,combined_tail_stress,0.15,0.00000,0.00000,0.00000,0.00000,0.45353
task_label_stratification,6,combined_tail_stress,0.20,0.00000,0.00000,0.00000,0.00000,0.45353
task_label_stratification,6,combined_tail_stress,0.30,0.16667,0.00000,0.05556,0.22222,0.45353
task_label_stratification,6,compound_sensor_actuator_shift,0.05,0.00000,0.00000,0.00000,0.00000,0.25276
task_label_stratification,6,compound_sensor_actuator_shift,0.10,0.00000,0.00000,0.00000,0.00000,0.25276
task_label_stratification,6,compound_sensor_actuator_shift,0.15,0.11111,0.05556,0.05556,0.16667,0.25276
task_label_stratification,6,compound_sensor_actuator_shift,0.20,0.33333,0.11111,0.11111,0.44444,0.25276
task_label_stratification,6,compound_sensor_actuator_shift,0.30,0.55556,0.16667,0.16667,0.72222,0.25276
task_label_stratification,6,fixture_geometry_shift,0.05,0.00000,0.00000,0.00000,0.00000,0.86033
task_label_stratification,6,fixture_geometry_shift,0.10,0.00000,0.00000,0.00000,0.00000,0.86033
task_label_stratification,6,fixture_geometry_shift,0.15,0.00000,0.00000,0.00000,0.00000,0.86033
task_label_stratification,6,fixture_geometry_shift,0.20,0.00000,0.00000,0.00000,0.00000,0.86033
task_label_stratification,6,fixture_geometry_shift,0.30,0.00000,0.00000,0.00000,0.00000,0.86033
task_label_stratification,6,jammed_fixture_failures,0.05,0.00000,0.00000,0.00000,0.00000,0.78683
task_label_stratification,6,jammed_fixture_failures,0.10,0.00000,0.00000,0.00000,0.00000,0.78683
task_label_stratification,6,jammed_fixture_failures,0.15,0.00000,0.00000,0.00000,0.00000,0.78683
task_label_stratification,6,jammed_fixture_failures,0.20,0.00000,0.00000,0.00000,0.00000,0.78683
task_label_stratification,6,jammed_fixture_failures,0.30,0.00000,0.00000,0.00000,0.00000,0.78683
task_label_stratification,6,nominal_task_balance,0.05,1.00000,0.00000,0.00000,1.00000,0.02464
task_label_stratification,6,nominal_task_balance,0.10,1.00000,0.00000,0.00000,1.00000,0.02464
task_label_stratification,6,nominal_task_balance,0.15,1.00000,0.00000,0.00000,1.00000,0.02464
task_label_stratification,6,nominal_task_balance,0.20,1.00000,0.00000,0.00000,1.00000,0.02464
task_label_stratification,6,nominal_task_balance,0.30,1.00000,0.00000,0.00000,1.00000,0.02464
task_label_stratification,6,out_of_distribution_tail,0.05,0.00000,0.00000,0.00000,0.00000,0.86377
task_label_stratification,6,out_of_distribution_tail,0.10,0.00000,0.00000,0.00000,0.00000,0.86377
task_label_stratification,6,out_of_distribution_tail,0.15,0.00000,0.00000,0.00000,0.00000,0.86377
task_label_stratification,6,out_of_distribution_tail,0.20,0.00000,0.00000,0.00000,0.00000,0.86377
task_label_stratification,6,out_of_distribution_tail,0.30,0.00000,0.00000,0.00000,0.00000,0.86377
task_label_stratification,6,rare_mechanism_combo,0.05,0.00000,0.00000,0.00000,0.00000,0.53843
task_label_stratification,6,rare_mechanism_combo,0.10,0.00000,0.00000,0.00000,0.00000,0.53843
task_label_stratification,6,rare_mechanism_combo,0.15,0.00000,0.00000,0.00000,0.00000,0.53843
task_label_stratification,6,rare_mechanism_combo,0.20,0.00000,0.00000,0.00000,0.00000,0.53843
task_label_stratification,6,rare_mechanism_combo,0.30,0.00000,0.00000,0.00000,0.00000,0.53843
task_label_stratification,6,rare_slip_failures,0.05,0.38889,0.00000,0.00000,0.38889,0.06912
task_label_stratification,6,rare_slip_failures,0.10,0.83333,0.00000,0.00000,0.83333,0.06912
task_label_stratification,6,rare_slip_failures,0.15,1.00000,0.00000,0.00000,1.00000,0.06912
task_label_stratification,6,rare_slip_failures,0.20,1.00000,0.00000,0.00000,1.00000,0.06912
task_label_stratification,6,rare_slip_failures,0.30,1.00000,0.00000,0.00000,1.00000,0.06912
uncertainty_sampling,6,actuator_limit_failures,0.05,0.83333,0.00000,0.00000,0.83333,0.03542
uncertainty_sampling,6,actuator_limit_failures,0.10,1.00000,0.00000,0.00000,1.00000,0.03542
uncertainty_sampling,6,actuator_limit_failures,0.15,1.00000,0.00000,0.00000,1.00000,0.03542
uncertainty_sampling,6,actuator_limit_failures,0.20,1.00000,0.00000,0.00000,1.00000,0.03542
uncertainty_sampling,6,actuator_limit_failures,0.30,1.00000,0.00000,0.00000,1.00000,0.03542
uncertainty_sampling,6,combined_tail_stress,0.05,0.00000,0.00000,0.00000,0.00000,0.39387
uncertainty_sampling,6,combined_tail_stress,0.10,0.00000,0.00000,0.00000,0.00000,0.39387
uncertainty_sampling,6,combined_tail_stress,0.15,0.00000,0.00000,0.00000,0.00000,0.39387
uncertainty_sampling,6,combined_tail_stress,0.20,0.00000,0.00000,0.00000,0.00000,0.39387
uncertainty_sampling,6,combined_tail_stress,0.30,0.16667,0.00000,0.05556,0.22222,0.39387
uncertainty_sampling,6,compound_sensor_actuator_shift,0.05,0.00000,0.00000,0.00000,0.00000,0.18240
uncertainty_sampling,6,compound_sensor_actuator_shift,0.10,0.16667,0.05556,0.05556,0.22222,0.18240
uncertainty_sampling,6,compound_sensor_actuator_shift,0.15,0.33333,0.11111,0.11111,0.44444,0.18240
uncertainty_sampling,6,compound_sensor_actuator_shift,0.20,0.38889,0.16667,0.16667,0.55556,0.18240
uncertainty_sampling,6,compound_sensor_actuator_shift,0.30,0.72222,0.16667,0.16667,0.88889,0.18240
uncertainty_sampling,6,fixture_geometry_shift,0.05,0.00000,0.00000,0.00000,0.00000,0.82991
uncertainty_sampling,6,fixture_geometry_shift,0.10,0.00000,0.00000,0.00000,0.00000,0.82991
uncertainty_sampling,6,fixture_geometry_shift,0.15,0.00000,0.00000,0.00000,0.00000,0.82991
uncertainty_sampling,6,fixture_geometry_shift,0.20,0.00000,0.00000,0.00000,0.00000,0.82991
uncertainty_sampling,6,fixture_geometry_shift,0.30,0.00000,0.00000,0.00000,0.00000,0.82991
uncertainty_sampling,6,jammed_fixture_failures,0.05,0.00000,0.00000,0.00000,0.00000,0.74101
uncertainty_sampling,6,jammed_fixture_failures,0.10,0.00000,0.00000,0.00000,0.00000,0.74101
uncertainty_sampling,6,jammed_fixture_failures,0.15,0.00000,0.00000,0.00000,0.00000,0.74101
uncertainty_sampling,6,jammed_fixture_failures,0.20,0.00000,0.00000,0.00000,0.00000,0.74101
uncertainty_sampling,6,jammed_fixture_failures,0.30,0.00000,0.00000,0.00000,0.00000,0.74101
uncertainty_sampling,6,nominal_task_balance,0.05,1.00000,0.00000,0.00000,1.00000,0.01534
uncertainty_sampling,6,nominal_task_balance,0.10,1.00000,0.00000,0.00000,1.00000,0.01534
uncertainty_sampling,6,nominal_task_balance,0.15,1.00000,0.00000,0.00000,1.00000,0.01534
uncertainty_sampling,6,nominal_task_balance,0.20,1.00000,0.00000,0.00000,1.00000,0.01534
uncertainty_sampling,6,nominal_task_balance,0.30,1.00000,0.00000,0.00000,1.00000,0.01534
uncertainty_sampling,6,out_of_distribution_tail,0.05,0.00000,0.00000,0.00000,0.00000,0.85806
uncertainty_sampling,6,out_of_distribution_tail,0.10,0.00000,0.00000,0.00000,0.00000,0.85806
uncertainty_sampling,6,out_of_distribution_tail,0.15,0.00000,0.00000,0.00000,0.00000,0.85806
uncertainty_sampling,6,out_of_distribution_tail,0.20,0.00000,0.00000,0.00000,0.00000,0.85806
uncertainty_sampling,6,out_of_distribution_tail,0.30,0.00000,0.00000,0.00000,0.00000,0.85806
uncertainty_sampling,6,rare_mechanism_combo,0.05,0.00000,0.00000,0.00000,0.00000,0.53232
uncertainty_sampling,6,rare_mechanism_combo,0.10,0.00000,0.00000,0.00000,0.00000,0.53232
uncertainty_sampling,6,rare_mechanism_combo,0.15,0.00000,0.00000,0.00000,0.00000,0.53232
uncertainty_sampling,6,rare_mechanism_combo,0.20,0.00000,0.00000,0.00000,0.00000,0.53232
uncertainty_sampling,6,rare_mechanism_combo,0.30,0.05556,0.00000,0.00000,0.05556,0.53232
uncertainty_sampling,6,rare_slip_failures,0.05,0.38889,0.00000,0.00000,0.38889,0.06973
uncertainty_sampling,6,rare_slip_failures,0.10,0.83333,0.00000,0.00000,0.83333,0.06973
uncertainty_sampling,6,rare_slip_failures,0.15,1.00000,0.00000,0.00000,1.00000,0.06973
uncertainty_sampling,6,rare_slip_failures,0.20,1.00000,0.00000,0.00000,1.00000,0.06973
uncertainty_sampling,6,rare_slip_failures,0.30,1.00000,0.00000,0.00000,1.00000,0.06973
balanced_failure_replay,7,actuator_limit_failures,0.05,0.72222,0.00000,0.00000,0.72222,0.04268
balanced_failure_replay,7,actuator_limit_failures,0.10,0.94444,0.00000,0.00000,0.94444,0.04268
balanced_failure_replay,7,actuator_limit_failures,0.15,1.00000,0.00000,0.00000,1.00000,0.04268
balanced_failure_replay,7,actuator_limit_failures,0.20,1.00000,0.00000,0.00000,1.00000,0.04268
balanced_failure_replay,7,actuator_limit_failures,0.30,1.00000,0.00000,0.00000,1.00000,0.04268
balanced_failure_replay,7,combined_tail_stress,0.05,0.00000,0.00000,0.00000,0.00000,0.62733
balanced_failure_replay,7,combined_tail_stress,0.10,0.00000,0.00000,0.00000,0.00000,0.62733
balanced_failure_replay,7,combined_tail_stress,0.15,0.00000,0.00000,0.00000,0.00000,0.62733
balanced_failure_replay,7,combined_tail_stress,0.20,0.00000,0.00000,0.00000,0.00000,0.62733
balanced_failure_replay,7,combined_tail_stress,0.30,0.00000,0.00000,0.00000,0.00000,0.62733
balanced_failure_replay,7,compound_sensor_actuator_shift,0.05,0.00000,0.00000,0.00000,0.00000,0.23320
balanced_failure_replay,7,compound_sensor_actuator_shift,0.10,0.00000,0.00000,0.00000,0.00000,0.23320
balanced_failure_replay,7,compound_sensor_actuator_shift,0.15,0.16667,0.00000,0.00000,0.16667,0.23320
balanced_failure_replay,7,compound_sensor_actuator_shift,0.20,0.33333,0.11111,0.11111,0.44444,0.23320
balanced_failure_replay,7,compound_sensor_actuator_shift,0.30,0.50000,0.16667,0.22222,0.72222,0.23320
balanced_failure_replay,7,fixture_geometry_shift,0.05,0.00000,0.00000,0.00000,0.00000,0.88592
balanced_failure_replay,7,fixture_geometry_shift,0.10,0.00000,0.00000,0.00000,0.00000,0.88592
balanced_failure_replay,7,fixture_geometry_shift,0.15,0.00000,0.00000,0.00000,0.00000,0.88592
balanced_failure_replay,7,fixture_geometry_shift,0.20,0.00000,0.00000,0.00000,0.00000,0.88592
balanced_failure_replay,7,fixture_geometry_shift,0.30,0.00000,0.00000,0.00000,0.00000,0.88592
balanced_failure_replay,7,jammed_fixture_failures,0.05,0.00000,0.00000,0.00000,0.00000,0.65932
balanced_failure_replay,7,jammed_fixture_failures,0.10,0.00000,0.00000,0.00000,0.00000,0.65932
balanced_failure_replay,7,jammed_fixture_failures,0.15,0.00000,0.00000,0.00000,0.00000,0.65932
balanced_failure_replay,7,jammed_fixture_failures,0.20,0.00000,0.00000,0.00000,0.00000,0.65932
balanced_failure_replay,7,jammed_fixture_failures,0.30,0.00000,0.00000,0.00000,0.00000,0.65932
balanced_failure_replay,7,nominal_task_balance,0.05,1.00000,0.00000,0.00000,1.00000,0.02000
balanced_failure_replay,7,nominal_task_balance,0.10,1.00000,0.00000,0.00000,1.00000,0.02000
balanced_failure_replay,7,nominal_task_balance,0.15,1.00000,0.00000,0.00000,1.00000,0.02000
balanced_failure_replay,7,nominal_task_balance,0.20,1.00000,0.00000,0.00000,1.00000,0.02000
balanced_failure_replay,7,nominal_task_balance,0.30,1.00000,0.00000,0.00000,1.00000,0.02000
balanced_failure_replay,7,out_of_distribution_tail,0.05,0.00000,0.00000,0.00000,0.00000,0.54739
balanced_failure_replay,7,out_of_distribution_tail,0.10,0.00000,0.00000,0.00000,0.00000,0.54739
balanced_failure_replay,7,out_of_distribution_tail,0.15,0.00000,0.00000,0.00000,0.00000,0.54739
balanced_failure_replay,7,out_of_distribution_tail,0.20,0.00000,0.00000,0.00000,0.00000,0.54739
balanced_failure_replay,7,out_of_distribution_tail,0.30,0.00000,0.00000,0.00000,0.00000,0.54739
balanced_failure_replay,7,rare_mechanism_combo,0.05,0.00000,0.00000,0.00000,0.00000,0.48130
balanced_failure_replay,7,rare_mechanism_combo,0.10,0.00000,0.00000,0.00000,0.00000,0.48130
balanced_failure_replay,7,rare_mechanism_combo,0.15,0.00000,0.00000,0.00000,0.00000,0.48130
balanced_failure_replay,7,rare_mechanism_combo,0.20,0.00000,0.00000,0.00000,0.00000,0.48130
balanced_failure_replay,7,rare_mechanism_combo,0.30,0.00000,0.00000,0.05556,0.05556,0.48130
balanced_failure_replay,7,rare_slip_failures,0.05,0.05556,0.00000,0.00000,0.05556,0.10902
balanced_failure_replay,7,rare_slip_failures,0.10,0.55556,0.05556,0.05556,0.61111,0.10902
balanced_failure_replay,7,rare_slip_failures,0.15,0.77778,0.05556,0.05556,0.83333,0.10902
balanced_failure_replay,7,rare_slip_failures,0.20,0.88889,0.05556,0.05556,0.94444,0.10902
balanced_failure_replay,7,rare_slip_failures,0.30,0.88889,0.05556,0.05556,0.94444,0.10902
calibrated_failure_risk,7,actuator_limit_failures,0.05,0.77778,0.00000,0.00000,0.77778,0.03676
calibrated_failure_risk,7,actuator_limit_failures,0.10,1.00000,0.00000,0.00000,1.00000,0.03676
calibrated_failure_risk,7,actuator_limit_failures,0.15,1.00000,0.00000,0.00000,1.00000,0.03676
calibrated_failure_risk,7,actuator_limit_failures,0.20,1.00000,0.00000,0.00000,1.00000,0.03676
calibrated_failure_risk,7,actuator_limit_failures,0.30,1.00000,0.00000,0.00000,1.00000,0.03676
calibrated_failure_risk,7,combined_tail_stress,0.05,0.00000,0.00000,0.00000,0.00000,0.54919
calibrated_failure_risk,7,combined_tail_stress,0.10,0.00000,0.00000,0.00000,0.00000,0.54919
calibrated_failure_risk,7,combined_tail_stress,0.15,0.00000,0.00000,0.00000,0.00000,0.54919
calibrated_failure_risk,7,combined_tail_stress,0.20,0.00000,0.00000,0.00000,0.00000,0.54919
calibrated_failure_risk,7,combined_tail_stress,0.30,0.05556,0.00000,0.00000,0.05556,0.54919
calibrated_failure_risk,7,compound_sensor_actuator_shift,0.05,0.00000,0.00000,0.00000,0.00000,0.20084
calibrated_failure_risk,7,compound_sensor_actuator_shift,0.10,0.05556,0.00000,0.00000,0.05556,0.20084
calibrated_failure_risk,7,compound_sensor_actuator_shift,0.15,0.27778,0.05556,0.05556,0.33333,0.20084
calibrated_failure_risk,7,compound_sensor_actuator_shift,0.20,0.38889,0.11111,0.11111,0.50000,0.20084
calibrated_failure_risk,7,compound_sensor_actuator_shift,0.30,0.61111,0.16667,0.27778,0.88889,0.20084
calibrated_failure_risk,7,fixture_geometry_shift,0.05,0.00000,0.00000,0.00000,0.00000,0.86446
calibrated_failure_risk,7,fixture_geometry_shift,0.10,0.00000,0.00000,0.00000,0.00000,0.86446
calibrated_failure_risk,7,fixture_geometry_shift,0.15,0.00000,0.00000,0.00000,0.00000,0.86446
calibrated_failure_risk,7,fixture_geometry_shift,0.20,0.00000,0.00000,0.00000,0.00000,0.86446
calibrated_failure_risk,7,fixture_geometry_shift,0.30,0.00000,0.00000,0.00000,0.00000,0.86446
calibrated_failure_risk,7,jammed_fixture_failures,0.05,0.00000,0.00000,0.00000,0.00000,0.64210
calibrated_failure_risk,7,jammed_fixture_failures,0.10,0.00000,0.00000,0.00000,0.00000,0.64210
calibrated_failure_risk,7,jammed_fixture_failures,0.15,0.00000,0.00000,0.00000,0.00000,0.64210
calibrated_failure_risk,7,jammed_fixture_failures,0.20,0.00000,0.00000,0.00000,0.00000,0.64210
calibrated_failure_risk,7,jammed_fixture_failures,0.30,0.00000,0.00000,0.00000,0.00000,0.64210
calibrated_failure_risk,7,nominal_task_balance,0.05,1.00000,0.00000,0.00000,1.00000,0.01851
calibrated_failure_risk,7,nominal_task_balance,0.10,1.00000,0.00000,0.00000,1.00000,0.01851
calibrated_failure_risk,7,nominal_task_balance,0.15,1.00000,0.00000,0.00000,1.00000,0.01851
calibrated_failure_risk,7,nominal_task_balance,0.20,1.00000,0.00000,0.00000,1.00000,0.01851
calibrated_failure_risk,7,nominal_task_balance,0.30,1.00000,0.00000,0.00000,1.00000,0.01851
calibrated_failure_risk,7,out_of_distribution_tail,0.05,0.00000,0.00000,0.00000,0.00000,0.43484
calibrated_failure_risk,7,out_of_distribution_tail,0.10,0.00000,0.00000,0.00000,0.00000,0.43484
calibrated_failure_risk,7,out_of_distribution_tail,0.15,0.00000,0.00000,0.00000,0.00000,0.43484
calibrated_failure_risk,7,out_of_distribution_tail,0.20,0.00000,0.00000,0.00000,0.00000,0.43484
calibrated_failure_risk,7,out_of_distribution_tail,0.30,0.05556,0.00000,0.05556,0.11111,0.43484
calibrated_failure_risk,7,rare_mechanism_combo,0.05,0.00000,0.00000,0.00000,0.00000,0.47052
calibrated_failure_risk,7,rare_mechanism_combo,0.10,0.00000,0.00000,0.00000,0.00000,0.47052
calibrated_failure_risk,7,rare_mechanism_combo,0.15,0.00000,0.00000,0.00000,0.00000,0.47052
calibrated_failure_risk,7,rare_mechanism_combo,0.20,0.00000,0.00000,0.00000,0.00000,0.47052
calibrated_failure_risk,7,rare_mechanism_combo,0.30,0.05556,0.00000,0.05556,0.11111,0.47052
calibrated_failure_risk,7,rare_slip_failures,0.05,0.22222,0.00000,0.00000,0.22222,0.08952
calibrated_failure_risk,7,rare_slip_failures,0.10,0.61111,0.05556,0.05556,0.66667,0.08952
calibrated_failure_risk,7,rare_slip_failures,0.15,0.83333,0.05556,0.05556,0.88889,0.08952
calibrated_failure_risk,7,rare_slip_failures,0.20,0.88889,0.05556,0.05556,0.94444,0.08952
calibrated_failure_risk,7,rare_slip_failures,0.30,0.88889,0.05556,0.05556,0.94444,0.08952
failure_prediction_active_learning,7,actuator_limit_failures,0.05,0.77778,0.00000,0.00000,0.77778,0.03639
failure_prediction_active_learning,7,actuator_limit_failures,0.10,1.00000,0.00000,0.00000,1.00000,0.03639
failure_prediction_active_learning,7,actuator_limit_failures,0.15,1.00000,0.00000,0.00000,1.00000,0.03639
failure_prediction_active_learning,7,actuator_limit_failures,0.20,1.00000,0.00000,0.00000,1.00000,0.03639
failure_prediction_active_learning,7,actuator_limit_failures,0.30,1.00000,0.00000,0.00000,1.00000,0.03639
failure_prediction_active_learning,7,combined_tail_stress,0.05,0.00000,0.00000,0.00000,0.00000,0.55286
failure_prediction_active_learning,7,combined_tail_stress,0.10,0.00000,0.00000,0.00000,0.00000,0.55286
failure_prediction_active_learning,7,combined_tail_stress,0.15,0.00000,0.00000,0.00000,0.00000,0.55286
failure_prediction_active_learning,7,combined_tail_stress,0.20,0.00000,0.00000,0.00000,0.00000,0.55286
failure_prediction_active_learning,7,combined_tail_stress,0.30,0.05556,0.00000,0.00000,0.05556,0.55286
failure_prediction_active_learning,7,compound_sensor_actuator_shift,0.05,0.00000,0.00000,0.00000,0.00000,0.21590
failure_prediction_active_learning,7,compound_sensor_actuator_shift,0.10,0.05556,0.00000,0.00000,0.05556,0.21590
failure_prediction_active_learning,7,compound_sensor_actuator_shift,0.15,0.22222,0.05556,0.05556,0.27778,0.21590
failure_prediction_active_learning,7,compound_sensor_actuator_shift,0.20,0.27778,0.11111,0.11111,0.38889,0.21590
failure_prediction_active_learning,7,compound_sensor_actuator_shift,0.30,0.61111,0.16667,0.27778,0.88889,0.21590
failure_prediction_active_learning,7,fixture_geometry_shift,0.05,0.00000,0.00000,0.00000,0.00000,0.84848
failure_prediction_active_learning,7,fixture_geometry_shift,0.10,0.00000,0.00000,0.00000,0.00000,0.84848
failure_prediction_active_learning,7,fixture_geometry_shift,0.15,0.00000,0.00000,0.00000,0.00000,0.84848
failure_prediction_active_learning,7,fixture_geometry_shift,0.20,0.00000,0.00000,0.00000,0.00000,0.84848
failure_prediction_active_learning,7,fixture_geometry_shift,0.30,0.00000,0.00000,0.00000,0.00000,0.84848
failure_prediction_active_learning,7,jammed_fixture_failures,0.05,0.00000,0.00000,0.00000,0.00000,0.64055
failure_prediction_active_learning,7,jammed_fixture_failures,0.10,0.00000,0.00000,0.00000,0.00000,0.64055
failure_prediction_active_learning,7,jammed_fixture_failures,0.15,0.00000,0.00000,0.00000,0.00000,0.64055
failure_prediction_active_learning,7,jammed_fixture_failures,0.20,0.00000,0.00000,0.00000,0.00000,0.64055
failure_prediction_active_learning,7,jammed_fixture_failures,0.30,0.00000,0.00000,0.00000,0.00000,0.64055
failure_prediction_active_learning,7,nominal_task_balance,0.05,1.00000,0.00000,0.00000,1.00000,0.01788
failure_prediction_active_learning,7,nominal_task_balance,0.10,1.00000,0.00000,0.00000,1.00000,0.01788
failure_prediction_active_learning,7,nominal_task_balance,0.15,1.00000,0.00000,0.00000,1.00000,0.01788
failure_prediction_active_learning,7,nominal_task_balance,0.20,1.00000,0.00000,0.00000,1.00000,0.01788
failure_prediction_active_learning,7,nominal_task_balance,0.30,1.00000,0.00000,0.00000,1.00000,0.01788
failure_prediction_active_learning,7,out_of_distribution_tail,0.05,0.00000,0.00000,0.00000,0.00000,0.43260
failure_prediction_active_learning,7,out_of_distribution_tail,0.10,0.00000,0.00000,0.00000,0.00000,0.43260
failure_prediction_active_learning,7,out_of_distribution_tail,0.15,0.00000,0.00000,0.00000,0.00000,0.43260
failure_prediction_active_learning,7,out_of_distribution_tail,0.20,0.00000,0.00000,0.00000,0.00000,0.43260
failure_prediction_active_learning,7,out_of_distribution_tail,0.30,0.05556,0.00000,0.05556,0.11111,0.43260
failure_prediction_active_learning,7,rare_mechanism_combo,0.05,0.00000,0.00000,0.00000,0.00000,0.46574
failure_prediction_active_learning,7,rare_mechanism_combo,0.10,0.00000,0.00000,0.00000,0.00000,0.46574
failure_prediction_active_learning,7,rare_mechanism_combo,0.15,0.00000,0.00000,0.00000,0.00000,0.46574
failure_prediction_active_learning,7,rare_mechanism_combo,0.20,0.00000,0.00000,0.00000,0.00000,0.46574
failure_prediction_active_learning,7,rare_mechanism_combo,0.30,0.05556,0.00000,0.05556,0.11111,0.46574
failure_prediction_active_learning,7,rare_slip_failures,0.05,0.22222,0.00000,0.00000,0.22222,0.09531
failure_prediction_active_learning,7,rare_slip_failures,0.10,0.61111,0.05556,0.05556,0.66667,0.09531
failure_prediction_active_learning,7,rare_slip_failures,0.15,0.77778,0.05556,0.05556,0.83333,0.09531
failure_prediction_active_learning,7,rare_slip_failures,0.20,0.88889,0.05556,0.05556,0.94444,0.09531
failure_prediction_active_learning,7,rare_slip_failures,0.30,0.88889,0.05556,0.05556,0.94444,0.09531
failure_stratified_engine,7,actuator_limit_failures,0.05,0.66667,0.00000,0.00000,0.66667,0.04853
failure_stratified_engine,7,actuator_limit_failures,0.10,0.88889,0.00000,0.00000,0.88889,0.04853
failure_stratified_engine,7,actuator_limit_failures,0.15,1.00000,0.00000,0.00000,1.00000,0.04853
failure_stratified_engine,7,actuator_limit_failures,0.20,1.00000,0.00000,0.00000,1.00000,0.04853
failure_stratified_engine,7,actuator_limit_failures,0.30,1.00000,0.00000,0.00000,1.00000,0.04853
failure_stratified_engine,7,combined_tail_stress,0.05,0.00000,0.00000,0.00000,0.00000,0.68006
failure_stratified_engine,7,combined_tail_stress,0.10,0.00000,0.00000,0.00000,0.00000,0.68006
failure_stratified_engine,7,combined_tail_stress,0.15,0.00000,0.00000,0.00000,0.00000,0.68006
failure_stratified_engine,7,combined_tail_stress,0.20,0.00000,0.00000,0.00000,0.00000,0.68006
failure_stratified_engine,7,combined_tail_stress,0.30,0.00000,0.00000,0.00000,0.00000,0.68006
failure_stratified_engine,7,compound_sensor_actuator_shift,0.05,0.00000,0.00000,0.00000,0.00000,0.42938
failure_stratified_engine,7,compound_sensor_actuator_shift,0.10,0.00000,0.00000,0.00000,0.00000,0.42938
failure_stratified_engine,7,compound_sensor_actuator_shift,0.15,0.00000,0.00000,0.00000,0.00000,0.42938
failure_stratified_engine,7,compound_sensor_actuator_shift,0.20,0.00000,0.00000,0.00000,0.00000,0.42938
failure_stratified_engine,7,compound_sensor_actuator_shift,0.30,0.16667,0.00000,0.00000,0.16667,0.42938
failure_stratified_engine,7,fixture_geometry_shift,0.05,0.00000,0.00000,0.00000,0.00000,0.87251
failure_stratified_engine,7,fixture_geometry_shift,0.10,0.00000,0.00000,0.00000,0.00000,0.87251
failure_stratified_engine,7,fixture_geometry_shift,0.15,0.00000,0.00000,0.00000,0.00000,0.87251
failure_stratified_engine,7,fixture_geometry_shift,0.20,0.00000,0.00000,0.00000,0.00000,0.87251
failure_stratified_engine,7,fixture_geometry_shift,0.30,0.00000,0.00000,0.00000,0.00000,0.87251
failure_stratified_engine,7,jammed_fixture_failures,0.05,0.00000,0.00000,0.00000,0.00000,0.68221
failure_stratified_engine,7,jammed_fixture_failures,0.10,0.00000,0.00000,0.00000,0.00000,0.68221
failure_stratified_engine,7,jammed_fixture_failures,0.15,0.00000,0.00000,0.00000,0.00000,0.68221
failure_stratified_engine,7,jammed_fixture_failures,0.20,0.00000,0.00000,0.00000,0.00000,0.68221
failure_stratified_engine,7,jammed_fixture_failures,0.30,0.00000,0.00000,0.00000,0.00000,0.68221
failure_stratified_engine,7,nominal_task_balance,0.05,1.00000,0.00000,0.00000,1.00000,0.02384
failure_stratified_engine,7,nominal_task_balance,0.10,1.00000,0.00000,0.00000,1.00000,0.02384
failure_stratified_engine,7,nominal_task_balance,0.15,1.00000,0.00000,0.00000,1.00000,0.02384
failure_stratified_engine,7,nominal_task_balance,0.20,1.00000,0.00000,0.00000,1.00000,0.02384
failure_stratified_engine,7,nominal_task_balance,0.30,1.00000,0.00000,0.00000,1.00000,0.02384
failure_stratified_engine,7,out_of_distribution_tail,0.05,0.00000,0.00000,0.00000,0.00000,0.60230
failure_stratified_engine,7,out_of_distribution_tail,0.10,0.00000,0.00000,0.00000,0.00000,0.60230
failure_stratified_engine,7,out_of_distribution_tail,0.15,0.00000,0.00000,0.00000,0.00000,0.60230
failure_stratified_engine,7,out_of_distribution_tail,0.20,0.00000,0.00000,0.00000,0.00000,0.60230
failure_stratified_engine,7,out_of_distribution_tail,0.30,0.00000,0.00000,0.00000,0.00000,0.60230
failure_stratified_engine,7,rare_mechanism_combo,0.05,0.00000,0.00000,0.00000,0.00000,0.53022
failure_stratified_engine,7,rare_mechanism_combo,0.10,0.00000,0.00000,0.00000,0.00000,0.53022
failure_stratified_engine,7,rare_mechanism_combo,0.15,0.00000,0.00000,0.00000,0.00000,0.53022
failure_stratified_engine,7,rare_mechanism_combo,0.20,0.00000,0.00000,0.00000,0.00000,0.53022
failure_stratified_engine,7,rare_mechanism_combo,0.30,0.00000,0.00000,0.00000,0.00000,0.53022
failure_stratified_engine,7,rare_slip_failures,0.05,0.16667,0.00000,0.00000,0.16667,0.10552
failure_stratified_engine,7,rare_slip_failures,0.10,0.61111,0.05556,0.05556,0.66667,0.10552
failure_stratified_engine,7,rare_slip_failures,0.15,0.77778,0.05556,0.05556,0.83333,0.10552
failure_stratified_engine,7,rare_slip_failures,0.20,0.88889,0.05556,0.05556,0.94444,0.10552
failure_stratified_engine,7,rare_slip_failures,0.30,0.88889,0.05556,0.05556,0.94444,0.10552
failure_stratified_engine_v5,7,actuator_limit_failures,0.05,0.72222,0.00000,0.00000,0.72222,0.04791
failure_stratified_engine_v5,7,actuator_limit_failures,0.10,0.94444,0.00000,0.00000,0.94444,0.04791
failure_stratified_engine_v5,7,actuator_limit_failures,0.15,1.00000,0.00000,0.00000,1.00000,0.04791
failure_stratified_engine_v5,7,actuator_limit_failures,0.20,1.00000,0.00000,0.00000,1.00000,0.04791
failure_stratified_engine_v5,7,actuator_limit_failures,0.30,1.00000,0.00000,0.00000,1.00000,0.04791
failure_stratified_engine_v5,7,combined_tail_stress,0.05,0.00000,0.00000,0.00000,0.00000,0.57751
failure_stratified_engine_v5,7,combined_tail_stress,0.10,0.00000,0.00000,0.00000,0.00000,0.57751
failure_stratified_engine_v5,7,combined_tail_stress,0.15,0.00000,0.00000,0.00000,0.00000,0.57751
failure_stratified_engine_v5,7,combined_tail_stress,0.20,0.00000,0.00000,0.00000,0.00000,0.57751
failure_stratified_engine_v5,7,combined_tail_stress,0.30,0.05556,0.00000,0.00000,0.05556,0.57751
failure_stratified_engine_v5,7,compound_sensor_actuator_shift,0.05,0.00000,0.00000,0.00000,0.00000,0.24598
failure_stratified_engine_v5,7,compound_sensor_actuator_shift,0.10,0.00000,0.00000,0.00000,0.00000,0.24598
failure_stratified_engine_v5,7,compound_sensor_actuator_shift,0.15,0.16667,0.00000,0.00000,0.16667,0.24598
failure_stratified_engine_v5,7,compound_sensor_actuator_shift,0.20,0.27778,0.11111,0.11111,0.38889,0.24598
failure_stratified_engine_v5,7,compound_sensor_actuator_shift,0.30,0.50000,0.16667,0.27778,0.77778,0.24598
failure_stratified_engine_v5,7,fixture_geometry_shift,0.05,0.00000,0.00000,0.00000,0.00000,0.89022
failure_stratified_engine_v5,7,fixture_geometry_shift,0.10,0.00000,0.00000,0.00000,0.00000,0.89022
failure_stratified_engine_v5,7,fixture_geometry_shift,0.15,0.00000,0.00000,0.00000,0.00000,0.89022
failure_stratified_engine_v5,7,fixture_geometry_shift,0.20,0.00000,0.00000,0.00000,0.00000,0.89022
failure_stratified_engine_v5,7,fixture_geometry_shift,0.30,0.00000,0.00000,0.00000,0.00000,0.89022
failure_stratified_engine_v5,7,jammed_fixture_failures,0.05,0.00000,0.00000,0.00000,0.00000,0.66645
failure_stratified_engine_v5,7,jammed_fixture_failures,0.10,0.00000,0.00000,0.00000,0.00000,0.66645
failure_stratified_engine_v5,7,jammed_fixture_failures,0.15,0.00000,0.00000,0.00000,0.00000,0.66645
failure_stratified_engine_v5,7,jammed_fixture_failures,0.20,0.00000,0.00000,0.00000,0.00000,0.66645
failure_stratified_engine_v5,7,jammed_fixture_failures,0.30,0.00000,0.00000,0.00000,0.00000,0.66645
failure_stratified_engine_v5,7,nominal_task_balance,0.05,0.94444,0.00000,0.00000,0.94444,0.02396
failure_stratified_engine_v5,7,nominal_task_balance,0.10,1.00000,0.00000,0.00000,1.00000,0.02396
failure_stratified_engine_v5,7,nominal_task_balance,0.15,1.00000,0.00000,0.00000,1.00000,0.02396
failure_stratified_engine_v5,7,nominal_task_balance,0.20,1.00000,0.00000,0.00000,1.00000,0.02396
failure_stratified_engine_v5,7,nominal_task_balance,0.30,1.00000,0.00000,0.00000,1.00000,0.02396
failure_stratified_engine_v5,7,out_of_distribution_tail,0.05,0.00000,0.00000,0.00000,0.00000,0.57377
failure_stratified_engine_v5,7,out_of_distribution_tail,0.10,0.00000,0.00000,0.00000,0.00000,0.57377
failure_stratified_engine_v5,7,out_of_distribution_tail,0.15,0.00000,0.00000,0.00000,0.00000,0.57377
failure_stratified_engine_v5,7,out_of_distribution_tail,0.20,0.00000,0.00000,0.00000,0.00000,0.57377
failure_stratified_engine_v5,7,out_of_distribution_tail,0.30,0.00000,0.00000,0.00000,0.00000,0.57377
failure_stratified_engine_v5,7,rare_mechanism_combo,0.05,0.00000,0.00000,0.00000,0.00000,0.50185
failure_stratified_engine_v5,7,rare_mechanism_combo,0.10,0.00000,0.00000,0.00000,0.00000,0.50185
failure_stratified_engine_v5,7,rare_mechanism_combo,0.15,0.00000,0.00000,0.00000,0.00000,0.50185
failure_stratified_engine_v5,7,rare_mechanism_combo,0.20,0.00000,0.00000,0.00000,0.00000,0.50185
failure_stratified_engine_v5,7,rare_mechanism_combo,0.30,0.00000,0.00000,0.00000,0.00000,0.50185
failure_stratified_engine_v5,7,rare_slip_failures,0.05,0.11111,0.00000,0.00000,0.11111,0.11248
failure_stratified_engine_v5,7,rare_slip_failures,0.10,0.55556,0.05556,0.05556,0.61111,0.11248
failure_stratified_engine_v5,7,rare_slip_failures,0.15,0.77778,0.05556,0.05556,0.83333,0.11248
failure_stratified_engine_v5,7,rare_slip_failures,0.20,0.88889,0.05556,0.05556,0.94444,0.11248
failure_stratified_engine_v5,7,rare_slip_failures,0.30,0.88889,0.05556,0.05556,0.94444,0.11248
gradient_boosted_failure_active,7,actuator_limit_failures,0.05,0.72222,0.00000,0.00000,0.72222,0.04430
gradient_boosted_failure_active,7,actuator_limit_failures,0.10,1.00000,0.00000,0.00000,1.00000,0.04430
gradient_boosted_failure_active,7,actuator_limit_failures,0.15,1.00000,0.00000,0.00000,1.00000,0.04430
gradient_boosted_failure_active,7,actuator_limit_failures,0.20,1.00000,0.00000,0.00000,1.00000,0.04430
gradient_boosted_failure_active,7,actuator_limit_failures,0.30,1.00000,0.00000,0.00000,1.00000,0.04430
gradient_boosted_failure_active,7,combined_tail_stress,0.05,0.00000,0.00000,0.00000,0.00000,0.64631
gradient_boosted_failure_active,7,combined_tail_stress,0.10,0.00000,0.00000,0.00000,0.00000,0.64631
gradient_boosted_failure_active,7,combined_tail_stress,0.15,0.00000,0.00000,0.00000,0.00000,0.64631
gradient_boosted_failure_active,7,combined_tail_stress,0.20,0.00000,0.00000,0.00000,0.00000,0.64631
gradient_boosted_failure_active,7,combined_tail_stress,0.30,0.00000,0.00000,0.00000,0.00000,0.64631
gradient_boosted_failure_active,7,compound_sensor_actuator_shift,0.05,0.00000,0.00000,0.00000,0.00000,0.24516
gradient_boosted_failure_active,7,compound_sensor_actuator_shift,0.10,0.05556,0.00000,0.00000,0.05556,0.24516
gradient_boosted_failure_active,7,compound_sensor_actuator_shift,0.15,0.16667,0.00000,0.00000,0.16667,0.24516
gradient_boosted_failure_active,7,compound_sensor_actuator_shift,0.20,0.27778,0.05556,0.05556,0.33333,0.24516
gradient_boosted_failure_active,7,compound_sensor_actuator_shift,0.30,0.50000,0.16667,0.22222,0.72222,0.24516
gradient_boosted_failure_active,7,fixture_geometry_shift,0.05,0.00000,0.00000,0.00000,0.00000,0.88139
gradient_boosted_failure_active,7,fixture_geometry_shift,0.10,0.00000,0.00000,0.00000,0.00000,0.88139
gradient_boosted_failure_active,7,fixture_geometry_shift,0.15,0.00000,0.00000,0.00000,0.00000,0.88139
gradient_boosted_failure_active,7,fixture_geometry_shift,0.20,0.00000,0.00000,0.00000,0.00000,0.88139
gradient_boosted_failure_active,7,fixture_geometry_shift,0.30,0.00000,0.00000,0.00000,0.00000,0.88139
gradient_boosted_failure_active,7,jammed_fixture_failures,0.05,0.00000,0.00000,0.00000,0.00000,0.69836
gradient_boosted_failure_active,7,jammed_fixture_failures,0.10,0.00000,0.00000,0.00000,0.00000,0.69836
gradient_boosted_failure_active,7,jammed_fixture_failures,0.15,0.00000,0.00000,0.00000,0.00000,0.69836
gradient_boosted_failure_active,7,jammed_fixture_failures,0.20,0.00000,0.00000,0.00000,0.00000,0.69836
gradient_boosted_failure_active,7,jammed_fixture_failures,0.30,0.00000,0.00000,0.00000,0.00000,0.69836
gradient_boosted_failure_active,7,nominal_task_balance,0.05,0.94444,0.00000,0.00000,0.94444,0.02130
gradient_boosted_failure_active,7,nominal_task_balance,0.10,1.00000,0.00000,0.00000,1.00000,0.02130
gradient_boosted_failure_active,7,nominal_task_balance,0.15,1.00000,0.00000,0.00000,1.00000,0.02130
gradient_boosted_failure_active,7,nominal_task_balance,0.20,1.00000,0.00000,0.00000,1.00000,0.02130
gradient_boosted_failure_active,7,nominal_task_balance,0.30,1.00000,0.00000,0.00000,1.00000,0.02130
gradient_boosted_failure_active,7,out_of_distribution_tail,0.05,0.00000,0.00000,0.00000,0.00000,0.62445
gradient_boosted_failure_active,7,out_of_distribution_tail,0.10,0.00000,0.00000,0.00000,0.00000,0.62445
gradient_boosted_failure_active,7,out_of_distribution_tail,0.15,0.00000,0.00000,0.00000,0.00000,0.62445
gradient_boosted_failure_active,7,out_of_distribution_tail,0.20,0.00000,0.00000,0.00000,0.00000,0.62445
gradient_boosted_failure_active,7,out_of_distribution_tail,0.30,0.00000,0.00000,0.00000,0.00000,0.62445
gradient_boosted_failure_active,7,rare_mechanism_combo,0.05,0.00000,0.00000,0.00000,0.00000,0.51375
gradient_boosted_failure_active,7,rare_mechanism_combo,0.10,0.00000,0.00000,0.00000,0.00000,0.51375
gradient_boosted_failure_active,7,rare_mechanism_combo,0.15,0.00000,0.00000,0.00000,0.00000,0.51375
gradient_boosted_failure_active,7,rare_mechanism_combo,0.20,0.00000,0.00000,0.00000,0.00000,0.51375
gradient_boosted_failure_active,7,rare_mechanism_combo,0.30,0.00000,0.00000,0.00000,0.00000,0.51375
gradient_boosted_failure_active,7,rare_slip_failures,0.05,0.11111,0.00000,0.00000,0.11111,0.11116
gradient_boosted_failure_active,7,rare_slip_failures,0.10,0.55556,0.05556,0.05556,0.61111,0.11116
gradient_boosted_failure_active,7,rare_slip_failures,0.15,0.77778,0.05556,0.05556,0.83333,0.11116
gradient_boosted_failure_active,7,rare_slip_failures,0.20,0.88889,0.05556,0.05556,0.94444,0.11116
gradient_boosted_failure_active,7,rare_slip_failures,0.30,0.88889,0.05556,0.05556,0.94444,0.11116
greedy_oracle_success_upper,7,actuator_limit_failures,0.05,0.72222,0.00000,0.00000,0.72222,0.04288
greedy_oracle_success_upper,7,actuator_limit_failures,0.10,0.94444,0.00000,0.00000,0.94444,0.04288
greedy_oracle_success_upper,7,actuator_limit_failures,0.15,1.00000,0.00000,0.00000,1.00000,0.04288
greedy_oracle_success_upper,7,actuator_limit_failures,0.20,1.00000,0.00000,0.00000,1.00000,0.04288
greedy_oracle_success_upper,7,actuator_limit_failures,0.30,1.00000,0.00000,0.00000,1.00000,0.04288
greedy_oracle_success_upper,7,combined_tail_stress,0.05,0.00000,0.00000,0.00000,0.00000,0.66366
greedy_oracle_success_upper,7,combined_tail_stress,0.10,0.00000,0.00000,0.00000,0.00000,0.66366
greedy_oracle_success_upper,7,combined_tail_stress,0.15,0.00000,0.00000,0.00000,0.00000,0.66366
greedy_oracle_success_upper,7,combined_tail_stress,0.20,0.00000,0.00000,0.00000,0.00000,0.66366
greedy_oracle_success_upper,7,combined_tail_stress,0.30,0.00000,0.00000,0.00000,0.00000,0.66366
greedy_oracle_success_upper,7,compound_sensor_actuator_shift,0.05,0.00000,0.00000,0.00000,0.00000,0.36779
greedy_oracle_success_upper,7,compound_sensor_actuator_shift,0.10,0.00000,0.00000,0.00000,0.00000,0.36779
greedy_oracle_success_upper,7,compound_sensor_actuator_shift,0.15,0.05556,0.00000,0.00000,0.05556,0.36779
greedy_oracle_success_upper,7,compound_sensor_actuator_shift,0.20,0.05556,0.00000,0.00000,0.05556,0.36779
greedy_oracle_success_upper,7,compound_sensor_actuator_shift,0.30,0.27778,0.05556,0.05556,0.33333,0.36779
greedy_oracle_success_upper,7,fixture_geometry_shift,0.05,0.00000,0.00000,0.00000,0.00000,0.89001
greedy_oracle_success_upper,7,fixture_geometry_shift,0.10,0.00000,0.00000,0.00000,0.00000,0.89001
greedy_oracle_success_upper,7,fixture_geometry_shift,0.15,0.00000,0.00000,0.00000,0.00000,0.89001
greedy_oracle_success_upper,7,fixture_geometry_shift,0.20,0.00000,0.00000,0.00000,0.00000,0.89001
greedy_oracle_success_upper,7,fixture_geometry_shift,0.30,0.00000,0.00000,0.00000,0.00000,0.89001
greedy_oracle_success_upper,7,jammed_fixture_failures,0.05,0.00000,0.00000,0.00000,0.00000,0.71961
greedy_oracle_success_upper,7,jammed_fixture_failures,0.10,0.00000,0.00000,0.00000,0.00000,0.71961
greedy_oracle_success_upper,7,jammed_fixture_failures,0.15,0.00000,0.00000,0.00000,0.00000,0.71961
greedy_oracle_success_upper,7,jammed_fixture_failures,0.20,0.00000,0.00000,0.00000,0.00000,0.71961
greedy_oracle_success_upper,7,jammed_fixture_failures,0.30,0.00000,0.00000,0.00000,0.00000,0.71961
greedy_oracle_success_upper,7,nominal_task_balance,0.05,1.00000,0.00000,0.00000,1.00000,0.02090
greedy_oracle_success_upper,7,nominal_task_balance,0.10,1.00000,0.00000,0.00000,1.00000,0.02090
greedy_oracle_success_upper,7,nominal_task_balance,0.15,1.00000,0.00000,0.00000,1.00000,0.02090
greedy_oracle_success_upper,7,nominal_task_balance,0.20,1.00000,0.00000,0.00000,1.00000,0.02090
greedy_oracle_success_upper,7,nominal_task_balance,0.30,1.00000,0.00000,0.00000,1.00000,0.02090
greedy_oracle_success_upper,7,out_of_distribution_tail,0.05,0.00000,0.00000,0.00000,0.00000,0.47365
greedy_oracle_success_upper,7,out_of_distribution_tail,0.10,0.00000,0.00000,0.00000,0.00000,0.47365
greedy_oracle_success_upper,7,out_of_distribution_tail,0.15,0.00000,0.00000,0.00000,0.00000,0.47365
greedy_oracle_success_upper,7,out_of_distribution_tail,0.20,0.00000,0.00000,0.00000,0.00000,0.47365
greedy_oracle_success_upper,7,out_of_distribution_tail,0.30,0.05556,0.00000,0.11111,0.16667,0.47365
greedy_oracle_success_upper,7,rare_mechanism_combo,0.05,0.00000,0.00000,0.00000,0.00000,0.48845
greedy_oracle_success_upper,7,rare_mechanism_combo,0.10,0.00000,0.00000,0.00000,0.00000,0.48845
greedy_oracle_success_upper,7,rare_mechanism_combo,0.15,0.00000,0.00000,0.00000,0.00000,0.48845
greedy_oracle_success_upper,7,rare_mechanism_combo,0.20,0.00000,0.00000,0.00000,0.00000,0.48845
greedy_oracle_success_upper,7,rare_mechanism_combo,0.30,0.05556,0.00000,0.05556,0.11111,0.48845
greedy_oracle_success_upper,7,rare_slip_failures,0.05,0.22222,0.00000,0.00000,0.22222,0.09367
greedy_oracle_success_upper,7,rare_slip_failures,0.10,0.66667,0.05556,0.05556,0.72222,0.09367
greedy_oracle_success_upper,7,rare_slip_failures,0.15,0.77778,0.05556,0.05556,0.83333,0.09367
greedy_oracle_success_upper,7,rare_slip_failures,0.20,0.88889,0.05556,0.05556,0.94444,0.09367
greedy_oracle_success_upper,7,rare_slip_failures,0.30,0.88889,0.05556,0.05556,0.94444,0.09367
hybrid_diversity_risk,7,actuator_limit_failures,0.05,0.61111,0.00000,0.00000,0.61111,0.04747
hybrid_diversity_risk,7,actuator_limit_failures,0.10,1.00000,0.00000,0.00000,1.00000,0.04747
hybrid_diversity_risk,7,actuator_limit_failures,0.15,1.00000,0.00000,0.00000,1.00000,0.04747
hybrid_diversity_risk,7,actuator_limit_failures,0.20,1.00000,0.00000,0.00000,1.00000,0.04747
hybrid_diversity_risk,7,actuator_limit_failures,0.30,1.00000,0.00000,0.00000,1.00000,0.04747
hybrid_diversity_risk,7,combined_tail_stress,0.05,0.00000,0.00000,0.00000,0.00000,0.59352
hybrid_diversity_risk,7,combined_tail_stress,0.10,0.00000,0.00000,0.00000,0.00000,0.59352
hybrid_diversity_risk,7,combined_tail_stress,0.15,0.00000,0.00000,0.00000,0.00000,0.59352
hybrid_diversity_risk,7,combined_tail_stress,0.20,0.00000,0.00000,0.00000,0.00000,0.59352
hybrid_diversity_risk,7,combined_tail_stress,0.30,0.00000,0.00000,0.00000,0.00000,0.59352
hybrid_diversity_risk,7,compound_sensor_actuator_shift,0.05,0.00000,0.00000,0.00000,0.00000,0.18041
hybrid_diversity_risk,7,compound_sensor_actuator_shift,0.10,0.16667,0.00000,0.00000,0.16667,0.18041
hybrid_diversity_risk,7,compound_sensor_actuator_shift,0.15,0.27778,0.11111,0.11111,0.38889,0.18041
hybrid_diversity_risk,7,compound_sensor_actuator_shift,0.20,0.44444,0.11111,0.16667,0.61111,0.18041
hybrid_diversity_risk,7,compound_sensor_actuator_shift,0.30,0.61111,0.16667,0.33333,0.94444,0.18041
hybrid_diversity_risk,7,fixture_geometry_shift,0.05,0.00000,0.00000,0.00000,0.00000,0.87222
hybrid_diversity_risk,7,fixture_geometry_shift,0.10,0.00000,0.00000,0.00000,0.00000,0.87222
hybrid_diversity_risk,7,fixture_geometry_shift,0.15,0.00000,0.00000,0.00000,0.00000,0.87222
hybrid_diversity_risk,7,fixture_geometry_shift,0.20,0.00000,0.00000,0.00000,0.00000,0.87222
hybrid_diversity_risk,7,fixture_geometry_shift,0.30,0.00000,0.00000,0.00000,0.00000,0.87222
hybrid_diversity_risk,7,jammed_fixture_failures,0.05,0.00000,0.00000,0.00000,0.00000,0.61879
hybrid_diversity_risk,7,jammed_fixture_failures,0.10,0.00000,0.00000,0.00000,0.00000,0.61879
hybrid_diversity_risk,7,jammed_fixture_failures,0.15,0.00000,0.00000,0.00000,0.00000,0.61879
hybrid_diversity_risk,7,jammed_fixture_failures,0.20,0.00000,0.00000,0.00000,0.00000,0.61879
hybrid_diversity_risk,7,jammed_fixture_failures,0.30,0.00000,0.00000,0.00000,0.00000,0.61879
hybrid_diversity_risk,7,nominal_task_balance,0.05,1.00000,0.00000,0.00000,1.00000,0.02020
hybrid_diversity_risk,7,nominal_task_balance,0.10,1.00000,0.00000,0.00000,1.00000,0.02020
hybrid_diversity_risk,7,nominal_task_balance,0.15,1.00000,0.00000,0.00000,1.00000,0.02020
hybrid_diversity_risk,7,nominal_task_balance,0.20,1.00000,0.00000,0.00000,1.00000,0.02020
hybrid_diversity_risk,7,nominal_task_balance,0.30,1.00000,0.00000,0.00000,1.00000,0.02020
hybrid_diversity_risk,7,out_of_distribution_tail,0.05,0.00000,0.00000,0.00000,0.00000,0.49189
hybrid_diversity_risk,7,out_of_distribution_tail,0.10,0.00000,0.00000,0.00000,0.00000,0.49189
hybrid_diversity_risk,7,out_of_distribution_tail,0.15,0.00000,0.00000,0.00000,0.00000,0.49189
hybrid_diversity_risk,7,out_of_distribution_tail,0.20,0.00000,0.00000,0.00000,0.00000,0.49189
hybrid_diversity_risk,7,out_of_distribution_tail,0.30,0.00000,0.00000,0.00000,0.00000,0.49189
hybrid_diversity_risk,7,rare_mechanism_combo,0.05,0.00000,0.00000,0.00000,0.00000,0.46369
hybrid_diversity_risk,7,rare_mechanism_combo,0.10,0.00000,0.00000,0.00000,0.00000,0.46369
hybrid_diversity_risk,7,rare_mechanism_combo,0.15,0.00000,0.00000,0.00000,0.00000,0.46369
hybrid_diversity_risk,7,rare_mechanism_combo,0.20,0.00000,0.00000,0.00000,0.00000,0.46369
hybrid_diversity_risk,7,rare_mechanism_combo,0.30,0.05556,0.00000,0.05556,0.11111,0.46369
hybrid_diversity_risk,7,rare_slip_failures,0.05,0.11111,0.00000,0.00000,0.11111,0.10201
hybrid_diversity_risk,7,rare_slip_failures,0.10,0.55556,0.05556,0.05556,0.61111,0.10201
hybrid_diversity_risk,7,rare_slip_failures,0.15,0.77778,0.05556,0.05556,0.83333,0.10201
hybrid_diversity_risk,7,rare_slip_failures,0.20,0.88889,0.05556,0.05556,0.94444,0.10201
hybrid_diversity_risk,7,rare_slip_failures,0.30,0.94444,0.05556,0.05556,1.00000,0.10201
oracle_failure_strata,7,actuator_limit_failures,0.05,0.72222,0.00000,0.00000,0.72222,0.04151
oracle_failure_strata,7,actuator_limit_failures,0.10,1.00000,0.00000,0.00000,1.00000,0.04151
oracle_failure_strata,7,actuator_limit_failures,0.15,1.00000,0.00000,0.00000,1.00000,0.04151
oracle_failure_strata,7,actuator_limit_failures,0.20,1.00000,0.00000,0.00000,1.00000,0.04151
oracle_failure_strata,7,actuator_limit_failures,0.30,1.00000,0.00000,0.00000,1.00000,0.04151
oracle_failure_strata,7,combined_tail_stress,0.05,0.00000,0.00000,0.00000,0.00000,0.64935
oracle_failure_strata,7,combined_tail_stress,0.10,0.00000,0.00000,0.00000,0.00000,0.64935
oracle_failure_strata,7,combined_tail_stress,0.15,0.00000,0.00000,0.00000,0.00000,0.64935
oracle_failure_strata,7,combined_tail_stress,0.20,0.00000,0.00000,0.00000,0.00000,0.64935
oracle_failure_strata,7,combined_tail_stress,0.30,0.00000,0.00000,0.00000,0.00000,0.64935
oracle_failure_strata,7,compound_sensor_actuator_shift,0.05,0.00000,0.00000,0.00000,0.00000,0.36210
oracle_failure_strata,7,compound_sensor_actuator_shift,0.10,0.00000,0.00000,0.00000,0.00000,0.36210
oracle_failure_strata,7,compound_sensor_actuator_shift,0.15,0.05556,0.00000,0.00000,0.05556,0.36210
oracle_failure_strata,7,compound_sensor_actuator_shift,0.20,0.05556,0.00000,0.00000,0.05556,0.36210
oracle_failure_strata,7,compound_sensor_actuator_shift,0.30,0.27778,0.05556,0.05556,0.33333,0.36210
oracle_failure_strata,7,fixture_geometry_shift,0.05,0.00000,0.00000,0.00000,0.00000,0.87716
oracle_failure_strata,7,fixture_geometry_shift,0.10,0.00000,0.00000,0.00000,0.00000,0.87716
oracle_failure_strata,7,fixture_geometry_shift,0.15,0.00000,0.00000,0.00000,0.00000,0.87716
oracle_failure_strata,7,fixture_geometry_shift,0.20,0.00000,0.00000,0.00000,0.00000,0.87716
oracle_failure_strata,7,fixture_geometry_shift,0.30,0.00000,0.00000,0.00000,0.00000,0.87716
oracle_failure_strata,7,jammed_fixture_failures,0.05,0.00000,0.00000,0.00000,0.00000,0.68358
oracle_failure_strata,7,jammed_fixture_failures,0.10,0.00000,0.00000,0.00000,0.00000,0.68358
oracle_failure_strata,7,jammed_fixture_failures,0.15,0.00000,0.00000,0.00000,0.00000,0.68358
oracle_failure_strata,7,jammed_fixture_failures,0.20,0.00000,0.00000,0.00000,0.00000,0.68358
oracle_failure_strata,7,jammed_fixture_failures,0.30,0.00000,0.00000,0.00000,0.00000,0.68358
oracle_failure_strata,7,nominal_task_balance,0.05,1.00000,0.00000,0.00000,1.00000,0.02231
oracle_failure_strata,7,nominal_task_balance,0.10,1.00000,0.00000,0.00000,1.00000,0.02231
oracle_failure_strata,7,nominal_task_balance,0.15,1.00000,0.00000,0.00000,1.00000,0.02231
oracle_failure_strata,7,nominal_task_balance,0.20,1.00000,0.00000,0.00000,1.00000,0.02231
oracle_failure_strata,7,nominal_task_balance,0.30,1.00000,0.00000,0.00000,1.00000,0.02231
oracle_failure_strata,7,out_of_distribution_tail,0.05,0.00000,0.00000,0.00000,0.00000,0.45642
oracle_failure_strata,7,out_of_distribution_tail,0.10,0.00000,0.00000,0.00000,0.00000,0.45642
oracle_failure_strata,7,out_of_distribution_tail,0.15,0.00000,0.00000,0.00000,0.00000,0.45642
oracle_failure_strata,7,out_of_distribution_tail,0.20,0.00000,0.00000,0.00000,0.00000,0.45642
oracle_failure_strata,7,out_of_distribution_tail,0.30,0.05556,0.00000,0.11111,0.16667,0.45642
oracle_failure_strata,7,rare_mechanism_combo,0.05,0.00000,0.00000,0.00000,0.00000,0.49013
oracle_failure_strata,7,rare_mechanism_combo,0.10,0.00000,0.00000,0.00000,0.00000,0.49013
oracle_failure_strata,7,rare_mechanism_combo,0.15,0.00000,0.00000,0.00000,0.00000,0.49013
oracle_failure_strata,7,rare_mechanism_combo,0.20,0.00000,0.00000,0.00000,0.00000,0.49013
oracle_failure_strata,7,rare_mechanism_combo,0.30,0.05556,0.00000,0.05556,0.11111,0.49013
oracle_failure_strata,7,rare_slip_failures,0.05,0.16667,0.00000,0.00000,0.16667,0.12108
oracle_failure_strata,7,rare_slip_failures,0.10,0.55556,0.05556,0.05556,0.61111,0.12108
oracle_failure_strata,7,rare_slip_failures,0.15,0.66667,0.05556,0.05556,0.72222,0.12108
oracle_failure_strata,7,rare_slip_failures,0.20,0.77778,0.05556,0.05556,0.83333,0.12108
oracle_failure_strata,7,rare_slip_failures,0.30,0.88889,0.05556,0.05556,0.94444,0.12108
random_forest_failure_active,7,actuator_limit_failures,0.05,0.72222,0.00000,0.00000,0.72222,0.04503
random_forest_failure_active,7,actuator_limit_failures,0.10,1.00000,0.00000,0.00000,1.00000,0.04503
random_forest_failure_active,7,actuator_limit_failures,0.15,1.00000,0.00000,0.00000,1.00000,0.04503
random_forest_failure_active,7,actuator_limit_failures,0.20,1.00000,0.00000,0.00000,1.00000,0.04503
random_forest_failure_active,7,actuator_limit_failures,0.30,1.00000,0.00000,0.00000,1.00000,0.04503
random_forest_failure_active,7,combined_tail_stress,0.05,0.00000,0.00000,0.00000,0.00000,0.63137
random_forest_failure_active,7,combined_tail_stress,0.10,0.00000,0.00000,0.00000,0.00000,0.63137
random_forest_failure_active,7,combined_tail_stress,0.15,0.00000,0.00000,0.00000,0.00000,0.63137
random_forest_failure_active,7,combined_tail_stress,0.20,0.00000,0.00000,0.00000,0.00000,0.63137
random_forest_failure_active,7,combined_tail_stress,0.30,0.00000,0.00000,0.00000,0.00000,0.63137
random_forest_failure_active,7,compound_sensor_actuator_shift,0.05,0.00000,0.00000,0.00000,0.00000,0.20612
random_forest_failure_active,7,compound_sensor_actuator_shift,0.10,0.05556,0.00000,0.00000,0.05556,0.20612
random_forest_failure_active,7,compound_sensor_actuator_shift,0.15,0.27778,0.05556,0.05556,0.33333,0.20612
random_forest_failure_active,7,compound_sensor_actuator_shift,0.20,0.38889,0.16667,0.16667,0.55556,0.20612
random_forest_failure_active,7,compound_sensor_actuator_shift,0.30,0.61111,0.16667,0.27778,0.88889,0.20612
random_forest_failure_active,7,fixture_geometry_shift,0.05,0.00000,0.00000,0.00000,0.00000,0.94240
random_forest_failure_active,7,fixture_geometry_shift,0.10,0.00000,0.00000,0.00000,0.00000,0.94240
random_forest_failure_active,7,fixture_geometry_shift,0.15,0.00000,0.00000,0.00000,0.00000,0.94240
random_forest_failure_active,7,fixture_geometry_shift,0.20,0.00000,0.00000,0.00000,0.00000,0.94240
random_forest_failure_active,7,fixture_geometry_shift,0.30,0.00000,0.00000,0.00000,0.00000,0.94240
random_forest_failure_active,7,jammed_fixture_failures,0.05,0.00000,0.00000,0.00000,0.00000,0.81419
random_forest_failure_active,7,jammed_fixture_failures,0.10,0.00000,0.00000,0.00000,0.00000,0.81419
random_forest_failure_active,7,jammed_fixture_failures,0.15,0.00000,0.00000,0.00000,0.00000,0.81419
random_forest_failure_active,7,jammed_fixture_failures,0.20,0.00000,0.00000,0.00000,0.00000,0.81419
random_forest_failure_active,7,jammed_fixture_failures,0.30,0.00000,0.00000,0.00000,0.00000,0.81419
random_forest_failure_active,7,nominal_task_balance,0.05,0.88889,0.00000,0.00000,0.88889,0.02235
random_forest_failure_active,7,nominal_task_balance,0.10,1.00000,0.00000,0.00000,1.00000,0.02235
random_forest_failure_active,7,nominal_task_balance,0.15,1.00000,0.00000,0.00000,1.00000,0.02235
random_forest_failure_active,7,nominal_task_balance,0.20,1.00000,0.00000,0.00000,1.00000,0.02235
random_forest_failure_active,7,nominal_task_balance,0.30,1.00000,0.00000,0.00000,1.00000,0.02235
random_forest_failure_active,7,out_of_distribution_tail,0.05,0.00000,0.00000,0.00000,0.00000,0.57230
random_forest_failure_active,7,out_of_distribution_tail,0.10,0.00000,0.00000,0.00000,0.00000,0.57230
random_forest_failure_active,7,out_of_distribution_tail,0.15,0.00000,0.00000,0.00000,0.00000,0.57230
random_forest_failure_active,7,out_of_distribution_tail,0.20,0.00000,0.00000,0.00000,0.00000,0.57230
random_forest_failure_active,7,out_of_distribution_tail,0.30,0.00000,0.00000,0.05556,0.05556,0.57230
random_forest_failure_active,7,rare_mechanism_combo,0.05,0.00000,0.00000,0.00000,0.00000,0.46880
random_forest_failure_active,7,rare_mechanism_combo,0.10,0.00000,0.00000,0.00000,0.00000,0.46880
random_forest_failure_active,7,rare_mechanism_combo,0.15,0.00000,0.00000,0.00000,0.00000,0.46880
random_forest_failure_active,7,rare_mechanism_combo,0.20,0.00000,0.00000,0.00000,0.00000,0.46880
random_forest_failure_active,7,rare_mechanism_combo,0.30,0.11111,0.00000,0.05556,0.16667,0.46880
random_forest_failure_active,7,rare_slip_failures,0.05,0.22222,0.00000,0.00000,0.22222,0.09988
random_forest_failure_active,7,rare_slip_failures,0.10,0.66667,0.05556,0.05556,0.72222,0.09988
random_forest_failure_active,7,rare_slip_failures,0.15,0.77778,0.05556,0.05556,0.83333,0.09988
random_forest_failure_active,7,rare_slip_failures,0.20,0.88889,0.05556,0.05556,0.94444,0.09988
random_forest_failure_active,7,rare_slip_failures,0.30,0.88889,0.05556,0.05556,0.94444,0.09988
random_sampling,7,actuator_limit_failures,0.05,0.72222,0.00000,0.00000,0.72222,0.04555
random_sampling,7,actuator_limit_failures,0.10,1.00000,0.00000,0.00000,1.00000,0.04555
random_sampling,7,actuator_limit_failures,0.15,1.00000,0.00000,0.00000,1.00000,0.04555
random_sampling,7,actuator_limit_failures,0.20,1.00000,0.00000,0.00000,1.00000,0.04555
random_sampling,7,actuator_limit_failures,0.30,1.00000,0.00000,0.00000,1.00000,0.04555
random_sampling,7,combined_tail_stress,0.05,0.00000,0.00000,0.00000,0.00000,0.63572
random_sampling,7,combined_tail_stress,0.10,0.00000,0.00000,0.00000,0.00000,0.63572
random_sampling,7,combined_tail_stress,0.15,0.00000,0.00000,0.00000,0.00000,0.63572
random_sampling,7,combined_tail_stress,0.20,0.00000,0.00000,0.00000,0.00000,0.63572
random_sampling,7,combined_tail_stress,0.30,0.00000,0.00000,0.00000,0.00000,0.63572
random_sampling,7,compound_sensor_actuator_shift,0.05,0.00000,0.00000,0.00000,0.00000,0.22561
random_sampling,7,compound_sensor_actuator_shift,0.10,0.05556,0.00000,0.00000,0.05556,0.22561
random_sampling,7,compound_sensor_actuator_shift,0.15,0.16667,0.05556,0.05556,0.22222,0.22561
random_sampling,7,compound_sensor_actuator_shift,0.20,0.33333,0.11111,0.11111,0.44444,0.22561
random_sampling,7,compound_sensor_actuator_shift,0.30,0.55556,0.16667,0.27778,0.83333,0.22561
random_sampling,7,fixture_geometry_shift,0.05,0.00000,0.00000,0.00000,0.00000,0.88976
random_sampling,7,fixture_geometry_shift,0.10,0.00000,0.00000,0.00000,0.00000,0.88976
random_sampling,7,fixture_geometry_shift,0.15,0.00000,0.00000,0.00000,0.00000,0.88976
random_sampling,7,fixture_geometry_shift,0.20,0.00000,0.00000,0.00000,0.00000,0.88976
random_sampling,7,fixture_geometry_shift,0.30,0.00000,0.00000,0.00000,0.00000,0.88976
random_sampling,7,jammed_fixture_failures,0.05,0.00000,0.00000,0.00000,0.00000,0.69416
random_sampling,7,jammed_fixture_failures,0.10,0.00000,0.00000,0.00000,0.00000,0.69416
random_sampling,7,jammed_fixture_failures,0.15,0.00000,0.00000,0.00000,0.00000,0.69416
random_sampling,7,jammed_fixture_failures,0.20,0.00000,0.00000,0.00000,0.00000,0.69416
random_sampling,7,jammed_fixture_failures,0.30,0.00000,0.00000,0.00000,0.00000,0.69416
random_sampling,7,nominal_task_balance,0.05,1.00000,0.00000,0.00000,1.00000,0.01752
random_sampling,7,nominal_task_balance,0.10,1.00000,0.00000,0.00000,1.00000,0.01752
random_sampling,7,nominal_task_balance,0.15,1.00000,0.00000,0.00000,1.00000,0.01752
random_sampling,7,nominal_task_balance,0.20,1.00000,0.00000,0.00000,1.00000,0.01752
random_sampling,7,nominal_task_balance,0.30,1.00000,0.00000,0.00000,1.00000,0.01752
random_sampling,7,out_of_distribution_tail,0.05,0.00000,0.00000,0.00000,0.00000,0.53091
random_sampling,7,out_of_distribution_tail,0.10,0.00000,0.00000,0.00000,0.00000,0.53091
random_sampling,7,out_of_distribution_tail,0.15,0.00000,0.00000,0.00000,0.00000,0.53091
random_sampling,7,out_of_distribution_tail,0.20,0.00000,0.00000,0.00000,0.00000,0.53091
random_sampling,7,out_of_distribution_tail,0.30,0.00000,0.00000,0.05556,0.05556,0.53091
random_sampling,7,rare_mechanism_combo,0.05,0.00000,0.00000,0.00000,0.00000,0.49797
random_sampling,7,rare_mechanism_combo,0.10,0.00000,0.00000,0.00000,0.00000,0.49797
random_sampling,7,rare_mechanism_combo,0.15,0.00000,0.00000,0.00000,0.00000,0.49797
random_sampling,7,rare_mechanism_combo,0.20,0.00000,0.00000,0.00000,0.00000,0.49797
random_sampling,7,rare_mechanism_combo,0.30,0.05556,0.00000,0.00000,0.05556,0.49797
random_sampling,7,rare_slip_failures,0.05,0.11111,0.00000,0.00000,0.11111,0.09227
random_sampling,7,rare_slip_failures,0.10,0.66667,0.05556,0.05556,0.72222,0.09227
random_sampling,7,rare_slip_failures,0.15,0.88889,0.05556,0.05556,0.94444,0.09227
random_sampling,7,rare_slip_failures,0.20,0.88889,0.05556,0.05556,0.94444,0.09227
random_sampling,7,rare_slip_failures,0.30,0.88889,0.05556,0.05556,0.94444,0.09227
state_diversity_coreset,7,actuator_limit_failures,0.05,0.44444,0.00000,0.00000,0.44444,0.06032
state_diversity_coreset,7,actuator_limit_failures,0.10,0.83333,0.00000,0.00000,0.83333,0.06032
state_diversity_coreset,7,actuator_limit_failures,0.15,1.00000,0.00000,0.00000,1.00000,0.06032
state_diversity_coreset,7,actuator_limit_failures,0.20,1.00000,0.00000,0.00000,1.00000,0.06032
state_diversity_coreset,7,actuator_limit_failures,0.30,1.00000,0.00000,0.00000,1.00000,0.06032
state_diversity_coreset,7,combined_tail_stress,0.05,0.00000,0.00000,0.00000,0.00000,0.59325
state_diversity_coreset,7,combined_tail_stress,0.10,0.00000,0.00000,0.00000,0.00000,0.59325
state_diversity_coreset,7,combined_tail_stress,0.15,0.00000,0.00000,0.00000,0.00000,0.59325
state_diversity_coreset,7,combined_tail_stress,0.20,0.00000,0.00000,0.00000,0.00000,0.59325
state_diversity_coreset,7,combined_tail_stress,0.30,0.00000,0.00000,0.00000,0.00000,0.59325
state_diversity_coreset,7,compound_sensor_actuator_shift,0.05,0.00000,0.00000,0.00000,0.00000,0.26869
state_diversity_coreset,7,compound_sensor_actuator_shift,0.10,0.00000,0.00000,0.00000,0.00000,0.26869
state_diversity_coreset,7,compound_sensor_actuator_shift,0.15,0.05556,0.00000,0.00000,0.05556,0.26869
state_diversity_coreset,7,compound_sensor_actuator_shift,0.20,0.22222,0.05556,0.05556,0.27778,0.26869
state_diversity_coreset,7,compound_sensor_actuator_shift,0.30,0.38889,0.16667,0.27778,0.66667,0.26869
state_diversity_coreset,7,fixture_geometry_shift,0.05,0.00000,0.00000,0.00000,0.00000,0.87288
state_diversity_coreset,7,fixture_geometry_shift,0.10,0.00000,0.00000,0.00000,0.00000,0.87288
state_diversity_coreset,7,fixture_geometry_shift,0.15,0.00000,0.00000,0.00000,0.00000,0.87288
state_diversity_coreset,7,fixture_geometry_shift,0.20,0.00000,0.00000,0.00000,0.00000,0.87288
state_diversity_coreset,7,fixture_geometry_shift,0.30,0.00000,0.00000,0.00000,0.00000,0.87288
state_diversity_coreset,7,jammed_fixture_failures,0.05,0.00000,0.00000,0.00000,0.00000,0.69542
state_diversity_coreset,7,jammed_fixture_failures,0.10,0.00000,0.00000,0.00000,0.00000,0.69542
state_diversity_coreset,7,jammed_fixture_failures,0.15,0.00000,0.00000,0.00000,0.00000,0.69542
state_diversity_coreset,7,jammed_fixture_failures,0.20,0.00000,0.00000,0.00000,0.00000,0.69542
state_diversity_coreset,7,jammed_fixture_failures,0.30,0.00000,0.00000,0.00000,0.00000,0.69542
state_diversity_coreset,7,nominal_task_balance,0.05,0.88889,0.00000,0.00000,0.88889,0.02961
state_diversity_coreset,7,nominal_task_balance,0.10,1.00000,0.00000,0.00000,1.00000,0.02961
state_diversity_coreset,7,nominal_task_balance,0.15,1.00000,0.00000,0.00000,1.00000,0.02961
state_diversity_coreset,7,nominal_task_balance,0.20,1.00000,0.00000,0.00000,1.00000,0.02961
state_diversity_coreset,7,nominal_task_balance,0.30,1.00000,0.00000,0.00000,1.00000,0.02961
state_diversity_coreset,7,out_of_distribution_tail,0.05,0.00000,0.00000,0.00000,0.00000,0.53446
state_diversity_coreset,7,out_of_distribution_tail,0.10,0.00000,0.00000,0.00000,0.00000,0.53446
state_diversity_coreset,7,out_of_distribution_tail,0.15,0.00000,0.00000,0.00000,0.00000,0.53446
state_diversity_coreset,7,out_of_distribution_tail,0.20,0.00000,0.00000,0.00000,0.00000,0.53446
state_diversity_coreset,7,out_of_distribution_tail,0.30,0.00000,0.00000,0.00000,0.00000,0.53446
state_diversity_coreset,7,rare_mechanism_combo,0.05,0.00000,0.00000,0.00000,0.00000,0.51602
state_diversity_coreset,7,rare_mechanism_combo,0.10,0.00000,0.00000,0.00000,0.00000,0.51602
state_diversity_coreset,7,rare_mechanism_combo,0.15,0.00000,0.00000,0.00000,0.00000,0.51602
state_diversity_coreset,7,rare_mechanism_combo,0.20,0.00000,0.00000,0.00000,0.00000,0.51602
state_diversity_coreset,7,rare_mechanism_combo,0.30,0.05556,0.00000,0.00000,0.05556,0.51602
state_diversity_coreset,7,rare_slip_failures,0.05,0.11111,0.00000,0.00000,0.11111,0.11549
state_diversity_coreset,7,rare_slip_failures,0.10,0.55556,0.05556,0.05556,0.61111,0.11549
state_diversity_coreset,7,rare_slip_failures,0.15,0.72222,0.05556,0.05556,0.77778,0.11549
state_diversity_coreset,7,rare_slip_failures,0.20,0.83333,0.05556,0.05556,0.88889,0.11549
state_diversity_coreset,7,rare_slip_failures,0.30,0.88889,0.05556,0.05556,0.94444,0.11549
tail_risk_active_learning,7,actuator_limit_failures,0.05,0.83333,0.00000,0.00000,0.83333,0.03127
tail_risk_active_learning,7,actuator_limit_failures,0.10,1.00000,0.00000,0.00000,1.00000,0.03127
tail_risk_active_learning,7,actuator_limit_failures,0.15,1.00000,0.00000,0.00000,1.00000,0.03127
tail_risk_active_learning,7,actuator_limit_failures,0.20,1.00000,0.00000,0.00000,1.00000,0.03127
tail_risk_active_learning,7,actuator_limit_failures,0.30,1.00000,0.00000,0.00000,1.00000,0.03127
tail_risk_active_learning,7,combined_tail_stress,0.05,0.00000,0.00000,0.00000,0.00000,0.57051
tail_risk_active_learning,7,combined_tail_stress,0.10,0.00000,0.00000,0.00000,0.00000,0.57051
tail_risk_active_learning,7,combined_tail_stress,0.15,0.00000,0.00000,0.00000,0.00000,0.57051
tail_risk_active_learning,7,combined_tail_stress,0.20,0.00000,0.00000,0.00000,0.00000,0.57051
tail_risk_active_learning,7,combined_tail_stress,0.30,0.00000,0.00000,0.00000,0.00000,0.57051
tail_risk_active_learning,7,compound_sensor_actuator_shift,0.05,0.00000,0.00000,0.00000,0.00000,0.17809
tail_risk_active_learning,7,compound_sensor_actuator_shift,0.10,0.16667,0.00000,0.00000,0.16667,0.17809
tail_risk_active_learning,7,compound_sensor_actuator_shift,0.15,0.27778,0.05556,0.05556,0.33333,0.17809
tail_risk_active_learning,7,compound_sensor_actuator_shift,0.20,0.44444,0.16667,0.27778,0.72222,0.17809
tail_risk_active_learning,7,compound_sensor_actuator_shift,0.30,0.61111,0.16667,0.27778,0.88889,0.17809
tail_risk_active_learning,7,fixture_geometry_shift,0.05,0.00000,0.00000,0.00000,0.00000,0.88481
tail_risk_active_learning,7,fixture_geometry_shift,0.10,0.00000,0.00000,0.00000,0.00000,0.88481
tail_risk_active_learning,7,fixture_geometry_shift,0.15,0.00000,0.00000,0.00000,0.00000,0.88481
tail_risk_active_learning,7,fixture_geometry_shift,0.20,0.00000,0.00000,0.00000,0.00000,0.88481
tail_risk_active_learning,7,fixture_geometry_shift,0.30,0.00000,0.00000,0.00000,0.00000,0.88481
tail_risk_active_learning,7,jammed_fixture_failures,0.05,0.00000,0.00000,0.00000,0.00000,0.60748
tail_risk_active_learning,7,jammed_fixture_failures,0.10,0.00000,0.00000,0.00000,0.00000,0.60748
tail_risk_active_learning,7,jammed_fixture_failures,0.15,0.00000,0.00000,0.00000,0.00000,0.60748
tail_risk_active_learning,7,jammed_fixture_failures,0.20,0.00000,0.00000,0.00000,0.00000,0.60748
tail_risk_active_learning,7,jammed_fixture_failures,0.30,0.00000,0.00000,0.00000,0.00000,0.60748
tail_risk_active_learning,7,nominal_task_balance,0.05,1.00000,0.00000,0.00000,1.00000,0.01488
tail_risk_active_learning,7,nominal_task_balance,0.10,1.00000,0.00000,0.00000,1.00000,0.01488
tail_risk_active_learning,7,nominal_task_balance,0.15,1.00000,0.00000,0.00000,1.00000,0.01488
tail_risk_active_learning,7,nominal_task_balance,0.20,1.00000,0.00000,0.00000,1.00000,0.01488
tail_risk_active_learning,7,nominal_task_balance,0.30,1.00000,0.00000,0.00000,1.00000,0.01488
tail_risk_active_learning,7,out_of_distribution_tail,0.05,0.00000,0.00000,0.00000,0.00000,0.42391
tail_risk_active_learning,7,out_of_distribution_tail,0.10,0.00000,0.00000,0.00000,0.00000,0.42391
tail_risk_active_learning,7,out_of_distribution_tail,0.15,0.00000,0.00000,0.00000,0.00000,0.42391
tail_risk_active_learning,7,out_of_distribution_tail,0.20,0.05556,0.00000,0.00000,0.05556,0.42391
tail_risk_active_learning,7,out_of_distribution_tail,0.30,0.05556,0.00000,0.16667,0.22222,0.42391
tail_risk_active_learning,7,rare_mechanism_combo,0.05,0.00000,0.00000,0.00000,0.00000,0.47850
tail_risk_active_learning,7,rare_mechanism_combo,0.10,0.00000,0.00000,0.00000,0.00000,0.47850
tail_risk_active_learning,7,rare_mechanism_combo,0.15,0.00000,0.00000,0.00000,0.00000,0.47850
tail_risk_active_learning,7,rare_mechanism_combo,0.20,0.00000,0.00000,0.00000,0.00000,0.47850
tail_risk_active_learning,7,rare_mechanism_combo,0.30,0.05556,0.00000,0.05556,0.11111,0.47850
tail_risk_active_learning,7,rare_slip_failures,0.05,0.27778,0.05556,0.05556,0.33333,0.07883
tail_risk_active_learning,7,rare_slip_failures,0.10,0.66667,0.05556,0.05556,0.72222,0.07883
tail_risk_active_learning,7,rare_slip_failures,0.15,0.88889,0.05556,0.05556,0.94444,0.07883
tail_risk_active_learning,7,rare_slip_failures,0.20,0.88889,0.05556,0.05556,0.94444,0.07883
tail_risk_active_learning,7,rare_slip_failures,0.30,0.94444,0.05556,0.05556,1.00000,0.07883
task_label_stratification,7,actuator_limit_failures,0.05,0.72222,0.00000,0.00000,0.72222,0.04537
task_label_stratification,7,actuator_limit_failures,0.10,1.00000,0.00000,0.00000,1.00000,0.04537
task_label_stratification,7,actuator_limit_failures,0.15,1.00000,0.00000,0.00000,1.00000,0.04537
task_label_stratification,7,actuator_limit_failures,0.20,1.00000,0.00000,0.00000,1.00000,0.04537
task_label_stratification,7,actuator_limit_failures,0.30,1.00000,0.00000,0.00000,1.00000,0.04537
task_label_stratification,7,combined_tail_stress,0.05,0.00000,0.00000,0.00000,0.00000,0.60174
task_label_stratification,7,combined_tail_stress,0.10,0.00000,0.00000,0.00000,0.00000,0.60174
task_label_stratification,7,combined_tail_stress,0.15,0.00000,0.00000,0.00000,0.00000,0.60174
task_label_stratification,7,combined_tail_stress,0.20,0.00000,0.00000,0.00000,0.00000,0.60174
task_label_stratification,7,combined_tail_stress,0.30,0.00000,0.00000,0.00000,0.00000,0.60174
task_label_stratification,7,compound_sensor_actuator_shift,0.05,0.00000,0.00000,0.00000,0.00000,0.22784
task_label_stratification,7,compound_sensor_actuator_shift,0.10,0.05556,0.00000,0.00000,0.05556,0.22784
task_label_stratification,7,compound_sensor_actuator_shift,0.15,0.11111,0.05556,0.05556,0.16667,0.22784
task_label_stratification,7,compound_sensor_actuator_shift,0.20,0.27778,0.11111,0.11111,0.38889,0.22784
task_label_stratification,7,compound_sensor_actuator_shift,0.30,0.55556,0.16667,0.27778,0.83333,0.22784
task_label_stratification,7,fixture_geometry_shift,0.05,0.00000,0.00000,0.00000,0.00000,0.90260
task_label_stratification,7,fixture_geometry_shift,0.10,0.00000,0.00000,0.00000,0.00000,0.90260
task_label_stratification,7,fixture_geometry_shift,0.15,0.00000,0.00000,0.00000,0.00000,0.90260
task_label_stratification,7,fixture_geometry_shift,0.20,0.00000,0.00000,0.00000,0.00000,0.90260
task_label_stratification,7,fixture_geometry_shift,0.30,0.00000,0.00000,0.00000,0.00000,0.90260
task_label_stratification,7,jammed_fixture_failures,0.05,0.00000,0.00000,0.00000,0.00000,0.70643
task_label_stratification,7,jammed_fixture_failures,0.10,0.00000,0.00000,0.00000,0.00000,0.70643
task_label_stratification,7,jammed_fixture_failures,0.15,0.00000,0.00000,0.00000,0.00000,0.70643
task_label_stratification,7,jammed_fixture_failures,0.20,0.00000,0.00000,0.00000,0.00000,0.70643
task_label_stratification,7,jammed_fixture_failures,0.30,0.00000,0.00000,0.00000,0.00000,0.70643
task_label_stratification,7,nominal_task_balance,0.05,1.00000,0.00000,0.00000,1.00000,0.01766
task_label_stratification,7,nominal_task_balance,0.10,1.00000,0.00000,0.00000,1.00000,0.01766
task_label_stratification,7,nominal_task_balance,0.15,1.00000,0.00000,0.00000,1.00000,0.01766
task_label_stratification,7,nominal_task_balance,0.20,1.00000,0.00000,0.00000,1.00000,0.01766
task_label_stratification,7,nominal_task_balance,0.30,1.00000,0.00000,0.00000,1.00000,0.01766
task_label_stratification,7,out_of_distribution_tail,0.05,0.00000,0.00000,0.00000,0.00000,0.55078
task_label_stratification,7,out_of_distribution_tail,0.10,0.00000,0.00000,0.00000,0.00000,0.55078
task_label_stratification,7,out_of_distribution_tail,0.15,0.00000,0.00000,0.00000,0.00000,0.55078
task_label_stratification,7,out_of_distribution_tail,0.20,0.00000,0.00000,0.00000,0.00000,0.55078
task_label_stratification,7,out_of_distribution_tail,0.30,0.00000,0.00000,0.05556,0.05556,0.55078
task_label_stratification,7,rare_mechanism_combo,0.05,0.00000,0.00000,0.00000,0.00000,0.50654
task_label_stratification,7,rare_mechanism_combo,0.10,0.00000,0.00000,0.00000,0.00000,0.50654
task_label_stratification,7,rare_mechanism_combo,0.15,0.00000,0.00000,0.00000,0.00000,0.50654
task_label_stratification,7,rare_mechanism_combo,0.20,0.00000,0.00000,0.00000,0.00000,0.50654
task_label_stratification,7,rare_mechanism_combo,0.30,0.05556,0.00000,0.00000,0.05556,0.50654
task_label_stratification,7,rare_slip_failures,0.05,0.22222,0.00000,0.00000,0.22222,0.09839
task_label_stratification,7,rare_slip_failures,0.10,0.66667,0.05556,0.05556,0.72222,0.09839
task_label_stratification,7,rare_slip_failures,0.15,0.77778,0.05556,0.05556,0.83333,0.09839
task_label_stratification,7,rare_slip_failures,0.20,0.88889,0.05556,0.05556,0.94444,0.09839
task_label_stratification,7,rare_slip_failures,0.30,0.88889,0.05556,0.05556,0.94444,0.09839
uncertainty_sampling,7,actuator_limit_failures,0.05,0.61111,0.00000,0.00000,0.61111,0.05300
uncertainty_sampling,7,actuator_limit_failures,0.10,0.94444,0.00000,0.00000,0.94444,0.05300
uncertainty_sampling,7,actuator_limit_failures,0.15,1.00000,0.00000,0.00000,1.00000,0.05300
uncertainty_sampling,7,actuator_limit_failures,0.20,1.00000,0.00000,0.00000,1.00000,0.05300
uncertainty_sampling,7,actuator_limit_failures,0.30,1.00000,0.00000,0.00000,1.00000,0.05300
uncertainty_sampling,7,combined_tail_stress,0.05,0.00000,0.00000,0.00000,0.00000,0.65593
uncertainty_sampling,7,combined_tail_stress,0.10,0.00000,0.00000,0.00000,0.00000,0.65593
uncertainty_sampling,7,combined_tail_stress,0.15,0.00000,0.00000,0.00000,0.00000,0.65593
uncertainty_sampling,7,combined_tail_stress,0.20,0.00000,0.00000,0.00000,0.00000,0.65593
uncertainty_sampling,7,combined_tail_stress,0.30,0.00000,0.00000,0.00000,0.00000,0.65593
uncertainty_sampling,7,compound_sensor_actuator_shift,0.05,0.00000,0.00000,0.00000,0.00000,0.20881
uncertainty_sampling,7,compound_sensor_actuator_shift,0.10,0.05556,0.00000,0.00000,0.05556,0.20881
uncertainty_sampling,7,compound_sensor_actuator_shift,0.15,0.22222,0.00000,0.00000,0.22222,0.20881
uncertainty_sampling,7,compound_sensor_actuator_shift,0.20,0.44444,0.16667,0.16667,0.61111,0.20881
uncertainty_sampling,7,compound_sensor_actuator_shift,0.30,0.61111,0.16667,0.27778,0.88889,0.20881
uncertainty_sampling,7,fixture_geometry_shift,0.05,0.00000,0.00000,0.00000,0.00000,0.88384
uncertainty_sampling,7,fixture_geometry_shift,0.10,0.00000,0.00000,0.00000,0.00000,0.88384
uncertainty_sampling,7,fixture_geometry_shift,0.15,0.00000,0.00000,0.00000,0.00000,0.88384
uncertainty_sampling,7,fixture_geometry_shift,0.20,0.00000,0.00000,0.00000,0.00000,0.88384
uncertainty_sampling,7,fixture_geometry_shift,0.30,0.00000,0.00000,0.00000,0.00000,0.88384
uncertainty_sampling,7,jammed_fixture_failures,0.05,0.00000,0.00000,0.00000,0.00000,0.70635
uncertainty_sampling,7,jammed_fixture_failures,0.10,0.00000,0.00000,0.00000,0.00000,0.70635
uncertainty_sampling,7,jammed_fixture_failures,0.15,0.00000,0.00000,0.00000,0.00000,0.70635
uncertainty_sampling,7,jammed_fixture_failures,0.20,0.00000,0.00000,0.00000,0.00000,0.70635
uncertainty_sampling,7,jammed_fixture_failures,0.30,0.00000,0.00000,0.00000,0.00000,0.70635
uncertainty_sampling,7,nominal_task_balance,0.05,1.00000,0.00000,0.00000,1.00000,0.01882
uncertainty_sampling,7,nominal_task_balance,0.10,1.00000,0.00000,0.00000,1.00000,0.01882
uncertainty_sampling,7,nominal_task_balance,0.15,1.00000,0.00000,0.00000,1.00000,0.01882
uncertainty_sampling,7,nominal_task_balance,0.20,1.00000,0.00000,0.00000,1.00000,0.01882
uncertainty_sampling,7,nominal_task_balance,0.30,1.00000,0.00000,0.00000,1.00000,0.01882
uncertainty_sampling,7,out_of_distribution_tail,0.05,0.00000,0.00000,0.00000,0.00000,0.58769
uncertainty_sampling,7,out_of_distribution_tail,0.10,0.00000,0.00000,0.00000,0.00000,0.58769
uncertainty_sampling,7,out_of_distribution_tail,0.15,0.00000,0.00000,0.00000,0.00000,0.58769
uncertainty_sampling,7,out_of_distribution_tail,0.20,0.00000,0.00000,0.00000,0.00000,0.58769
uncertainty_sampling,7,out_of_distribution_tail,0.30,0.00000,0.00000,0.00000,0.00000,0.58769
uncertainty_sampling,7,rare_mechanism_combo,0.05,0.00000,0.00000,0.00000,0.00000,0.48792
uncertainty_sampling,7,rare_mechanism_combo,0.10,0.00000,0.00000,0.00000,0.00000,0.48792
uncertainty_sampling,7,rare_mechanism_combo,0.15,0.00000,0.00000,0.00000,0.00000,0.48792
uncertainty_sampling,7,rare_mechanism_combo,0.20,0.00000,0.00000,0.00000,0.00000,0.48792
uncertainty_sampling,7,rare_mechanism_combo,0.30,0.05556,0.00000,0.00000,0.05556,0.48792
uncertainty_sampling,7,rare_slip_failures,0.05,0.11111,0.00000,0.00000,0.11111,0.09910
uncertainty_sampling,7,rare_slip_failures,0.10,0.66667,0.05556,0.05556,0.72222,0.09910
uncertainty_sampling,7,rare_slip_failures,0.15,0.83333,0.05556,0.05556,0.88889,0.09910
uncertainty_sampling,7,rare_slip_failures,0.20,0.88889,0.05556,0.05556,0.94444,0.09910
uncertainty_sampling,7,rare_slip_failures,0.30,0.88889,0.05556,0.05556,0.94444,0.09910
balanced_failure_replay,0,hard_regime,0.05,0.00000,0.00000,0.00000,0.00000,0.57272
balanced_failure_replay,0,combined_extreme,0.05,0.00000,0.00000,0.00000,0.00000,0.58850
balanced_failure_replay,0,hard_regime,0.10,0.01111,0.01111,0.01111,0.02222,0.57272
balanced_failure_replay,0,combined_extreme,0.10,0.00000,0.00000,0.00000,0.00000,0.58850
balanced_failure_replay,0,hard_regime,0.15,0.07778,0.02222,0.03333,0.11111,0.57272
balanced_failure_replay,0,combined_extreme,0.15,0.00000,0.00000,0.00000,0.00000,0.58850
balanced_failure_replay,0,hard_regime,0.20,0.12222,0.03333,0.04444,0.16667,0.57272
balanced_failure_replay,0,combined_extreme,0.20,0.00000,0.00000,0.00000,0.00000,0.58850
balanced_failure_replay,0,hard_regime,0.30,0.15556,0.03333,0.06667,0.22222,0.57272
balanced_failure_replay,0,combined_extreme,0.30,0.01852,0.00000,0.01852,0.03704,0.58850
balanced_failure_replay,1,hard_regime,0.05,0.01111,0.00000,0.00000,0.01111,0.54671
balanced_failure_replay,1,combined_extreme,0.05,0.00000,0.00000,0.00000,0.00000,0.56717
balanced_failure_replay,1,hard_regime,0.10,0.05556,0.02222,0.02222,0.07778,0.54671
balanced_failure_replay,1,combined_extreme,0.10,0.00000,0.00000,0.00000,0.00000,0.56717
balanced_failure_replay,1,hard_regime,0.15,0.13334,0.03333,0.03333,0.16667,0.54671
balanced_failure_replay,1,combined_extreme,0.15,0.03704,0.00000,0.00000,0.03704,0.56717
balanced_failure_replay,1,hard_regime,0.20,0.15556,0.03333,0.03333,0.18889,0.54671
balanced_failure_replay,1,combined_extreme,0.20,0.03704,0.00000,0.00000,0.03704,0.56717
balanced_failure_replay,1,hard_regime,0.30,0.21111,0.04444,0.04444,0.25556,0.54671
balanced_failure_replay,1,combined_extreme,0.30,0.11111,0.00000,0.00000,0.11111,0.56717
balanced_failure_replay,2,hard_regime,0.05,0.00000,0.00000,0.00000,0.00000,0.53105
balanced_failure_replay,2,combined_extreme,0.05,0.00000,0.00000,0.00000,0.00000,0.52947
balanced_failure_replay,2,hard_regime,0.10,0.00000,0.00000,0.00000,0.00000,0.53105
balanced_failure_replay,2,combined_extreme,0.10,0.00000,0.00000,0.00000,0.00000,0.52947
balanced_failure_replay,2,hard_regime,0.15,0.00000,0.01111,0.01111,0.01111,0.53105
balanced_failure_replay,2,combined_extreme,0.15,0.00000,0.00000,0.00000,0.00000,0.52947
balanced_failure_replay,2,hard_regime,0.20,0.05556,0.04444,0.05556,0.11111,0.53105
balanced_failure_replay,2,combined_extreme,0.20,0.00000,0.00000,0.00000,0.00000,0.52947
balanced_failure_replay,2,hard_regime,0.30,0.13333,0.04444,0.05556,0.18889,0.53105
balanced_failure_replay,2,combined_extreme,0.30,0.03704,0.00000,0.00000,0.03704,0.52947
balanced_failure_replay,3,hard_regime,0.05,0.00000,0.00000,0.00000,0.00000,0.54855
balanced_failure_replay,3,combined_extreme,0.05,0.00000,0.00000,0.00000,0.00000,0.57075
balanced_failure_replay,3,hard_regime,0.10,0.06667,0.02222,0.04444,0.11111,0.54855
balanced_failure_replay,3,combined_extreme,0.10,0.00000,0.00000,0.00000,0.00000,0.57075
balanced_failure_replay,3,hard_regime,0.15,0.13333,0.02222,0.06667,0.20000,0.54855
balanced_failure_replay,3,combined_extreme,0.15,0.00000,0.00000,0.00000,0.00000,0.57075
balanced_failure_replay,3,hard_regime,0.20,0.13333,0.02222,0.06667,0.20000,0.54855
balanced_failure_replay,3,combined_extreme,0.20,0.00000,0.00000,0.00000,0.00000,0.57075
balanced_failure_replay,3,hard_regime,0.30,0.15556,0.02222,0.06667,0.22222,0.54855
balanced_failure_replay,3,combined_extreme,0.30,0.03704,0.00000,0.00000,0.03704,0.57075
balanced_failure_replay,4,hard_regime,0.05,0.00000,0.00000,0.00000,0.00000,0.56941
balanced_failure_replay,4,combined_extreme,0.05,0.00000,0.00000,0.00000,0.00000,0.58757
balanced_failure_replay,4,hard_regime,0.10,0.01111,0.00000,0.01111,0.02222,0.56941
balanced_failure_replay,4,combined_extreme,0.10,0.00000,0.00000,0.00000,0.00000,0.58757
balanced_failure_replay,4,hard_regime,0.15,0.08889,0.00000,0.01111,0.10000,0.56941
balanced_failure_replay,4,combined_extreme,0.15,0.00000,0.00000,0.00000,0.00000,0.58757
balanced_failure_replay,4,hard_regime,0.20,0.14444,0.01111,0.02222,0.16667,0.56941
balanced_failure_replay,4,combined_extreme,0.20,0.03704,0.00000,0.00000,0.03704,0.58757
balanced_failure_replay,4,hard_regime,0.30,0.22222,0.02222,0.03333,0.25556,0.56941
balanced_failure_replay,4,combined_extreme,0.30,0.07407,0.01852,0.01852,0.09259,0.58757
balanced_failure_replay,5,hard_regime,0.05,0.00000,0.01111,0.02222,0.02222,0.58669
balanced_failure_replay,5,combined_extreme,0.05,0.00000,0.00000,0.00000,0.00000,0.61985
balanced_failure_replay,5,hard_regime,0.10,0.02222,0.03333,0.05556,0.07778,0.58669
balanced_failure_replay,5,combined_extreme,0.10,0.00000,0.00000,0.00000,0.00000,0.61985
balanced_failure_replay,5,hard_regime,0.15,0.10000,0.04444,0.06667,0.16667,0.58669
balanced_failure_replay,5,combined_extreme,0.15,0.00000,0.00000,0.00000,0.00000,0.61985
balanced_failure_replay,5,hard_regime,0.20,0.12222,0.04444,0.06667,0.18889,0.58669
balanced_failure_replay,5,combined_extreme,0.20,0.01852,0.00000,0.00000,0.01852,0.61985
balanced_failure_replay,5,hard_regime,0.30,0.14445,0.04444,0.06667,0.21111,0.58669
balanced_failure_replay,5,combined_extreme,0.30,0.01852,0.00000,0.00000,0.01852,0.61985
balanced_failure_replay,6,hard_regime,0.05,0.00000,0.00000,0.00000,0.00000,0.56239
balanced_failure_replay,6,combined_extreme,0.05,0.00000,0.00000,0.00000,0.00000,0.58911
balanced_failure_replay,6,hard_regime,0.10,0.01111,0.01111,0.01111,0.02222,0.56239
balanced_failure_replay,6,combined_extreme,0.10,0.00000,0.00000,0.00000,0.00000,0.58911
balanced_failure_replay,6,hard_regime,0.15,0.05556,0.02222,0.02222,0.07778,0.56239
balanced_failure_replay,6,combined_extreme,0.15,0.00000,0.00000,0.00000,0.00000,0.58911
balanced_failure_replay,6,hard_regime,0.20,0.06667,0.03333,0.03333,0.10000,0.56239
balanced_failure_replay,6,combined_extreme,0.20,0.00000,0.00000,0.00000,0.00000,0.58911
balanced_failure_replay,6,hard_regime,0.30,0.17778,0.03333,0.04445,0.22222,0.56239
balanced_failure_replay,6,combined_extreme,0.30,0.09259,0.00000,0.01852,0.11111,0.58911
balanced_failure_replay,7,hard_regime,0.05,0.00000,0.00000,0.00000,0.00000,0.55503
balanced_failure_replay,7,combined_extreme,0.05,0.00000,0.00000,0.00000,0.00000,0.55201
balanced_failure_replay,7,hard_regime,0.10,0.00000,0.00000,0.00000,0.00000,0.55503
balanced_failure_replay,7,combined_extreme,0.10,0.00000,0.00000,0.00000,0.00000,0.55201
balanced_failure_replay,7,hard_regime,0.15,0.03333,0.00000,0.00000,0.03333,0.55503
balanced_failure_replay,7,combined_extreme,0.15,0.00000,0.00000,0.00000,0.00000,0.55201
balanced_failure_replay,7,hard_regime,0.20,0.06667,0.02222,0.02222,0.08889,0.55503
balanced_failure_replay,7,combined_extreme,0.20,0.00000,0.00000,0.00000,0.00000,0.55201
balanced_failure_replay,7,hard_regime,0.30,0.10000,0.03333,0.05556,0.15556,0.55503
balanced_failure_replay,7,combined_extreme,0.30,0.00000,0.00000,0.01852,0.01852,0.55201
calibrated_failure_risk,0,hard_regime,0.05,0.00000,0.00000,0.00000,0.00000,0.57799
calibrated_failure_risk,0,combined_extreme,0.05,0.00000,0.00000,0.00000,0.00000,0.58213
calibrated_failure_risk,0,hard_regime,0.10,0.01111,0.01111,0.01111,0.02222,0.57799
calibrated_failure_risk,0,combined_extreme,0.10,0.00000,0.00000,0.00000,0.00000,0.58213
calibrated_failure_risk,0,hard_regime,0.15,0.03333,0.01111,0.01111,0.04445,0.57799
calibrated_failure_risk,0,combined_extreme,0.15,0.01852,0.00000,0.00000,0.01852,0.58213
calibrated_failure_risk,0,hard_regime,0.20,0.07778,0.03333,0.04444,0.12222,0.57799
calibrated_failure_risk,0,combined_extreme,0.20,0.01852,0.00000,0.00000,0.01852,0.58213
calibrated_failure_risk,0,hard_regime,0.30,0.13334,0.03333,0.05556,0.18889,0.57799
calibrated_failure_risk,0,combined_extreme,0.30,0.03704,0.00000,0.01852,0.05556,0.58213
calibrated_failure_risk,1,hard_regime,0.05,0.01111,0.00000,0.00000,0.01111,0.50449
calibrated_failure_risk,1,combined_extreme,0.05,0.00000,0.00000,0.00000,0.00000,0.51147
calibrated_failure_risk,1,hard_regime,0.10,0.05556,0.02222,0.02222,0.07778,0.50449
calibrated_failure_risk,1,combined_extreme,0.10,0.00000,0.00000,0.00000,0.00000,0.51147
calibrated_failure_risk,1,hard_regime,0.15,0.11111,0.03333,0.03333,0.14445,0.50449
calibrated_failure_risk,1,combined_extreme,0.15,0.03704,0.00000,0.00000,0.03704,0.51147
calibrated_failure_risk,1,hard_regime,0.20,0.16667,0.03333,0.03333,0.20000,0.50449
calibrated_failure_risk,1,combined_extreme,0.20,0.03704,0.00000,0.00000,0.03704,0.51147
calibrated_failure_risk,1,hard_regime,0.30,0.23333,0.04444,0.05556,0.28889,0.50449
calibrated_failure_risk,1,combined_extreme,0.30,0.14815,0.00000,0.01852,0.16667,0.51147
calibrated_failure_risk,2,hard_regime,0.05,0.00000,0.00000,0.00000,0.00000,0.46271
calibrated_failure_risk,2,combined_extreme,0.05,0.00000,0.00000,0.00000,0.00000,0.44351
calibrated_failure_risk,2,hard_regime,0.10,0.00000,0.00000,0.00000,0.00000,0.46271
calibrated_failure_risk,2,combined_extreme,0.10,0.00000,0.00000,0.00000,0.00000,0.44351
calibrated_failure_risk,2,hard_regime,0.15,0.02222,0.03333,0.04444,0.06667,0.46271
calibrated_failure_risk,2,combined_extreme,0.15,0.00000,0.00000,0.00000,0.00000,0.44351
calibrated_failure_risk,2,hard_regime,0.20,0.08889,0.04444,0.05556,0.14445,0.46271
calibrated_failure_risk,2,combined_extreme,0.20,0.01852,0.00000,0.00000,0.01852,0.44351
calibrated_failure_risk,2,hard_regime,0.30,0.22222,0.04444,0.10000,0.32222,0.46271
calibrated_failure_risk,2,combined_extreme,0.30,0.18518,0.00000,0.07407,0.25926,0.44351
calibrated_failure_risk,3,hard_regime,0.05,0.01111,0.01111,0.01111,0.02222,0.53109
calibrated_failure_risk,3,combined_extreme,0.05,0.00000,0.00000,0.00000,0.00000,0.55458
calibrated_failure_risk,3,hard_regime,0.10,0.06667,0.02222,0.05556,0.12222,0.53109
calibrated_failure_risk,3,combined_extreme,0.10,0.00000,0.00000,0.00000,0.00000,0.55458
calibrated_failure_risk,3,hard_regime,0.15,0.12222,0.02222,0.06667,0.18889,0.53109
calibrated_failure_risk,3,combined_extreme,0.15,0.00000,0.00000,0.00000,0.00000,0.55458
calibrated_failure_risk,3,hard_regime,0.20,0.14445,0.02222,0.06667,0.21111,0.53109
calibrated_failure_risk,3,combined_extreme,0.20,0.01852,0.00000,0.00000,0.01852,0.55458
calibrated_failure_risk,3,hard_regime,0.30,0.15556,0.02222,0.06667,0.22222,0.53109
calibrated_failure_risk,3,combined_extreme,0.30,0.03704,0.00000,0.00000,0.03704,0.55458
calibrated_failure_risk,4,hard_regime,0.05,0.00000,0.00000,0.00000,0.00000,0.48746
calibrated_failure_risk,4,combined_extreme,0.05,0.00000,0.00000,0.00000,0.00000,0.46962
calibrated_failure_risk,4,hard_regime,0.10,0.04444,0.00000,0.01111,0.05556,0.48746
calibrated_failure_risk,4,combined_extreme,0.10,0.00000,0.00000,0.00000,0.00000,0.46962
calibrated_failure_risk,4,hard_regime,0.15,0.13333,0.01111,0.02222,0.15556,0.48746
calibrated_failure_risk,4,combined_extreme,0.15,0.03704,0.00000,0.00000,0.03704,0.46962
calibrated_failure_risk,4,hard_regime,0.20,0.17778,0.01111,0.02222,0.20000,0.48746
calibrated_failure_risk,4,combined_extreme,0.20,0.05556,0.00000,0.00000,0.05556,0.46962
calibrated_failure_risk,4,hard_regime,0.30,0.26667,0.02222,0.04445,0.31111,0.48746
calibrated_failure_risk,4,combined_extreme,0.30,0.14815,0.01852,0.03704,0.18519,0.46962
calibrated_failure_risk,5,hard_regime,0.05,0.00000,0.00000,0.01111,0.01111,0.52108
calibrated_failure_risk,5,combined_extreme,0.05,0.00000,0.00000,0.00000,0.00000,0.53380
calibrated_failure_risk,5,hard_regime,0.10,0.02222,0.03333,0.05556,0.07778,0.52108
calibrated_failure_risk,5,combined_extreme,0.10,0.00000,0.00000,0.00000,0.00000,0.53380
calibrated_failure_risk,5,hard_regime,0.15,0.10000,0.04444,0.06667,0.16667,0.52108
calibrated_failure_risk,5,combined_extreme,0.15,0.00000,0.00000,0.00000,0.00000,0.53380
calibrated_failure_risk,5,hard_regime,0.20,0.12222,0.04444,0.06667,0.18889,0.52108
calibrated_failure_risk,5,combined_extreme,0.20,0.01852,0.00000,0.00000,0.01852,0.53380
calibrated_failure_risk,5,hard_regime,0.30,0.17778,0.04444,0.06667,0.24445,0.52108
calibrated_failure_risk,5,combined_extreme,0.30,0.07408,0.00000,0.00000,0.07408,0.53380
calibrated_failure_risk,6,hard_regime,0.05,0.00000,0.00000,0.00000,0.00000,0.52400
calibrated_failure_risk,6,combined_extreme,0.05,0.00000,0.00000,0.00000,0.00000,0.55701
calibrated_failure_risk,6,hard_regime,0.10,0.01111,0.00000,0.00000,0.01111,0.52400
calibrated_failure_risk,6,combined_extreme,0.10,0.00000,0.00000,0.00000,0.00000,0.55701
calibrated_failure_risk,6,hard_regime,0.15,0.04444,0.01111,0.01111,0.05556,0.52400
calibrated_failure_risk,6,combined_extreme,0.15,0.00000,0.00000,0.00000,0.00000,0.55701
calibrated_failure_risk,6,hard_regime,0.20,0.07778,0.02222,0.03333,0.11111,0.52400
calibrated_failure_risk,6,combined_extreme,0.20,0.00000,0.00000,0.01852,0.01852,0.55701
calibrated_failure_risk,6,hard_regime,0.30,0.15556,0.03333,0.04445,0.20000,0.52400
calibrated_failure_risk,6,combined_extreme,0.30,0.03704,0.00000,0.01852,0.05556,0.55701
calibrated_failure_risk,7,hard_regime,0.05,0.00000,0.00000,0.00000,0.00000,0.50397
calibrated_failure_risk,7,combined_extreme,0.05,0.00000,0.00000,0.00000,0.00000,0.48485
calibrated_failure_risk,7,hard_regime,0.10,0.01111,0.00000,0.00000,0.01111,0.50397
calibrated_failure_risk,7,combined_extreme,0.10,0.00000,0.00000,0.00000,0.00000,0.48485
calibrated_failure_risk,7,hard_regime,0.15,0.05556,0.01111,0.01111,0.06667,0.50397
calibrated_failure_risk,7,combined_extreme,0.15,0.00000,0.00000,0.00000,0.00000,0.48485
calibrated_failure_risk,7,hard_regime,0.20,0.07778,0.02222,0.02222,0.10000,0.50397
calibrated_failure_risk,7,combined_extreme,0.20,0.00000,0.00000,0.00000,0.00000,0.48485
calibrated_failure_risk,7,hard_regime,0.30,0.15556,0.03333,0.07778,0.23333,0.50397
calibrated_failure_risk,7,combined_extreme,0.30,0.05556,0.00000,0.03704,0.09259,0.48485
failure_prediction_active_learning,0,hard_regime,0.05,0.00000,0.00000,0.00000,0.00000,0.57712
failure_prediction_active_learning,0,combined_extreme,0.05,0.00000,0.00000,0.00000,0.00000,0.58041
failure_prediction_active_learning,0,hard_regime,0.10,0.01111,0.01111,0.01111,0.02222,0.57712
failure_prediction_active_learning,0,combined_extreme,0.10,0.00000,0.00000,0.00000,0.00000,0.58041
failure_prediction_active_learning,0,hard_regime,0.15,0.03333,0.01111,0.01111,0.04445,0.57712
failure_prediction_active_learning,0,combined_extreme,0.15,0.01852,0.00000,0.00000,0.01852,0.58041
failure_prediction_active_learning,0,hard_regime,0.20,0.07778,0.03333,0.04444,0.12222,0.57712
failure_prediction_active_learning,0,combined_extreme,0.20,0.01852,0.00000,0.00000,0.01852,0.58041
failure_prediction_active_learning,0,hard_regime,0.30,0.13334,0.03333,0.05556,0.18889,0.57712
failure_prediction_active_learning,0,combined_extreme,0.30,0.03704,0.00000,0.01852,0.05556,0.58041
failure_prediction_active_learning,1,hard_regime,0.05,0.01111,0.00000,0.00000,0.01111,0.50350
failure_prediction_active_learning,1,combined_extreme,0.05,0.00000,0.00000,0.00000,0.00000,0.50899
failure_prediction_active_learning,1,hard_regime,0.10,0.05556,0.02222,0.02222,0.07778,0.50350
failure_prediction_active_learning,1,combined_extreme,0.10,0.00000,0.00000,0.00000,0.00000,0.50899
failure_prediction_active_learning,1,hard_regime,0.15,0.11111,0.03333,0.03333,0.14445,0.50350
failure_prediction_active_learning,1,combined_extreme,0.15,0.03704,0.00000,0.00000,0.03704,0.50899
failure_prediction_active_learning,1,hard_regime,0.20,0.16667,0.03333,0.03333,0.20000,0.50350
failure_prediction_active_learning,1,combined_extreme,0.20,0.03704,0.00000,0.00000,0.03704,0.50899
failure_prediction_active_learning,1,hard_regime,0.30,0.23333,0.04444,0.05556,0.28889,0.50350
failure_prediction_active_learning,1,combined_extreme,0.30,0.14815,0.00000,0.01852,0.16667,0.50899
failure_prediction_active_learning,2,hard_regime,0.05,0.00000,0.00000,0.00000,0.00000,0.46205
failure_prediction_active_learning,2,combined_extreme,0.05,0.00000,0.00000,0.00000,0.00000,0.44177
failure_prediction_active_learning,2,hard_regime,0.10,0.00000,0.00000,0.00000,0.00000,0.46205
failure_prediction_active_learning,2,combined_extreme,0.10,0.00000,0.00000,0.00000,0.00000,0.44177
failure_prediction_active_learning,2,hard_regime,0.15,0.01111,0.03333,0.04444,0.05556,0.46205
failure_prediction_active_learning,2,combined_extreme,0.15,0.00000,0.00000,0.00000,0.00000,0.44177
failure_prediction_active_learning,2,hard_regime,0.20,0.08889,0.04444,0.05556,0.14445,0.46205
failure_prediction_active_learning,2,combined_extreme,0.20,0.01852,0.00000,0.00000,0.01852,0.44177
failure_prediction_active_learning,2,hard_regime,0.30,0.22222,0.04444,0.10000,0.32222,0.46205
failure_prediction_active_learning,2,combined_extreme,0.30,0.18518,0.00000,0.07407,0.25926,0.44177
failure_prediction_active_learning,3,hard_regime,0.05,0.01111,0.01111,0.01111,0.02222,0.53120
failure_prediction_active_learning,3,combined_extreme,0.05,0.00000,0.00000,0.00000,0.00000,0.55433
failure_prediction_active_learning,3,hard_regime,0.10,0.06667,0.02222,0.05556,0.12222,0.53120
failure_prediction_active_learning,3,combined_extreme,0.10,0.00000,0.00000,0.00000,0.00000,0.55433
failure_prediction_active_learning,3,hard_regime,0.15,0.12222,0.02222,0.06667,0.18889,0.53120
failure_prediction_active_learning,3,combined_extreme,0.15,0.00000,0.00000,0.00000,0.00000,0.55433
failure_prediction_active_learning,3,hard_regime,0.20,0.14445,0.02222,0.06667,0.21111,0.53120
failure_prediction_active_learning,3,combined_extreme,0.20,0.01852,0.00000,0.00000,0.01852,0.55433
failure_prediction_active_learning,3,hard_regime,0.30,0.15556,0.02222,0.06667,0.22222,0.53120
failure_prediction_active_learning,3,combined_extreme,0.30,0.03704,0.00000,0.00000,0.03704,0.55433
failure_prediction_active_learning,4,hard_regime,0.05,0.00000,0.00000,0.00000,0.00000,0.48708
failure_prediction_active_learning,4,combined_extreme,0.05,0.00000,0.00000,0.00000,0.00000,0.46893
failure_prediction_active_learning,4,hard_regime,0.10,0.04444,0.00000,0.01111,0.05556,0.48708
failure_prediction_active_learning,4,combined_extreme,0.10,0.00000,0.00000,0.00000,0.00000,0.46893
failure_prediction_active_learning,4,hard_regime,0.15,0.13333,0.01111,0.02222,0.15556,0.48708
failure_prediction_active_learning,4,combined_extreme,0.15,0.03704,0.00000,0.00000,0.03704,0.46893
failure_prediction_active_learning,4,hard_regime,0.20,0.17778,0.01111,0.02222,0.20000,0.48708
failure_prediction_active_learning,4,combined_extreme,0.20,0.05556,0.00000,0.00000,0.05556,0.46893
failure_prediction_active_learning,4,hard_regime,0.30,0.27778,0.02222,0.04445,0.32222,0.48708
failure_prediction_active_learning,4,combined_extreme,0.30,0.16667,0.01852,0.03704,0.20370,0.46893
failure_prediction_active_learning,5,hard_regime,0.05,0.00000,0.00000,0.01111,0.01111,0.52090
failure_prediction_active_learning,5,combined_extreme,0.05,0.00000,0.00000,0.00000,0.00000,0.53232
failure_prediction_active_learning,5,hard_regime,0.10,0.02222,0.03333,0.05556,0.07778,0.52090
failure_prediction_active_learning,5,combined_extreme,0.10,0.00000,0.00000,0.00000,0.00000,0.53232
failure_prediction_active_learning,5,hard_regime,0.15,0.10000,0.04444,0.06667,0.16667,0.52090
failure_prediction_active_learning,5,combined_extreme,0.15,0.00000,0.00000,0.00000,0.00000,0.53232
failure_prediction_active_learning,5,hard_regime,0.20,0.12222,0.04444,0.06667,0.18889,0.52090
failure_prediction_active_learning,5,combined_extreme,0.20,0.01852,0.00000,0.00000,0.01852,0.53232
failure_prediction_active_learning,5,hard_regime,0.30,0.17778,0.04444,0.06667,0.24445,0.52090
failure_prediction_active_learning,5,combined_extreme,0.30,0.07408,0.00000,0.00000,0.07408,0.53232
failure_prediction_active_learning,6,hard_regime,0.05,0.00000,0.00000,0.00000,0.00000,0.52215
failure_prediction_active_learning,6,combined_extreme,0.05,0.00000,0.00000,0.00000,0.00000,0.55289
failure_prediction_active_learning,6,hard_regime,0.10,0.01111,0.01111,0.01111,0.02222,0.52215
failure_prediction_active_learning,6,combined_extreme,0.10,0.00000,0.00000,0.00000,0.00000,0.55289
failure_prediction_active_learning,6,hard_regime,0.15,0.04444,0.02222,0.02222,0.06667,0.52215
failure_prediction_active_learning,6,combined_extreme,0.15,0.00000,0.00000,0.00000,0.00000,0.55289
failure_prediction_active_learning,6,hard_regime,0.20,0.07778,0.02222,0.03333,0.11111,0.52215
failure_prediction_active_learning,6,combined_extreme,0.20,0.00000,0.00000,0.01852,0.01852,0.55289
failure_prediction_active_learning,6,hard_regime,0.30,0.17778,0.03333,0.04445,0.22222,0.52215
failure_prediction_active_learning,6,combined_extreme,0.30,0.07407,0.00000,0.01852,0.09259,0.55289
failure_prediction_active_learning,7,hard_regime,0.05,0.00000,0.00000,0.00000,0.00000,0.50312
failure_prediction_active_learning,7,combined_extreme,0.05,0.00000,0.00000,0.00000,0.00000,0.48373
failure_prediction_active_learning,7,hard_regime,0.10,0.01111,0.00000,0.00000,0.01111,0.50312
failure_prediction_active_learning,7,combined_extreme,0.10,0.00000,0.00000,0.00000,0.00000,0.48373
failure_prediction_active_learning,7,hard_regime,0.15,0.04444,0.01111,0.01111,0.05556,0.50312
failure_prediction_active_learning,7,combined_extreme,0.15,0.00000,0.00000,0.00000,0.00000,0.48373
failure_prediction_active_learning,7,hard_regime,0.20,0.05556,0.02222,0.02222,0.07778,0.50312
failure_prediction_active_learning,7,combined_extreme,0.20,0.00000,0.00000,0.00000,0.00000,0.48373
failure_prediction_active_learning,7,hard_regime,0.30,0.15556,0.03333,0.07778,0.23333,0.50312
failure_prediction_active_learning,7,combined_extreme,0.30,0.05556,0.00000,0.03704,0.09259,0.48373
failure_stratified_engine,0,hard_regime,0.05,0.00000,0.00000,0.00000,0.00000,0.69414
failure_stratified_engine,0,combined_extreme,0.05,0.00000,0.00000,0.00000,0.00000,0.70737
failure_stratified_engine,0,hard_regime,0.10,0.00000,0.00000,0.00000,0.00000,0.69414
failure_stratified_engine,0,combined_extreme,0.10,0.00000,0.00000,0.00000,0.00000,0.70737
failure_stratified_engine,0,hard_regime,0.15,0.00000,0.00000,0.00000,0.00000,0.69414
failure_stratified_engine,0,combined_extreme,0.15,0.00000,0.00000,0.00000,0.00000,0.70737
failure_stratified_engine,0,hard_regime,0.20,0.00000,0.00000,0.00000,0.00000,0.69414
failure_stratified_engine,0,combined_extreme,0.20,0.00000,0.00000,0.00000,0.00000,0.70737
failure_stratified_engine,0,hard_regime,0.30,0.01111,0.02222,0.02222,0.03333,0.69414
failure_stratified_engine,0,combined_extreme,0.30,0.00000,0.00000,0.00000,0.00000,0.70737
failure_stratified_engine,1,hard_regime,0.05,0.00000,0.00000,0.00000,0.00000,0.61146
failure_stratified_engine,1,combined_extreme,0.05,0.00000,0.00000,0.00000,0.00000,0.65469
failure_stratified_engine,1,hard_regime,0.10,0.04444,0.01111,0.01111,0.05556,0.61146
failure_stratified_engine,1,combined_extreme,0.10,0.00000,0.00000,0.00000,0.00000,0.65469
failure_stratified_engine,1,hard_regime,0.15,0.05556,0.02222,0.02222,0.07778,0.61146
failure_stratified_engine,1,combined_extreme,0.15,0.00000,0.00000,0.00000,0.00000,0.65469
failure_stratified_engine,1,hard_regime,0.20,0.08889,0.02222,0.02222,0.11111,0.61146
failure_stratified_engine,1,combined_extreme,0.20,0.00000,0.00000,0.00000,0.00000,0.65469
failure_stratified_engine,1,hard_regime,0.30,0.15556,0.03333,0.03333,0.18889,0.61146
failure_stratified_engine,1,combined_extreme,0.30,0.03704,0.00000,0.00000,0.03704,0.65469
failure_stratified_engine,2,hard_regime,0.05,0.00000,0.00000,0.00000,0.00000,0.58929
failure_stratified_engine,2,combined_extreme,0.05,0.00000,0.00000,0.00000,0.00000,0.57380
failure_stratified_engine,2,hard_regime,0.10,0.00000,0.00000,0.00000,0.00000,0.58929
failure_stratified_engine,2,combined_extreme,0.10,0.00000,0.00000,0.00000,0.00000,0.57380
failure_stratified_engine,2,hard_regime,0.15,0.00000,0.00000,0.00000,0.00000,0.58929
failure_stratified_engine,2,combined_extreme,0.15,0.00000,0.00000,0.00000,0.00000,0.57380
failure_stratified_engine,2,hard_regime,0.20,0.00000,0.00000,0.00000,0.00000,0.58929
failure_stratified_engine,2,combined_extreme,0.20,0.00000,0.00000,0.00000,0.00000,0.57380
failure_stratified_engine,2,hard_regime,0.30,0.01111,0.00000,0.00000,0.01111,0.58929
failure_stratified_engine,2,combined_extreme,0.30,0.01852,0.00000,0.00000,0.01852,0.57380
failure_stratified_engine,3,hard_regime,0.05,0.00000,0.00000,0.00000,0.00000,0.61804
failure_stratified_engine,3,combined_extreme,0.05,0.00000,0.00000,0.00000,0.00000,0.67020
failure_stratified_engine,3,hard_regime,0.10,0.03333,0.01111,0.03333,0.06667,0.61804
failure_stratified_engine,3,combined_extreme,0.10,0.00000,0.00000,0.00000,0.00000,0.67020
failure_stratified_engine,3,hard_regime,0.15,0.07778,0.02222,0.05556,0.13333,0.61804
failure_stratified_engine,3,combined_extreme,0.15,0.00000,0.00000,0.00000,0.00000,0.67020
failure_stratified_engine,3,hard_regime,0.20,0.13333,0.02222,0.06667,0.20000,0.61804
failure_stratified_engine,3,combined_extreme,0.20,0.00000,0.00000,0.00000,0.00000,0.67020
failure_stratified_engine,3,hard_regime,0.30,0.14445,0.02222,0.06667,0.21111,0.61804
failure_stratified_engine,3,combined_extreme,0.30,0.01852,0.00000,0.00000,0.01852,0.67020
failure_stratified_engine,4,hard_regime,0.05,0.00000,0.00000,0.00000,0.00000,0.60570
failure_stratified_engine,4,combined_extreme,0.05,0.00000,0.00000,0.00000,0.00000,0.63533
failure_stratified_engine,4,hard_regime,0.10,0.00000,0.00000,0.01111,0.01111,0.60570
failure_stratified_engine,4,combined_extreme,0.10,0.00000,0.00000,0.00000,0.00000,0.63533
failure_stratified_engine,4,hard_regime,0.15,0.03333,0.00000,0.01111,0.04444,0.60570
failure_stratified_engine,4,combined_extreme,0.15,0.00000,0.00000,0.00000,0.00000,0.63533
failure_stratified_engine,4,hard_regime,0.20,0.08889,0.00000,0.01111,0.10000,0.60570
failure_stratified_engine,4,combined_extreme,0.20,0.00000,0.00000,0.00000,0.00000,0.63533
failure_stratified_engine,4,hard_regime,0.30,0.16667,0.01111,0.02222,0.18889,0.60570
failure_stratified_engine,4,combined_extreme,0.30,0.01852,0.00000,0.00000,0.01852,0.63533
failure_stratified_engine,5,hard_regime,0.05,0.00000,0.00000,0.00000,0.00000,0.61715
failure_stratified_engine,5,combined_extreme,0.05,0.00000,0.00000,0.00000,0.00000,0.66862
failure_stratified_engine,5,hard_regime,0.10,0.02222,0.03333,0.04444,0.06667,0.61715
failure_stratified_engine,5,combined_extreme,0.10,0.00000,0.00000,0.00000,0.00000,0.66862
failure_stratified_engine,5,hard_regime,0.15,0.05556,0.06667,0.07778,0.13333,0.61715
failure_stratified_engine,5,combined_extreme,0.15,0.00000,0.00000,0.00000,0.00000,0.66862
failure_stratified_engine,5,hard_regime,0.20,0.10000,0.06667,0.07778,0.17778,0.61715
failure_stratified_engine,5,combined_extreme,0.20,0.00000,0.00000,0.00000,0.00000,0.66862
failure_stratified_engine,5,hard_regime,0.30,0.12222,0.06667,0.07778,0.20000,0.61715
failure_stratified_engine,5,combined_extreme,0.30,0.00000,0.00000,0.00000,0.00000,0.66862
failure_stratified_engine,6,hard_regime,0.05,0.00000,0.00000,0.00000,0.00000,0.65511
failure_stratified_engine,6,combined_extreme,0.05,0.00000,0.00000,0.00000,0.00000,0.67929
failure_stratified_engine,6,hard_regime,0.10,0.00000,0.00000,0.00000,0.00000,0.65511
failure_stratified_engine,6,combined_extreme,0.10,0.00000,0.00000,0.00000,0.00000,0.67929
failure_stratified_engine,6,hard_regime,0.15,0.00000,0.00000,0.00000,0.00000,0.65511
failure_stratified_engine,6,combined_extreme,0.15,0.00000,0.00000,0.00000,0.00000,0.67929
failure_stratified_engine,6,hard_regime,0.20,0.00000,0.00000,0.00000,0.00000,0.65511
failure_stratified_engine,6,combined_extreme,0.20,0.00000,0.00000,0.00000,0.00000,0.67929
failure_stratified_engine,6,hard_regime,0.30,0.02222,0.01111,0.01111,0.03333,0.65511
failure_stratified_engine,6,combined_extreme,0.30,0.00000,0.00000,0.00000,0.00000,0.67929
failure_stratified_engine,7,hard_regime,0.05,0.00000,0.00000,0.00000,0.00000,0.62289
failure_stratified_engine,7,combined_extreme,0.05,0.00000,0.00000,0.00000,0.00000,0.60419
failure_stratified_engine,7,hard_regime,0.10,0.00000,0.00000,0.00000,0.00000,0.62289
failure_stratified_engine,7,combined_extreme,0.10,0.00000,0.00000,0.00000,0.00000,0.60419
failure_stratified_engine,7,hard_regime,0.15,0.00000,0.00000,0.00000,0.00000,0.62289
failure_stratified_engine,7,combined_extreme,0.15,0.00000,0.00000,0.00000,0.00000,0.60419
failure_stratified_engine,7,hard_regime,0.20,0.00000,0.00000,0.00000,0.00000,0.62289
failure_stratified_engine,7,combined_extreme,0.20,0.00000,0.00000,0.00000,0.00000,0.60419
failure_stratified_engine,7,hard_regime,0.30,0.03333,0.00000,0.00000,0.03333,0.62289
failure_stratified_engine,7,combined_extreme,0.30,0.00000,0.00000,0.00000,0.00000,0.60419
failure_stratified_engine_v5,0,hard_regime,0.05,0.00000,0.00000,0.00000,0.00000,0.61853
failure_stratified_engine_v5,0,combined_extreme,0.05,0.00000,0.00000,0.00000,0.00000,0.64470
failure_stratified_engine_v5,0,hard_regime,0.10,0.00000,0.00000,0.00000,0.00000,0.61853
failure_stratified_engine_v5,0,combined_extreme,0.10,0.00000,0.00000,0.00000,0.00000,0.64470
failure_stratified_engine_v5,0,hard_regime,0.15,0.01111,0.01111,0.01111,0.02222,0.61853
failure_stratified_engine_v5,0,combined_extreme,0.15,0.00000,0.00000,0.00000,0.00000,0.64470
failure_stratified_engine_v5,0,hard_regime,0.20,0.06667,0.02222,0.02222,0.08889,0.61853
failure_stratified_engine_v5,0,combined_extreme,0.20,0.00000,0.00000,0.00000,0.00000,0.64470
failure_stratified_engine_v5,0,hard_regime,0.30,0.14445,0.03333,0.05556,0.20000,0.61853
failure_stratified_engine_v5,0,combined_extreme,0.30,0.01852,0.00000,0.01852,0.03704,0.64470
failure_stratified_engine_v5,1,hard_regime,0.05,0.00000,0.00000,0.00000,0.00000,0.56238
failure_stratified_engine_v5,1,combined_extreme,0.05,0.00000,0.00000,0.00000,0.00000,0.58968
failure_stratified_engine_v5,1,hard_regime,0.10,0.04444,0.02222,0.02222,0.06667,0.56238
failure_stratified_engine_v5,1,combined_extreme,0.10,0.00000,0.00000,0.00000,0.00000,0.58968
failure_stratified_engine_v5,1,hard_regime,0.15,0.10000,0.02222,0.02222,0.12222,0.56238
failure_stratified_engine_v5,1,combined_extreme,0.15,0.00000,0.00000,0.00000,0.00000,0.58968
failure_stratified_engine_v5,1,hard_regime,0.20,0.15556,0.03333,0.03333,0.18889,0.56238
failure_stratified_engine_v5,1,combined_extreme,0.20,0.03704,0.00000,0.00000,0.03704,0.58968
failure_stratified_engine_v5,1,hard_regime,0.30,0.16667,0.04444,0.04444,0.21111,0.56238
failure_stratified_engine_v5,1,combined_extreme,0.30,0.03704,0.00000,0.00000,0.03704,0.58968
failure_stratified_engine_v5,2,hard_regime,0.05,0.00000,0.00000,0.00000,0.00000,0.48454
failure_stratified_engine_v5,2,combined_extreme,0.05,0.00000,0.00000,0.00000,0.00000,0.47913
failure_stratified_engine_v5,2,hard_regime,0.10,0.01111,0.00000,0.00000,0.01111,0.48454
failure_stratified_engine_v5,2,combined_extreme,0.10,0.00000,0.00000,0.00000,0.00000,0.47913
failure_stratified_engine_v5,2,hard_regime,0.15,0.04444,0.02222,0.03333,0.07778,0.48454
failure_stratified_engine_v5,2,combined_extreme,0.15,0.00000,0.00000,0.00000,0.00000,0.47913
failure_stratified_engine_v5,2,hard_regime,0.20,0.11111,0.04444,0.05556,0.16667,0.48454
failure_stratified_engine_v5,2,combined_extreme,0.20,0.00000,0.00000,0.00000,0.00000,0.47913
failure_stratified_engine_v5,2,hard_regime,0.30,0.15556,0.04444,0.06667,0.22222,0.48454
failure_stratified_engine_v5,2,combined_extreme,0.30,0.05556,0.00000,0.01852,0.07407,0.47913
failure_stratified_engine_v5,3,hard_regime,0.05,0.00000,0.00000,0.00000,0.00000,0.57331
failure_stratified_engine_v5,3,combined_extreme,0.05,0.00000,0.00000,0.00000,0.00000,0.60956
failure_stratified_engine_v5,3,hard_regime,0.10,0.06667,0.02222,0.03333,0.10000,0.57331
failure_stratified_engine_v5,3,combined_extreme,0.10,0.00000,0.00000,0.00000,0.00000,0.60956
failure_stratified_engine_v5,3,hard_regime,0.15,0.12222,0.02222,0.06667,0.18889,0.57331
failure_stratified_engine_v5,3,combined_extreme,0.15,0.00000,0.00000,0.00000,0.00000,0.60956
failure_stratified_engine_v5,3,hard_regime,0.20,0.13333,0.02222,0.06667,0.20000,0.57331
failure_stratified_engine_v5,3,combined_extreme,0.20,0.00000,0.00000,0.00000,0.00000,0.60956
failure_stratified_engine_v5,3,hard_regime,0.30,0.14445,0.02222,0.06667,0.21111,0.57331
failure_stratified_engine_v5,3,combined_extreme,0.30,0.01852,0.00000,0.00000,0.01852,0.60956
failure_stratified_engine_v5,4,hard_regime,0.05,0.00000,0.00000,0.00000,0.00000,0.57462
failure_stratified_engine_v5,4,combined_extreme,0.05,0.00000,0.00000,0.00000,0.00000,0.60009
failure_stratified_engine_v5,4,hard_regime,0.10,0.01111,0.00000,0.01111,0.02222,0.57462
failure_stratified_engine_v5,4,combined_extreme,0.10,0.00000,0.00000,0.00000,0.00000,0.60009
failure_stratified_engine_v5,4,hard_regime,0.15,0.08889,0.00000,0.01111,0.10000,0.57462
failure_stratified_engine_v5,4,combined_extreme,0.15,0.00000,0.00000,0.00000,0.00000,0.60009
failure_stratified_engine_v5,4,hard_regime,0.20,0.14445,0.01111,0.02222,0.16667,0.57462
failure_stratified_engine_v5,4,combined_extreme,0.20,0.01852,0.00000,0.00000,0.01852,0.60009
failure_stratified_engine_v5,4,hard_regime,0.30,0.22222,0.02222,0.03333,0.25556,0.57462
failure_stratified_engine_v5,4,combined_extreme,0.30,0.07407,0.01852,0.01852,0.09259,0.60009
failure_stratified_engine_v5,5,hard_regime,0.05,0.00000,0.01111,0.02222,0.02222,0.57615
failure_stratified_engine_v5,5,combined_extreme,0.05,0.00000,0.00000,0.00000,0.00000,0.60276
failure_stratified_engine_v5,5,hard_regime,0.10,0.02222,0.04444,0.05556,0.07778,0.57615
failure_stratified_engine_v5,5,combined_extreme,0.10,0.00000,0.00000,0.00000,0.00000,0.60276
failure_stratified_engine_v5,5,hard_regime,0.15,0.08889,0.06667,0.07778,0.16667,0.57615
failure_stratified_engine_v5,5,combined_extreme,0.15,0.00000,0.00000,0.00000,0.00000,0.60276
failure_stratified_engine_v5,5,hard_regime,0.20,0.10000,0.06667,0.07778,0.17778,0.57615
failure_stratified_engine_v5,5,combined_extreme,0.20,0.00000,0.00000,0.00000,0.00000,0.60276
failure_stratified_engine_v5,5,hard_regime,0.30,0.13333,0.06667,0.07778,0.21111,0.57615
failure_stratified_engine_v5,5,combined_extreme,0.30,0.01852,0.00000,0.00000,0.01852,0.60276
failure_stratified_engine_v5,6,hard_regime,0.05,0.00000,0.00000,0.00000,0.00000,0.56563
failure_stratified_engine_v5,6,combined_extreme,0.05,0.00000,0.00000,0.00000,0.00000,0.59833
failure_stratified_engine_v5,6,hard_regime,0.10,0.01111,0.01111,0.01111,0.02222,0.56563
failure_stratified_engine_v5,6,combined_extreme,0.10,0.00000,0.00000,0.00000,0.00000,0.59833
failure_stratified_engine_v5,6,hard_regime,0.15,0.05556,0.02222,0.02222,0.07778,0.56563
failure_stratified_engine_v5,6,combined_extreme,0.15,0.00000,0.00000,0.00000,0.00000,0.59833
failure_stratified_engine_v5,6,hard_regime,0.20,0.07778,0.03333,0.03333,0.11111,0.56563
failure_stratified_engine_v5,6,combined_extreme,0.20,0.00000,0.00000,0.00000,0.00000,0.59833
failure_stratified_engine_v5,6,hard_regime,0.30,0.18889,0.03333,0.04445,0.23333,0.56563
failure_stratified_engine_v5,6,combined_extreme,0.30,0.07408,0.00000,0.01852,0.09259,0.59833
failure_stratified_engine_v5,7,hard_regime,0.05,0.00000,0.00000,0.00000,0.00000,0.55787
failure_stratified_engine_v5,7,combined_extreme,0.05,0.00000,0.00000,0.00000,0.00000,0.55104
failure_stratified_engine_v5,7,hard_regime,0.10,0.00000,0.00000,0.00000,0.00000,0.55787
failure_stratified_engine_v5,7,combined_extreme,0.10,0.00000,0.00000,0.00000,0.00000,0.55104
failure_stratified_engine_v5,7,hard_regime,0.15,0.03333,0.00000,0.00000,0.03333,0.55787
failure_stratified_engine_v5,7,combined_extreme,0.15,0.00000,0.00000,0.00000,0.00000,0.55104
failure_stratified_engine_v5,7,hard_regime,0.20,0.05556,0.02222,0.02222,0.07778,0.55787
failure_stratified_engine_v5,7,combined_extreme,0.20,0.00000,0.00000,0.00000,0.00000,0.55104
failure_stratified_engine_v5,7,hard_regime,0.30,0.11111,0.03333,0.05556,0.16667,0.55787
failure_stratified_engine_v5,7,combined_extreme,0.30,0.01852,0.00000,0.00000,0.01852,0.55104
gradient_boosted_failure_active,0,hard_regime,0.05,0.00000,0.00000,0.00000,0.00000,0.64366
gradient_boosted_failure_active,0,combined_extreme,0.05,0.00000,0.00000,0.00000,0.00000,0.67153
gradient_boosted_failure_active,0,hard_regime,0.10,0.00000,0.00000,0.00000,0.00000,0.64366
gradient_boosted_failure_active,0,combined_extreme,0.10,0.00000,0.00000,0.00000,0.00000,0.67153
gradient_boosted_failure_active,0,hard_regime,0.15,0.01111,0.01111,0.01111,0.02222,0.64366
gradient_boosted_failure_active,0,combined_extreme,0.15,0.00000,0.00000,0.00000,0.00000,0.67153
gradient_boosted_failure_active,0,hard_regime,0.20,0.06667,0.02222,0.02222,0.08889,0.64366
gradient_boosted_failure_active,0,combined_extreme,0.20,0.01852,0.00000,0.00000,0.01852,0.67153
gradient_boosted_failure_active,0,hard_regime,0.30,0.11111,0.03333,0.05556,0.16667,0.64366
gradient_boosted_failure_active,0,combined_extreme,0.30,0.01852,0.00000,0.01852,0.03704,0.67153
gradient_boosted_failure_active,1,hard_regime,0.05,0.01111,0.00000,0.00000,0.01111,0.55167
gradient_boosted_failure_active,1,combined_extreme,0.05,0.00000,0.00000,0.00000,0.00000,0.57265
gradient_boosted_failure_active,1,hard_regime,0.10,0.05556,0.02222,0.02222,0.07778,0.55167
gradient_boosted_failure_active,1,combined_extreme,0.10,0.00000,0.00000,0.00000,0.00000,0.57265
gradient_boosted_failure_active,1,hard_regime,0.15,0.11111,0.03333,0.03333,0.14445,0.55167
gradient_boosted_failure_active,1,combined_extreme,0.15,0.03704,0.00000,0.00000,0.03704,0.57265
gradient_boosted_failure_active,1,hard_regime,0.20,0.14445,0.03333,0.03333,0.17778,0.55167
gradient_boosted_failure_active,1,combined_extreme,0.20,0.03704,0.00000,0.00000,0.03704,0.57265
gradient_boosted_failure_active,1,hard_regime,0.30,0.22222,0.04444,0.04444,0.26667,0.55167
gradient_boosted_failure_active,1,combined_extreme,0.30,0.12963,0.00000,0.00000,0.12963,0.57265
gradient_boosted_failure_active,2,hard_regime,0.05,0.00000,0.00000,0.00000,0.00000,0.52930
gradient_boosted_failure_active,2,combined_extreme,0.05,0.00000,0.00000,0.00000,0.00000,0.54179
gradient_boosted_failure_active,2,hard_regime,0.10,0.00000,0.00000,0.00000,0.00000,0.52930
gradient_boosted_failure_active,2,combined_extreme,0.10,0.00000,0.00000,0.00000,0.00000,0.54179
gradient_boosted_failure_active,2,hard_regime,0.15,0.00000,0.02222,0.02222,0.02222,0.52930
gradient_boosted_failure_active,2,combined_extreme,0.15,0.00000,0.00000,0.00000,0.00000,0.54179
gradient_boosted_failure_active,2,hard_regime,0.20,0.06667,0.04444,0.05556,0.12222,0.52930
gradient_boosted_failure_active,2,combined_extreme,0.20,0.00000,0.00000,0.00000,0.00000,0.54179
gradient_boosted_failure_active,2,hard_regime,0.30,0.12222,0.04444,0.06667,0.18889,0.52930
gradient_boosted_failure_active,2,combined_extreme,0.30,0.01852,0.00000,0.01852,0.03704,0.54179
gradient_boosted_failure_active,3,hard_regime,0.05,0.00000,0.00000,0.00000,0.00000,0.60228
gradient_boosted_failure_active,3,combined_extreme,0.05,0.00000,0.00000,0.00000,0.00000,0.65060
gradient_boosted_failure_active,3,hard_regime,0.10,0.05556,0.01111,0.03333,0.08889,0.60228
gradient_boosted_failure_active,3,combined_extreme,0.10,0.00000,0.00000,0.00000,0.00000,0.65060
gradient_boosted_failure_active,3,hard_regime,0.15,0.10000,0.02222,0.05556,0.15556,0.60228
gradient_boosted_failure_active,3,combined_extreme,0.15,0.00000,0.00000,0.00000,0.00000,0.65060
gradient_boosted_failure_active,3,hard_regime,0.20,0.13333,0.02222,0.06667,0.20000,0.60228
gradient_boosted_failure_active,3,combined_extreme,0.20,0.00000,0.00000,0.00000,0.00000,0.65060
gradient_boosted_failure_active,3,hard_regime,0.30,0.15556,0.02222,0.06667,0.22222,0.60228
gradient_boosted_failure_active,3,combined_extreme,0.30,0.03704,0.00000,0.00000,0.03704,0.65060
gradient_boosted_failure_active,4,hard_regime,0.05,0.00000,0.00000,0.00000,0.00000,0.57633
gradient_boosted_failure_active,4,combined_extreme,0.05,0.00000,0.00000,0.00000,0.00000,0.60217
gradient_boosted_failure_active,4,hard_regime,0.10,0.02222,0.00000,0.01111,0.03333,0.57633
gradient_boosted_failure_active,4,combined_extreme,0.10,0.00000,0.00000,0.00000,0.00000,0.60217
gradient_boosted_failure_active,4,hard_regime,0.15,0.08889,0.00000,0.01111,0.10000,0.57633
gradient_boosted_failure_active,4,combined_extreme,0.15,0.00000,0.00000,0.00000,0.00000,0.60217
gradient_boosted_failure_active,4,hard_regime,0.20,0.14444,0.01111,0.02222,0.16667,0.57633
gradient_boosted_failure_active,4,combined_extreme,0.20,0.03704,0.00000,0.00000,0.03704,0.60217
gradient_boosted_failure_active,4,hard_regime,0.30,0.22222,0.02222,0.03333,0.25556,0.57633
gradient_boosted_failure_active,4,combined_extreme,0.30,0.07407,0.01852,0.01852,0.09259,0.60217
gradient_boosted_failure_active,5,hard_regime,0.05,0.00000,0.01111,0.02222,0.02222,0.57918
gradient_boosted_failure_active,5,combined_extreme,0.05,0.00000,0.00000,0.00000,0.00000,0.61413
gradient_boosted_failure_active,5,hard_regime,0.10,0.05556,0.03333,0.05556,0.11111,0.57918
gradient_boosted_failure_active,5,combined_extreme,0.10,0.00000,0.00000,0.00000,0.00000,0.61413
gradient_boosted_failure_active,5,hard_regime,0.15,0.11111,0.04444,0.06667,0.17778,0.57918
gradient_boosted_failure_active,5,combined_extreme,0.15,0.00000,0.00000,0.00000,0.00000,0.61413
gradient_boosted_failure_active,5,hard_regime,0.20,0.12222,0.04444,0.06667,0.18889,0.57918
gradient_boosted_failure_active,5,combined_extreme,0.20,0.00000,0.00000,0.00000,0.00000,0.61413
gradient_boosted_failure_active,5,hard_regime,0.30,0.15556,0.04444,0.07778,0.23333,0.57918
gradient_boosted_failure_active,5,combined_extreme,0.30,0.03704,0.00000,0.01852,0.05556,0.61413
gradient_boosted_failure_active,6,hard_regime,0.05,0.00000,0.00000,0.00000,0.00000,0.60368
gradient_boosted_failure_active,6,combined_extreme,0.05,0.00000,0.00000,0.00000,0.00000,0.64885
gradient_boosted_failure_active,6,hard_regime,0.10,0.01111,0.01111,0.01111,0.02222,0.60368
gradient_boosted_failure_active,6,combined_extreme,0.10,0.00000,0.00000,0.00000,0.00000,0.64885
gradient_boosted_failure_active,6,hard_regime,0.15,0.04444,0.02222,0.02222,0.06667,0.60368
gradient_boosted_failure_active,6,combined_extreme,0.15,0.00000,0.00000,0.00000,0.00000,0.64885
gradient_boosted_failure_active,6,hard_regime,0.20,0.04444,0.02222,0.02222,0.06667,0.60368
gradient_boosted_failure_active,6,combined_extreme,0.20,0.00000,0.00000,0.00000,0.00000,0.64885
gradient_boosted_failure_active,6,hard_regime,0.30,0.11111,0.03333,0.04445,0.15556,0.60368
gradient_boosted_failure_active,6,combined_extreme,0.30,0.01852,0.00000,0.01852,0.03704,0.64885
gradient_boosted_failure_active,7,hard_regime,0.05,0.00000,0.00000,0.00000,0.00000,0.58221
gradient_boosted_failure_active,7,combined_extreme,0.05,0.00000,0.00000,0.00000,0.00000,0.59484
gradient_boosted_failure_active,7,hard_regime,0.10,0.01111,0.00000,0.00000,0.01111,0.58221
gradient_boosted_failure_active,7,combined_extreme,0.10,0.00000,0.00000,0.00000,0.00000,0.59484
gradient_boosted_failure_active,7,hard_regime,0.15,0.03333,0.00000,0.00000,0.03333,0.58221
gradient_boosted_failure_active,7,combined_extreme,0.15,0.00000,0.00000,0.00000,0.00000,0.59484
gradient_boosted_failure_active,7,hard_regime,0.20,0.05556,0.01111,0.01111,0.06667,0.58221
gradient_boosted_failure_active,7,combined_extreme,0.20,0.00000,0.00000,0.00000,0.00000,0.59484
gradient_boosted_failure_active,7,hard_regime,0.30,0.10000,0.03333,0.04444,0.14444,0.58221
gradient_boosted_failure_active,7,combined_extreme,0.30,0.00000,0.00000,0.00000,0.00000,0.59484
greedy_oracle_success_upper,0,hard_regime,0.05,0.00000,0.00000,0.00000,0.00000,0.63321
greedy_oracle_success_upper,0,combined_extreme,0.05,0.00000,0.00000,0.00000,0.00000,0.61939
greedy_oracle_success_upper,0,hard_regime,0.10,0.00000,0.00000,0.00000,0.00000,0.63321
greedy_oracle_success_upper,0,combined_extreme,0.10,0.00000,0.00000,0.00000,0.00000,0.61939
greedy_oracle_success_upper,0,hard_regime,0.15,0.00000,0.00000,0.00000,0.00000,0.63321
greedy_oracle_success_upper,0,combined_extreme,0.15,0.00000,0.00000,0.00000,0.00000,0.61939
greedy_oracle_success_upper,0,hard_regime,0.20,0.00000,0.00000,0.00000,0.00000,0.63321
greedy_oracle_success_upper,0,combined_extreme,0.20,0.00000,0.00000,0.00000,0.00000,0.61939
greedy_oracle_success_upper,0,hard_regime,0.30,0.04445,0.02222,0.03333,0.07778,0.63321
greedy_oracle_success_upper,0,combined_extreme,0.30,0.01852,0.00000,0.01852,0.03704,0.61939
greedy_oracle_success_upper,1,hard_regime,0.05,0.00000,0.00000,0.00000,0.00000,0.59044
greedy_oracle_success_upper,1,combined_extreme,0.05,0.00000,0.00000,0.00000,0.00000,0.61010
greedy_oracle_success_upper,1,hard_regime,0.10,0.01111,0.01111,0.01111,0.02222,0.59044
greedy_oracle_success_upper,1,combined_extreme,0.10,0.00000,0.00000,0.00000,0.00000,0.61010
greedy_oracle_success_upper,1,hard_regime,0.15,0.04444,0.02222,0.02222,0.06667,0.59044
greedy_oracle_success_upper,1,combined_extreme,0.15,0.00000,0.00000,0.00000,0.00000,0.61010
greedy_oracle_success_upper,1,hard_regime,0.20,0.10000,0.02222,0.02222,0.12222,0.59044
greedy_oracle_success_upper,1,combined_extreme,0.20,0.03704,0.00000,0.00000,0.03704,0.61010
greedy_oracle_success_upper,1,hard_regime,0.30,0.15556,0.03333,0.03333,0.18889,0.59044
greedy_oracle_success_upper,1,combined_extreme,0.30,0.05556,0.00000,0.00000,0.05556,0.61010
greedy_oracle_success_upper,2,hard_regime,0.05,0.00000,0.00000,0.00000,0.00000,0.55395
greedy_oracle_success_upper,2,combined_extreme,0.05,0.00000,0.00000,0.00000,0.00000,0.51885
greedy_oracle_success_upper,2,hard_regime,0.10,0.00000,0.00000,0.00000,0.00000,0.55395
greedy_oracle_success_upper,2,combined_extreme,0.10,0.00000,0.00000,0.00000,0.00000,0.51885
greedy_oracle_success_upper,2,hard_regime,0.15,0.00000,0.00000,0.00000,0.00000,0.55395
greedy_oracle_success_upper,2,combined_extreme,0.15,0.00000,0.00000,0.00000,0.00000,0.51885
greedy_oracle_success_upper,2,hard_regime,0.20,0.00000,0.00000,0.00000,0.00000,0.55395
greedy_oracle_success_upper,2,combined_extreme,0.20,0.00000,0.00000,0.00000,0.00000,0.51885
greedy_oracle_success_upper,2,hard_regime,0.30,0.05556,0.01111,0.03333,0.08889,0.55395
greedy_oracle_success_upper,2,combined_extreme,0.30,0.07408,0.00000,0.03704,0.11111,0.51885
greedy_oracle_success_upper,3,hard_regime,0.05,0.00000,0.00000,0.00000,0.00000,0.64026
greedy_oracle_success_upper,3,combined_extreme,0.05,0.00000,0.00000,0.00000,0.00000,0.65084
greedy_oracle_success_upper,3,hard_regime,0.10,0.00000,0.00000,0.00000,0.00000,0.64026
greedy_oracle_success_upper,3,combined_extreme,0.10,0.00000,0.00000,0.00000,0.00000,0.65084
greedy_oracle_success_upper,3,hard_regime,0.15,0.00000,0.00000,0.00000,0.00000,0.64026
greedy_oracle_success_upper,3,combined_extreme,0.15,0.00000,0.00000,0.00000,0.00000,0.65084
greedy_oracle_success_upper,3,hard_regime,0.20,0.02222,0.00000,0.00000,0.02222,0.64026
greedy_oracle_success_upper,3,combined_extreme,0.20,0.00000,0.00000,0.00000,0.00000,0.65084
greedy_oracle_success_upper,3,hard_regime,0.30,0.05556,0.02222,0.04444,0.10000,0.64026
greedy_oracle_success_upper,3,combined_extreme,0.30,0.00000,0.00000,0.00000,0.00000,0.65084
greedy_oracle_success_upper,4,hard_regime,0.05,0.00000,0.00000,0.00000,0.00000,0.59694
greedy_oracle_success_upper,4,combined_extreme,0.05,0.00000,0.00000,0.00000,0.00000,0.58593
greedy_oracle_success_upper,4,hard_regime,0.10,0.00000,0.00000,0.00000,0.00000,0.59694
greedy_oracle_success_upper,4,combined_extreme,0.10,0.00000,0.00000,0.00000,0.00000,0.58593
greedy_oracle_success_upper,4,hard_regime,0.15,0.00000,0.00000,0.00000,0.00000,0.59694
greedy_oracle_success_upper,4,combined_extreme,0.15,0.00000,0.00000,0.00000,0.00000,0.58593
greedy_oracle_success_upper,4,hard_regime,0.20,0.01111,0.00000,0.01111,0.02222,0.59694
greedy_oracle_success_upper,4,combined_extreme,0.20,0.00000,0.00000,0.00000,0.00000,0.58593
greedy_oracle_success_upper,4,hard_regime,0.30,0.07778,0.00000,0.01111,0.08889,0.59694
greedy_oracle_success_upper,4,combined_extreme,0.30,0.05556,0.00000,0.00000,0.05556,0.58593
greedy_oracle_success_upper,5,hard_regime,0.05,0.00000,0.00000,0.00000,0.00000,0.60575
greedy_oracle_success_upper,5,combined_extreme,0.05,0.00000,0.00000,0.00000,0.00000,0.60794
greedy_oracle_success_upper,5,hard_regime,0.10,0.00000,0.00000,0.00000,0.00000,0.60575
greedy_oracle_success_upper,5,combined_extreme,0.10,0.00000,0.00000,0.00000,0.00000,0.60794
greedy_oracle_success_upper,5,hard_regime,0.15,0.00000,0.01111,0.01111,0.01111,0.60575
greedy_oracle_success_upper,5,combined_extreme,0.15,0.00000,0.00000,0.00000,0.00000,0.60794
greedy_oracle_success_upper,5,hard_regime,0.20,0.01111,0.02222,0.03333,0.04444,0.60575
greedy_oracle_success_upper,5,combined_extreme,0.20,0.00000,0.00000,0.00000,0.00000,0.60794
greedy_oracle_success_upper,5,hard_regime,0.30,0.05556,0.04444,0.06667,0.12222,0.60575
greedy_oracle_success_upper,5,combined_extreme,0.30,0.01852,0.00000,0.00000,0.01852,0.60794
greedy_oracle_success_upper,6,hard_regime,0.05,0.00000,0.00000,0.00000,0.00000,0.63218
greedy_oracle_success_upper,6,combined_extreme,0.05,0.00000,0.00000,0.00000,0.00000,0.64060
greedy_oracle_success_upper,6,hard_regime,0.10,0.00000,0.00000,0.00000,0.00000,0.63218
greedy_oracle_success_upper,6,combined_extreme,0.10,0.00000,0.00000,0.00000,0.00000,0.64060
greedy_oracle_success_upper,6,hard_regime,0.15,0.00000,0.00000,0.00000,0.00000,0.63218
greedy_oracle_success_upper,6,combined_extreme,0.15,0.00000,0.00000,0.00000,0.00000,0.64060
greedy_oracle_success_upper,6,hard_regime,0.20,0.00000,0.00000,0.00000,0.00000,0.63218
greedy_oracle_success_upper,6,combined_extreme,0.20,0.00000,0.00000,0.00000,0.00000,0.64060
greedy_oracle_success_upper,6,hard_regime,0.30,0.04445,0.01111,0.02222,0.06667,0.63218
greedy_oracle_success_upper,6,combined_extreme,0.30,0.03704,0.00000,0.01852,0.05556,0.64060
greedy_oracle_success_upper,7,hard_regime,0.05,0.00000,0.00000,0.00000,0.00000,0.57671
greedy_oracle_success_upper,7,combined_extreme,0.05,0.00000,0.00000,0.00000,0.00000,0.54192
greedy_oracle_success_upper,7,hard_regime,0.10,0.00000,0.00000,0.00000,0.00000,0.57671
greedy_oracle_success_upper,7,combined_extreme,0.10,0.00000,0.00000,0.00000,0.00000,0.54192
greedy_oracle_success_upper,7,hard_regime,0.15,0.01111,0.00000,0.00000,0.01111,0.57671
greedy_oracle_success_upper,7,combined_extreme,0.15,0.00000,0.00000,0.00000,0.00000,0.54192
greedy_oracle_success_upper,7,hard_regime,0.20,0.01111,0.00000,0.00000,0.01111,0.57671
greedy_oracle_success_upper,7,combined_extreme,0.20,0.00000,0.00000,0.00000,0.00000,0.54192
greedy_oracle_success_upper,7,hard_regime,0.30,0.07778,0.01111,0.04445,0.12222,0.57671
greedy_oracle_success_upper,7,combined_extreme,0.30,0.03704,0.00000,0.05556,0.09259,0.54192
hybrid_diversity_risk,0,hard_regime,0.05,0.00000,0.00000,0.00000,0.00000,0.57536
hybrid_diversity_risk,0,combined_extreme,0.05,0.00000,0.00000,0.00000,0.00000,0.57805
hybrid_diversity_risk,0,hard_regime,0.10,0.00000,0.00000,0.00000,0.00000,0.57536
hybrid_diversity_risk,0,combined_extreme,0.10,0.00000,0.00000,0.00000,0.00000,0.57805
hybrid_diversity_risk,0,hard_regime,0.15,0.01111,0.02222,0.02222,0.03333,0.57536
hybrid_diversity_risk,0,combined_extreme,0.15,0.00000,0.00000,0.00000,0.00000,0.57805
hybrid_diversity_risk,0,hard_regime,0.20,0.06667,0.03333,0.04444,0.11111,0.57536
hybrid_diversity_risk,0,combined_extreme,0.20,0.00000,0.00000,0.00000,0.00000,0.57805
hybrid_diversity_risk,0,hard_regime,0.30,0.14445,0.03333,0.06667,0.21111,0.57536
hybrid_diversity_risk,0,combined_extreme,0.30,0.03704,0.00000,0.01852,0.05556,0.57805
hybrid_diversity_risk,1,hard_regime,0.05,0.00000,0.00000,0.00000,0.00000,0.48644
hybrid_diversity_risk,1,combined_extreme,0.05,0.00000,0.00000,0.00000,0.00000,0.48949
hybrid_diversity_risk,1,hard_regime,0.10,0.05556,0.02222,0.02222,0.07778,0.48644
hybrid_diversity_risk,1,combined_extreme,0.10,0.00000,0.00000,0.00000,0.00000,0.48949
hybrid_diversity_risk,1,hard_regime,0.15,0.13333,0.02222,0.02222,0.15556,0.48644
hybrid_diversity_risk,1,combined_extreme,0.15,0.00000,0.00000,0.00000,0.00000,0.48949
hybrid_diversity_risk,1,hard_regime,0.20,0.16667,0.03333,0.03333,0.20000,0.48644
hybrid_diversity_risk,1,combined_extreme,0.20,0.03704,0.00000,0.00000,0.03704,0.48949
hybrid_diversity_risk,1,hard_regime,0.30,0.21111,0.04444,0.05556,0.26667,0.48644
hybrid_diversity_risk,1,combined_extreme,0.30,0.11111,0.00000,0.01852,0.12963,0.48949
hybrid_diversity_risk,2,hard_regime,0.05,0.00000,0.00000,0.00000,0.00000,0.46431
hybrid_diversity_risk,2,combined_extreme,0.05,0.00000,0.00000,0.00000,0.00000,0.43710
hybrid_diversity_risk,2,hard_regime,0.10,0.00000,0.00000,0.00000,0.00000,0.46431
hybrid_diversity_risk,2,combined_extreme,0.10,0.00000,0.00000,0.00000,0.00000,0.43710
hybrid_diversity_risk,2,hard_regime,0.15,0.02222,0.00000,0.00000,0.02222,0.46431
hybrid_diversity_risk,2,combined_extreme,0.15,0.00000,0.00000,0.00000,0.00000,0.43710
hybrid_diversity_risk,2,hard_regime,0.20,0.07778,0.03333,0.04444,0.12222,0.46431
hybrid_diversity_risk,2,combined_extreme,0.20,0.00000,0.00000,0.00000,0.00000,0.43710
hybrid_diversity_risk,2,hard_regime,0.30,0.16667,0.04444,0.12222,0.28889,0.46431
hybrid_diversity_risk,2,combined_extreme,0.30,0.09259,0.00000,0.11111,0.20370,0.43710
hybrid_diversity_risk,3,hard_regime,0.05,0.00000,0.00000,0.00000,0.00000,0.55016
hybrid_diversity_risk,3,combined_extreme,0.05,0.00000,0.00000,0.00000,0.00000,0.56720
hybrid_diversity_risk,3,hard_regime,0.10,0.05556,0.01111,0.03333,0.08889,0.55016
hybrid_diversity_risk,3,combined_extreme,0.10,0.00000,0.00000,0.00000,0.00000,0.56720
hybrid_diversity_risk,3,hard_regime,0.15,0.12222,0.02222,0.06667,0.18889,0.55016
hybrid_diversity_risk,3,combined_extreme,0.15,0.00000,0.00000,0.00000,0.00000,0.56720
hybrid_diversity_risk,3,hard_regime,0.20,0.14445,0.02222,0.06667,0.21111,0.55016
hybrid_diversity_risk,3,combined_extreme,0.20,0.01852,0.00000,0.00000,0.01852,0.56720
hybrid_diversity_risk,3,hard_regime,0.30,0.14445,0.02222,0.06667,0.21111,0.55016
hybrid_diversity_risk,3,combined_extreme,0.30,0.01852,0.00000,0.00000,0.01852,0.56720
hybrid_diversity_risk,4,hard_regime,0.05,0.00000,0.00000,0.00000,0.00000,0.52389
hybrid_diversity_risk,4,combined_extreme,0.05,0.00000,0.00000,0.00000,0.00000,0.53086
hybrid_diversity_risk,4,hard_regime,0.10,0.05556,0.00000,0.01111,0.06667,0.52389
hybrid_diversity_risk,4,combined_extreme,0.10,0.00000,0.00000,0.00000,0.00000,0.53086
hybrid_diversity_risk,4,hard_regime,0.15,0.12222,0.01111,0.02222,0.14445,0.52389
hybrid_diversity_risk,4,combined_extreme,0.15,0.01852,0.00000,0.00000,0.01852,0.53086
hybrid_diversity_risk,4,hard_regime,0.20,0.20000,0.01111,0.02222,0.22222,0.52389
hybrid_diversity_risk,4,combined_extreme,0.20,0.05556,0.00000,0.00000,0.05556,0.53086
hybrid_diversity_risk,4,hard_regime,0.30,0.23333,0.02222,0.04445,0.27778,0.52389
hybrid_diversity_risk,4,combined_extreme,0.30,0.09259,0.01852,0.03704,0.12963,0.53086
hybrid_diversity_risk,5,hard_regime,0.05,0.00000,0.00000,0.01111,0.01111,0.56407
hybrid_diversity_risk,5,combined_extreme,0.05,0.00000,0.00000,0.00000,0.00000,0.58289
hybrid_diversity_risk,5,hard_regime,0.10,0.02222,0.03333,0.04444,0.06667,0.56407
hybrid_diversity_risk,5,combined_extreme,0.10,0.00000,0.00000,0.00000,0.00000,0.58289
hybrid_diversity_risk,5,hard_regime,0.15,0.10000,0.04444,0.06667,0.16667,0.56407
hybrid_diversity_risk,5,combined_extreme,0.15,0.00000,0.00000,0.00000,0.00000,0.58289
hybrid_diversity_risk,5,hard_regime,0.20,0.12222,0.04444,0.06667,0.18889,0.56407
hybrid_diversity_risk,5,combined_extreme,0.20,0.01852,0.00000,0.00000,0.01852,0.58289
hybrid_diversity_risk,5,hard_regime,0.30,0.15556,0.04444,0.07778,0.23333,0.56407
hybrid_diversity_risk,5,combined_extreme,0.30,0.03704,0.00000,0.01852,0.05556,0.58289
hybrid_diversity_risk,6,hard_regime,0.05,0.00000,0.00000,0.00000,0.00000,0.53145
hybrid_diversity_risk,6,combined_extreme,0.05,0.00000,0.00000,0.00000,0.00000,0.56105
hybrid_diversity_risk,6,hard_regime,0.10,0.03333,0.01111,0.01111,0.04444,0.53145
hybrid_diversity_risk,6,combined_extreme,0.10,0.00000,0.00000,0.00000,0.00000,0.56105
hybrid_diversity_risk,6,hard_regime,0.15,0.04444,0.01111,0.01111,0.05556,0.53145
hybrid_diversity_risk,6,combined_extreme,0.15,0.00000,0.00000,0.00000,0.00000,0.56105
hybrid_diversity_risk,6,hard_regime,0.20,0.08889,0.02222,0.03333,0.12222,0.53145
hybrid_diversity_risk,6,combined_extreme,0.20,0.00000,0.00000,0.01852,0.01852,0.56105
hybrid_diversity_risk,6,hard_regime,0.30,0.14445,0.03333,0.06667,0.21111,0.53145
hybrid_diversity_risk,6,combined_extreme,0.30,0.01852,0.00000,0.03704,0.05556,0.56105
hybrid_diversity_risk,7,hard_regime,0.05,0.00000,0.00000,0.00000,0.00000,0.52035
hybrid_diversity_risk,7,combined_extreme,0.05,0.00000,0.00000,0.00000,0.00000,0.51637
hybrid_diversity_risk,7,hard_regime,0.10,0.03333,0.00000,0.00000,0.03333,0.52035
hybrid_diversity_risk,7,combined_extreme,0.10,0.00000,0.00000,0.00000,0.00000,0.51637
hybrid_diversity_risk,7,hard_regime,0.15,0.05556,0.02222,0.02222,0.07778,0.52035
hybrid_diversity_risk,7,combined_extreme,0.15,0.00000,0.00000,0.00000,0.00000,0.51637
hybrid_diversity_risk,7,hard_regime,0.20,0.08889,0.02222,0.03333,0.12222,0.52035
hybrid_diversity_risk,7,combined_extreme,0.20,0.00000,0.00000,0.00000,0.00000,0.51637
hybrid_diversity_risk,7,hard_regime,0.30,0.13333,0.03333,0.07778,0.21111,0.52035
hybrid_diversity_risk,7,combined_extreme,0.30,0.01852,0.00000,0.01852,0.03704,0.51637
oracle_failure_strata,0,hard_regime,0.05,0.00000,0.00000,0.00000,0.00000,0.63142
oracle_failure_strata,0,combined_extreme,0.05,0.00000,0.00000,0.00000,0.00000,0.61701
oracle_failure_strata,0,hard_regime,0.10,0.00000,0.00000,0.00000,0.00000,0.63142
oracle_failure_strata,0,combined_extreme,0.10,0.00000,0.00000,0.00000,0.00000,0.61701
oracle_failure_strata,0,hard_regime,0.15,0.00000,0.00000,0.00000,0.00000,0.63142
oracle_failure_strata,0,combined_extreme,0.15,0.00000,0.00000,0.00000,0.00000,0.61701
oracle_failure_strata,0,hard_regime,0.20,0.00000,0.00000,0.00000,0.00000,0.63142
oracle_failure_strata,0,combined_extreme,0.20,0.00000,0.00000,0.00000,0.00000,0.61701
oracle_failure_strata,0,hard_regime,0.30,0.04445,0.02222,0.03333,0.07778,0.63142
oracle_failure_strata,0,combined_extreme,0.30,0.01852,0.00000,0.01852,0.03704,0.61701
oracle_failure_strata,1,hard_regime,0.05,0.00000,0.00000,0.00000,0.00000,0.56248
oracle_failure_strata,1,combined_extreme,0.05,0.00000,0.00000,0.00000,0.00000,0.57397
oracle_failure_strata,1,hard_regime,0.10,0.02222,0.01111,0.01111,0.03333,0.56248
oracle_failure_strata,1,combined_extreme,0.10,0.00000,0.00000,0.00000,0.00000,0.57397
oracle_failure_strata,1,hard_regime,0.15,0.05556,0.02222,0.02222,0.07778,0.56248
oracle_failure_strata,1,combined_extreme,0.15,0.01852,0.00000,0.00000,0.01852,0.57397
oracle_failure_strata,1,hard_regime,0.20,0.10000,0.02222,0.02222,0.12222,0.56248
oracle_failure_strata,1,combined_extreme,0.20,0.03704,0.00000,0.00000,0.03704,0.57397
oracle_failure_strata,1,hard_regime,0.30,0.16667,0.03333,0.03333,0.20000,0.56248
oracle_failure_strata,1,combined_extreme,0.30,0.07408,0.00000,0.00000,0.07408,0.57397
oracle_failure_strata,2,hard_regime,0.05,0.00000,0.00000,0.00000,0.00000,0.53801
oracle_failure_strata,2,combined_extreme,0.05,0.00000,0.00000,0.00000,0.00000,0.49940
oracle_failure_strata,2,hard_regime,0.10,0.00000,0.00000,0.00000,0.00000,0.53801
oracle_failure_strata,2,combined_extreme,0.10,0.00000,0.00000,0.00000,0.00000,0.49940
oracle_failure_strata,2,hard_regime,0.15,0.00000,0.00000,0.00000,0.00000,0.53801
oracle_failure_strata,2,combined_extreme,0.15,0.00000,0.00000,0.00000,0.00000,0.49940
oracle_failure_strata,2,hard_regime,0.20,0.00000,0.00000,0.00000,0.00000,0.53801
oracle_failure_strata,2,combined_extreme,0.20,0.00000,0.00000,0.00000,0.00000,0.49940
oracle_failure_strata,2,hard_regime,0.30,0.06667,0.03333,0.06667,0.13333,0.53801
oracle_failure_strata,2,combined_extreme,0.30,0.09259,0.00000,0.05556,0.14815,0.49940
oracle_failure_strata,3,hard_regime,0.05,0.00000,0.00000,0.00000,0.00000,0.63475
oracle_failure_strata,3,combined_extreme,0.05,0.00000,0.00000,0.00000,0.00000,0.64504
oracle_failure_strata,3,hard_regime,0.10,0.00000,0.00000,0.00000,0.00000,0.63475
oracle_failure_strata,3,combined_extreme,0.10,0.00000,0.00000,0.00000,0.00000,0.64504
oracle_failure_strata,3,hard_regime,0.15,0.00000,0.00000,0.00000,0.00000,0.63475
oracle_failure_strata,3,combined_extreme,0.15,0.00000,0.00000,0.00000,0.00000,0.64504
oracle_failure_strata,3,hard_regime,0.20,0.02222,0.00000,0.00000,0.02222,0.63475
oracle_failure_strata,3,combined_extreme,0.20,0.00000,0.00000,0.00000,0.00000,0.64504
oracle_failure_strata,3,hard_regime,0.30,0.06667,0.02222,0.04444,0.11111,0.63475
oracle_failure_strata,3,combined_extreme,0.30,0.01852,0.00000,0.00000,0.01852,0.64504
oracle_failure_strata,4,hard_regime,0.05,0.00000,0.00000,0.00000,0.00000,0.57650
oracle_failure_strata,4,combined_extreme,0.05,0.00000,0.00000,0.00000,0.00000,0.55350
oracle_failure_strata,4,hard_regime,0.10,0.00000,0.00000,0.00000,0.00000,0.57650
oracle_failure_strata,4,combined_extreme,0.10,0.00000,0.00000,0.00000,0.00000,0.55350
oracle_failure_strata,4,hard_regime,0.15,0.00000,0.00000,0.00000,0.00000,0.57650
oracle_failure_strata,4,combined_extreme,0.15,0.00000,0.00000,0.00000,0.00000,0.55350
oracle_failure_strata,4,hard_regime,0.20,0.03333,0.00000,0.01111,0.04444,0.57650
oracle_failure_strata,4,combined_extreme,0.20,0.03704,0.00000,0.00000,0.03704,0.55350
oracle_failure_strata,4,hard_regime,0.30,0.10000,0.00000,0.02222,0.12222,0.57650
oracle_failure_strata,4,combined_extreme,0.30,0.05556,0.00000,0.01852,0.07408,0.55350
oracle_failure_strata,5,hard_regime,0.05,0.00000,0.00000,0.00000,0.00000,0.59485
oracle_failure_strata,5,combined_extreme,0.05,0.00000,0.00000,0.00000,0.00000,0.59860
oracle_failure_strata,5,hard_regime,0.10,0.00000,0.00000,0.00000,0.00000,0.59485
oracle_failure_strata,5,combined_extreme,0.10,0.00000,0.00000,0.00000,0.00000,0.59860
oracle_failure_strata,5,hard_regime,0.15,0.00000,0.01111,0.02222,0.02222,0.59485
oracle_failure_strata,5,combined_extreme,0.15,0.00000,0.00000,0.00000,0.00000,0.59860
oracle_failure_strata,5,hard_regime,0.20,0.02222,0.02222,0.03333,0.05556,0.59485
oracle_failure_strata,5,combined_extreme,0.20,0.01852,0.00000,0.00000,0.01852,0.59860
oracle_failure_strata,5,hard_regime,0.30,0.05556,0.04444,0.06667,0.12222,0.59485
oracle_failure_strata,5,combined_extreme,0.30,0.01852,0.00000,0.00000,0.01852,0.59860
oracle_failure_strata,6,hard_regime,0.05,0.00000,0.00000,0.00000,0.00000,0.61715
oracle_failure_strata,6,combined_extreme,0.05,0.00000,0.00000,0.00000,0.00000,0.62953
oracle_failure_strata,6,hard_regime,0.10,0.00000,0.00000,0.00000,0.00000,0.61715
oracle_failure_strata,6,combined_extreme,0.10,0.00000,0.00000,0.00000,0.00000,0.62953
oracle_failure_strata,6,hard_regime,0.15,0.00000,0.00000,0.00000,0.00000,0.61715
oracle_failure_strata,6,combined_extreme,0.15,0.00000,0.00000,0.00000,0.00000,0.62953
oracle_failure_strata,6,hard_regime,0.20,0.01111,0.01111,0.01111,0.02222,0.61715
oracle_failure_strata,6,combined_extreme,0.20,0.00000,0.00000,0.00000,0.00000,0.62953
oracle_failure_strata,6,hard_regime,0.30,0.07778,0.01111,0.02222,0.10000,0.61715
oracle_failure_strata,6,combined_extreme,0.30,0.03704,0.00000,0.01852,0.05556,0.62953
oracle_failure_strata,7,hard_regime,0.05,0.00000,0.00000,0.00000,0.00000,0.56703
oracle_failure_strata,7,combined_extreme,0.05,0.00000,0.00000,0.00000,0.00000,0.53197
oracle_failure_strata,7,hard_regime,0.10,0.00000,0.00000,0.00000,0.00000,0.56703
oracle_failure_strata,7,combined_extreme,0.10,0.00000,0.00000,0.00000,0.00000,0.53197
oracle_failure_strata,7,hard_regime,0.15,0.01111,0.00000,0.00000,0.01111,0.56703
oracle_failure_strata,7,combined_extreme,0.15,0.00000,0.00000,0.00000,0.00000,0.53197
oracle_failure_strata,7,hard_regime,0.20,0.01111,0.00000,0.00000,0.01111,0.56703
oracle_failure_strata,7,combined_extreme,0.20,0.00000,0.00000,0.00000,0.00000,0.53197
oracle_failure_strata,7,hard_regime,0.30,0.07778,0.01111,0.04445,0.12222,0.56703
oracle_failure_strata,7,combined_extreme,0.30,0.03704,0.00000,0.05556,0.09259,0.53197
random_forest_failure_active,0,hard_regime,0.05,0.00000,0.00000,0.00000,0.00000,0.62259
random_forest_failure_active,0,combined_extreme,0.05,0.00000,0.00000,0.00000,0.00000,0.64576
random_forest_failure_active,0,hard_regime,0.10,0.01111,0.01111,0.01111,0.02222,0.62259
random_forest_failure_active,0,combined_extreme,0.10,0.00000,0.00000,0.00000,0.00000,0.64576
random_forest_failure_active,0,hard_regime,0.15,0.05556,0.02222,0.02222,0.07778,0.62259
random_forest_failure_active,0,combined_extreme,0.15,0.01852,0.00000,0.00000,0.01852,0.64576
random_forest_failure_active,0,hard_regime,0.20,0.10000,0.03333,0.04444,0.14445,0.62259
random_forest_failure_active,0,combined_extreme,0.20,0.01852,0.00000,0.00000,0.01852,0.64576
random_forest_failure_active,0,hard_regime,0.30,0.13334,0.03333,0.05556,0.18889,0.62259
random_forest_failure_active,0,combined_extreme,0.30,0.03704,0.00000,0.01852,0.05556,0.64576
random_forest_failure_active,1,hard_regime,0.05,0.02222,0.01111,0.01111,0.03333,0.54044
random_forest_failure_active,1,combined_extreme,0.05,0.00000,0.00000,0.00000,0.00000,0.54897
random_forest_failure_active,1,hard_regime,0.10,0.06667,0.02222,0.02222,0.08889,0.54044
random_forest_failure_active,1,combined_extreme,0.10,0.01852,0.00000,0.00000,0.01852,0.54897
random_forest_failure_active,1,hard_regime,0.15,0.12222,0.03333,0.03333,0.15556,0.54044
random_forest_failure_active,1,combined_extreme,0.15,0.03704,0.00000,0.00000,0.03704,0.54897
random_forest_failure_active,1,hard_regime,0.20,0.16667,0.03333,0.03333,0.20000,0.54044
random_forest_failure_active,1,combined_extreme,0.20,0.05556,0.00000,0.00000,0.05556,0.54897
random_forest_failure_active,1,hard_regime,0.30,0.21111,0.04444,0.05556,0.26667,0.54044
random_forest_failure_active,1,combined_extreme,0.30,0.11111,0.00000,0.01852,0.12963,0.54897
random_forest_failure_active,2,hard_regime,0.05,0.00000,0.00000,0.00000,0.00000,0.53805
random_forest_failure_active,2,combined_extreme,0.05,0.00000,0.00000,0.00000,0.00000,0.53183
random_forest_failure_active,2,hard_regime,0.10,0.00000,0.00000,0.00000,0.00000,0.53805
random_forest_failure_active,2,combined_extreme,0.10,0.00000,0.00000,0.00000,0.00000,0.53183
random_forest_failure_active,2,hard_regime,0.15,0.01111,0.04444,0.04444,0.05556,0.53805
random_forest_failure_active,2,combined_extreme,0.15,0.00000,0.00000,0.00000,0.00000,0.53183
random_forest_failure_active,2,hard_regime,0.20,0.07778,0.04444,0.05556,0.13333,0.53805
random_forest_failure_active,2,combined_extreme,0.20,0.01852,0.00000,0.00000,0.01852,0.53183
random_forest_failure_active,2,hard_regime,0.30,0.17778,0.04444,0.07778,0.25555,0.53805
random_forest_failure_active,2,combined_extreme,0.30,0.11111,0.00000,0.03704,0.14815,0.53183
random_forest_failure_active,3,hard_regime,0.05,0.03333,0.01111,0.01111,0.04444,0.56694
random_forest_failure_active,3,combined_extreme,0.05,0.00000,0.00000,0.00000,0.00000,0.59684
random_forest_failure_active,3,hard_regime,0.10,0.08889,0.02222,0.05556,0.14444,0.56694
random_forest_failure_active,3,combined_extreme,0.10,0.00000,0.00000,0.00000,0.00000,0.59684
random_forest_failure_active,3,hard_regime,0.15,0.14445,0.02222,0.06667,0.21111,0.56694
random_forest_failure_active,3,combined_extreme,0.15,0.01852,0.00000,0.00000,0.01852,0.59684
random_forest_failure_active,3,hard_regime,0.20,0.15556,0.02222,0.06667,0.22222,0.56694
random_forest_failure_active,3,combined_extreme,0.20,0.03704,0.00000,0.00000,0.03704,0.59684
random_forest_failure_active,3,hard_regime,0.30,0.15556,0.02222,0.06667,0.22222,0.56694
random_forest_failure_active,3,combined_extreme,0.30,0.03704,0.00000,0.00000,0.03704,0.59684
random_forest_failure_active,4,hard_regime,0.05,0.02222,0.00000,0.01111,0.03333,0.54798
random_forest_failure_active,4,combined_extreme,0.05,0.00000,0.00000,0.00000,0.00000,0.56103
random_forest_failure_active,4,hard_regime,0.10,0.06667,0.00000,0.01111,0.07778,0.54798
random_forest_failure_active,4,combined_extreme,0.10,0.00000,0.00000,0.00000,0.00000,0.56103
random_forest_failure_active,4,hard_regime,0.15,0.13333,0.01111,0.02222,0.15556,0.54798
random_forest_failure_active,4,combined_extreme,0.15,0.00000,0.00000,0.00000,0.00000,0.56103
random_forest_failure_active,4,hard_regime,0.20,0.18889,0.01111,0.02222,0.21111,0.54798
random_forest_failure_active,4,combined_extreme,0.20,0.03704,0.00000,0.00000,0.03704,0.56103
random_forest_failure_active,4,hard_regime,0.30,0.24444,0.03334,0.05556,0.30000,0.54798
random_forest_failure_active,4,combined_extreme,0.30,0.11111,0.03704,0.05556,0.16667,0.56103
random_forest_failure_active,5,hard_regime,0.05,0.00000,0.01111,0.02222,0.02222,0.56974
random_forest_failure_active,5,combined_extreme,0.05,0.00000,0.00000,0.00000,0.00000,0.59537
random_forest_failure_active,5,hard_regime,0.10,0.05556,0.04444,0.06667,0.12222,0.56974
random_forest_failure_active,5,combined_extreme,0.10,0.00000,0.00000,0.00000,0.00000,0.59537
random_forest_failure_active,5,hard_regime,0.15,0.12222,0.04444,0.06667,0.18889,0.56974
random_forest_failure_active,5,combined_extreme,0.15,0.01852,0.00000,0.00000,0.01852,0.59537
random_forest_failure_active,5,hard_regime,0.20,0.13333,0.04444,0.06667,0.20000,0.56974
random_forest_failure_active,5,combined_extreme,0.20,0.01852,0.00000,0.00000,0.01852,0.59537
random_forest_failure_active,5,hard_regime,0.30,0.20000,0.04444,0.07778,0.27778,0.56974
random_forest_failure_active,5,combined_extreme,0.30,0.11111,0.00000,0.01852,0.12963,0.59537
random_forest_failure_active,6,hard_regime,0.05,0.00000,0.00000,0.00000,0.00000,0.56871
random_forest_failure_active,6,combined_extreme,0.05,0.00000,0.00000,0.00000,0.00000,0.59034
random_forest_failure_active,6,hard_regime,0.10,0.03333,0.01111,0.01111,0.04444,0.56871
random_forest_failure_active,6,combined_extreme,0.10,0.00000,0.00000,0.00000,0.00000,0.59034
random_forest_failure_active,6,hard_regime,0.15,0.04444,0.02222,0.02222,0.06667,0.56871
random_forest_failure_active,6,combined_extreme,0.15,0.00000,0.00000,0.00000,0.00000,0.59034
random_forest_failure_active,6,hard_regime,0.20,0.07778,0.03333,0.04445,0.12222,0.56871
random_forest_failure_active,6,combined_extreme,0.20,0.00000,0.00000,0.01852,0.01852,0.59034
random_forest_failure_active,6,hard_regime,0.30,0.18889,0.03333,0.06667,0.25555,0.56871
random_forest_failure_active,6,combined_extreme,0.30,0.09259,0.00000,0.05556,0.14815,0.59034
random_forest_failure_active,7,hard_regime,0.05,0.00000,0.00000,0.00000,0.00000,0.56420
random_forest_failure_active,7,combined_extreme,0.05,0.00000,0.00000,0.00000,0.00000,0.55749
random_forest_failure_active,7,hard_regime,0.10,0.01111,0.00000,0.00000,0.01111,0.56420
random_forest_failure_active,7,combined_extreme,0.10,0.00000,0.00000,0.00000,0.00000,0.55749
random_forest_failure_active,7,hard_regime,0.15,0.05556,0.01111,0.01111,0.06667,0.56420
random_forest_failure_active,7,combined_extreme,0.15,0.00000,0.00000,0.00000,0.00000,0.55749
random_forest_failure_active,7,hard_regime,0.20,0.07778,0.03333,0.03333,0.11111,0.56420
random_forest_failure_active,7,combined_extreme,0.20,0.00000,0.00000,0.00000,0.00000,0.55749
random_forest_failure_active,7,hard_regime,0.30,0.14444,0.03333,0.07778,0.22222,0.56420
random_forest_failure_active,7,combined_extreme,0.30,0.03704,0.00000,0.03704,0.07408,0.55749
random_sampling,0,hard_regime,0.05,0.00000,0.00000,0.00000,0.00000,0.62109
random_sampling,0,combined_extreme,0.05,0.00000,0.00000,0.00000,0.00000,0.62875
random_sampling,0,hard_regime,0.10,0.00000,0.00000,0.00000,0.00000,0.62109
random_sampling,0,combined_extreme,0.10,0.00000,0.00000,0.00000,0.00000,0.62875
random_sampling,0,hard_regime,0.15,0.01111,0.01111,0.01111,0.02222,0.62109
random_sampling,0,combined_extreme,0.15,0.00000,0.00000,0.00000,0.00000,0.62875
random_sampling,0,hard_regime,0.20,0.01111,0.02222,0.02222,0.03333,0.62109
random_sampling,0,combined_extreme,0.20,0.00000,0.00000,0.00000,0.00000,0.62875
random_sampling,0,hard_regime,0.30,0.10000,0.03333,0.05556,0.15556,0.62109
random_sampling,0,combined_extreme,0.30,0.01852,0.00000,0.01852,0.03704,0.62875
random_sampling,1,hard_regime,0.05,0.00000,0.00000,0.00000,0.00000,0.54373
random_sampling,1,combined_extreme,0.05,0.00000,0.00000,0.00000,0.00000,0.55769
random_sampling,1,hard_regime,0.10,0.04444,0.02222,0.02222,0.06667,0.54373
random_sampling,1,combined_extreme,0.10,0.00000,0.00000,0.00000,0.00000,0.55769
random_sampling,1,hard_regime,0.15,0.11111,0.02222,0.02222,0.13334,0.54373
random_sampling,1,combined_extreme,0.15,0.03704,0.00000,0.00000,0.03704,0.55769
random_sampling,1,hard_regime,0.20,0.15556,0.03333,0.03333,0.18889,0.54373
random_sampling,1,combined_extreme,0.20,0.03704,0.00000,0.00000,0.03704,0.55769
random_sampling,1,hard_regime,0.30,0.21111,0.04444,0.04444,0.25556,0.54373
random_sampling,1,combined_extreme,0.30,0.11111,0.00000,0.00000,0.11111,0.55769
random_sampling,2,hard_regime,0.05,0.00000,0.00000,0.00000,0.00000,0.51890
random_sampling,2,combined_extreme,0.05,0.00000,0.00000,0.00000,0.00000,0.50168
random_sampling,2,hard_regime,0.10,0.00000,0.00000,0.00000,0.00000,0.51890
random_sampling,2,combined_extreme,0.10,0.00000,0.00000,0.00000,0.00000,0.50168
random_sampling,2,hard_regime,0.15,0.00000,0.00000,0.00000,0.00000,0.51890
random_sampling,2,combined_extreme,0.15,0.00000,0.00000,0.00000,0.00000,0.50168
random_sampling,2,hard_regime,0.20,0.07778,0.04444,0.05556,0.13333,0.51890
random_sampling,2,combined_extreme,0.20,0.01852,0.00000,0.00000,0.01852,0.50168
random_sampling,2,hard_regime,0.30,0.16667,0.04444,0.06667,0.23333,0.51890
random_sampling,2,combined_extreme,0.30,0.09259,0.00000,0.01852,0.11111,0.50168
random_sampling,3,hard_regime,0.05,0.00000,0.00000,0.00000,0.00000,0.57184
random_sampling,3,combined_extreme,0.05,0.00000,0.00000,0.00000,0.00000,0.59253
random_sampling,3,hard_regime,0.10,0.04444,0.01111,0.03333,0.07778,0.57184
random_sampling,3,combined_extreme,0.10,0.00000,0.00000,0.00000,0.00000,0.59253
random_sampling,3,hard_regime,0.15,0.05556,0.02222,0.05556,0.11111,0.57184
random_sampling,3,combined_extreme,0.15,0.00000,0.00000,0.00000,0.00000,0.59253
random_sampling,3,hard_regime,0.20,0.12222,0.02222,0.06667,0.18889,0.57184
random_sampling,3,combined_extreme,0.20,0.01852,0.00000,0.00000,0.01852,0.59253
random_sampling,3,hard_regime,0.30,0.15556,0.02222,0.06667,0.22222,0.57184
random_sampling,3,combined_extreme,0.30,0.03704,0.00000,0.00000,0.03704,0.59253
random_sampling,4,hard_regime,0.05,0.00000,0.00000,0.00000,0.00000,0.54052
random_sampling,4,combined_extreme,0.05,0.00000,0.00000,0.00000,0.00000,0.53697
random_sampling,4,hard_regime,0.10,0.01111,0.00000,0.01111,0.02222,0.54052
random_sampling,4,combined_extreme,0.10,0.00000,0.00000,0.00000,0.00000,0.53697
random_sampling,4,hard_regime,0.15,0.10000,0.00000,0.01111,0.11111,0.54052
random_sampling,4,combined_extreme,0.15,0.03704,0.00000,0.00000,0.03704,0.53697
random_sampling,4,hard_regime,0.20,0.15556,0.01111,0.02222,0.17778,0.54052
random_sampling,4,combined_extreme,0.20,0.03704,0.00000,0.00000,0.03704,0.53697
random_sampling,4,hard_regime,0.30,0.21111,0.02222,0.04445,0.25556,0.54052
random_sampling,4,combined_extreme,0.30,0.07407,0.01852,0.03704,0.11111,0.53697
random_sampling,5,hard_regime,0.05,0.00000,0.02222,0.03333,0.03333,0.54584
random_sampling,5,combined_extreme,0.05,0.00000,0.00000,0.00000,0.00000,0.56421
random_sampling,5,hard_regime,0.10,0.05556,0.03333,0.05556,0.11111,0.54584
random_sampling,5,combined_extreme,0.10,0.00000,0.00000,0.00000,0.00000,0.56421
random_sampling,5,hard_regime,0.15,0.11111,0.04444,0.06667,0.17778,0.54584
random_sampling,5,combined_extreme,0.15,0.01852,0.00000,0.00000,0.01852,0.56421
random_sampling,5,hard_regime,0.20,0.13333,0.04444,0.06667,0.20000,0.54584
random_sampling,5,combined_extreme,0.20,0.01852,0.00000,0.00000,0.01852,0.56421
random_sampling,5,hard_regime,0.30,0.17778,0.04444,0.07778,0.25556,0.54584
random_sampling,5,combined_extreme,0.30,0.07408,0.00000,0.01852,0.09259,0.56421
random_sampling,6,hard_regime,0.05,0.00000,0.00000,0.00000,0.00000,0.58626
random_sampling,6,combined_extreme,0.05,0.00000,0.00000,0.00000,0.00000,0.61531
random_sampling,6,hard_regime,0.10,0.01111,0.01111,0.01111,0.02222,0.58626
random_sampling,6,combined_extreme,0.10,0.00000,0.00000,0.00000,0.00000,0.61531
random_sampling,6,hard_regime,0.15,0.05556,0.01111,0.01111,0.06667,0.58626
random_sampling,6,combined_extreme,0.15,0.00000,0.00000,0.00000,0.00000,0.61531
random_sampling,6,hard_regime,0.20,0.05556,0.02222,0.02222,0.07778,0.58626
random_sampling,6,combined_extreme,0.20,0.00000,0.00000,0.00000,0.00000,0.61531
random_sampling,6,hard_regime,0.30,0.14445,0.03333,0.04445,0.18889,0.58626
random_sampling,6,combined_extreme,0.30,0.05556,0.00000,0.01852,0.07408,0.61531
random_sampling,7,hard_regime,0.05,0.00000,0.00000,0.00000,0.00000,0.55599
random_sampling,7,combined_extreme,0.05,0.00000,0.00000,0.00000,0.00000,0.55487
random_sampling,7,hard_regime,0.10,0.01111,0.00000,0.00000,0.01111,0.55599
random_sampling,7,combined_extreme,0.10,0.00000,0.00000,0.00000,0.00000,0.55487
random_sampling,7,hard_regime,0.15,0.03333,0.01111,0.01111,0.04444,0.55599
random_sampling,7,combined_extreme,0.15,0.00000,0.00000,0.00000,0.00000,0.55487
random_sampling,7,hard_regime,0.20,0.06667,0.02222,0.02222,0.08889,0.55599
random_sampling,7,combined_extreme,0.20,0.00000,0.00000,0.00000,0.00000,0.55487
random_sampling,7,hard_regime,0.30,0.12222,0.03333,0.06667,0.18889,0.55599
random_sampling,7,combined_extreme,0.30,0.01852,0.00000,0.01852,0.03704,0.55487
state_diversity_coreset,0,hard_regime,0.05,0.00000,0.00000,0.00000,0.00000,0.59008
state_diversity_coreset,0,combined_extreme,0.05,0.00000,0.00000,0.00000,0.00000,0.58505
state_diversity_coreset,0,hard_regime,0.10,0.00000,0.00000,0.00000,0.00000,0.59008
state_diversity_coreset,0,combined_extreme,0.10,0.00000,0.00000,0.00000,0.00000,0.58505
state_diversity_coreset,0,hard_regime,0.15,0.00000,0.00000,0.00000,0.00000,0.59008
state_diversity_coreset,0,combined_extreme,0.15,0.00000,0.00000,0.00000,0.00000,0.58505
state_diversity_coreset,0,hard_regime,0.20,0.02222,0.02222,0.02222,0.04444,0.59008
state_diversity_coreset,0,combined_extreme,0.20,0.00000,0.00000,0.00000,0.00000,0.58505
state_diversity_coreset,0,hard_regime,0.30,0.08889,0.03333,0.05556,0.14445,0.59008
state_diversity_coreset,0,combined_extreme,0.30,0.01852,0.00000,0.01852,0.03704,0.58505
state_diversity_coreset,1,hard_regime,0.05,0.00000,0.00000,0.00000,0.00000,0.56833
state_diversity_coreset,1,combined_extreme,0.05,0.00000,0.00000,0.00000,0.00000,0.57484
state_diversity_coreset,1,hard_regime,0.10,0.01111,0.01111,0.01111,0.02222,0.56833
state_diversity_coreset,1,combined_extreme,0.10,0.00000,0.00000,0.00000,0.00000,0.57484
state_diversity_coreset,1,hard_regime,0.15,0.04444,0.02222,0.02222,0.06667,0.56833
state_diversity_coreset,1,combined_extreme,0.15,0.00000,0.00000,0.00000,0.00000,0.57484
state_diversity_coreset,1,hard_regime,0.20,0.10000,0.02222,0.02222,0.12222,0.56833
state_diversity_coreset,1,combined_extreme,0.20,0.03704,0.00000,0.00000,0.03704,0.57484
state_diversity_coreset,1,hard_regime,0.30,0.16667,0.03333,0.03333,0.20000,0.56833
state_diversity_coreset,1,combined_extreme,0.30,0.09259,0.00000,0.00000,0.09259,0.57484
state_diversity_coreset,2,hard_regime,0.05,0.00000,0.00000,0.00000,0.00000,0.51119
state_diversity_coreset,2,combined_extreme,0.05,0.00000,0.00000,0.00000,0.00000,0.47999
state_diversity_coreset,2,hard_regime,0.10,0.00000,0.00000,0.00000,0.00000,0.51119
state_diversity_coreset,2,combined_extreme,0.10,0.00000,0.00000,0.00000,0.00000,0.47999
state_diversity_coreset,2,hard_regime,0.15,0.00000,0.00000,0.00000,0.00000,0.51119
state_diversity_coreset,2,combined_extreme,0.15,0.00000,0.00000,0.00000,0.00000,0.47999
state_diversity_coreset,2,hard_regime,0.20,0.01111,0.00000,0.00000,0.01111,0.51119
state_diversity_coreset,2,combined_extreme,0.20,0.01852,0.00000,0.00000,0.01852,0.47999
state_diversity_coreset,2,hard_regime,0.30,0.14444,0.04444,0.06667,0.21111,0.51119
state_diversity_coreset,2,combined_extreme,0.30,0.09259,0.00000,0.01852,0.11111,0.47999
state_diversity_coreset,3,hard_regime,0.05,0.00000,0.00000,0.00000,0.00000,0.59114
state_diversity_coreset,3,combined_extreme,0.05,0.00000,0.00000,0.00000,0.00000,0.61043
state_diversity_coreset,3,hard_regime,0.10,0.00000,0.00000,0.00000,0.00000,0.59114
state_diversity_coreset,3,combined_extreme,0.10,0.00000,0.00000,0.00000,0.00000,0.61043
state_diversity_coreset,3,hard_regime,0.15,0.04444,0.00000,0.01111,0.05556,0.59114
state_diversity_coreset,3,combined_extreme,0.15,0.00000,0.00000,0.00000,0.00000,0.61043
state_diversity_coreset,3,hard_regime,0.20,0.05556,0.02222,0.04444,0.10000,0.59114
state_diversity_coreset,3,combined_extreme,0.20,0.00000,0.00000,0.00000,0.00000,0.61043
state_diversity_coreset,3,hard_regime,0.30,0.13333,0.02222,0.06667,0.20000,0.59114
state_diversity_coreset,3,combined_extreme,0.30,0.01852,0.00000,0.00000,0.01852,0.61043
state_diversity_coreset,4,hard_regime,0.05,0.00000,0.00000,0.00000,0.00000,0.56373
state_diversity_coreset,4,combined_extreme,0.05,0.00000,0.00000,0.00000,0.00000,0.56487
state_diversity_coreset,4,hard_regime,0.10,0.00000,0.00000,0.00000,0.00000,0.56373
state_diversity_coreset,4,combined_extreme,0.10,0.00000,0.00000,0.00000,0.00000,0.56487
state_diversity_coreset,4,hard_regime,0.15,0.01111,0.00000,0.02222,0.03333,0.56373
state_diversity_coreset,4,combined_extreme,0.15,0.00000,0.00000,0.00000,0.00000,0.56487
state_diversity_coreset,4,hard_regime,0.20,0.06667,0.00000,0.02222,0.08889,0.56373
state_diversity_coreset,4,combined_extreme,0.20,0.03704,0.00000,0.00000,0.03704,0.56487
state_diversity_coreset,4,hard_regime,0.30,0.16667,0.01111,0.03333,0.20000,0.56373
state_diversity_coreset,4,combined_extreme,0.30,0.07407,0.00000,0.00000,0.07407,0.56487
state_diversity_coreset,5,hard_regime,0.05,0.00000,0.00000,0.00000,0.00000,0.57272
state_diversity_coreset,5,combined_extreme,0.05,0.00000,0.00000,0.00000,0.00000,0.58412
state_diversity_coreset,5,hard_regime,0.10,0.00000,0.01111,0.02222,0.02222,0.57272
state_diversity_coreset,5,combined_extreme,0.10,0.00000,0.00000,0.00000,0.00000,0.58412
state_diversity_coreset,5,hard_regime,0.15,0.00000,0.02222,0.03333,0.03333,0.57272
state_diversity_coreset,5,combined_extreme,0.15,0.00000,0.00000,0.00000,0.00000,0.58412
state_diversity_coreset,5,hard_regime,0.20,0.04444,0.03333,0.05556,0.10000,0.57272
state_diversity_coreset,5,combined_extreme,0.20,0.00000,0.00000,0.00000,0.00000,0.58412
state_diversity_coreset,5,hard_regime,0.30,0.12222,0.04444,0.06667,0.18889,0.57272
state_diversity_coreset,5,combined_extreme,0.30,0.01852,0.00000,0.00000,0.01852,0.58412
state_diversity_coreset,6,hard_regime,0.05,0.00000,0.00000,0.00000,0.00000,0.60275
state_diversity_coreset,6,combined_extreme,0.05,0.00000,0.00000,0.00000,0.00000,0.62233
state_diversity_coreset,6,hard_regime,0.10,0.00000,0.00000,0.00000,0.00000,0.60275
state_diversity_coreset,6,combined_extreme,0.10,0.00000,0.00000,0.00000,0.00000,0.62233
state_diversity_coreset,6,hard_regime,0.15,0.01111,0.01111,0.01111,0.02222,0.60275
state_diversity_coreset,6,combined_extreme,0.15,0.00000,0.00000,0.00000,0.00000,0.62233
state_diversity_coreset,6,hard_regime,0.20,0.05556,0.01111,0.01111,0.06667,0.60275
state_diversity_coreset,6,combined_extreme,0.20,0.00000,0.00000,0.00000,0.00000,0.62233
state_diversity_coreset,6,hard_regime,0.30,0.10000,0.03333,0.04445,0.14445,0.60275
state_diversity_coreset,6,combined_extreme,0.30,0.03704,0.00000,0.01852,0.05556,0.62233
state_diversity_coreset,7,hard_regime,0.05,0.00000,0.00000,0.00000,0.00000,0.55706
state_diversity_coreset,7,combined_extreme,0.05,0.00000,0.00000,0.00000,0.00000,0.54791
state_diversity_coreset,7,hard_regime,0.10,0.00000,0.00000,0.00000,0.00000,0.55706
state_diversity_coreset,7,combined_extreme,0.10,0.00000,0.00000,0.00000,0.00000,0.54791
state_diversity_coreset,7,hard_regime,0.15,0.01111,0.00000,0.00000,0.01111,0.55706
state_diversity_coreset,7,combined_extreme,0.15,0.00000,0.00000,0.00000,0.00000,0.54791
state_diversity_coreset,7,hard_regime,0.20,0.04444,0.01111,0.01111,0.05556,0.55706
state_diversity_coreset,7,combined_extreme,0.20,0.00000,0.00000,0.00000,0.00000,0.54791
state_diversity_coreset,7,hard_regime,0.30,0.08889,0.03333,0.05556,0.14445,0.55706
state_diversity_coreset,7,combined_extreme,0.30,0.01852,0.00000,0.00000,0.01852,0.54791
tail_risk_active_learning,0,hard_regime,0.05,0.00000,0.00000,0.00000,0.00000,0.55455
tail_risk_active_learning,0,combined_extreme,0.05,0.00000,0.00000,0.00000,0.00000,0.54842
tail_risk_active_learning,0,hard_regime,0.10,0.01111,0.01111,0.01111,0.02222,0.55455
tail_risk_active_learning,0,combined_extreme,0.10,0.00000,0.00000,0.00000,0.00000,0.54842
tail_risk_active_learning,0,hard_regime,0.15,0.04444,0.03333,0.03333,0.07778,0.55455
tail_risk_active_learning,0,combined_extreme,0.15,0.00000,0.00000,0.00000,0.00000,0.54842
tail_risk_active_learning,0,hard_regime,0.20,0.10000,0.03333,0.04444,0.14445,0.55455
tail_risk_active_learning,0,combined_extreme,0.20,0.01852,0.00000,0.00000,0.01852,0.54842
tail_risk_active_learning,0,hard_regime,0.30,0.14445,0.03333,0.06667,0.21111,0.55455
tail_risk_active_learning,0,combined_extreme,0.30,0.03704,0.00000,0.03704,0.07408,0.54842
tail_risk_active_learning,1,hard_regime,0.05,0.00000,0.00000,0.00000,0.00000,0.50115
tail_risk_active_learning,1,combined_extreme,0.05,0.00000,0.00000,0.00000,0.00000,0.50822
tail_risk_active_learning,1,hard_regime,0.10,0.05556,0.02222,0.02222,0.07778,0.50115
tail_risk_active_learning,1,combined_extreme,0.10,0.00000,0.00000,0.00000,0.00000,0.50822
tail_risk_active_learning,1,hard_regime,0.15,0.12222,0.02222,0.02222,0.14444,0.50115
tail_risk_active_learning,1,combined_extreme,0.15,0.00000,0.00000,0.00000,0.00000,0.50822
tail_risk_active_learning,1,hard_regime,0.20,0.16667,0.03333,0.03333,0.20000,0.50115
tail_risk_active_learning,1,combined_extreme,0.20,0.03704,0.00000,0.00000,0.03704,0.50822
tail_risk_active_learning,1,hard_regime,0.30,0.21111,0.04444,0.05556,0.26667,0.50115
tail_risk_active_learning,1,combined_extreme,0.30,0.11111,0.00000,0.01852,0.12963,0.50822
tail_risk_active_learning,2,hard_regime,0.05,0.00000,0.00000,0.00000,0.00000,0.47290
tail_risk_active_learning,2,combined_extreme,0.05,0.00000,0.00000,0.00000,0.00000,0.44511
tail_risk_active_learning,2,hard_regime,0.10,0.00000,0.00000,0.00000,0.00000,0.47290
tail_risk_active_learning,2,combined_extreme,0.10,0.00000,0.00000,0.00000,0.00000,0.44511
tail_risk_active_learning,2,hard_regime,0.15,0.01111,0.01111,0.02222,0.03333,0.47290
tail_risk_active_learning,2,combined_extreme,0.15,0.00000,0.00000,0.00000,0.00000,0.44511
tail_risk_active_learning,2,hard_regime,0.20,0.08889,0.04444,0.05556,0.14444,0.47290
tail_risk_active_learning,2,combined_extreme,0.20,0.00000,0.00000,0.00000,0.00000,0.44511
tail_risk_active_learning,2,hard_regime,0.30,0.15556,0.04444,0.12222,0.27778,0.47290
tail_risk_active_learning,2,combined_extreme,0.30,0.07407,0.00000,0.11111,0.18519,0.44511
tail_risk_active_learning,3,hard_regime,0.05,0.02222,0.00000,0.00000,0.02222,0.54025
tail_risk_active_learning,3,combined_extreme,0.05,0.00000,0.00000,0.00000,0.00000,0.55589
tail_risk_active_learning,3,hard_regime,0.10,0.07778,0.02222,0.05556,0.13333,0.54025
tail_risk_active_learning,3,combined_extreme,0.10,0.00000,0.00000,0.00000,0.00000,0.55589
tail_risk_active_learning,3,hard_regime,0.15,0.13333,0.02222,0.06667,0.20000,0.54025
tail_risk_active_learning,3,combined_extreme,0.15,0.00000,0.00000,0.00000,0.00000,0.55589
tail_risk_active_learning,3,hard_regime,0.20,0.13333,0.02222,0.06667,0.20000,0.54025
tail_risk_active_learning,3,combined_extreme,0.20,0.00000,0.00000,0.00000,0.00000,0.55589
tail_risk_active_learning,3,hard_regime,0.30,0.15556,0.02222,0.06667,0.22222,0.54025
tail_risk_active_learning,3,combined_extreme,0.30,0.03704,0.00000,0.00000,0.03704,0.55589
tail_risk_active_learning,4,hard_regime,0.05,0.00000,0.00000,0.00000,0.00000,0.47181
tail_risk_active_learning,4,combined_extreme,0.05,0.00000,0.00000,0.00000,0.00000,0.45094
tail_risk_active_learning,4,hard_regime,0.10,0.06667,0.00000,0.01111,0.07778,0.47181
tail_risk_active_learning,4,combined_extreme,0.10,0.00000,0.00000,0.00000,0.00000,0.45094
tail_risk_active_learning,4,hard_regime,0.15,0.13333,0.01111,0.02222,0.15556,0.47181
tail_risk_active_learning,4,combined_extreme,0.15,0.00000,0.00000,0.00000,0.00000,0.45094
tail_risk_active_learning,4,hard_regime,0.20,0.18889,0.01111,0.02222,0.21111,0.47181
tail_risk_active_learning,4,combined_extreme,0.20,0.03704,0.00000,0.00000,0.03704,0.45094
tail_risk_active_learning,4,hard_regime,0.30,0.24444,0.02222,0.05556,0.30000,0.47181
tail_risk_active_learning,4,combined_extreme,0.30,0.11111,0.01852,0.05556,0.16667,0.45094
tail_risk_active_learning,5,hard_regime,0.05,0.00000,0.01111,0.02222,0.02222,0.53904
tail_risk_active_learning,5,combined_extreme,0.05,0.00000,0.00000,0.00000,0.00000,0.54910
tail_risk_active_learning,5,hard_regime,0.10,0.05556,0.03333,0.05556,0.11111,0.53904
tail_risk_active_learning,5,combined_extreme,0.10,0.00000,0.00000,0.00000,0.00000,0.54910
tail_risk_active_learning,5,hard_regime,0.15,0.12222,0.04444,0.06667,0.18889,0.53904
tail_risk_active_learning,5,combined_extreme,0.15,0.01852,0.00000,0.00000,0.01852,0.54910
tail_risk_active_learning,5,hard_regime,0.20,0.13333,0.04444,0.06667,0.20000,0.53904
tail_risk_active_learning,5,combined_extreme,0.20,0.01852,0.00000,0.00000,0.01852,0.54910
tail_risk_active_learning,5,hard_regime,0.30,0.18889,0.04444,0.07778,0.26667,0.53904
tail_risk_active_learning,5,combined_extreme,0.30,0.09259,0.00000,0.01852,0.11111,0.54910
tail_risk_active_learning,6,hard_regime,0.05,0.00000,0.00000,0.00000,0.00000,0.51772
tail_risk_active_learning,6,combined_extreme,0.05,0.00000,0.00000,0.00000,0.00000,0.54035
tail_risk_active_learning,6,hard_regime,0.10,0.03333,0.01111,0.01111,0.04444,0.51772
tail_risk_active_learning,6,combined_extreme,0.10,0.00000,0.00000,0.00000,0.00000,0.54035
tail_risk_active_learning,6,hard_regime,0.15,0.06667,0.01111,0.01111,0.07778,0.51772
tail_risk_active_learning,6,combined_extreme,0.15,0.00000,0.00000,0.00000,0.00000,0.54035
tail_risk_active_learning,6,hard_regime,0.20,0.08889,0.02222,0.03333,0.12222,0.51772
tail_risk_active_learning,6,combined_extreme,0.20,0.00000,0.00000,0.01852,0.01852,0.54035
tail_risk_active_learning,6,hard_regime,0.30,0.15556,0.03333,0.05556,0.21111,0.51772
tail_risk_active_learning,6,combined_extreme,0.30,0.03704,0.00000,0.01852,0.05556,0.54035
tail_risk_active_learning,7,hard_regime,0.05,0.00000,0.00000,0.00000,0.00000,0.50716
tail_risk_active_learning,7,combined_extreme,0.05,0.00000,0.00000,0.00000,0.00000,0.49097
tail_risk_active_learning,7,hard_regime,0.10,0.03333,0.00000,0.00000,0.03333,0.50716
tail_risk_active_learning,7,combined_extreme,0.10,0.00000,0.00000,0.00000,0.00000,0.49097
tail_risk_active_learning,7,hard_regime,0.15,0.05556,0.01111,0.01111,0.06667,0.50716
tail_risk_active_learning,7,combined_extreme,0.15,0.00000,0.00000,0.00000,0.00000,0.49097
tail_risk_active_learning,7,hard_regime,0.20,0.10000,0.03333,0.05556,0.15556,0.50716
tail_risk_active_learning,7,combined_extreme,0.20,0.01852,0.00000,0.00000,0.01852,0.49097
tail_risk_active_learning,7,hard_regime,0.30,0.14445,0.03333,0.10000,0.24444,0.50716
tail_risk_active_learning,7,combined_extreme,0.30,0.03704,0.00000,0.07408,0.11111,0.49097
task_label_stratification,0,hard_regime,0.05,0.00000,0.00000,0.00000,0.00000,0.60805
task_label_stratification,0,combined_extreme,0.05,0.00000,0.00000,0.00000,0.00000,0.62336
task_label_stratification,0,hard_regime,0.10,0.01111,0.01111,0.01111,0.02222,0.60805
task_label_stratification,0,combined_extreme,0.10,0.00000,0.00000,0.00000,0.00000,0.62336
task_label_stratification,0,hard_regime,0.15,0.02222,0.02222,0.02222,0.04444,0.60805
task_label_stratification,0,combined_extreme,0.15,0.00000,0.00000,0.00000,0.00000,0.62336
task_label_stratification,0,hard_regime,0.20,0.07778,0.03333,0.04444,0.12222,0.60805
task_label_stratification,0,combined_extreme,0.20,0.01852,0.00000,0.00000,0.01852,0.62336
task_label_stratification,0,hard_regime,0.30,0.13333,0.03333,0.05556,0.18889,0.60805
task_label_stratification,0,combined_extreme,0.30,0.01852,0.00000,0.01852,0.03704,0.62336
task_label_stratification,1,hard_regime,0.05,0.00000,0.00000,0.00000,0.00000,0.53701
task_label_stratification,1,combined_extreme,0.05,0.00000,0.00000,0.00000,0.00000,0.54842
task_label_stratification,1,hard_regime,0.10,0.04444,0.02222,0.02222,0.06667,0.53701
task_label_stratification,1,combined_extreme,0.10,0.00000,0.00000,0.00000,0.00000,0.54842
task_label_stratification,1,hard_regime,0.15,0.11111,0.02222,0.02222,0.13334,0.53701
task_label_stratification,1,combined_extreme,0.15,0.03704,0.00000,0.00000,0.03704,0.54842
task_label_stratification,1,hard_regime,0.20,0.14445,0.03333,0.03333,0.17778,0.53701
task_label_stratification,1,combined_extreme,0.20,0.03704,0.00000,0.00000,0.03704,0.54842
task_label_stratification,1,hard_regime,0.30,0.21111,0.04444,0.05556,0.26667,0.53701
task_label_stratification,1,combined_extreme,0.30,0.11111,0.00000,0.01852,0.12963,0.54842
task_label_stratification,2,hard_regime,0.05,0.00000,0.00000,0.00000,0.00000,0.50006
task_label_stratification,2,combined_extreme,0.05,0.00000,0.00000,0.00000,0.00000,0.47634
task_label_stratification,2,hard_regime,0.10,0.00000,0.00000,0.00000,0.00000,0.50006
task_label_stratification,2,combined_extreme,0.10,0.00000,0.00000,0.00000,0.00000,0.47634
task_label_stratification,2,hard_regime,0.15,0.00000,0.03333,0.04444,0.04444,0.50006
task_label_stratification,2,combined_extreme,0.15,0.00000,0.00000,0.00000,0.00000,0.47634
task_label_stratification,2,hard_regime,0.20,0.08889,0.04444,0.05556,0.14445,0.50006
task_label_stratification,2,combined_extreme,0.20,0.01852,0.00000,0.00000,0.01852,0.47634
task_label_stratification,2,hard_regime,0.30,0.18889,0.04444,0.10000,0.28889,0.50006
task_label_stratification,2,combined_extreme,0.30,0.12963,0.00000,0.07407,0.20370,0.47634
task_label_stratification,3,hard_regime,0.05,0.00000,0.00000,0.00000,0.00000,0.57441
task_label_stratification,3,combined_extreme,0.05,0.00000,0.00000,0.00000,0.00000,0.59670
task_label_stratification,3,hard_regime,0.10,0.04444,0.02222,0.04444,0.08889,0.57441
task_label_stratification,3,combined_extreme,0.10,0.00000,0.00000,0.00000,0.00000,0.59670
task_label_stratification,3,hard_regime,0.15,0.06667,0.02222,0.05556,0.12222,0.57441
task_label_stratification,3,combined_extreme,0.15,0.00000,0.00000,0.00000,0.00000,0.59670
task_label_stratification,3,hard_regime,0.20,0.13333,0.02222,0.06667,0.20000,0.57441
task_label_stratification,3,combined_extreme,0.20,0.01852,0.00000,0.00000,0.01852,0.59670
task_label_stratification,3,hard_regime,0.30,0.15556,0.02222,0.06667,0.22222,0.57441
task_label_stratification,3,combined_extreme,0.30,0.03704,0.00000,0.00000,0.03704,0.59670
task_label_stratification,4,hard_regime,0.05,0.00000,0.00000,0.00000,0.00000,0.54664
task_label_stratification,4,combined_extreme,0.05,0.00000,0.00000,0.00000,0.00000,0.54773
task_label_stratification,4,hard_regime,0.10,0.02222,0.00000,0.01111,0.03333,0.54664
task_label_stratification,4,combined_extreme,0.10,0.00000,0.00000,0.00000,0.00000,0.54773
task_label_stratification,4,hard_regime,0.15,0.06667,0.00000,0.01111,0.07778,0.54664
task_label_stratification,4,combined_extreme,0.15,0.00000,0.00000,0.00000,0.00000,0.54773
task_label_stratification,4,hard_regime,0.20,0.14444,0.01111,0.02222,0.16667,0.54664
task_label_stratification,4,combined_extreme,0.20,0.03704,0.00000,0.00000,0.03704,0.54773
task_label_stratification,4,hard_regime,0.30,0.21111,0.02222,0.04445,0.25556,0.54664
task_label_stratification,4,combined_extreme,0.30,0.07407,0.01852,0.03704,0.11111,0.54773
task_label_stratification,5,hard_regime,0.05,0.00000,0.00000,0.00000,0.00000,0.58445
task_label_stratification,5,combined_extreme,0.05,0.00000,0.00000,0.00000,0.00000,0.60789
task_label_stratification,5,hard_regime,0.10,0.01111,0.00000,0.03333,0.04444,0.58445
task_label_stratification,5,combined_extreme,0.10,0.00000,0.00000,0.00000,0.00000,0.60789
task_label_stratification,5,hard_regime,0.15,0.06667,0.00000,0.04444,0.11111,0.58445
task_label_stratification,5,combined_extreme,0.15,0.00000,0.00000,0.00000,0.00000,0.60789
task_label_stratification,5,hard_regime,0.20,0.12222,0.00000,0.06667,0.18889,0.58445
task_label_stratification,5,combined_extreme,0.20,0.00000,0.00000,0.01852,0.01852,0.60789
task_label_stratification,5,hard_regime,0.30,0.14444,0.00000,0.06667,0.21111,0.58445
task_label_stratification,5,combined_extreme,0.30,0.00000,0.00000,0.01852,0.01852,0.60789
task_label_stratification,6,hard_regime,0.05,0.00000,0.00000,0.00000,0.00000,0.59376
task_label_stratification,6,combined_extreme,0.05,0.00000,0.00000,0.00000,0.00000,0.61858
task_label_stratification,6,hard_regime,0.10,0.00000,0.00000,0.00000,0.00000,0.59376
task_label_stratification,6,combined_extreme,0.10,0.00000,0.00000,0.00000,0.00000,0.61858
task_label_stratification,6,hard_regime,0.15,0.02222,0.01111,0.01111,0.03333,0.59376
task_label_stratification,6,combined_extreme,0.15,0.00000,0.00000,0.00000,0.00000,0.61858
task_label_stratification,6,hard_regime,0.20,0.06667,0.02222,0.02222,0.08889,0.59376
task_label_stratification,6,combined_extreme,0.20,0.00000,0.00000,0.00000,0.00000,0.61858
task_label_stratification,6,hard_regime,0.30,0.14445,0.03333,0.04445,0.18889,0.59376
task_label_stratification,6,combined_extreme,0.30,0.05556,0.00000,0.01852,0.07407,0.61858
task_label_stratification,7,hard_regime,0.05,0.00000,0.00000,0.00000,0.00000,0.55790
task_label_stratification,7,combined_extreme,0.05,0.00000,0.00000,0.00000,0.00000,0.55302
task_label_stratification,7,hard_regime,0.10,0.01111,0.00000,0.00000,0.01111,0.55790
task_label_stratification,7,combined_extreme,0.10,0.00000,0.00000,0.00000,0.00000,0.55302
task_label_stratification,7,hard_regime,0.15,0.02222,0.01111,0.01111,0.03333,0.55790
task_label_stratification,7,combined_extreme,0.15,0.00000,0.00000,0.00000,0.00000,0.55302
task_label_stratification,7,hard_regime,0.20,0.05556,0.02222,0.02222,0.07778,0.55790
task_label_stratification,7,combined_extreme,0.20,0.00000,0.00000,0.00000,0.00000,0.55302
task_label_stratification,7,hard_regime,0.30,0.12222,0.03333,0.06667,0.18889,0.55790
task_label_stratification,7,combined_extreme,0.30,0.01852,0.00000,0.01852,0.03704,0.55302
uncertainty_sampling,0,hard_regime,0.05,0.00000,0.00000,0.00000,0.00000,0.58938
uncertainty_sampling,0,combined_extreme,0.05,0.00000,0.00000,0.00000,0.00000,0.61352
uncertainty_sampling,0,hard_regime,0.10,0.01111,0.02222,0.02222,0.03333,0.58938
uncertainty_sampling,0,combined_extreme,0.10,0.00000,0.00000,0.00000,0.00000,0.61352
uncertainty_sampling,0,hard_regime,0.15,0.06667,0.03333,0.04444,0.11111,0.58938
uncertainty_sampling,0,combined_extreme,0.15,0.00000,0.00000,0.00000,0.00000,0.61352
uncertainty_sampling,0,hard_regime,0.20,0.08889,0.03333,0.04444,0.13333,0.58938
uncertainty_sampling,0,combined_extreme,0.20,0.01852,0.00000,0.00000,0.01852,0.61352
uncertainty_sampling,0,hard_regime,0.30,0.14445,0.03333,0.06667,0.21111,0.58938
uncertainty_sampling,0,combined_extreme,0.30,0.01852,0.00000,0.01852,0.03704,0.61352
uncertainty_sampling,1,hard_regime,0.05,0.01111,0.00000,0.00000,0.01111,0.53774
uncertainty_sampling,1,combined_extreme,0.05,0.00000,0.00000,0.00000,0.00000,0.55657
uncertainty_sampling,1,hard_regime,0.10,0.06667,0.02222,0.02222,0.08889,0.53774
uncertainty_sampling,1,combined_extreme,0.10,0.00000,0.00000,0.00000,0.00000,0.55657
uncertainty_sampling,1,hard_regime,0.15,0.11111,0.03333,0.03333,0.14445,0.53774
uncertainty_sampling,1,combined_extreme,0.15,0.01852,0.00000,0.00000,0.01852,0.55657
uncertainty_sampling,1,hard_regime,0.20,0.15556,0.04444,0.04444,0.20000,0.53774
uncertainty_sampling,1,combined_extreme,0.20,0.03704,0.00000,0.00000,0.03704,0.55657
uncertainty_sampling,1,hard_regime,0.30,0.22222,0.04444,0.04444,0.26667,0.53774
uncertainty_sampling,1,combined_extreme,0.30,0.12963,0.00000,0.00000,0.12963,0.55657
uncertainty_sampling,2,hard_regime,0.05,0.00000,0.00000,0.00000,0.00000,0.52528
uncertainty_sampling,2,combined_extreme,0.05,0.00000,0.00000,0.00000,0.00000,0.53553
uncertainty_sampling,2,hard_regime,0.10,0.00000,0.00000,0.00000,0.00000,0.52528
uncertainty_sampling,2,combined_extreme,0.10,0.00000,0.00000,0.00000,0.00000,0.53553
uncertainty_sampling,2,hard_regime,0.15,0.05556,0.04444,0.05556,0.11111,0.52528
uncertainty_sampling,2,combined_extreme,0.15,0.00000,0.00000,0.00000,0.00000,0.53553
uncertainty_sampling,2,hard_regime,0.20,0.08889,0.04444,0.05556,0.14444,0.52528
uncertainty_sampling,2,combined_extreme,0.20,0.00000,0.00000,0.00000,0.00000,0.53553
uncertainty_sampling,2,hard_regime,0.30,0.14445,0.04444,0.05556,0.20000,0.52528
uncertainty_sampling,2,combined_extreme,0.30,0.05556,0.00000,0.00000,0.05556,0.53553
uncertainty_sampling,3,hard_regime,0.05,0.00000,0.00000,0.00000,0.00000,0.56955
uncertainty_sampling,3,combined_extreme,0.05,0.00000,0.00000,0.00000,0.00000,0.59419
uncertainty_sampling,3,hard_regime,0.10,0.04444,0.02222,0.05556,0.10000,0.56955
uncertainty_sampling,3,combined_extreme,0.10,0.00000,0.00000,0.00000,0.00000,0.59419
uncertainty_sampling,3,hard_regime,0.15,0.10000,0.02222,0.05556,0.15556,0.56955
uncertainty_sampling,3,combined_extreme,0.15,0.01852,0.00000,0.00000,0.01852,0.59419
uncertainty_sampling,3,hard_regime,0.20,0.15556,0.02222,0.06667,0.22222,0.56955
uncertainty_sampling,3,combined_extreme,0.20,0.03704,0.00000,0.00000,0.03704,0.59419
uncertainty_sampling,3,hard_regime,0.30,0.17778,0.02222,0.06667,0.24445,0.56955
uncertainty_sampling,3,combined_extreme,0.30,0.07408,0.00000,0.00000,0.07408,0.59419
uncertainty_sampling,4,hard_regime,0.05,0.00000,0.00000,0.00000,0.00000,0.55976
uncertainty_sampling,4,combined_extreme,0.05,0.00000,0.00000,0.00000,0.00000,0.57329
uncertainty_sampling,4,hard_regime,0.10,0.02222,0.00000,0.01111,0.03333,0.55976
uncertainty_sampling,4,combined_extreme,0.10,0.00000,0.00000,0.00000,0.00000,0.57329
uncertainty_sampling,4,hard_regime,0.15,0.08889,0.00000,0.01111,0.10000,0.55976
uncertainty_sampling,4,combined_extreme,0.15,0.01852,0.00000,0.00000,0.01852,0.57329
uncertainty_sampling,4,hard_regime,0.20,0.15556,0.01111,0.02222,0.17778,0.55976
uncertainty_sampling,4,combined_extreme,0.20,0.03704,0.00000,0.00000,0.03704,0.57329
uncertainty_sampling,4,hard_regime,0.30,0.22222,0.02222,0.03333,0.25556,0.55976
uncertainty_sampling,4,combined_extreme,0.30,0.07407,0.01852,0.01852,0.09259,0.57329
uncertainty_sampling,5,hard_regime,0.05,0.00000,0.02222,0.03333,0.03333,0.56612
uncertainty_sampling,5,combined_extreme,0.05,0.00000,0.00000,0.00000,0.00000,0.58968
uncertainty_sampling,5,hard_regime,0.10,0.03333,0.03333,0.05556,0.08889,0.56612
uncertainty_sampling,5,combined_extreme,0.10,0.00000,0.00000,0.00000,0.00000,0.58968
uncertainty_sampling,5,hard_regime,0.15,0.10000,0.04444,0.06667,0.16667,0.56612
uncertainty_sampling,5,combined_extreme,0.15,0.00000,0.00000,0.00000,0.00000,0.58968
uncertainty_sampling,5,hard_regime,0.20,0.13333,0.04444,0.06667,0.20000,0.56612
uncertainty_sampling,5,combined_extreme,0.20,0.01852,0.00000,0.00000,0.01852,0.58968
uncertainty_sampling,5,hard_regime,0.30,0.17778,0.04444,0.07778,0.25556,0.56612
uncertainty_sampling,5,combined_extreme,0.30,0.07407,0.00000,0.01852,0.09259,0.58968
uncertainty_sampling,6,hard_regime,0.05,0.00000,0.00000,0.00000,0.00000,0.55931
uncertainty_sampling,6,combined_extreme,0.05,0.00000,0.00000,0.00000,0.00000,0.59475
uncertainty_sampling,6,hard_regime,0.10,0.03333,0.01111,0.01111,0.04444,0.55931
uncertainty_sampling,6,combined_extreme,0.10,0.00000,0.00000,0.00000,0.00000,0.59475
uncertainty_sampling,6,hard_regime,0.15,0.06667,0.02222,0.02222,0.08889,0.55931
uncertainty_sampling,6,combined_extreme,0.15,0.00000,0.00000,0.00000,0.00000,0.59475
uncertainty_sampling,6,hard_regime,0.20,0.07778,0.03333,0.03333,0.11111,0.55931
uncertainty_sampling,6,combined_extreme,0.20,0.00000,0.00000,0.00000,0.00000,0.59475
uncertainty_sampling,6,hard_regime,0.30,0.18889,0.03333,0.04445,0.23333,0.55931
uncertainty_sampling,6,combined_extreme,0.30,0.07408,0.00000,0.01852,0.09259,0.59475
uncertainty_sampling,7,hard_regime,0.05,0.00000,0.00000,0.00000,0.00000,0.56484
uncertainty_sampling,7,combined_extreme,0.05,0.00000,0.00000,0.00000,0.00000,0.57718
uncertainty_sampling,7,hard_regime,0.10,0.01111,0.00000,0.00000,0.01111,0.56484
uncertainty_sampling,7,combined_extreme,0.10,0.00000,0.00000,0.00000,0.00000,0.57718
uncertainty_sampling,7,hard_regime,0.15,0.04444,0.00000,0.00000,0.04444,0.56484
uncertainty_sampling,7,combined_extreme,0.15,0.00000,0.00000,0.00000,0.00000,0.57718
uncertainty_sampling,7,hard_regime,0.20,0.08889,0.03333,0.03333,0.12222,0.56484
uncertainty_sampling,7,combined_extreme,0.20,0.00000,0.00000,0.00000,0.00000,0.57718
uncertainty_sampling,7,hard_regime,0.30,0.13333,0.03333,0.05556,0.18889,0.56484
uncertainty_sampling,7,combined_extreme,0.30,0.01852,0.00000,0.00000,0.01852,0.57718
