method,split,risk_budget,seeds,mean_success_at_budget,ci95_success_at_budget,mean_safety_at_budget,ci95_safety_at_budget,mean_tail_at_budget,ci95_tail_at_budget,mean_coverage_at_budget,ci95_coverage_at_budget,mean_mean_selected_risk,ci95_mean_selected_risk
balanced_failure_replay,actuator_limit_failures,0.05,8,0.54167,0.13296,0.00000,0.00000,0.00000,0.00000,0.54167,0.13296,0.05424,0.00910
balanced_failure_replay,actuator_limit_failures,0.10,8,0.90277,0.06747,0.00000,0.00000,0.00000,0.00000,0.90277,0.06747,0.05424,0.00910
balanced_failure_replay,actuator_limit_failures,0.15,8,0.99306,0.01361,0.00000,0.00000,0.00000,0.00000,0.99306,0.01361,0.05424,0.00910
balanced_failure_replay,actuator_limit_failures,0.20,8,1.00000,0.00000,0.00000,0.00000,0.00000,0.00000,1.00000,0.00000,0.05424,0.00910
balanced_failure_replay,actuator_limit_failures,0.30,8,1.00000,0.00000,0.00000,0.00000,0.00000,0.00000,1.00000,0.00000,0.05424,0.00910
balanced_failure_replay,combined_extreme,0.05,8,0.00000,0.00000,0.00000,0.00000,0.00000,0.00000,0.00000,0.00000,0.57555,0.01894
balanced_failure_replay,combined_extreme,0.10,8,0.00000,0.00000,0.00000,0.00000,0.00000,0.00000,0.00000,0.00000,0.57555,0.01894
balanced_failure_replay,combined_extreme,0.15,8,0.00463,0.00907,0.00000,0.00000,0.00000,0.00000,0.00463,0.00907,0.57555,0.01894
balanced_failure_replay,combined_extreme,0.20,8,0.01157,0.01176,0.00000,0.00000,0.00000,0.00000,0.01157,0.01176,0.57555,0.01894
balanced_failure_replay,combined_extreme,0.30,8,0.04861,0.02738,0.00231,0.00454,0.00926,0.00686,0.05787,0.02781,0.57555,0.01894
balanced_failure_replay,combined_tail_stress,0.05,8,0.00000,0.00000,0.00000,0.00000,0.00000,0.00000,0.00000,0.00000,0.49045,0.06010
balanced_failure_replay,combined_tail_stress,0.10,8,0.00000,0.00000,0.00000,0.00000,0.00000,0.00000,0.00000,0.00000,0.49045,0.06010
balanced_failure_replay,combined_tail_stress,0.15,8,0.00694,0.01361,0.00000,0.00000,0.00000,0.00000,0.00694,0.01361,0.49045,0.06010
balanced_failure_replay,combined_tail_stress,0.20,8,0.02083,0.02864,0.00000,0.00000,0.00000,0.00000,0.02083,0.02864,0.49045,0.06010
balanced_failure_replay,combined_tail_stress,0.30,8,0.11111,0.07128,0.00694,0.01361,0.01389,0.01782,0.12500,0.08167,0.49045,0.06010
balanced_failure_replay,compound_sensor_actuator_shift,0.05,8,0.00694,0.01361,0.00694,0.01361,0.01389,0.02722,0.02083,0.02864,0.16898,0.03736
balanced_failure_replay,compound_sensor_actuator_shift,0.10,8,0.11111,0.08730,0.06250,0.04335,0.09722,0.07054,0.20833,0.14368,0.16898,0.03736
balanced_failure_replay,compound_sensor_actuator_shift,0.15,8,0.37500,0.15087,0.09722,0.05346,0.15278,0.08670,0.52778,0.22353,0.16898,0.03736
balanced_failure_replay,compound_sensor_actuator_shift,0.20,8,0.50694,0.11353,0.15278,0.03985,0.21528,0.06322,0.72222,0.13957,0.16898,0.03736
balanced_failure_replay,compound_sensor_actuator_shift,0.30,8,0.66667,0.08231,0.16667,0.04115,0.24306,0.05420,0.90972,0.07953,0.16898,0.03736
balanced_failure_replay,fixture_geometry_shift,0.05,8,0.00000,0.00000,0.00000,0.00000,0.00000,0.00000,0.00000,0.00000,0.89970,0.03348
balanced_failure_replay,fixture_geometry_shift,0.10,8,0.00000,0.00000,0.00000,0.00000,0.00000,0.00000,0.00000,0.00000,0.89970,0.03348
balanced_failure_replay,fixture_geometry_shift,0.15,8,0.00000,0.00000,0.00000,0.00000,0.00000,0.00000,0.00000,0.00000,0.89970,0.03348
balanced_failure_replay,fixture_geometry_shift,0.20,8,0.00000,0.00000,0.00000,0.00000,0.00000,0.00000,0.00000,0.00000,0.89970,0.03348
balanced_failure_replay,fixture_geometry_shift,0.30,8,0.00000,0.00000,0.00000,0.00000,0.00000,0.00000,0.00000,0.00000,0.89970,0.03348
balanced_failure_replay,hard_regime,0.05,8,0.00139,0.00272,0.00139,0.00272,0.00278,0.00544,0.00417,0.00573,0.55907,0.01209
balanced_failure_replay,hard_regime,0.10,8,0.02222,0.01746,0.01250,0.00867,0.01944,0.01411,0.04167,0.02874,0.55907,0.01209
balanced_failure_replay,hard_regime,0.15,8,0.07778,0.03241,0.01944,0.01069,0.03055,0.01734,0.10833,0.04634,0.55907,0.01209
balanced_failure_replay,hard_regime,0.20,8,0.10833,0.02722,0.03055,0.00797,0.04306,0.01265,0.15139,0.03078,0.55907,0.01209
balanced_failure_replay,hard_regime,0.30,8,0.16250,0.02789,0.03472,0.00642,0.05417,0.00867,0.21667,0.02291,0.55907,0.01209
balanced_failure_replay,jammed_fixture_failures,0.05,8,0.00000,0.00000,0.00000,0.00000,0.00000,0.00000,0.00000,0.00000,0.71939,0.02519
balanced_failure_replay,jammed_fixture_failures,0.10,8,0.00000,0.00000,0.00000,0.00000,0.00000,0.00000,0.00000,0.00000,0.71939,0.02519
balanced_failure_replay,jammed_fixture_failures,0.15,8,0.00000,0.00000,0.00000,0.00000,0.00000,0.00000,0.00000,0.00000,0.71939,0.02519
balanced_failure_replay,jammed_fixture_failures,0.20,8,0.00000,0.00000,0.00000,0.00000,0.00000,0.00000,0.00000,0.00000,0.71939,0.02519
balanced_failure_replay,jammed_fixture_failures,0.30,8,0.00000,0.00000,0.00000,0.00000,0.00000,0.00000,0.00000,0.00000,0.71939,0.02519
balanced_failure_replay,nominal_task_balance,0.05,8,0.99306,0.01361,0.00000,0.00000,0.00000,0.00000,0.99306,0.01361,0.01628,0.00504
balanced_failure_replay,nominal_task_balance,0.10,8,1.00000,0.00000,0.00000,0.00000,0.00000,0.00000,1.00000,0.00000,0.01628,0.00504
balanced_failure_replay,nominal_task_balance,0.15,8,1.00000,0.00000,0.00000,0.00000,0.00000,0.00000,1.00000,0.00000,0.01628,0.00504
balanced_failure_replay,nominal_task_balance,0.20,8,1.00000,0.00000,0.00000,0.00000,0.00000,0.00000,1.00000,0.00000,0.01628,0.00504
balanced_failure_replay,nominal_task_balance,0.30,8,1.00000,0.00000,0.00000,0.00000,0.00000,0.00000,1.00000,0.00000,0.01628,0.00504
balanced_failure_replay,out_of_distribution_tail,0.05,8,0.00000,0.00000,0.00000,0.00000,0.00000,0.00000,0.00000,0.00000,0.71977,0.07748
balanced_failure_replay,out_of_distribution_tail,0.10,8,0.00000,0.00000,0.00000,0.00000,0.00000,0.00000,0.00000,0.00000,0.71977,0.07748
balanced_failure_replay,out_of_distribution_tail,0.15,8,0.00000,0.00000,0.00000,0.00000,0.00000,0.00000,0.00000,0.00000,0.71977,0.07748
balanced_failure_replay,out_of_distribution_tail,0.20,8,0.00000,0.00000,0.00000,0.00000,0.00000,0.00000,0.00000,0.00000,0.71977,0.07748
balanced_failure_replay,out_of_distribution_tail,0.30,8,0.00000,0.00000,0.00000,0.00000,0.00000,0.00000,0.00000,0.00000,0.71977,0.07748
balanced_failure_replay,rare_mechanism_combo,0.05,8,0.00000,0.00000,0.00000,0.00000,0.00000,0.00000,0.00000,0.00000,0.51645,0.02931
balanced_failure_replay,rare_mechanism_combo,0.10,8,0.00000,0.00000,0.00000,0.00000,0.00000,0.00000,0.00000,0.00000,0.51645,0.02931
balanced_failure_replay,rare_mechanism_combo,0.15,8,0.00694,0.01361,0.00000,0.00000,0.00000,0.00000,0.00694,0.01361,0.51645,0.02931
balanced_failure_replay,rare_mechanism_combo,0.20,8,0.01389,0.01782,0.00000,0.00000,0.00000,0.00000,0.01389,0.01782,0.51645,0.02931
balanced_failure_replay,rare_mechanism_combo,0.30,8,0.03472,0.02864,0.00000,0.00000,0.01389,0.01782,0.04861,0.02467,0.51645,0.02931
balanced_failure_replay,rare_slip_failures,0.05,8,0.33333,0.18406,0.00000,0.00000,0.00694,0.01361,0.34028,0.18797,0.08345,0.02309
balanced_failure_replay,rare_slip_failures,0.10,8,0.71528,0.14614,0.00694,0.01361,0.01389,0.01782,0.72917,0.14322,0.08345,0.02309
balanced_failure_replay,rare_slip_failures,0.15,8,0.87500,0.08167,0.00694,0.01361,0.02083,0.01993,0.89583,0.08085,0.08345,0.02309
balanced_failure_replay,rare_slip_failures,0.20,8,0.90972,0.06487,0.00694,0.01361,0.02778,0.02910,0.93750,0.06322,0.08345,0.02309
balanced_failure_replay,rare_slip_failures,0.30,8,0.95139,0.03213,0.00694,0.01361,0.03472,0.02864,0.98611,0.01782,0.08345,0.02309
calibrated_failure_risk,actuator_limit_failures,0.05,8,0.60417,0.10379,0.00000,0.00000,0.00000,0.00000,0.60417,0.10379,0.05178,0.00769
calibrated_failure_risk,actuator_limit_failures,0.10,8,0.91667,0.04601,0.00000,0.00000,0.00000,0.00000,0.91667,0.04601,0.05178,0.00769
calibrated_failure_risk,actuator_limit_failures,0.15,8,1.00000,0.00000,0.00000,0.00000,0.00000,0.00000,1.00000,0.00000,0.05178,0.00769
calibrated_failure_risk,actuator_limit_failures,0.20,8,1.00000,0.00000,0.00000,0.00000,0.00000,0.00000,1.00000,0.00000,0.05178,0.00769
calibrated_failure_risk,actuator_limit_failures,0.30,8,1.00000,0.00000,0.00000,0.00000,0.00000,0.00000,1.00000,0.00000,0.05178,0.00769
calibrated_failure_risk,combined_extreme,0.05,8,0.00000,0.00000,0.00000,0.00000,0.00000,0.00000,0.00000,0.00000,0.51712,0.03338
calibrated_failure_risk,combined_extreme,0.10,8,0.00000,0.00000,0.00000,0.00000,0.00000,0.00000,0.00000,0.00000,0.51712,0.03338
calibrated_failure_risk,combined_extreme,0.15,8,0.01157,0.01176,0.00000,0.00000,0.00000,0.00000,0.01157,0.01176,0.51712,0.03338
calibrated_failure_risk,combined_extreme,0.20,8,0.02083,0.01272,0.00000,0.00000,0.00231,0.00454,0.02315,0.01138,0.51712,0.03338
calibrated_failure_risk,combined_extreme,0.30,8,0.09028,0.04197,0.00231,0.00454,0.02546,0.01671,0.11574,0.05477,0.51712,0.03338
calibrated_failure_risk,combined_tail_stress,0.05,8,0.00000,0.00000,0.00000,0.00000,0.00000,0.00000,0.00000,0.00000,0.45621,0.05976
calibrated_failure_risk,combined_tail_stress,0.10,8,0.00000,0.00000,0.00000,0.00000,0.00000,0.00000,0.00000,0.00000,0.45621,0.05976
calibrated_failure_risk,combined_tail_stress,0.15,8,0.02778,0.02910,0.00000,0.00000,0.00000,0.00000,0.02778,0.02910,0.45621,0.05976
calibrated_failure_risk,combined_tail_stress,0.20,8,0.04861,0.03815,0.00000,0.00000,0.00694,0.01361,0.05556,0.03564,0.45621,0.05976
calibrated_failure_risk,combined_tail_stress,0.30,8,0.17361,0.11165,0.00694,0.01361,0.01389,0.01782,0.18750,0.11988,0.45621,0.05976
calibrated_failure_risk,compound_sensor_actuator_shift,0.05,8,0.01389,0.01782,0.00694,0.01361,0.01389,0.01782,0.02778,0.02910,0.16541,0.03594
calibrated_failure_risk,compound_sensor_actuator_shift,0.10,8,0.13889,0.08484,0.05556,0.04601,0.09722,0.08167,0.23611,0.14946,0.16541,0.03594
calibrated_failure_risk,compound_sensor_actuator_shift,0.15,8,0.35417,0.13795,0.11111,0.04601,0.16667,0.08231,0.52083,0.19623,0.16541,0.03594
calibrated_failure_risk,compound_sensor_actuator_shift,0.20,8,0.52083,0.11446,0.14583,0.04083,0.20833,0.06747,0.72917,0.13718,0.16541,0.03594
calibrated_failure_risk,compound_sensor_actuator_shift,0.30,8,0.66667,0.07419,0.16667,0.04115,0.24305,0.05420,0.90972,0.06152,0.16541,0.03594
calibrated_failure_risk,fixture_geometry_shift,0.05,8,0.00000,0.00000,0.00000,0.00000,0.00000,0.00000,0.00000,0.00000,0.85371,0.04593
calibrated_failure_risk,fixture_geometry_shift,0.10,8,0.00000,0.00000,0.00000,0.00000,0.00000,0.00000,0.00000,0.00000,0.85371,0.04593
calibrated_failure_risk,fixture_geometry_shift,0.15,8,0.00000,0.00000,0.00000,0.00000,0.00000,0.00000,0.00000,0.00000,0.85371,0.04593
calibrated_failure_risk,fixture_geometry_shift,0.20,8,0.00000,0.00000,0.00000,0.00000,0.00000,0.00000,0.00000,0.00000,0.85371,0.04593
calibrated_failure_risk,fixture_geometry_shift,0.30,8,0.00000,0.00000,0.00000,0.00000,0.00000,0.00000,0.00000,0.00000,0.85371,0.04593
calibrated_failure_risk,hard_regime,0.05,8,0.00278,0.00356,0.00139,0.00272,0.00278,0.00356,0.00556,0.00582,0.51410,0.02352
calibrated_failure_risk,hard_regime,0.10,8,0.02778,0.01697,0.01111,0.00920,0.01944,0.01633,0.04722,0.02989,0.51410,0.02352
calibrated_failure_risk,hard_regime,0.15,8,0.07778,0.03024,0.02222,0.00920,0.03333,0.01646,0.11112,0.04032,0.51410,0.02352
calibrated_failure_risk,hard_regime,0.20,8,0.11667,0.02910,0.02916,0.00817,0.04306,0.01265,0.15972,0.03133,0.51410,0.02352
calibrated_failure_risk,hard_regime,0.30,8,0.18750,0.03278,0.03472,0.00642,0.06389,0.01285,0.25139,0.03491,0.51410,0.02352
calibrated_failure_risk,jammed_fixture_failures,0.05,8,0.00000,0.00000,0.00000,0.00000,0.00000,0.00000,0.00000,0.00000,0.69915,0.02515
calibrated_failure_risk,jammed_fixture_failures,0.10,8,0.00000,0.00000,0.00000,0.00000,0.00000,0.00000,0.00000,0.00000,0.69915,0.02515
calibrated_failure_risk,jammed_fixture_failures,0.15,8,0.00000,0.00000,0.00000,0.00000,0.00000,0.00000,0.00000,0.00000,0.69915,0.02515
calibrated_failure_risk,jammed_fixture_failures,0.20,8,0.00000,0.00000,0.00000,0.00000,0.00000,0.00000,0.00000,0.00000,0.69915,0.02515
calibrated_failure_risk,jammed_fixture_failures,0.30,8,0.00000,0.00000,0.00000,0.00000,0.00000,0.00000,0.00000,0.00000,0.69915,0.02515
calibrated_failure_risk,nominal_task_balance,0.05,8,0.99306,0.01361,0.00000,0.00000,0.00000,0.00000,0.99306,0.01361,0.01582,0.00423
calibrated_failure_risk,nominal_task_balance,0.10,8,1.00000,0.00000,0.00000,0.00000,0.00000,0.00000,1.00000,0.00000,0.01582,0.00423
calibrated_failure_risk,nominal_task_balance,0.15,8,1.00000,0.00000,0.00000,0.00000,0.00000,0.00000,1.00000,0.00000,0.01582,0.00423
calibrated_failure_risk,nominal_task_balance,0.20,8,1.00000,0.00000,0.00000,0.00000,0.00000,0.00000,1.00000,0.00000,0.01582,0.00423
calibrated_failure_risk,nominal_task_balance,0.30,8,1.00000,0.00000,0.00000,0.00000,0.00000,0.00000,1.00000,0.00000,0.01582,0.00423
calibrated_failure_risk,out_of_distribution_tail,0.05,8,0.00000,0.00000,0.00000,0.00000,0.00000,0.00000,0.00000,0.00000,0.61967,0.07722
calibrated_failure_risk,out_of_distribution_tail,0.10,8,0.00000,0.00000,0.00000,0.00000,0.00000,0.00000,0.00000,0.00000,0.61967,0.07722
calibrated_failure_risk,out_of_distribution_tail,0.15,8,0.00000,0.00000,0.00000,0.00000,0.00000,0.00000,0.00000,0.00000,0.61967,0.07722
calibrated_failure_risk,out_of_distribution_tail,0.20,8,0.00000,0.00000,0.00000,0.00000,0.00000,0.00000,0.00000,0.00000,0.61967,0.07722
calibrated_failure_risk,out_of_distribution_tail,0.30,8,0.00694,0.01361,0.00000,0.00000,0.02083,0.02864,0.02778,0.03564,0.61967,0.07722
calibrated_failure_risk,rare_mechanism_combo,0.05,8,0.00000,0.00000,0.00000,0.00000,0.00000,0.00000,0.00000,0.00000,0.47547,0.04538
calibrated_failure_risk,rare_mechanism_combo,0.10,8,0.00000,0.00000,0.00000,0.00000,0.00000,0.00000,0.00000,0.00000,0.47547,0.04538
calibrated_failure_risk,rare_mechanism_combo,0.15,8,0.00694,0.01361,0.00000,0.00000,0.00000,0.00000,0.00694,0.01361,0.47547,0.04538
calibrated_failure_risk,rare_mechanism_combo,0.20,8,0.01389,0.01782,0.00000,0.00000,0.00000,0.00000,0.01389,0.01782,0.47547,0.04538
calibrated_failure_risk,rare_mechanism_combo,0.30,8,0.09028,0.07682,0.00000,0.00000,0.04167,0.02722,0.13195,0.09416,0.47547,0.04538
calibrated_failure_risk,rare_slip_failures,0.05,8,0.34722,0.17791,0.00000,0.00000,0.00694,0.01361,0.35417,0.17932,0.08548,0.02236
calibrated_failure_risk,rare_slip_failures,0.10,8,0.72917,0.12591,0.00694,0.01361,0.01389,0.01782,0.74306,0.12336,0.08548,0.02236
calibrated_failure_risk,rare_slip_failures,0.15,8,0.86111,0.07700,0.00694,0.01361,0.02778,0.02910,0.88889,0.08231,0.08548,0.02236
calibrated_failure_risk,rare_slip_failures,0.20,8,0.89583,0.06322,0.00694,0.01361,0.02778,0.02910,0.92361,0.06487,0.08548,0.02236
calibrated_failure_risk,rare_slip_failures,0.30,8,0.94444,0.03564,0.00694,0.01361,0.03472,0.02864,0.97917,0.02864,0.08548,0.02236
failure_prediction_active_learning,actuator_limit_failures,0.05,8,0.60417,0.10173,0.00000,0.00000,0.00000,0.00000,0.60417,0.10173,0.05147,0.00742
failure_prediction_active_learning,actuator_limit_failures,0.10,8,0.90972,0.05014,0.00000,0.00000,0.00000,0.00000,0.90972,0.05014,0.05147,0.00742
failure_prediction_active_learning,actuator_limit_failures,0.15,8,1.00000,0.00000,0.00000,0.00000,0.00000,0.00000,1.00000,0.00000,0.05147,0.00742
failure_prediction_active_learning,actuator_limit_failures,0.20,8,1.00000,0.00000,0.00000,0.00000,0.00000,0.00000,1.00000,0.00000,0.05147,0.00742
failure_prediction_active_learning,actuator_limit_failures,0.30,8,1.00000,0.00000,0.00000,0.00000,0.00000,0.00000,1.00000,0.00000,0.05147,0.00742
failure_prediction_active_learning,combined_extreme,0.05,8,0.00000,0.00000,0.00000,0.00000,0.00000,0.00000,0.00000,0.00000,0.51542,0.03319
failure_prediction_active_learning,combined_extreme,0.10,8,0.00000,0.00000,0.00000,0.00000,0.00000,0.00000,0.00000,0.00000,0.51542,0.03319
failure_prediction_active_learning,combined_extreme,0.15,8,0.01157,0.01176,0.00000,0.00000,0.00000,0.00000,0.01157,0.01176,0.51542,0.03319
failure_prediction_active_learning,combined_extreme,0.20,8,0.02083,0.01272,0.00000,0.00000,0.00231,0.00454,0.02315,0.01138,0.51542,0.03319
failure_prediction_active_learning,combined_extreme,0.30,8,0.09722,0.04158,0.00231,0.00454,0.02546,0.01671,0.12269,0.05442,0.51542,0.03319
failure_prediction_active_learning,combined_tail_stress,0.05,8,0.00000,0.00000,0.00000,0.00000,0.00000,0.00000,0.00000,0.00000,0.45590,0.05950
failure_prediction_active_learning,combined_tail_stress,0.10,8,0.00000,0.00000,0.00000,0.00000,0.00000,0.00000,0.00000,0.00000,0.45590,0.05950
failure_prediction_active_learning,combined_tail_stress,0.15,8,0.02778,0.02910,0.00000,0.00000,0.00000,0.00000,0.02778,0.02910,0.45590,0.05950
failure_prediction_active_learning,combined_tail_stress,0.20,8,0.04861,0.03815,0.00000,0.00000,0.00694,0.01361,0.05556,0.03564,0.45590,0.05950
failure_prediction_active_learning,combined_tail_stress,0.30,8,0.17361,0.11165,0.00694,0.01361,0.01389,0.01782,0.18750,0.11988,0.45590,0.05950
failure_prediction_active_learning,compound_sensor_actuator_shift,0.05,8,0.01389,0.01782,0.00694,0.01361,0.01389,0.01782,0.02778,0.02910,0.16842,0.03792
failure_prediction_active_learning,compound_sensor_actuator_shift,0.10,8,0.13889,0.08484,0.06250,0.04335,0.10417,0.07819,0.24306,0.14542,0.16842,0.03792
failure_prediction_active_learning,compound_sensor_actuator_shift,0.15,8,0.34028,0.14759,0.11806,0.04335,0.17361,0.07819,0.51389,0.20030,0.16842,0.03792
failure_prediction_active_learning,compound_sensor_actuator_shift,0.20,8,0.50694,0.12591,0.14583,0.04083,0.20833,0.06747,0.71528,0.15183,0.16842,0.03792
failure_prediction_active_learning,compound_sensor_actuator_shift,0.30,8,0.66667,0.07419,0.16667,0.04115,0.24305,0.05420,0.90972,0.06152,0.16842,0.03792
failure_prediction_active_learning,fixture_geometry_shift,0.05,8,0.00000,0.00000,0.00000,0.00000,0.00000,0.00000,0.00000,0.00000,0.85226,0.04683
failure_prediction_active_learning,fixture_geometry_shift,0.10,8,0.00000,0.00000,0.00000,0.00000,0.00000,0.00000,0.00000,0.00000,0.85226,0.04683
failure_prediction_active_learning,fixture_geometry_shift,0.15,8,0.00000,0.00000,0.00000,0.00000,0.00000,0.00000,0.00000,0.00000,0.85226,0.04683
failure_prediction_active_learning,fixture_geometry_shift,0.20,8,0.00000,0.00000,0.00000,0.00000,0.00000,0.00000,0.00000,0.00000,0.85226,0.04683
failure_prediction_active_learning,fixture_geometry_shift,0.30,8,0.00000,0.00000,0.00000,0.00000,0.00000,0.00000,0.00000,0.00000,0.85226,0.04683
failure_prediction_active_learning,hard_regime,0.05,8,0.00278,0.00356,0.00139,0.00272,0.00278,0.00356,0.00556,0.00582,0.51339,0.02349
failure_prediction_active_learning,hard_regime,0.10,8,0.02778,0.01697,0.01250,0.00867,0.02083,0.01564,0.04861,0.02908,0.51339,0.02349
failure_prediction_active_learning,hard_regime,0.15,8,0.07500,0.03234,0.02361,0.00867,0.03472,0.01564,0.10973,0.04125,0.51339,0.02349
failure_prediction_active_learning,hard_regime,0.20,8,0.11389,0.03155,0.02916,0.00817,0.04306,0.01265,0.15695,0.03454,0.51339,0.02349
failure_prediction_active_learning,hard_regime,0.30,8,0.19167,0.03362,0.03472,0.00642,0.06389,0.01285,0.25555,0.03443,0.51339,0.02349
failure_prediction_active_learning,jammed_fixture_failures,0.05,8,0.00000,0.00000,0.00000,0.00000,0.00000,0.00000,0.00000,0.00000,0.70195,0.02566
failure_prediction_active_learning,jammed_fixture_failures,0.10,8,0.00000,0.00000,0.00000,0.00000,0.00000,0.00000,0.00000,0.00000,0.70195,0.02566
failure_prediction_active_learning,jammed_fixture_failures,0.15,8,0.00000,0.00000,0.00000,0.00000,0.00000,0.00000,0.00000,0.00000,0.70195,0.02566
failure_prediction_active_learning,jammed_fixture_failures,0.20,8,0.00000,0.00000,0.00000,0.00000,0.00000,0.00000,0.00000,0.00000,0.70195,0.02566
failure_prediction_active_learning,jammed_fixture_failures,0.30,8,0.00000,0.00000,0.00000,0.00000,0.00000,0.00000,0.00000,0.00000,0.70195,0.02566
failure_prediction_active_learning,nominal_task_balance,0.05,8,0.99306,0.01361,0.00000,0.00000,0.00000,0.00000,0.99306,0.01361,0.01542,0.00394
failure_prediction_active_learning,nominal_task_balance,0.10,8,1.00000,0.00000,0.00000,0.00000,0.00000,0.00000,1.00000,0.00000,0.01542,0.00394
failure_prediction_active_learning,nominal_task_balance,0.15,8,1.00000,0.00000,0.00000,0.00000,0.00000,0.00000,1.00000,0.00000,0.01542,0.00394
failure_prediction_active_learning,nominal_task_balance,0.20,8,1.00000,0.00000,0.00000,0.00000,0.00000,0.00000,1.00000,0.00000,0.01542,0.00394
failure_prediction_active_learning,nominal_task_balance,0.30,8,1.00000,0.00000,0.00000,0.00000,0.00000,0.00000,1.00000,0.00000,0.01542,0.00394
failure_prediction_active_learning,out_of_distribution_tail,0.05,8,0.00000,0.00000,0.00000,0.00000,0.00000,0.00000,0.00000,0.00000,0.61805,0.07811
failure_prediction_active_learning,out_of_distribution_tail,0.10,8,0.00000,0.00000,0.00000,0.00000,0.00000,0.00000,0.00000,0.00000,0.61805,0.07811
failure_prediction_active_learning,out_of_distribution_tail,0.15,8,0.00000,0.00000,0.00000,0.00000,0.00000,0.00000,0.00000,0.00000,0.61805,0.07811
failure_prediction_active_learning,out_of_distribution_tail,0.20,8,0.00000,0.00000,0.00000,0.00000,0.00000,0.00000,0.00000,0.00000,0.61805,0.07811
failure_prediction_active_learning,out_of_distribution_tail,0.30,8,0.00694,0.01361,0.00000,0.00000,0.02083,0.02864,0.02778,0.03564,0.61805,0.07811
failure_prediction_active_learning,rare_mechanism_combo,0.05,8,0.00000,0.00000,0.00000,0.00000,0.00000,0.00000,0.00000,0.00000,0.47232,0.04625
failure_prediction_active_learning,rare_mechanism_combo,0.10,8,0.00000,0.00000,0.00000,0.00000,0.00000,0.00000,0.00000,0.00000,0.47232,0.04625
failure_prediction_active_learning,rare_mechanism_combo,0.15,8,0.00694,0.01361,0.00000,0.00000,0.00000,0.00000,0.00694,0.01361,0.47232,0.04625
failure_prediction_active_learning,rare_mechanism_combo,0.20,8,0.01389,0.01782,0.00000,0.00000,0.00000,0.00000,0.01389,0.01782,0.47232,0.04625
failure_prediction_active_learning,rare_mechanism_combo,0.30,8,0.11111,0.06825,0.00000,0.00000,0.04167,0.02722,0.15278,0.08422,0.47232,0.04625
failure_prediction_active_learning,rare_slip_failures,0.05,8,0.34722,0.17431,0.00000,0.00000,0.00694,0.01361,0.35417,0.17574,0.08612,0.02289
failure_prediction_active_learning,rare_slip_failures,0.10,8,0.72222,0.12347,0.00694,0.01361,0.01389,0.01782,0.73611,0.12131,0.08612,0.02289
failure_prediction_active_learning,rare_slip_failures,0.15,8,0.85417,0.07953,0.00694,0.01361,0.02778,0.02910,0.88194,0.08343,0.08612,0.02289
failure_prediction_active_learning,rare_slip_failures,0.20,8,0.89583,0.06322,0.00694,0.01361,0.02778,0.02910,0.92361,0.06487,0.08612,0.02289
failure_prediction_active_learning,rare_slip_failures,0.30,8,0.93750,0.03815,0.00694,0.01361,0.03472,0.02864,0.97222,0.02910,0.08612,0.02289
failure_stratified_engine,actuator_limit_failures,0.05,8,0.50694,0.12422,0.00000,0.00000,0.00694,0.01361,0.51389,0.12475,0.05803,0.00726
failure_stratified_engine,actuator_limit_failures,0.10,8,0.87500,0.04934,0.00000,0.00000,0.00694,0.01361,0.88194,0.04798,0.05803,0.00726
failure_stratified_engine,actuator_limit_failures,0.15,8,0.99306,0.01361,0.00000,0.00000,0.00694,0.01361,1.00000,0.00000,0.05803,0.00726
failure_stratified_engine,actuator_limit_failures,0.20,8,0.99306,0.01361,0.00000,0.00000,0.00694,0.01361,1.00000,0.00000,0.05803,0.00726
failure_stratified_engine,actuator_limit_failures,0.30,8,0.99306,0.01361,0.00000,0.00000,0.00694,0.01361,1.00000,0.00000,0.05803,0.00726
failure_stratified_engine,combined_extreme,0.05,8,0.00000,0.00000,0.00000,0.00000,0.00000,0.00000,0.00000,0.00000,0.64919,0.02991
failure_stratified_engine,combined_extreme,0.10,8,0.00000,0.00000,0.00000,0.00000,0.00000,0.00000,0.00000,0.00000,0.64919,0.02991
failure_stratified_engine,combined_extreme,0.15,8,0.00000,0.00000,0.00000,0.00000,0.00000,0.00000,0.00000,0.00000,0.64919,0.02991
failure_stratified_engine,combined_extreme,0.20,8,0.00000,0.00000,0.00000,0.00000,0.00000,0.00000,0.00000,0.00000,0.64919,0.02991
failure_stratified_engine,combined_extreme,0.30,8,0.01157,0.00955,0.00000,0.00000,0.00000,0.00000,0.01157,0.00955,0.64919,0.02991
failure_stratified_engine,combined_tail_stress,0.05,8,0.00000,0.00000,0.00000,0.00000,0.00000,0.00000,0.00000,0.00000,0.62748,0.05071
failure_stratified_engine,combined_tail_stress,0.10,8,0.00000,0.00000,0.00000,0.00000,0.00000,0.00000,0.00000,0.00000,0.62748,0.05071
failure_stratified_engine,combined_tail_stress,0.15,8,0.00000,0.00000,0.00000,0.00000,0.00000,0.00000,0.00000,0.00000,0.62748,0.05071
failure_stratified_engine,combined_tail_stress,0.20,8,0.00000,0.00000,0.00000,0.00000,0.00000,0.00000,0.00000,0.00000,0.62748,0.05071
failure_stratified_engine,combined_tail_stress,0.30,8,0.01389,0.01782,0.00000,0.00000,0.00000,0.00000,0.01389,0.01782,0.62748,0.05071
failure_stratified_engine,compound_sensor_actuator_shift,0.05,8,0.00000,0.00000,0.00000,0.00000,0.00000,0.00000,0.00000,0.00000,0.29436,0.09880
failure_stratified_engine,compound_sensor_actuator_shift,0.10,8,0.06250,0.06322,0.03472,0.04083,0.06250,0.05977,0.12500,0.11034,0.29436,0.09880
failure_stratified_engine,compound_sensor_actuator_shift,0.15,8,0.13889,0.11082,0.06944,0.08167,0.10417,0.10379,0.24306,0.20572,0.29436,0.09880
failure_stratified_engine,compound_sensor_actuator_shift,0.20,8,0.25694,0.19623,0.06944,0.08167,0.11111,0.11082,0.36806,0.29459,0.29436,0.09880
failure_stratified_engine,compound_sensor_actuator_shift,0.30,8,0.38195,0.22583,0.10417,0.07543,0.14583,0.10068,0.52778,0.30313,0.29436,0.09880
failure_stratified_engine,fixture_geometry_shift,0.05,8,0.00000,0.00000,0.00000,0.00000,0.00000,0.00000,0.00000,0.00000,0.89169,0.04450
failure_stratified_engine,fixture_geometry_shift,0.10,8,0.00000,0.00000,0.00000,0.00000,0.00000,0.00000,0.00000,0.00000,0.89169,0.04450
failure_stratified_engine,fixture_geometry_shift,0.15,8,0.00000,0.00000,0.00000,0.00000,0.00000,0.00000,0.00000,0.00000,0.89169,0.04450
failure_stratified_engine,fixture_geometry_shift,0.20,8,0.00000,0.00000,0.00000,0.00000,0.00000,0.00000,0.00000,0.00000,0.89169,0.04450
failure_stratified_engine,fixture_geometry_shift,0.30,8,0.00000,0.00000,0.00000,0.00000,0.00000,0.00000,0.00000,0.00000,0.89169,0.04450
failure_stratified_engine,hard_regime,0.05,8,0.00000,0.00000,0.00000,0.00000,0.00000,0.00000,0.00000,0.00000,0.62672,0.02285
failure_stratified_engine,hard_regime,0.10,8,0.01250,0.01264,0.00694,0.00817,0.01250,0.01195,0.02500,0.02207,0.62672,0.02285
failure_stratified_engine,hard_regime,0.15,8,0.02778,0.02216,0.01389,0.01633,0.02083,0.02076,0.04861,0.04114,0.62672,0.02285
failure_stratified_engine,hard_regime,0.20,8,0.05139,0.03925,0.01389,0.01633,0.02222,0.02216,0.07361,0.05892,0.62672,0.02285
failure_stratified_engine,hard_regime,0.30,8,0.08333,0.04835,0.02083,0.01509,0.02917,0.02014,0.11250,0.06315,0.62672,0.02285
failure_stratified_engine,jammed_fixture_failures,0.05,8,0.00000,0.00000,0.00000,0.00000,0.00000,0.00000,0.00000,0.00000,0.74199,0.03118
failure_stratified_engine,jammed_fixture_failures,0.10,8,0.00000,0.00000,0.00000,0.00000,0.00000,0.00000,0.00000,0.00000,0.74199,0.03118
failure_stratified_engine,jammed_fixture_failures,0.15,8,0.00000,0.00000,0.00000,0.00000,0.00000,0.00000,0.00000,0.00000,0.74199,0.03118
failure_stratified_engine,jammed_fixture_failures,0.20,8,0.00000,0.00000,0.00000,0.00000,0.00000,0.00000,0.00000,0.00000,0.74199,0.03118
failure_stratified_engine,jammed_fixture_failures,0.30,8,0.00000,0.00000,0.00000,0.00000,0.00000,0.00000,0.00000,0.00000,0.74199,0.03118
failure_stratified_engine,nominal_task_balance,0.05,8,0.99306,0.01361,0.00000,0.00000,0.00000,0.00000,0.99306,0.01361,0.01614,0.00465
failure_stratified_engine,nominal_task_balance,0.10,8,1.00000,0.00000,0.00000,0.00000,0.00000,0.00000,1.00000,0.00000,0.01614,0.00465
failure_stratified_engine,nominal_task_balance,0.15,8,1.00000,0.00000,0.00000,0.00000,0.00000,0.00000,1.00000,0.00000,0.01614,0.00465
failure_stratified_engine,nominal_task_balance,0.20,8,1.00000,0.00000,0.00000,0.00000,0.00000,0.00000,1.00000,0.00000,0.01614,0.00465
failure_stratified_engine,nominal_task_balance,0.30,8,1.00000,0.00000,0.00000,0.00000,0.00000,0.00000,1.00000,0.00000,0.01614,0.00465
failure_stratified_engine,out_of_distribution_tail,0.05,8,0.00000,0.00000,0.00000,0.00000,0.00000,0.00000,0.00000,0.00000,0.72518,0.06119
failure_stratified_engine,out_of_distribution_tail,0.10,8,0.00000,0.00000,0.00000,0.00000,0.00000,0.00000,0.00000,0.00000,0.72518,0.06119
failure_stratified_engine,out_of_distribution_tail,0.15,8,0.00000,0.00000,0.00000,0.00000,0.00000,0.00000,0.00000,0.00000,0.72518,0.06119
failure_stratified_engine,out_of_distribution_tail,0.20,8,0.00000,0.00000,0.00000,0.00000,0.00000,0.00000,0.00000,0.00000,0.72518,0.06119
failure_stratified_engine,out_of_distribution_tail,0.30,8,0.00000,0.00000,0.00000,0.00000,0.00000,0.00000,0.00000,0.00000,0.72518,0.06119
failure_stratified_engine,rare_mechanism_combo,0.05,8,0.00000,0.00000,0.00000,0.00000,0.00000,0.00000,0.00000,0.00000,0.59491,0.04232
failure_stratified_engine,rare_mechanism_combo,0.10,8,0.00000,0.00000,0.00000,0.00000,0.00000,0.00000,0.00000,0.00000,0.59491,0.04232
failure_stratified_engine,rare_mechanism_combo,0.15,8,0.00000,0.00000,0.00000,0.00000,0.00000,0.00000,0.00000,0.00000,0.59491,0.04232
failure_stratified_engine,rare_mechanism_combo,0.20,8,0.00000,0.00000,0.00000,0.00000,0.00000,0.00000,0.00000,0.00000,0.59491,0.04232
failure_stratified_engine,rare_mechanism_combo,0.30,8,0.02083,0.01993,0.00000,0.00000,0.00000,0.00000,0.02083,0.01993,0.59491,0.04232
failure_stratified_engine,rare_slip_failures,0.05,8,0.21528,0.10172,0.00000,0.00000,0.00000,0.00000,0.21528,0.10172,0.09505,0.02126
failure_stratified_engine,rare_slip_failures,0.10,8,0.68056,0.13919,0.00694,0.01361,0.01389,0.01782,0.69444,0.14108,0.09505,0.02126
failure_stratified_engine,rare_slip_failures,0.15,8,0.85417,0.06152,0.00694,0.01361,0.02083,0.01993,0.87500,0.06426,0.09505,0.02126
failure_stratified_engine,rare_slip_failures,0.20,8,0.89583,0.05977,0.00694,0.01361,0.02083,0.01993,0.91666,0.06507,0.09505,0.02126
failure_stratified_engine,rare_slip_failures,0.30,8,0.94444,0.03564,0.00694,0.01361,0.03472,0.02864,0.97917,0.02864,0.09505,0.02126
failure_stratified_engine_v5,actuator_limit_failures,0.05,8,0.53472,0.12163,0.00000,0.00000,0.00694,0.01361,0.54167,0.12130,0.05654,0.00908
failure_stratified_engine_v5,actuator_limit_failures,0.10,8,0.88889,0.07419,0.00000,0.00000,0.00694,0.01361,0.89583,0.07257,0.05654,0.00908
failure_stratified_engine_v5,actuator_limit_failures,0.15,8,0.97222,0.02910,0.00000,0.00000,0.00694,0.01361,0.97917,0.01993,0.05654,0.00908
failure_stratified_engine_v5,actuator_limit_failures,0.20,8,0.99306,0.01361,0.00000,0.00000,0.00694,0.01361,1.00000,0.00000,0.05654,0.00908
failure_stratified_engine_v5,actuator_limit_failures,0.30,8,0.99306,0.01361,0.00000,0.00000,0.00694,0.01361,1.00000,0.00000,0.05654,0.00908
failure_stratified_engine_v5,combined_extreme,0.05,8,0.00000,0.00000,0.00000,0.00000,0.00000,0.00000,0.00000,0.00000,0.58441,0.03442
failure_stratified_engine_v5,combined_extreme,0.10,8,0.00000,0.00000,0.00000,0.00000,0.00000,0.00000,0.00000,0.00000,0.58441,0.03442
failure_stratified_engine_v5,combined_extreme,0.15,8,0.00000,0.00000,0.00000,0.00000,0.00000,0.00000,0.00000,0.00000,0.58441,0.03442
failure_stratified_engine_v5,combined_extreme,0.20,8,0.00694,0.00955,0.00000,0.00000,0.00000,0.00000,0.00694,0.00955,0.58441,0.03442
failure_stratified_engine_v5,combined_extreme,0.30,8,0.03935,0.01740,0.00231,0.00454,0.00926,0.00686,0.04861,0.02268,0.58441,0.03442
failure_stratified_engine_v5,combined_tail_stress,0.05,8,0.00000,0.00000,0.00000,0.00000,0.00000,0.00000,0.00000,0.00000,0.50030,0.05222
failure_stratified_engine_v5,combined_tail_stress,0.10,8,0.00000,0.00000,0.00000,0.00000,0.00000,0.00000,0.00000,0.00000,0.50030,0.05222
failure_stratified_engine_v5,combined_tail_stress,0.15,8,0.00000,0.00000,0.00000,0.00000,0.00000,0.00000,0.00000,0.00000,0.50030,0.05222
failure_stratified_engine_v5,combined_tail_stress,0.20,8,0.01389,0.01782,0.00000,0.00000,0.00000,0.00000,0.01389,0.01782,0.50030,0.05222
failure_stratified_engine_v5,combined_tail_stress,0.30,8,0.08333,0.05444,0.00694,0.01361,0.01389,0.01782,0.09722,0.07054,0.50030,0.05222
failure_stratified_engine_v5,compound_sensor_actuator_shift,0.05,8,0.00000,0.00000,0.00694,0.01361,0.01389,0.02722,0.01389,0.02722,0.16867,0.03381
failure_stratified_engine_v5,compound_sensor_actuator_shift,0.10,8,0.10417,0.08085,0.06250,0.05612,0.08334,0.06825,0.18750,0.13326,0.16867,0.03381
failure_stratified_engine_v5,compound_sensor_actuator_shift,0.15,8,0.34028,0.13086,0.10417,0.07257,0.15278,0.09597,0.49306,0.20417,0.16867,0.03381
failure_stratified_engine_v5,compound_sensor_actuator_shift,0.20,8,0.50695,0.10974,0.15972,0.05977,0.20833,0.07631,0.71528,0.15459,0.16867,0.03381
failure_stratified_engine_v5,compound_sensor_actuator_shift,0.30,8,0.67361,0.07819,0.18056,0.05729,0.25000,0.06173,0.92361,0.05420,0.16867,0.03381
failure_stratified_engine_v5,fixture_geometry_shift,0.05,8,0.00000,0.00000,0.00000,0.00000,0.00000,0.00000,0.00000,0.00000,0.89873,0.03735
failure_stratified_engine_v5,fixture_geometry_shift,0.10,8,0.00000,0.00000,0.00000,0.00000,0.00000,0.00000,0.00000,0.00000,0.89873,0.03735
failure_stratified_engine_v5,fixture_geometry_shift,0.15,8,0.00000,0.00000,0.00000,0.00000,0.00000,0.00000,0.00000,0.00000,0.89873,0.03735
failure_stratified_engine_v5,fixture_geometry_shift,0.20,8,0.00000,0.00000,0.00000,0.00000,0.00000,0.00000,0.00000,0.00000,0.89873,0.03735
failure_stratified_engine_v5,fixture_geometry_shift,0.30,8,0.00000,0.00000,0.00000,0.00000,0.00000,0.00000,0.00000,0.00000,0.89873,0.03735
failure_stratified_engine_v5,hard_regime,0.05,8,0.00000,0.00000,0.00139,0.00272,0.00278,0.00544,0.00278,0.00544,0.56413,0.02577
failure_stratified_engine_v5,hard_regime,0.10,8,0.02083,0.01617,0.01250,0.01122,0.01667,0.01365,0.03750,0.02665,0.56413,0.02577
failure_stratified_engine_v5,hard_regime,0.15,8,0.06806,0.02617,0.02083,0.01452,0.03055,0.01920,0.09861,0.04083,0.56413,0.02577
failure_stratified_engine_v5,hard_regime,0.20,8,0.10556,0.02570,0.03194,0.01196,0.04167,0.01526,0.14722,0.03286,0.56413,0.02577
failure_stratified_engine_v5,hard_regime,0.30,8,0.15834,0.02391,0.03750,0.01003,0.05556,0.01008,0.21389,0.01782,0.56413,0.02577
failure_stratified_engine_v5,jammed_fixture_failures,0.05,8,0.00000,0.00000,0.00000,0.00000,0.00000,0.00000,0.00000,0.00000,0.72512,0.02563
failure_stratified_engine_v5,jammed_fixture_failures,0.10,8,0.00000,0.00000,0.00000,0.00000,0.00000,0.00000,0.00000,0.00000,0.72512,0.02563
failure_stratified_engine_v5,jammed_fixture_failures,0.15,8,0.00000,0.00000,0.00000,0.00000,0.00000,0.00000,0.00000,0.00000,0.72512,0.02563
failure_stratified_engine_v5,jammed_fixture_failures,0.20,8,0.00000,0.00000,0.00000,0.00000,0.00000,0.00000,0.00000,0.00000,0.72512,0.02563
failure_stratified_engine_v5,jammed_fixture_failures,0.30,8,0.00000,0.00000,0.00000,0.00000,0.00000,0.00000,0.00000,0.00000,0.72512,0.02563
failure_stratified_engine_v5,nominal_task_balance,0.05,8,0.98611,0.01782,0.00000,0.00000,0.00000,0.00000,0.98611,0.01782,0.01788,0.00513
failure_stratified_engine_v5,nominal_task_balance,0.10,8,1.00000,0.00000,0.00000,0.00000,0.00000,0.00000,1.00000,0.00000,0.01788,0.00513
failure_stratified_engine_v5,nominal_task_balance,0.15,8,1.00000,0.00000,0.00000,0.00000,0.00000,0.00000,1.00000,0.00000,0.01788,0.00513
failure_stratified_engine_v5,nominal_task_balance,0.20,8,1.00000,0.00000,0.00000,0.00000,0.00000,0.00000,1.00000,0.00000,0.01788,0.00513
failure_stratified_engine_v5,nominal_task_balance,0.30,8,1.00000,0.00000,0.00000,0.00000,0.00000,0.00000,1.00000,0.00000,0.01788,0.00513
failure_stratified_engine_v5,out_of_distribution_tail,0.05,8,0.00000,0.00000,0.00000,0.00000,0.00000,0.00000,0.00000,0.00000,0.71925,0.07721
failure_stratified_engine_v5,out_of_distribution_tail,0.10,8,0.00000,0.00000,0.00000,0.00000,0.00000,0.00000,0.00000,0.00000,0.71925,0.07721
failure_stratified_engine_v5,out_of_distribution_tail,0.15,8,0.00000,0.00000,0.00000,0.00000,0.00000,0.00000,0.00000,0.00000,0.71925,0.07721
failure_stratified_engine_v5,out_of_distribution_tail,0.20,8,0.00000,0.00000,0.00000,0.00000,0.00000,0.00000,0.00000,0.00000,0.71925,0.07721
failure_stratified_engine_v5,out_of_distribution_tail,0.30,8,0.00000,0.00000,0.00000,0.00000,0.00000,0.00000,0.00000,0.00000,0.71925,0.07721
failure_stratified_engine_v5,rare_mechanism_combo,0.05,8,0.00000,0.00000,0.00000,0.00000,0.00000,0.00000,0.00000,0.00000,0.53368,0.04482
failure_stratified_engine_v5,rare_mechanism_combo,0.10,8,0.00000,0.00000,0.00000,0.00000,0.00000,0.00000,0.00000,0.00000,0.53368,0.04482
failure_stratified_engine_v5,rare_mechanism_combo,0.15,8,0.00000,0.00000,0.00000,0.00000,0.00000,0.00000,0.00000,0.00000,0.53368,0.04482
failure_stratified_engine_v5,rare_mechanism_combo,0.20,8,0.00694,0.01361,0.00000,0.00000,0.00000,0.00000,0.00694,0.01361,0.53368,0.04482
failure_stratified_engine_v5,rare_mechanism_combo,0.30,8,0.03472,0.01993,0.00000,0.00000,0.01389,0.01782,0.04861,0.02467,0.53368,0.04482
failure_stratified_engine_v5,rare_slip_failures,0.05,8,0.30555,0.17461,0.00000,0.00000,0.00000,0.00000,0.30555,0.17461,0.08644,0.02189
failure_stratified_engine_v5,rare_slip_failures,0.10,8,0.70833,0.14514,0.00694,0.01361,0.01389,0.01782,0.72222,0.14405,0.08644,0.02189
failure_stratified_engine_v5,rare_slip_failures,0.15,8,0.86111,0.07970,0.00694,0.01361,0.02083,0.01993,0.88194,0.08343,0.08644,0.02189
failure_stratified_engine_v5,rare_slip_failures,0.20,8,0.91667,0.06507,0.00694,0.01361,0.02083,0.01993,0.93750,0.06648,0.08644,0.02189
failure_stratified_engine_v5,rare_slip_failures,0.30,8,0.95139,0.03213,0.00694,0.01361,0.03472,0.02864,0.98611,0.01782,0.08644,0.02189
gradient_boosted_failure_active,actuator_limit_failures,0.05,8,0.57639,0.14395,0.00000,0.00000,0.00000,0.00000,0.57639,0.14395,0.05497,0.01036
gradient_boosted_failure_active,actuator_limit_failures,0.10,8,0.87500,0.09145,0.00000,0.00000,0.00000,0.00000,0.87500,0.09145,0.05497,0.01036
gradient_boosted_failure_active,actuator_limit_failures,0.15,8,0.99306,0.01361,0.00000,0.00000,0.00000,0.00000,0.99306,0.01361,0.05497,0.01036
gradient_boosted_failure_active,actuator_limit_failures,0.20,8,1.00000,0.00000,0.00000,0.00000,0.00000,0.00000,1.00000,0.00000,0.05497,0.01036
gradient_boosted_failure_active,actuator_limit_failures,0.30,8,1.00000,0.00000,0.00000,0.00000,0.00000,0.00000,1.00000,0.00000,0.05497,0.01036
gradient_boosted_failure_active,combined_extreme,0.05,8,0.00000,0.00000,0.00000,0.00000,0.00000,0.00000,0.00000,0.00000,0.61207,0.03017
gradient_boosted_failure_active,combined_extreme,0.10,8,0.00000,0.00000,0.00000,0.00000,0.00000,0.00000,0.00000,0.00000,0.61207,0.03017
gradient_boosted_failure_active,combined_extreme,0.15,8,0.00463,0.00907,0.00000,0.00000,0.00000,0.00000,0.00463,0.00907,0.61207,0.03017
gradient_boosted_failure_active,combined_extreme,0.20,8,0.01157,0.01176,0.00000,0.00000,0.00000,0.00000,0.01157,0.01176,0.61207,0.03017
gradient_boosted_failure_active,combined_extreme,0.30,8,0.04167,0.02890,0.00231,0.00454,0.01157,0.00664,0.05324,0.02781,0.61207,0.03017
gradient_boosted_failure_active,combined_tail_stress,0.05,8,0.00000,0.00000,0.00000,0.00000,0.00000,0.00000,0.00000,0.00000,0.51280,0.06189
gradient_boosted_failure_active,combined_tail_stress,0.10,8,0.00000,0.00000,0.00000,0.00000,0.00000,0.00000,0.00000,0.00000,0.51280,0.06189
gradient_boosted_failure_active,combined_tail_stress,0.15,8,0.00694,0.01361,0.00000,0.00000,0.00000,0.00000,0.00694,0.01361,0.51280,0.06189
gradient_boosted_failure_active,combined_tail_stress,0.20,8,0.02778,0.02910,0.00000,0.00000,0.00000,0.00000,0.02778,0.02910,0.51280,0.06189
gradient_boosted_failure_active,combined_tail_stress,0.30,8,0.10417,0.07819,0.00694,0.01361,0.02083,0.01993,0.12500,0.08167,0.51280,0.06189
gradient_boosted_failure_active,compound_sensor_actuator_shift,0.05,8,0.00694,0.01361,0.00694,0.01361,0.01389,0.02722,0.02083,0.02864,0.18425,0.04318
gradient_boosted_failure_active,compound_sensor_actuator_shift,0.10,8,0.13195,0.08715,0.04861,0.04335,0.08334,0.06825,0.21528,0.15043,0.18425,0.04318
gradient_boosted_failure_active,compound_sensor_actuator_shift,0.15,8,0.29861,0.14830,0.09722,0.05346,0.13889,0.07970,0.43750,0.21130,0.18425,0.04318
gradient_boosted_failure_active,compound_sensor_actuator_shift,0.20,8,0.45139,0.13086,0.13195,0.04572,0.18750,0.07682,0.63889,0.18520,0.18425,0.04318
gradient_boosted_failure_active,compound_sensor_actuator_shift,0.30,8,0.62500,0.09597,0.16667,0.04115,0.23611,0.05346,0.86111,0.09869,0.18425,0.04318
gradient_boosted_failure_active,fixture_geometry_shift,0.05,8,0.00000,0.00000,0.00000,0.00000,0.00000,0.00000,0.00000,0.00000,0.89725,0.04010
gradient_boosted_failure_active,fixture_geometry_shift,0.10,8,0.00000,0.00000,0.00000,0.00000,0.00000,0.00000,0.00000,0.00000,0.89725,0.04010
gradient_boosted_failure_active,fixture_geometry_shift,0.15,8,0.00000,0.00000,0.00000,0.00000,0.00000,0.00000,0.00000,0.00000,0.89725,0.04010
gradient_boosted_failure_active,fixture_geometry_shift,0.20,8,0.00000,0.00000,0.00000,0.00000,0.00000,0.00000,0.00000,0.00000,0.89725,0.04010
gradient_boosted_failure_active,fixture_geometry_shift,0.30,8,0.00000,0.00000,0.00000,0.00000,0.00000,0.00000,0.00000,0.00000,0.89725,0.04010
gradient_boosted_failure_active,hard_regime,0.05,8,0.00139,0.00272,0.00139,0.00272,0.00278,0.00544,0.00417,0.00573,0.58354,0.02401
gradient_boosted_failure_active,hard_regime,0.10,8,0.02639,0.01743,0.00972,0.00867,0.01667,0.01365,0.04305,0.03009,0.58354,0.02401
gradient_boosted_failure_active,hard_regime,0.15,8,0.06250,0.03160,0.01944,0.01069,0.02778,0.01594,0.09028,0.04384,0.58354,0.02401
gradient_boosted_failure_active,hard_regime,0.20,8,0.09722,0.02961,0.02639,0.00914,0.03750,0.01537,0.13472,0.03848,0.58354,0.02401
gradient_boosted_failure_active,hard_regime,0.30,8,0.15000,0.03394,0.03472,0.00642,0.05417,0.01044,0.20417,0.03239,0.58354,0.02401
gradient_boosted_failure_active,jammed_fixture_failures,0.05,8,0.00000,0.00000,0.00000,0.00000,0.00000,0.00000,0.00000,0.00000,0.74761,0.02068
gradient_boosted_failure_active,jammed_fixture_failures,0.10,8,0.00000,0.00000,0.00000,0.00000,0.00000,0.00000,0.00000,0.00000,0.74761,0.02068
gradient_boosted_failure_active,jammed_fixture_failures,0.15,8,0.00000,0.00000,0.00000,0.00000,0.00000,0.00000,0.00000,0.00000,0.74761,0.02068
gradient_boosted_failure_active,jammed_fixture_failures,0.20,8,0.00000,0.00000,0.00000,0.00000,0.00000,0.00000,0.00000,0.00000,0.74761,0.02068
gradient_boosted_failure_active,jammed_fixture_failures,0.30,8,0.00000,0.00000,0.00000,0.00000,0.00000,0.00000,0.00000,0.00000,0.74761,0.02068
gradient_boosted_failure_active,nominal_task_balance,0.05,8,0.98611,0.01782,0.00000,0.00000,0.00000,0.00000,0.98611,0.01782,0.01509,0.00450
gradient_boosted_failure_active,nominal_task_balance,0.10,8,1.00000,0.00000,0.00000,0.00000,0.00000,0.00000,1.00000,0.00000,0.01509,0.00450
gradient_boosted_failure_active,nominal_task_balance,0.15,8,1.00000,0.00000,0.00000,0.00000,0.00000,0.00000,1.00000,0.00000,0.01509,0.00450
gradient_boosted_failure_active,nominal_task_balance,0.20,8,1.00000,0.00000,0.00000,0.00000,0.00000,0.00000,1.00000,0.00000,0.01509,0.00450
gradient_boosted_failure_active,nominal_task_balance,0.30,8,1.00000,0.00000,0.00000,0.00000,0.00000,0.00000,1.00000,0.00000,0.01509,0.00450
gradient_boosted_failure_active,out_of_distribution_tail,0.05,8,0.00000,0.00000,0.00000,0.00000,0.00000,0.00000,0.00000,0.00000,0.77165,0.06540
gradient_boosted_failure_active,out_of_distribution_tail,0.10,8,0.00000,0.00000,0.00000,0.00000,0.00000,0.00000,0.00000,0.00000,0.77165,0.06540
gradient_boosted_failure_active,out_of_distribution_tail,0.15,8,0.00000,0.00000,0.00000,0.00000,0.00000,0.00000,0.00000,0.00000,0.77165,0.06540
gradient_boosted_failure_active,out_of_distribution_tail,0.20,8,0.00000,0.00000,0.00000,0.00000,0.00000,0.00000,0.00000,0.00000,0.77165,0.06540
gradient_boosted_failure_active,out_of_distribution_tail,0.30,8,0.00000,0.00000,0.00000,0.00000,0.00000,0.00000,0.00000,0.00000,0.77165,0.06540
gradient_boosted_failure_active,rare_mechanism_combo,0.05,8,0.00000,0.00000,0.00000,0.00000,0.00000,0.00000,0.00000,0.00000,0.55176,0.05041
gradient_boosted_failure_active,rare_mechanism_combo,0.10,8,0.00000,0.00000,0.00000,0.00000,0.00000,0.00000,0.00000,0.00000,0.55176,0.05041
gradient_boosted_failure_active,rare_mechanism_combo,0.15,8,0.00694,0.01361,0.00000,0.00000,0.00000,0.00000,0.00694,0.01361,0.55176,0.05041
gradient_boosted_failure_active,rare_mechanism_combo,0.20,8,0.00694,0.01361,0.00000,0.00000,0.00000,0.00000,0.00694,0.01361,0.55176,0.05041
gradient_boosted_failure_active,rare_mechanism_combo,0.30,8,0.02083,0.01993,0.00000,0.00000,0.01389,0.01782,0.03472,0.01993,0.55176,0.05041
gradient_boosted_failure_active,rare_slip_failures,0.05,8,0.33333,0.16590,0.00000,0.00000,0.00694,0.01361,0.34028,0.17024,0.08641,0.02306
gradient_boosted_failure_active,rare_slip_failures,0.10,8,0.72222,0.13804,0.00694,0.01361,0.01389,0.01782,0.73611,0.13611,0.08641,0.02306
gradient_boosted_failure_active,rare_slip_failures,0.15,8,0.85417,0.07953,0.00694,0.01361,0.02778,0.02910,0.88194,0.08343,0.08641,0.02306
gradient_boosted_failure_active,rare_slip_failures,0.20,8,0.89583,0.06322,0.00694,0.01361,0.02778,0.02910,0.92361,0.06487,0.08641,0.02306
gradient_boosted_failure_active,rare_slip_failures,0.30,8,0.95139,0.03213,0.00694,0.01361,0.03472,0.02864,0.98611,0.01782,0.08641,0.02306
greedy_oracle_success_upper,actuator_limit_failures,0.05,8,0.50000,0.13015,0.00000,0.00000,0.00000,0.00000,0.50000,0.13015,0.06131,0.01124
greedy_oracle_success_upper,actuator_limit_failures,0.10,8,0.85417,0.08469,0.00000,0.00000,0.00000,0.00000,0.85417,0.08469,0.06131,0.01124
greedy_oracle_success_upper,actuator_limit_failures,0.15,8,0.97222,0.04116,0.00000,0.00000,0.00000,0.00000,0.97222,0.04116,0.06131,0.01124
greedy_oracle_success_upper,actuator_limit_failures,0.20,8,1.00000,0.00000,0.00000,0.00000,0.00000,0.00000,1.00000,0.00000,0.06131,0.01124
greedy_oracle_success_upper,actuator_limit_failures,0.30,8,1.00000,0.00000,0.00000,0.00000,0.00000,0.00000,1.00000,0.00000,0.06131,0.01124
greedy_oracle_success_upper,combined_extreme,0.05,8,0.00000,0.00000,0.00000,0.00000,0.00000,0.00000,0.00000,0.00000,0.59695,0.03192
greedy_oracle_success_upper,combined_extreme,0.10,8,0.00000,0.00000,0.00000,0.00000,0.00000,0.00000,0.00000,0.00000,0.59695,0.03192
greedy_oracle_success_upper,combined_extreme,0.15,8,0.00000,0.00000,0.00000,0.00000,0.00000,0.00000,0.00000,0.00000,0.59695,0.03192
greedy_oracle_success_upper,combined_extreme,0.20,8,0.00463,0.00907,0.00000,0.00000,0.00000,0.00000,0.00463,0.00907,0.59695,0.03192
greedy_oracle_success_upper,combined_extreme,0.30,8,0.03704,0.01680,0.00000,0.00000,0.01620,0.01445,0.05324,0.02514,0.59695,0.03192
greedy_oracle_success_upper,combined_tail_stress,0.05,8,0.00000,0.00000,0.00000,0.00000,0.00000,0.00000,0.00000,0.00000,0.56307,0.05401
greedy_oracle_success_upper,combined_tail_stress,0.10,8,0.00000,0.00000,0.00000,0.00000,0.00000,0.00000,0.00000,0.00000,0.56307,0.05401
greedy_oracle_success_upper,combined_tail_stress,0.15,8,0.00000,0.00000,0.00000,0.00000,0.00000,0.00000,0.00000,0.00000,0.56307,0.05401
greedy_oracle_success_upper,combined_tail_stress,0.20,8,0.00694,0.01361,0.00000,0.00000,0.00000,0.00000,0.00694,0.01361,0.56307,0.05401
greedy_oracle_success_upper,combined_tail_stress,0.30,8,0.06945,0.04935,0.00000,0.00000,0.00694,0.01361,0.07639,0.05014,0.56307,0.05401
greedy_oracle_success_upper,compound_sensor_actuator_shift,0.05,8,0.00000,0.00000,0.00000,0.00000,0.00000,0.00000,0.00000,0.00000,0.34267,0.04899
greedy_oracle_success_upper,compound_sensor_actuator_shift,0.10,8,0.00694,0.01361,0.00694,0.01361,0.00694,0.01361,0.01389,0.02722,0.34267,0.04899
greedy_oracle_success_upper,compound_sensor_actuator_shift,0.15,8,0.03472,0.05420,0.02083,0.02864,0.02083,0.02864,0.05556,0.07970,0.34267,0.04899
greedy_oracle_success_upper,compound_sensor_actuator_shift,0.20,8,0.08333,0.08970,0.02778,0.03564,0.04167,0.04485,0.12500,0.11776,0.34267,0.04899
greedy_oracle_success_upper,compound_sensor_actuator_shift,0.30,8,0.24306,0.11629,0.09722,0.04934,0.13195,0.07110,0.37500,0.15365,0.34267,0.04899
greedy_oracle_success_upper,fixture_geometry_shift,0.05,8,0.00000,0.00000,0.00000,0.00000,0.00000,0.00000,0.00000,0.00000,0.88490,0.03805
greedy_oracle_success_upper,fixture_geometry_shift,0.10,8,0.00000,0.00000,0.00000,0.00000,0.00000,0.00000,0.00000,0.00000,0.88490,0.03805
greedy_oracle_success_upper,fixture_geometry_shift,0.15,8,0.00000,0.00000,0.00000,0.00000,0.00000,0.00000,0.00000,0.00000,0.88490,0.03805
greedy_oracle_success_upper,fixture_geometry_shift,0.20,8,0.00000,0.00000,0.00000,0.00000,0.00000,0.00000,0.00000,0.00000,0.88490,0.03805
greedy_oracle_success_upper,fixture_geometry_shift,0.30,8,0.00000,0.00000,0.00000,0.00000,0.00000,0.00000,0.00000,0.00000,0.88490,0.03805
greedy_oracle_success_upper,hard_regime,0.05,8,0.00000,0.00000,0.00000,0.00000,0.00000,0.00000,0.00000,0.00000,0.60368,0.02103
greedy_oracle_success_upper,hard_regime,0.10,8,0.00139,0.00272,0.00139,0.00272,0.00139,0.00272,0.00278,0.00544,0.60368,0.02103
greedy_oracle_success_upper,hard_regime,0.15,8,0.00694,0.01084,0.00417,0.00573,0.00417,0.00573,0.01111,0.01594,0.60368,0.02103
greedy_oracle_success_upper,hard_regime,0.20,8,0.01944,0.02319,0.00556,0.00713,0.00833,0.00897,0.02778,0.02851,0.60368,0.02103
greedy_oracle_success_upper,hard_regime,0.30,8,0.07084,0.02535,0.01944,0.00987,0.03611,0.01146,0.10695,0.02665,0.60368,0.02103
greedy_oracle_success_upper,jammed_fixture_failures,0.05,8,0.00000,0.00000,0.00000,0.00000,0.00000,0.00000,0.00000,0.00000,0.73667,0.01713
greedy_oracle_success_upper,jammed_fixture_failures,0.10,8,0.00000,0.00000,0.00000,0.00000,0.00000,0.00000,0.00000,0.00000,0.73667,0.01713
greedy_oracle_success_upper,jammed_fixture_failures,0.15,8,0.00000,0.00000,0.00000,0.00000,0.00000,0.00000,0.00000,0.00000,0.73667,0.01713
greedy_oracle_success_upper,jammed_fixture_failures,0.20,8,0.00000,0.00000,0.00000,0.00000,0.00000,0.00000,0.00000,0.00000,0.73667,0.01713
greedy_oracle_success_upper,jammed_fixture_failures,0.30,8,0.00000,0.00000,0.00000,0.00000,0.00000,0.00000,0.00000,0.00000,0.73667,0.01713
greedy_oracle_success_upper,nominal_task_balance,0.05,8,0.97222,0.04116,0.00000,0.00000,0.00000,0.00000,0.97222,0.04116,0.02006,0.00581
greedy_oracle_success_upper,nominal_task_balance,0.10,8,1.00000,0.00000,0.00000,0.00000,0.00000,0.00000,1.00000,0.00000,0.02006,0.00581
greedy_oracle_success_upper,nominal_task_balance,0.15,8,1.00000,0.00000,0.00000,0.00000,0.00000,0.00000,1.00000,0.00000,0.02006,0.00581
greedy_oracle_success_upper,nominal_task_balance,0.20,8,1.00000,0.00000,0.00000,0.00000,0.00000,0.00000,1.00000,0.00000,0.02006,0.00581
greedy_oracle_success_upper,nominal_task_balance,0.30,8,1.00000,0.00000,0.00000,0.00000,0.00000,0.00000,1.00000,0.00000,0.02006,0.00581
greedy_oracle_success_upper,out_of_distribution_tail,0.05,8,0.00000,0.00000,0.00000,0.00000,0.00000,0.00000,0.00000,0.00000,0.67058,0.09149
greedy_oracle_success_upper,out_of_distribution_tail,0.10,8,0.00000,0.00000,0.00000,0.00000,0.00000,0.00000,0.00000,0.00000,0.67058,0.09149
greedy_oracle_success_upper,out_of_distribution_tail,0.15,8,0.00000,0.00000,0.00000,0.00000,0.00000,0.00000,0.00000,0.00000,0.67058,0.09149
greedy_oracle_success_upper,out_of_distribution_tail,0.20,8,0.00000,0.00000,0.00000,0.00000,0.00000,0.00000,0.00000,0.00000,0.67058,0.09149
greedy_oracle_success_upper,out_of_distribution_tail,0.30,8,0.00694,0.01361,0.00000,0.00000,0.02778,0.03564,0.03472,0.04573,0.67058,0.09149
greedy_oracle_success_upper,rare_mechanism_combo,0.05,8,0.00000,0.00000,0.00000,0.00000,0.00000,0.00000,0.00000,0.00000,0.55719,0.04013
greedy_oracle_success_upper,rare_mechanism_combo,0.10,8,0.00000,0.00000,0.00000,0.00000,0.00000,0.00000,0.00000,0.00000,0.55719,0.04013
greedy_oracle_success_upper,rare_mechanism_combo,0.15,8,0.00000,0.00000,0.00000,0.00000,0.00000,0.00000,0.00000,0.00000,0.55719,0.04013
greedy_oracle_success_upper,rare_mechanism_combo,0.20,8,0.00694,0.01361,0.00000,0.00000,0.00000,0.00000,0.00694,0.01361,0.55719,0.04013
greedy_oracle_success_upper,rare_mechanism_combo,0.30,8,0.03472,0.01993,0.00000,0.00000,0.01389,0.01782,0.04861,0.02467,0.55719,0.04013
greedy_oracle_success_upper,rare_slip_failures,0.05,8,0.25000,0.10889,0.00000,0.00000,0.00694,0.01361,0.25694,0.11070,0.09294,0.01873
greedy_oracle_success_upper,rare_slip_failures,0.10,8,0.68056,0.12475,0.00694,0.01361,0.02083,0.02864,0.70139,0.13326,0.09294,0.01873
greedy_oracle_success_upper,rare_slip_failures,0.15,8,0.83333,0.05820,0.00694,0.01361,0.02083,0.02864,0.85417,0.06152,0.09294,0.01873
greedy_oracle_success_upper,rare_slip_failures,0.20,8,0.88889,0.06507,0.00694,0.01361,0.02778,0.02910,0.91667,0.06825,0.09294,0.01873
greedy_oracle_success_upper,rare_slip_failures,0.30,8,0.94444,0.03564,0.00694,0.01361,0.03472,0.02864,0.97917,0.02864,0.09294,0.01873
hybrid_diversity_risk,actuator_limit_failures,0.05,8,0.58334,0.10889,0.00000,0.00000,0.00000,0.00000,0.58334,0.10889,0.05387,0.00720
hybrid_diversity_risk,actuator_limit_failures,0.10,8,0.90278,0.05729,0.00000,0.00000,0.00000,0.00000,0.90278,0.05729,0.05387,0.00720
hybrid_diversity_risk,actuator_limit_failures,0.15,8,0.99306,0.01361,0.00000,0.00000,0.00000,0.00000,0.99306,0.01361,0.05387,0.00720
hybrid_diversity_risk,actuator_limit_failures,0.20,8,1.00000,0.00000,0.00000,0.00000,0.00000,0.00000,1.00000,0.00000,0.05387,0.00720
hybrid_diversity_risk,actuator_limit_failures,0.30,8,1.00000,0.00000,0.00000,0.00000,0.00000,0.00000,1.00000,0.00000,0.05387,0.00720
hybrid_diversity_risk,combined_extreme,0.05,8,0.00000,0.00000,0.00000,0.00000,0.00000,0.00000,0.00000,0.00000,0.53288,0.03499
hybrid_diversity_risk,combined_extreme,0.10,8,0.00000,0.00000,0.00000,0.00000,0.00000,0.00000,0.00000,0.00000,0.53288,0.03499
hybrid_diversity_risk,combined_extreme,0.15,8,0.00231,0.00454,0.00000,0.00000,0.00000,0.00000,0.00231,0.00454,0.53288,0.03499
hybrid_diversity_risk,combined_extreme,0.20,8,0.01620,0.01445,0.00000,0.00000,0.00231,0.00454,0.01852,0.01372,0.53288,0.03499
hybrid_diversity_risk,combined_extreme,0.30,8,0.05324,0.02695,0.00231,0.00454,0.03241,0.02351,0.08565,0.04335,0.53288,0.03499
hybrid_diversity_risk,combined_tail_stress,0.05,8,0.00000,0.00000,0.00000,0.00000,0.00000,0.00000,0.00000,0.00000,0.48091,0.05728
hybrid_diversity_risk,combined_tail_stress,0.10,8,0.00000,0.00000,0.00000,0.00000,0.00000,0.00000,0.00000,0.00000,0.48091,0.05728
hybrid_diversity_risk,combined_tail_stress,0.15,8,0.00694,0.01361,0.00000,0.00000,0.00000,0.00000,0.00694,0.01361,0.48091,0.05728
hybrid_diversity_risk,combined_tail_stress,0.20,8,0.02778,0.04116,0.00000,0.00000,0.00694,0.01361,0.03472,0.04083,0.48091,0.05728
hybrid_diversity_risk,combined_tail_stress,0.30,8,0.11806,0.08343,0.00694,0.01361,0.02083,0.01993,0.13889,0.08730,0.48091,0.05728
hybrid_diversity_risk,compound_sensor_actuator_shift,0.05,8,0.00000,0.00000,0.00000,0.00000,0.00694,0.01361,0.00694,0.01361,0.15720,0.03176
hybrid_diversity_risk,compound_sensor_actuator_shift,0.10,8,0.15972,0.08085,0.04861,0.04335,0.07639,0.05798,0.23611,0.11776,0.15720,0.03176
hybrid_diversity_risk,compound_sensor_actuator_shift,0.15,8,0.37500,0.16430,0.09722,0.04485,0.14583,0.08469,0.52083,0.22442,0.15720,0.03176
hybrid_diversity_risk,compound_sensor_actuator_shift,0.20,8,0.54861,0.12250,0.13889,0.03564,0.20833,0.06087,0.75694,0.13166,0.15720,0.03176
hybrid_diversity_risk,compound_sensor_actuator_shift,0.30,8,0.67361,0.06959,0.16667,0.04115,0.26389,0.05346,0.93750,0.04335,0.15720,0.03176
hybrid_diversity_risk,fixture_geometry_shift,0.05,8,0.00000,0.00000,0.00000,0.00000,0.00000,0.00000,0.00000,0.00000,0.87920,0.04536
hybrid_diversity_risk,fixture_geometry_shift,0.10,8,0.00000,0.00000,0.00000,0.00000,0.00000,0.00000,0.00000,0.00000,0.87920,0.04536
hybrid_diversity_risk,fixture_geometry_shift,0.15,8,0.00000,0.00000,0.00000,0.00000,0.00000,0.00000,0.00000,0.00000,0.87920,0.04536
hybrid_diversity_risk,fixture_geometry_shift,0.20,8,0.00000,0.00000,0.00000,0.00000,0.00000,0.00000,0.00000,0.00000,0.87920,0.04536
hybrid_diversity_risk,fixture_geometry_shift,0.30,8,0.00000,0.00000,0.00000,0.00000,0.00000,0.00000,0.00000,0.00000,0.87920,0.04536
hybrid_diversity_risk,hard_regime,0.05,8,0.00000,0.00000,0.00000,0.00000,0.00139,0.00272,0.00139,0.00272,0.52700,0.02606
hybrid_diversity_risk,hard_regime,0.10,8,0.03195,0.01617,0.00972,0.00867,0.01528,0.01159,0.04722,0.02355,0.52700,0.02606
hybrid_diversity_risk,hard_regime,0.15,8,0.07639,0.03380,0.01944,0.00897,0.02917,0.01694,0.10556,0.04546,0.52700,0.02606
hybrid_diversity_risk,hard_regime,0.20,8,0.11945,0.03286,0.02778,0.00713,0.04305,0.01123,0.16250,0.03265,0.52700,0.02606
hybrid_diversity_risk,hard_regime,0.30,8,0.16667,0.02503,0.03472,0.00642,0.07223,0.01594,0.23889,0.02328,0.52700,0.02606
hybrid_diversity_risk,jammed_fixture_failures,0.05,8,0.00000,0.00000,0.00000,0.00000,0.00000,0.00000,0.00000,0.00000,0.68927,0.02921
hybrid_diversity_risk,jammed_fixture_failures,0.10,8,0.00000,0.00000,0.00000,0.00000,0.00000,0.00000,0.00000,0.00000,0.68927,0.02921
hybrid_diversity_risk,jammed_fixture_failures,0.15,8,0.00000,0.00000,0.00000,0.00000,0.00000,0.00000,0.00000,0.00000,0.68927,0.02921
hybrid_diversity_risk,jammed_fixture_failures,0.20,8,0.00000,0.00000,0.00000,0.00000,0.00000,0.00000,0.00000,0.00000,0.68927,0.02921
hybrid_diversity_risk,jammed_fixture_failures,0.30,8,0.00000,0.00000,0.00000,0.00000,0.00000,0.00000,0.00000,0.00000,0.68927,0.02921
hybrid_diversity_risk,nominal_task_balance,0.05,8,0.99306,0.01361,0.00000,0.00000,0.00000,0.00000,0.99306,0.01361,0.01677,0.00458
hybrid_diversity_risk,nominal_task_balance,0.10,8,1.00000,0.00000,0.00000,0.00000,0.00000,0.00000,1.00000,0.00000,0.01677,0.00458
hybrid_diversity_risk,nominal_task_balance,0.15,8,1.00000,0.00000,0.00000,0.00000,0.00000,0.00000,1.00000,0.00000,0.01677,0.00458
hybrid_diversity_risk,nominal_task_balance,0.20,8,1.00000,0.00000,0.00000,0.00000,0.00000,0.00000,1.00000,0.00000,0.01677,0.00458
hybrid_diversity_risk,nominal_task_balance,0.30,8,1.00000,0.00000,0.00000,0.00000,0.00000,0.00000,1.00000,0.00000,0.01677,0.00458
hybrid_diversity_risk,out_of_distribution_tail,0.05,8,0.00000,0.00000,0.00000,0.00000,0.00000,0.00000,0.00000,0.00000,0.63969,0.08626
hybrid_diversity_risk,out_of_distribution_tail,0.10,8,0.00000,0.00000,0.00000,0.00000,0.00000,0.00000,0.00000,0.00000,0.63969,0.08626
hybrid_diversity_risk,out_of_distribution_tail,0.15,8,0.00000,0.00000,0.00000,0.00000,0.00000,0.00000,0.00000,0.00000,0.63969,0.08626
hybrid_diversity_risk,out_of_distribution_tail,0.20,8,0.00000,0.00000,0.00000,0.00000,0.00000,0.00000,0.00000,0.00000,0.63969,0.08626
hybrid_diversity_risk,out_of_distribution_tail,0.30,8,0.00000,0.00000,0.00000,0.00000,0.03472,0.06806,0.03472,0.06806,0.63969,0.08626
hybrid_diversity_risk,rare_mechanism_combo,0.05,8,0.00000,0.00000,0.00000,0.00000,0.00000,0.00000,0.00000,0.00000,0.47803,0.03862
hybrid_diversity_risk,rare_mechanism_combo,0.10,8,0.00000,0.00000,0.00000,0.00000,0.00000,0.00000,0.00000,0.00000,0.47803,0.03862
hybrid_diversity_risk,rare_mechanism_combo,0.15,8,0.00000,0.00000,0.00000,0.00000,0.00000,0.00000,0.00000,0.00000,0.47803,0.03862
hybrid_diversity_risk,rare_mechanism_combo,0.20,8,0.02083,0.01993,0.00000,0.00000,0.00000,0.00000,0.02083,0.01993,0.47803,0.03862
hybrid_diversity_risk,rare_mechanism_combo,0.30,8,0.04167,0.01782,0.00000,0.00000,0.04167,0.01782,0.08333,0.02058,0.47803,0.03862
hybrid_diversity_risk,rare_slip_failures,0.05,8,0.38889,0.19194,0.00000,0.00000,0.00694,0.01361,0.39583,0.19677,0.07879,0.01959
hybrid_diversity_risk,rare_slip_failures,0.10,8,0.73611,0.14660,0.00694,0.01361,0.01389,0.01782,0.75000,0.14405,0.07879,0.01959
hybrid_diversity_risk,rare_slip_failures,0.15,8,0.88194,0.07257,0.00694,0.01361,0.02778,0.02910,0.90972,0.07110,0.07879,0.01959
hybrid_diversity_risk,rare_slip_failures,0.20,8,0.90278,0.06426,0.00694,0.01361,0.03472,0.02864,0.93750,0.05221,0.07879,0.01959
hybrid_diversity_risk,rare_slip_failures,0.30,8,0.95833,0.02722,0.00694,0.01361,0.03472,0.02864,0.99306,0.01361,0.07879,0.01959
oracle_failure_strata,actuator_limit_failures,0.05,8,0.49306,0.12758,0.00000,0.00000,0.00000,0.00000,0.49306,0.12758,0.06125,0.01108
oracle_failure_strata,actuator_limit_failures,0.10,8,0.85417,0.09188,0.00000,0.00000,0.00000,0.00000,0.85417,0.09188,0.06125,0.01108
oracle_failure_strata,actuator_limit_failures,0.15,8,0.95833,0.03985,0.00000,0.00000,0.00000,0.00000,0.95833,0.03985,0.06125,0.01108
oracle_failure_strata,actuator_limit_failures,0.20,8,1.00000,0.00000,0.00000,0.00000,0.00000,0.00000,1.00000,0.00000,0.06125,0.01108
oracle_failure_strata,actuator_limit_failures,0.30,8,1.00000,0.00000,0.00000,0.00000,0.00000,0.00000,1.00000,0.00000,0.06125,0.01108
oracle_failure_strata,combined_extreme,0.05,8,0.00000,0.00000,0.00000,0.00000,0.00000,0.00000,0.00000,0.00000,0.58113,0.03507
oracle_failure_strata,combined_extreme,0.10,8,0.00000,0.00000,0.00000,0.00000,0.00000,0.00000,0.00000,0.00000,0.58113,0.03507
oracle_failure_strata,combined_extreme,0.15,8,0.00231,0.00454,0.00000,0.00000,0.00000,0.00000,0.00231,0.00454,0.58113,0.03507
oracle_failure_strata,combined_extreme,0.20,8,0.01157,0.01176,0.00000,0.00000,0.00000,0.00000,0.01157,0.01176,0.58113,0.03507
oracle_failure_strata,combined_extreme,0.30,8,0.04398,0.01933,0.00000,0.00000,0.02083,0.01600,0.06482,0.02990,0.58113,0.03507
oracle_failure_strata,combined_tail_stress,0.05,8,0.00000,0.00000,0.00000,0.00000,0.00000,0.00000,0.00000,0.00000,0.55580,0.05952
oracle_failure_strata,combined_tail_stress,0.10,8,0.00000,0.00000,0.00000,0.00000,0.00000,0.00000,0.00000,0.00000,0.55580,0.05952
oracle_failure_strata,combined_tail_stress,0.15,8,0.00000,0.00000,0.00000,0.00000,0.00000,0.00000,0.00000,0.00000,0.55580,0.05952
oracle_failure_strata,combined_tail_stress,0.20,8,0.02083,0.02864,0.00000,0.00000,0.00000,0.00000,0.02083,0.02864,0.55580,0.05952
oracle_failure_strata,combined_tail_stress,0.30,8,0.07639,0.05420,0.00000,0.00000,0.00694,0.01361,0.08334,0.05445,0.55580,0.05952
oracle_failure_strata,compound_sensor_actuator_shift,0.05,8,0.00000,0.00000,0.00000,0.00000,0.00000,0.00000,0.00000,0.00000,0.33490,0.04672
oracle_failure_strata,compound_sensor_actuator_shift,0.10,8,0.01389,0.02722,0.00694,0.01361,0.00694,0.01361,0.02083,0.04083,0.33490,0.04672
oracle_failure_strata,compound_sensor_actuator_shift,0.15,8,0.03472,0.05420,0.02083,0.02864,0.02778,0.03564,0.06250,0.08085,0.33490,0.04672
oracle_failure_strata,compound_sensor_actuator_shift,0.20,8,0.09028,0.08715,0.03472,0.03527,0.04861,0.04335,0.13889,0.11271,0.33490,0.04672
oracle_failure_strata,compound_sensor_actuator_shift,0.30,8,0.27778,0.11082,0.11111,0.05041,0.14584,0.06805,0.42361,0.12507,0.33490,0.04672
oracle_failure_strata,fixture_geometry_shift,0.05,8,0.00000,0.00000,0.00000,0.00000,0.00000,0.00000,0.00000,0.00000,0.87308,0.03852
oracle_failure_strata,fixture_geometry_shift,0.10,8,0.00000,0.00000,0.00000,0.00000,0.00000,0.00000,0.00000,0.00000,0.87308,0.03852
oracle_failure_strata,fixture_geometry_shift,0.15,8,0.00000,0.00000,0.00000,0.00000,0.00000,0.00000,0.00000,0.00000,0.87308,0.03852
oracle_failure_strata,fixture_geometry_shift,0.20,8,0.00000,0.00000,0.00000,0.00000,0.00000,0.00000,0.00000,0.00000,0.87308,0.03852
oracle_failure_strata,fixture_geometry_shift,0.30,8,0.00000,0.00000,0.00000,0.00000,0.00000,0.00000,0.00000,0.00000,0.87308,0.03852
oracle_failure_strata,hard_regime,0.05,8,0.00000,0.00000,0.00000,0.00000,0.00000,0.00000,0.00000,0.00000,0.59027,0.02436
oracle_failure_strata,hard_regime,0.10,8,0.00278,0.00544,0.00139,0.00272,0.00139,0.00272,0.00417,0.00817,0.59027,0.02436
oracle_failure_strata,hard_regime,0.15,8,0.00833,0.01349,0.00417,0.00573,0.00556,0.00713,0.01389,0.01875,0.59027,0.02436
oracle_failure_strata,hard_regime,0.20,8,0.02500,0.02245,0.00694,0.00705,0.00972,0.00867,0.03472,0.02805,0.59027,0.02436
oracle_failure_strata,hard_regime,0.30,8,0.08195,0.02633,0.02222,0.01008,0.04167,0.01218,0.12361,0.02450,0.59027,0.02436
oracle_failure_strata,jammed_fixture_failures,0.05,8,0.00000,0.00000,0.00000,0.00000,0.00000,0.00000,0.00000,0.00000,0.76256,0.03017
oracle_failure_strata,jammed_fixture_failures,0.10,8,0.00000,0.00000,0.00000,0.00000,0.00000,0.00000,0.00000,0.00000,0.76256,0.03017
oracle_failure_strata,jammed_fixture_failures,0.15,8,0.00000,0.00000,0.00000,0.00000,0.00000,0.00000,0.00000,0.00000,0.76256,0.03017
oracle_failure_strata,jammed_fixture_failures,0.20,8,0.00000,0.00000,0.00000,0.00000,0.00000,0.00000,0.00000,0.00000,0.76256,0.03017
oracle_failure_strata,jammed_fixture_failures,0.30,8,0.00000,0.00000,0.00000,0.00000,0.00000,0.00000,0.00000,0.00000,0.76256,0.03017
oracle_failure_strata,nominal_task_balance,0.05,8,0.93750,0.08593,0.00000,0.00000,0.00000,0.00000,0.93750,0.08593,0.02405,0.00721
oracle_failure_strata,nominal_task_balance,0.10,8,1.00000,0.00000,0.00000,0.00000,0.00000,0.00000,1.00000,0.00000,0.02405,0.00721
oracle_failure_strata,nominal_task_balance,0.15,8,1.00000,0.00000,0.00000,0.00000,0.00000,0.00000,1.00000,0.00000,0.02405,0.00721
oracle_failure_strata,nominal_task_balance,0.20,8,1.00000,0.00000,0.00000,0.00000,0.00000,0.00000,1.00000,0.00000,0.02405,0.00721
oracle_failure_strata,nominal_task_balance,0.30,8,1.00000,0.00000,0.00000,0.00000,0.00000,0.00000,1.00000,0.00000,0.02405,0.00721
oracle_failure_strata,out_of_distribution_tail,0.05,8,0.00000,0.00000,0.00000,0.00000,0.00000,0.00000,0.00000,0.00000,0.66331,0.09414
oracle_failure_strata,out_of_distribution_tail,0.10,8,0.00000,0.00000,0.00000,0.00000,0.00000,0.00000,0.00000,0.00000,0.66331,0.09414
oracle_failure_strata,out_of_distribution_tail,0.15,8,0.00000,0.00000,0.00000,0.00000,0.00000,0.00000,0.00000,0.00000,0.66331,0.09414
oracle_failure_strata,out_of_distribution_tail,0.20,8,0.00000,0.00000,0.00000,0.00000,0.00000,0.00000,0.00000,0.00000,0.66331,0.09414
oracle_failure_strata,out_of_distribution_tail,0.30,8,0.00694,0.01361,0.00000,0.00000,0.02778,0.03564,0.03472,0.04573,0.66331,0.09414
oracle_failure_strata,rare_mechanism_combo,0.05,8,0.00000,0.00000,0.00000,0.00000,0.00000,0.00000,0.00000,0.00000,0.52427,0.04120
oracle_failure_strata,rare_mechanism_combo,0.10,8,0.00000,0.00000,0.00000,0.00000,0.00000,0.00000,0.00000,0.00000,0.52427,0.04120
oracle_failure_strata,rare_mechanism_combo,0.15,8,0.00694,0.01361,0.00000,0.00000,0.00000,0.00000,0.00694,0.01361,0.52427,0.04120
oracle_failure_strata,rare_mechanism_combo,0.20,8,0.01389,0.01782,0.00000,0.00000,0.00000,0.00000,0.01389,0.01782,0.52427,0.04120
oracle_failure_strata,rare_mechanism_combo,0.30,8,0.04861,0.02467,0.00000,0.00000,0.02778,0.02058,0.07639,0.02864,0.52427,0.04120
oracle_failure_strata,rare_slip_failures,0.05,8,0.15972,0.09528,0.00000,0.00000,0.00000,0.00000,0.15972,0.09528,0.12241,0.02384
oracle_failure_strata,rare_slip_failures,0.10,8,0.52083,0.17086,0.00694,0.01361,0.01389,0.01782,0.53472,0.17453,0.12241,0.02384
oracle_failure_strata,rare_slip_failures,0.15,8,0.75000,0.11641,0.00694,0.01361,0.02083,0.02864,0.77083,0.11899,0.12241,0.02384
oracle_failure_strata,rare_slip_failures,0.20,8,0.84028,0.06322,0.00694,0.01361,0.02083,0.02864,0.86111,0.06507,0.12241,0.02384
oracle_failure_strata,rare_slip_failures,0.30,8,0.88194,0.06648,0.00694,0.01361,0.03472,0.02864,0.91667,0.06173,0.12241,0.02384
random_forest_failure_active,actuator_limit_failures,0.05,8,0.52778,0.12174,0.00000,0.00000,0.00000,0.00000,0.52778,0.12174,0.06110,0.01011
random_forest_failure_active,actuator_limit_failures,0.10,8,0.83333,0.06825,0.00000,0.00000,0.00000,0.00000,0.83333,0.06825,0.06110,0.01011
random_forest_failure_active,actuator_limit_failures,0.15,8,0.95833,0.03985,0.00000,0.00000,0.00000,0.00000,0.95833,0.03985,0.06110,0.01011
random_forest_failure_active,actuator_limit_failures,0.20,8,1.00000,0.00000,0.00000,0.00000,0.00000,0.00000,1.00000,0.00000,0.06110,0.01011
random_forest_failure_active,actuator_limit_failures,0.30,8,1.00000,0.00000,0.00000,0.00000,0.00000,0.00000,1.00000,0.00000,0.06110,0.01011
random_forest_failure_active,combined_extreme,0.05,8,0.00000,0.00000,0.00000,0.00000,0.00000,0.00000,0.00000,0.00000,0.57845,0.02496
random_forest_failure_active,combined_extreme,0.10,8,0.00231,0.00454,0.00000,0.00000,0.00000,0.00000,0.00231,0.00454,0.57845,0.02496
random_forest_failure_active,combined_extreme,0.15,8,0.01157,0.00955,0.00000,0.00000,0.00000,0.00000,0.01157,0.00955,0.57845,0.02496
random_forest_failure_active,combined_extreme,0.20,8,0.02315,0.01328,0.00000,0.00000,0.00231,0.00454,0.02546,0.01176,0.57845,0.02496
random_forest_failure_active,combined_extreme,0.30,8,0.08102,0.02561,0.00463,0.00907,0.03009,0.01361,0.11111,0.03360,0.57845,0.02496
random_forest_failure_active,combined_tail_stress,0.05,8,0.00000,0.00000,0.00000,0.00000,0.00000,0.00000,0.00000,0.00000,0.50829,0.06044
random_forest_failure_active,combined_tail_stress,0.10,8,0.00000,0.00000,0.00000,0.00000,0.00000,0.00000,0.00000,0.00000,0.50829,0.06044
random_forest_failure_active,combined_tail_stress,0.15,8,0.01389,0.01782,0.00000,0.00000,0.00000,0.00000,0.01389,0.01782,0.50829,0.06044
random_forest_failure_active,combined_tail_stress,0.20,8,0.04861,0.03213,0.00000,0.00000,0.00694,0.01361,0.05556,0.02910,0.50829,0.06044
random_forest_failure_active,combined_tail_stress,0.30,8,0.11806,0.06648,0.00694,0.01361,0.02083,0.01993,0.13889,0.07420,0.50829,0.06044
random_forest_failure_active,compound_sensor_actuator_shift,0.05,8,0.04861,0.04799,0.02083,0.01993,0.03472,0.02864,0.08333,0.06507,0.15733,0.03989
random_forest_failure_active,compound_sensor_actuator_shift,0.10,8,0.20139,0.10877,0.06945,0.05346,0.11111,0.08730,0.31250,0.18167,0.15733,0.03989
random_forest_failure_active,compound_sensor_actuator_shift,0.15,8,0.39583,0.15998,0.13195,0.04572,0.18056,0.07348,0.57639,0.20156,0.15733,0.03989
random_forest_failure_active,compound_sensor_actuator_shift,0.20,8,0.54167,0.12304,0.15972,0.03815,0.22222,0.05820,0.76389,0.12974,0.15733,0.03989
random_forest_failure_active,compound_sensor_actuator_shift,0.30,8,0.66667,0.07419,0.16667,0.04115,0.24305,0.05420,0.90972,0.06152,0.15733,0.03989
random_forest_failure_active,fixture_geometry_shift,0.05,8,0.00000,0.00000,0.00000,0.00000,0.00000,0.00000,0.00000,0.00000,0.93146,0.02721
random_forest_failure_active,fixture_geometry_shift,0.10,8,0.00000,0.00000,0.00000,0.00000,0.00000,0.00000,0.00000,0.00000,0.93146,0.02721
random_forest_failure_active,fixture_geometry_shift,0.15,8,0.00000,0.00000,0.00000,0.00000,0.00000,0.00000,0.00000,0.00000,0.93146,0.02721
random_forest_failure_active,fixture_geometry_shift,0.20,8,0.00000,0.00000,0.00000,0.00000,0.00000,0.00000,0.00000,0.00000,0.93146,0.02721
random_forest_failure_active,fixture_geometry_shift,0.30,8,0.00000,0.00000,0.00000,0.00000,0.00000,0.00000,0.00000,0.00000,0.93146,0.02721
random_forest_failure_active,hard_regime,0.05,8,0.00972,0.00960,0.00417,0.00398,0.00694,0.00573,0.01666,0.01301,0.56483,0.01848
random_forest_failure_active,hard_regime,0.10,8,0.04167,0.02245,0.01389,0.01069,0.02222,0.01746,0.06389,0.03675,0.56483,0.01848
random_forest_failure_active,hard_regime,0.15,8,0.08611,0.03462,0.02639,0.00914,0.03611,0.01470,0.12223,0.04316,0.56483,0.01848
random_forest_failure_active,hard_regime,0.20,8,0.12222,0.03107,0.03194,0.00763,0.04583,0.01123,0.16806,0.03092,0.56483,0.01848
random_forest_failure_active,hard_regime,0.30,8,0.18194,0.02568,0.03611,0.00544,0.06667,0.00713,0.24861,0.02467,0.56483,0.01848
random_forest_failure_active,jammed_fixture_failures,0.05,8,0.00000,0.00000,0.00000,0.00000,0.00000,0.00000,0.00000,0.00000,0.84568,0.01429
random_forest_failure_active,jammed_fixture_failures,0.10,8,0.00000,0.00000,0.00000,0.00000,0.00000,0.00000,0.00000,0.00000,0.84568,0.01429
random_forest_failure_active,jammed_fixture_failures,0.15,8,0.00000,0.00000,0.00000,0.00000,0.00000,0.00000,0.00000,0.00000,0.84568,0.01429
random_forest_failure_active,jammed_fixture_failures,0.20,8,0.00000,0.00000,0.00000,0.00000,0.00000,0.00000,0.00000,0.00000,0.84568,0.01429
random_forest_failure_active,jammed_fixture_failures,0.30,8,0.00000,0.00000,0.00000,0.00000,0.00000,0.00000,0.00000,0.00000,0.84568,0.01429
random_forest_failure_active,nominal_task_balance,0.05,8,0.97222,0.03564,0.00000,0.00000,0.00000,0.00000,0.97222,0.03564,0.01876,0.00498
random_forest_failure_active,nominal_task_balance,0.10,8,1.00000,0.00000,0.00000,0.00000,0.00000,0.00000,1.00000,0.00000,0.01876,0.00498
random_forest_failure_active,nominal_task_balance,0.15,8,1.00000,0.00000,0.00000,0.00000,0.00000,0.00000,1.00000,0.00000,0.01876,0.00498
random_forest_failure_active,nominal_task_balance,0.20,8,1.00000,0.00000,0.00000,0.00000,0.00000,0.00000,1.00000,0.00000,0.01876,0.00498
random_forest_failure_active,nominal_task_balance,0.30,8,1.00000,0.00000,0.00000,0.00000,0.00000,0.00000,1.00000,0.00000,0.01876,0.00498
random_forest_failure_active,out_of_distribution_tail,0.05,8,0.00000,0.00000,0.00000,0.00000,0.00000,0.00000,0.00000,0.00000,0.75441,0.06807
random_forest_failure_active,out_of_distribution_tail,0.10,8,0.00000,0.00000,0.00000,0.00000,0.00000,0.00000,0.00000,0.00000,0.75441,0.06807
random_forest_failure_active,out_of_distribution_tail,0.15,8,0.00000,0.00000,0.00000,0.00000,0.00000,0.00000,0.00000,0.00000,0.75441,0.06807
random_forest_failure_active,out_of_distribution_tail,0.20,8,0.00000,0.00000,0.00000,0.00000,0.00000,0.00000,0.00000,0.00000,0.75441,0.06807
random_forest_failure_active,out_of_distribution_tail,0.30,8,0.00000,0.00000,0.00000,0.00000,0.00694,0.01361,0.00694,0.01361,0.75441,0.06807
random_forest_failure_active,rare_mechanism_combo,0.05,8,0.00000,0.00000,0.00000,0.00000,0.00000,0.00000,0.00000,0.00000,0.47266,0.05107
random_forest_failure_active,rare_mechanism_combo,0.10,8,0.00694,0.01361,0.00000,0.00000,0.00000,0.00000,0.00694,0.01361,0.47266,0.05107
random_forest_failure_active,rare_mechanism_combo,0.15,8,0.02083,0.01993,0.00000,0.00000,0.00000,0.00000,0.02083,0.01993,0.47266,0.05107
random_forest_failure_active,rare_mechanism_combo,0.20,8,0.02083,0.01993,0.00000,0.00000,0.00000,0.00000,0.02083,0.01993,0.47266,0.05107
random_forest_failure_active,rare_mechanism_combo,0.30,8,0.12500,0.05729,0.00694,0.01361,0.06250,0.03213,0.18750,0.06487,0.47266,0.05107
random_forest_failure_active,rare_slip_failures,0.05,8,0.36806,0.16325,0.00000,0.00000,0.00694,0.01361,0.37500,0.16430,0.08911,0.02484
random_forest_failure_active,rare_slip_failures,0.10,8,0.71528,0.13562,0.00694,0.01361,0.02083,0.01993,0.73611,0.13919,0.08911,0.02484
random_forest_failure_active,rare_slip_failures,0.15,8,0.83333,0.08231,0.00694,0.01361,0.02083,0.01993,0.85417,0.08469,0.08911,0.02484
random_forest_failure_active,rare_slip_failures,0.20,8,0.88889,0.06507,0.00694,0.01361,0.02778,0.02910,0.91667,0.06825,0.08911,0.02484
random_forest_failure_active,rare_slip_failures,0.30,8,0.93750,0.04335,0.00694,0.01361,0.03472,0.02864,0.97222,0.02910,0.08911,0.02484
random_sampling,actuator_limit_failures,0.05,8,0.58334,0.11082,0.00000,0.00000,0.00000,0.00000,0.58334,0.11082,0.05272,0.00769
random_sampling,actuator_limit_failures,0.10,8,0.88889,0.06825,0.00000,0.00000,0.00000,0.00000,0.88889,0.06825,0.05272,0.00769
random_sampling,actuator_limit_failures,0.15,8,0.98611,0.01782,0.00000,0.00000,0.00000,0.00000,0.98611,0.01782,0.05272,0.00769
random_sampling,actuator_limit_failures,0.20,8,1.00000,0.00000,0.00000,0.00000,0.00000,0.00000,1.00000,0.00000,0.05272,0.00769
random_sampling,actuator_limit_failures,0.30,8,1.00000,0.00000,0.00000,0.00000,0.00000,0.00000,1.00000,0.00000,0.05272,0.00769
random_sampling,combined_extreme,0.05,8,0.00000,0.00000,0.00000,0.00000,0.00000,0.00000,0.00000,0.00000,0.56900,0.02890
random_sampling,combined_extreme,0.10,8,0.00000,0.00000,0.00000,0.00000,0.00000,0.00000,0.00000,0.00000,0.56900,0.02890
random_sampling,combined_extreme,0.15,8,0.01157,0.01176,0.00000,0.00000,0.00000,0.00000,0.01157,0.01176,0.56900,0.02890
random_sampling,combined_extreme,0.20,8,0.01620,0.01071,0.00000,0.00000,0.00000,0.00000,0.01620,0.01071,0.56900,0.02890
random_sampling,combined_extreme,0.30,8,0.06019,0.02351,0.00231,0.00454,0.01620,0.00822,0.07639,0.02419,0.56900,0.02890
random_sampling,combined_tail_stress,0.05,8,0.00000,0.00000,0.00000,0.00000,0.00000,0.00000,0.00000,0.00000,0.50496,0.06358
random_sampling,combined_tail_stress,0.10,8,0.00000,0.00000,0.00000,0.00000,0.00000,0.00000,0.00000,0.00000,0.50496,0.06358
random_sampling,combined_tail_stress,0.15,8,0.02083,0.02864,0.00000,0.00000,0.00000,0.00000,0.02083,0.02864,0.50496,0.06358
random_sampling,combined_tail_stress,0.20,8,0.02778,0.02910,0.00000,0.00000,0.00000,0.00000,0.02778,0.02910,0.50496,0.06358
random_sampling,combined_tail_stress,0.30,8,0.11806,0.06648,0.00694,0.01361,0.02083,0.01993,0.13889,0.07128,0.50496,0.06358
random_sampling,compound_sensor_actuator_shift,0.05,8,0.00000,0.00000,0.01389,0.02722,0.02083,0.04083,0.02083,0.04083,0.19186,0.04316
random_sampling,compound_sensor_actuator_shift,0.10,8,0.11111,0.07700,0.04861,0.04335,0.08334,0.06825,0.19445,0.14257,0.19186,0.04316
random_sampling,compound_sensor_actuator_shift,0.15,8,0.26389,0.12475,0.07639,0.05014,0.11806,0.08343,0.38194,0.18797,0.19186,0.04316
random_sampling,compound_sensor_actuator_shift,0.20,8,0.43750,0.15322,0.13889,0.04116,0.19444,0.07128,0.63194,0.19187,0.19186,0.04316
random_sampling,compound_sensor_actuator_shift,0.30,8,0.62500,0.08422,0.16667,0.04115,0.24305,0.05420,0.86805,0.08715,0.19186,0.04316
random_sampling,fixture_geometry_shift,0.05,8,0.00000,0.00000,0.00000,0.00000,0.00000,0.00000,0.00000,0.00000,0.90375,0.02649
random_sampling,fixture_geometry_shift,0.10,8,0.00000,0.00000,0.00000,0.00000,0.00000,0.00000,0.00000,0.00000,0.90375,0.02649
random_sampling,fixture_geometry_shift,0.15,8,0.00000,0.00000,0.00000,0.00000,0.00000,0.00000,0.00000,0.00000,0.90375,0.02649
random_sampling,fixture_geometry_shift,0.20,8,0.00000,0.00000,0.00000,0.00000,0.00000,0.00000,0.00000,0.00000,0.90375,0.02649
random_sampling,fixture_geometry_shift,0.30,8,0.00000,0.00000,0.00000,0.00000,0.00000,0.00000,0.00000,0.00000,0.90375,0.02649
random_sampling,hard_regime,0.05,8,0.00000,0.00000,0.00278,0.00544,0.00417,0.00817,0.00417,0.00817,0.56052,0.02208
random_sampling,hard_regime,0.10,8,0.02222,0.01540,0.00972,0.00867,0.01667,0.01365,0.03889,0.02851,0.56052,0.02208
random_sampling,hard_regime,0.15,8,0.05972,0.03050,0.01528,0.01003,0.02361,0.01669,0.08333,0.04177,0.56052,0.02208
random_sampling,hard_regime,0.20,8,0.09722,0.03629,0.02778,0.00823,0.03889,0.01426,0.13611,0.04351,0.56052,0.02208
random_sampling,hard_regime,0.30,8,0.16111,0.02730,0.03472,0.00642,0.05834,0.00897,0.21945,0.02627,0.56052,0.02208
random_sampling,jammed_fixture_failures,0.05,8,0.00000,0.00000,0.00000,0.00000,0.00000,0.00000,0.00000,0.00000,0.74937,0.02523
random_sampling,jammed_fixture_failures,0.10,8,0.00000,0.00000,0.00000,0.00000,0.00000,0.00000,0.00000,0.00000,0.74937,0.02523
random_sampling,jammed_fixture_failures,0.15,8,0.00000,0.00000,0.00000,0.00000,0.00000,0.00000,0.00000,0.00000,0.74937,0.02523
random_sampling,jammed_fixture_failures,0.20,8,0.00000,0.00000,0.00000,0.00000,0.00000,0.00000,0.00000,0.00000,0.74937,0.02523
random_sampling,jammed_fixture_failures,0.30,8,0.00000,0.00000,0.00000,0.00000,0.00000,0.00000,0.00000,0.00000,0.74937,0.02523
random_sampling,nominal_task_balance,0.05,8,0.99306,0.01361,0.00000,0.00000,0.00000,0.00000,0.99306,0.01361,0.01571,0.00413
random_sampling,nominal_task_balance,0.10,8,1.00000,0.00000,0.00000,0.00000,0.00000,0.00000,1.00000,0.00000,0.01571,0.00413
random_sampling,nominal_task_balance,0.15,8,1.00000,0.00000,0.00000,0.00000,0.00000,0.00000,1.00000,0.00000,0.01571,0.00413
random_sampling,nominal_task_balance,0.20,8,1.00000,0.00000,0.00000,0.00000,0.00000,0.00000,1.00000,0.00000,0.01571,0.00413
random_sampling,nominal_task_balance,0.30,8,1.00000,0.00000,0.00000,0.00000,0.00000,0.00000,1.00000,0.00000,0.01571,0.00413
random_sampling,out_of_distribution_tail,0.05,8,0.00000,0.00000,0.00000,0.00000,0.00000,0.00000,0.00000,0.00000,0.67620,0.07531
random_sampling,out_of_distribution_tail,0.10,8,0.00000,0.00000,0.00000,0.00000,0.00000,0.00000,0.00000,0.00000,0.67620,0.07531
random_sampling,out_of_distribution_tail,0.15,8,0.00000,0.00000,0.00000,0.00000,0.00000,0.00000,0.00000,0.00000,0.67620,0.07531
random_sampling,out_of_distribution_tail,0.20,8,0.00000,0.00000,0.00000,0.00000,0.00000,0.00000,0.00000,0.00000,0.67620,0.07531
random_sampling,out_of_distribution_tail,0.30,8,0.00000,0.00000,0.00000,0.00000,0.00694,0.01361,0.00694,0.01361,0.67620,0.07531
random_sampling,rare_mechanism_combo,0.05,8,0.00000,0.00000,0.00000,0.00000,0.00000,0.00000,0.00000,0.00000,0.52584,0.04057
random_sampling,rare_mechanism_combo,0.10,8,0.00000,0.00000,0.00000,0.00000,0.00000,0.00000,0.00000,0.00000,0.52584,0.04057
random_sampling,rare_mechanism_combo,0.15,8,0.01389,0.01782,0.00000,0.00000,0.00000,0.00000,0.01389,0.01782,0.52584,0.04057
random_sampling,rare_mechanism_combo,0.20,8,0.02083,0.01993,0.00000,0.00000,0.00000,0.00000,0.02083,0.01993,0.52584,0.04057
random_sampling,rare_mechanism_combo,0.30,8,0.06250,0.03815,0.00000,0.00000,0.02083,0.01993,0.08334,0.03564,0.52584,0.04057
random_sampling,rare_slip_failures,0.05,8,0.34028,0.17270,0.00000,0.00000,0.00000,0.00000,0.34028,0.17270,0.08598,0.02270
random_sampling,rare_slip_failures,0.10,8,0.72917,0.13246,0.00694,0.01361,0.01389,0.01782,0.74306,0.13166,0.08598,0.02270
random_sampling,rare_slip_failures,0.15,8,0.86806,0.07953,0.00694,0.01361,0.02778,0.02910,0.89583,0.08593,0.08598,0.02270
random_sampling,rare_slip_failures,0.20,8,0.89583,0.06322,0.00694,0.01361,0.02778,0.02910,0.92361,0.06487,0.08598,0.02270
random_sampling,rare_slip_failures,0.30,8,0.95139,0.03213,0.00694,0.01361,0.03472,0.02864,0.98611,0.01782,0.08598,0.02270
state_diversity_coreset,actuator_limit_failures,0.05,8,0.34028,0.11353,0.00000,0.00000,0.00000,0.00000,0.34028,0.11353,0.07272,0.01120
state_diversity_coreset,actuator_limit_failures,0.10,8,0.77778,0.07699,0.00000,0.00000,0.00000,0.00000,0.77778,0.07699,0.07272,0.01120
state_diversity_coreset,actuator_limit_failures,0.15,8,0.94444,0.04601,0.00000,0.00000,0.00000,0.00000,0.94444,0.04601,0.07272,0.01120
state_diversity_coreset,actuator_limit_failures,0.20,8,1.00000,0.00000,0.00000,0.00000,0.00000,0.00000,1.00000,0.00000,0.07272,0.01120
state_diversity_coreset,actuator_limit_failures,0.30,8,1.00000,0.00000,0.00000,0.00000,0.00000,0.00000,1.00000,0.00000,0.07272,0.01120
state_diversity_coreset,combined_extreme,0.05,8,0.00000,0.00000,0.00000,0.00000,0.00000,0.00000,0.00000,0.00000,0.57119,0.03035
state_diversity_coreset,combined_extreme,0.10,8,0.00000,0.00000,0.00000,0.00000,0.00000,0.00000,0.00000,0.00000,0.57119,0.03035
state_diversity_coreset,combined_extreme,0.15,8,0.00000,0.00000,0.00000,0.00000,0.00000,0.00000,0.00000,0.00000,0.57119,0.03035
state_diversity_coreset,combined_extreme,0.20,8,0.01157,0.01176,0.00000,0.00000,0.00000,0.00000,0.01157,0.01176,0.57119,0.03035
state_diversity_coreset,combined_extreme,0.30,8,0.04630,0.02376,0.00000,0.00000,0.00694,0.00664,0.05324,0.02514,0.57119,0.03035
state_diversity_coreset,combined_tail_stress,0.05,8,0.00000,0.00000,0.00000,0.00000,0.00000,0.00000,0.00000,0.00000,0.50824,0.04793
state_diversity_coreset,combined_tail_stress,0.10,8,0.00000,0.00000,0.00000,0.00000,0.00000,0.00000,0.00000,0.00000,0.50824,0.04793
state_diversity_coreset,combined_tail_stress,0.15,8,0.00000,0.00000,0.00000,0.00000,0.00000,0.00000,0.00000,0.00000,0.50824,0.04793
state_diversity_coreset,combined_tail_stress,0.20,8,0.02778,0.02910,0.00000,0.00000,0.00000,0.00000,0.02778,0.02910,0.50824,0.04793
state_diversity_coreset,combined_tail_stress,0.30,8,0.10417,0.07257,0.00000,0.00000,0.00694,0.01361,0.11111,0.07419,0.50824,0.04793
state_diversity_coreset,compound_sensor_actuator_shift,0.05,8,0.00000,0.00000,0.00000,0.00000,0.00000,0.00000,0.00000,0.00000,0.25035,0.02715
state_diversity_coreset,compound_sensor_actuator_shift,0.10,8,0.00694,0.01361,0.01389,0.01782,0.02083,0.02864,0.02778,0.03564,0.25035,0.02715
state_diversity_coreset,compound_sensor_actuator_shift,0.15,8,0.07639,0.06487,0.03472,0.03527,0.06250,0.04335,0.13889,0.08485,0.25035,0.02715
state_diversity_coreset,compound_sensor_actuator_shift,0.20,8,0.21528,0.08085,0.07639,0.04083,0.11806,0.06322,0.33333,0.11999,0.25035,0.02715
state_diversity_coreset,compound_sensor_actuator_shift,0.30,8,0.49306,0.06959,0.15972,0.03815,0.24306,0.05014,0.73611,0.09145,0.25035,0.02715
state_diversity_coreset,fixture_geometry_shift,0.05,8,0.00000,0.00000,0.00000,0.00000,0.00000,0.00000,0.00000,0.00000,0.88419,0.02396
state_diversity_coreset,fixture_geometry_shift,0.10,8,0.00000,0.00000,0.00000,0.00000,0.00000,0.00000,0.00000,0.00000,0.88419,0.02396
state_diversity_coreset,fixture_geometry_shift,0.15,8,0.00000,0.00000,0.00000,0.00000,0.00000,0.00000,0.00000,0.00000,0.88419,0.02396
state_diversity_coreset,fixture_geometry_shift,0.20,8,0.00000,0.00000,0.00000,0.00000,0.00000,0.00000,0.00000,0.00000,0.88419,0.02396
state_diversity_coreset,fixture_geometry_shift,0.30,8,0.00000,0.00000,0.00000,0.00000,0.00000,0.00000,0.00000,0.00000,0.88419,0.02396
state_diversity_coreset,hard_regime,0.05,8,0.00000,0.00000,0.00000,0.00000,0.00000,0.00000,0.00000,0.00000,0.56963,0.01959
state_diversity_coreset,hard_regime,0.10,8,0.00139,0.00272,0.00278,0.00356,0.00417,0.00573,0.00556,0.00713,0.56963,0.01959
state_diversity_coreset,hard_regime,0.15,8,0.01528,0.01297,0.00694,0.00705,0.01250,0.00867,0.02778,0.01697,0.56963,0.01959
state_diversity_coreset,hard_regime,0.20,8,0.05000,0.01886,0.01528,0.00817,0.02361,0.01264,0.07361,0.02501,0.56963,0.01959
state_diversity_coreset,hard_regime,0.30,8,0.12639,0.02214,0.03194,0.00763,0.05278,0.00987,0.17917,0.02034,0.56963,0.01959
state_diversity_coreset,jammed_fixture_failures,0.05,8,0.00000,0.00000,0.00000,0.00000,0.00000,0.00000,0.00000,0.00000,0.73528,0.01507
state_diversity_coreset,jammed_fixture_failures,0.10,8,0.00000,0.00000,0.00000,0.00000,0.00000,0.00000,0.00000,0.00000,0.73528,0.01507
state_diversity_coreset,jammed_fixture_failures,0.15,8,0.00000,0.00000,0.00000,0.00000,0.00000,0.00000,0.00000,0.00000,0.73528,0.01507
state_diversity_coreset,jammed_fixture_failures,0.20,8,0.00000,0.00000,0.00000,0.00000,0.00000,0.00000,0.00000,0.00000,0.73528,0.01507
state_diversity_coreset,jammed_fixture_failures,0.30,8,0.00000,0.00000,0.00000,0.00000,0.00000,0.00000,0.00000,0.00000,0.73528,0.01507
state_diversity_coreset,nominal_task_balance,0.05,8,0.94444,0.04601,0.00000,0.00000,0.00000,0.00000,0.94444,0.04601,0.02497,0.00680
state_diversity_coreset,nominal_task_balance,0.10,8,1.00000,0.00000,0.00000,0.00000,0.00000,0.00000,1.00000,0.00000,0.02497,0.00680
state_diversity_coreset,nominal_task_balance,0.15,8,1.00000,0.00000,0.00000,0.00000,0.00000,0.00000,1.00000,0.00000,0.02497,0.00680
state_diversity_coreset,nominal_task_balance,0.20,8,1.00000,0.00000,0.00000,0.00000,0.00000,0.00000,1.00000,0.00000,0.02497,0.00680
state_diversity_coreset,nominal_task_balance,0.30,8,1.00000,0.00000,0.00000,0.00000,0.00000,0.00000,1.00000,0.00000,0.02497,0.00680
state_diversity_coreset,out_of_distribution_tail,0.05,8,0.00000,0.00000,0.00000,0.00000,0.00000,0.00000,0.00000,0.00000,0.67210,0.07545
state_diversity_coreset,out_of_distribution_tail,0.10,8,0.00000,0.00000,0.00000,0.00000,0.00000,0.00000,0.00000,0.00000,0.67210,0.07545
state_diversity_coreset,out_of_distribution_tail,0.15,8,0.00000,0.00000,0.00000,0.00000,0.00000,0.00000,0.00000,0.00000,0.67210,0.07545
state_diversity_coreset,out_of_distribution_tail,0.20,8,0.00000,0.00000,0.00000,0.00000,0.00000,0.00000,0.00000,0.00000,0.67210,0.07545
state_diversity_coreset,out_of_distribution_tail,0.30,8,0.00000,0.00000,0.00000,0.00000,0.00000,0.00000,0.00000,0.00000,0.67210,0.07545
state_diversity_coreset,rare_mechanism_combo,0.05,8,0.00000,0.00000,0.00000,0.00000,0.00000,0.00000,0.00000,0.00000,0.53323,0.03892
state_diversity_coreset,rare_mechanism_combo,0.10,8,0.00000,0.00000,0.00000,0.00000,0.00000,0.00000,0.00000,0.00000,0.53323,0.03892
state_diversity_coreset,rare_mechanism_combo,0.15,8,0.00000,0.00000,0.00000,0.00000,0.00000,0.00000,0.00000,0.00000,0.53323,0.03892
state_diversity_coreset,rare_mechanism_combo,0.20,8,0.00694,0.01361,0.00000,0.00000,0.00000,0.00000,0.00694,0.01361,0.53323,0.03892
state_diversity_coreset,rare_mechanism_combo,0.30,8,0.03472,0.01993,0.00000,0.00000,0.01389,0.01782,0.04861,0.02467,0.53323,0.03892
state_diversity_coreset,rare_slip_failures,0.05,8,0.17361,0.11353,0.00000,0.00000,0.00000,0.00000,0.17361,0.11353,0.10589,0.01809
state_diversity_coreset,rare_slip_failures,0.10,8,0.61111,0.17217,0.00694,0.01361,0.02083,0.01993,0.63194,0.17332,0.10589,0.01809
state_diversity_coreset,rare_slip_failures,0.15,8,0.79167,0.08167,0.00694,0.01361,0.02083,0.01993,0.81250,0.07953,0.10589,0.01809
state_diversity_coreset,rare_slip_failures,0.20,8,0.87500,0.06426,0.00694,0.01361,0.02778,0.02910,0.90278,0.06426,0.10589,0.01809
state_diversity_coreset,rare_slip_failures,0.30,8,0.94444,0.03564,0.01389,0.01782,0.04167,0.03412,0.98611,0.01782,0.10589,0.01809
tail_risk_active_learning,actuator_limit_failures,0.05,8,0.62500,0.12130,0.00000,0.00000,0.00000,0.00000,0.62500,0.12130,0.04861,0.00841
tail_risk_active_learning,actuator_limit_failures,0.10,8,0.93750,0.03815,0.00000,0.00000,0.00000,0.00000,0.93750,0.03815,0.04861,0.00841
tail_risk_active_learning,actuator_limit_failures,0.15,8,0.99306,0.01361,0.00000,0.00000,0.00000,0.00000,0.99306,0.01361,0.04861,0.00841
tail_risk_active_learning,actuator_limit_failures,0.20,8,1.00000,0.00000,0.00000,0.00000,0.00000,0.00000,1.00000,0.00000,0.04861,0.00841
tail_risk_active_learning,actuator_limit_failures,0.30,8,1.00000,0.00000,0.00000,0.00000,0.00000,0.00000,1.00000,0.00000,0.04861,0.00841
tail_risk_active_learning,combined_extreme,0.05,8,0.00000,0.00000,0.00000,0.00000,0.00000,0.00000,0.00000,0.00000,0.51113,0.03109
tail_risk_active_learning,combined_extreme,0.10,8,0.00000,0.00000,0.00000,0.00000,0.00000,0.00000,0.00000,0.00000,0.51113,0.03109
tail_risk_active_learning,combined_extreme,0.15,8,0.00231,0.00454,0.00000,0.00000,0.00000,0.00000,0.00231,0.00454,0.51113,0.03109
tail_risk_active_learning,combined_extreme,0.20,8,0.01620,0.01071,0.00000,0.00000,0.00231,0.00454,0.01852,0.00970,0.51113,0.03109
tail_risk_active_learning,combined_extreme,0.30,8,0.06713,0.02370,0.00231,0.00454,0.04167,0.02544,0.10880,0.03593,0.51113,0.03109
tail_risk_active_learning,combined_tail_stress,0.05,8,0.00000,0.00000,0.00000,0.00000,0.00000,0.00000,0.00000,0.00000,0.48376,0.05155
tail_risk_active_learning,combined_tail_stress,0.10,8,0.00000,0.00000,0.00000,0.00000,0.00000,0.00000,0.00000,0.00000,0.48376,0.05155
tail_risk_active_learning,combined_tail_stress,0.15,8,0.00000,0.00000,0.00000,0.00000,0.00000,0.00000,0.00000,0.00000,0.48376,0.05155
tail_risk_active_learning,combined_tail_stress,0.20,8,0.02778,0.02910,0.00000,0.00000,0.00694,0.01361,0.03472,0.02864,0.48376,0.05155
tail_risk_active_learning,combined_tail_stress,0.30,8,0.12500,0.08167,0.00694,0.01361,0.02083,0.01993,0.14583,0.08955,0.48376,0.05155
tail_risk_active_learning,compound_sensor_actuator_shift,0.05,8,0.01389,0.02722,0.00694,0.01361,0.01389,0.02722,0.02778,0.03564,0.14846,0.03379
tail_risk_active_learning,compound_sensor_actuator_shift,0.10,8,0.20833,0.09374,0.06250,0.04335,0.10417,0.07819,0.31250,0.15798,0.14846,0.03379
tail_risk_active_learning,compound_sensor_actuator_shift,0.15,8,0.42361,0.16064,0.10417,0.04335,0.15972,0.07819,0.58333,0.20884,0.14846,0.03379
tail_risk_active_learning,compound_sensor_actuator_shift,0.20,8,0.57639,0.10680,0.15278,0.03985,0.22917,0.06322,0.80556,0.11081,0.14846,0.03379
tail_risk_active_learning,compound_sensor_actuator_shift,0.30,8,0.67361,0.06959,0.16667,0.04115,0.25000,0.05041,0.92361,0.05014,0.14846,0.03379
tail_risk_active_learning,fixture_geometry_shift,0.05,8,0.00000,0.00000,0.00000,0.00000,0.00000,0.00000,0.00000,0.00000,0.88353,0.04220
tail_risk_active_learning,fixture_geometry_shift,0.10,8,0.00000,0.00000,0.00000,0.00000,0.00000,0.00000,0.00000,0.00000,0.88353,0.04220
tail_risk_active_learning,fixture_geometry_shift,0.15,8,0.00000,0.00000,0.00000,0.00000,0.00000,0.00000,0.00000,0.00000,0.88353,0.04220
tail_risk_active_learning,fixture_geometry_shift,0.20,8,0.00000,0.00000,0.00000,0.00000,0.00000,0.00000,0.00000,0.00000,0.88353,0.04220
tail_risk_active_learning,fixture_geometry_shift,0.30,8,0.00000,0.00000,0.00000,0.00000,0.00000,0.00000,0.00000,0.00000,0.88353,0.04220
tail_risk_active_learning,hard_regime,0.05,8,0.00278,0.00544,0.00139,0.00272,0.00278,0.00544,0.00556,0.00713,0.51307,0.02136
tail_risk_active_learning,hard_regime,0.10,8,0.04167,0.01875,0.01250,0.00867,0.02083,0.01564,0.06250,0.03160,0.51307,0.02136
tail_risk_active_learning,hard_regime,0.15,8,0.08611,0.03286,0.02083,0.00867,0.03194,0.01564,0.11806,0.04296,0.51307,0.02136
tail_risk_active_learning,hard_regime,0.20,8,0.12500,0.02595,0.03055,0.00797,0.04722,0.01146,0.17222,0.02364,0.51307,0.02136
tail_risk_active_learning,hard_regime,0.30,8,0.17500,0.02528,0.03472,0.00642,0.07500,0.01684,0.25000,0.02292,0.51307,0.02136
tail_risk_active_learning,jammed_fixture_failures,0.05,8,0.00000,0.00000,0.00000,0.00000,0.00000,0.00000,0.00000,0.00000,0.69409,0.03110
tail_risk_active_learning,jammed_fixture_failures,0.10,8,0.00000,0.00000,0.00000,0.00000,0.00000,0.00000,0.00000,0.00000,0.69409,0.03110
tail_risk_active_learning,jammed_fixture_failures,0.15,8,0.00000,0.00000,0.00000,0.00000,0.00000,0.00000,0.00000,0.00000,0.69409,0.03110
tail_risk_active_learning,jammed_fixture_failures,0.20,8,0.00000,0.00000,0.00000,0.00000,0.00000,0.00000,0.00000,0.00000,0.69409,0.03110
tail_risk_active_learning,jammed_fixture_failures,0.30,8,0.00000,0.00000,0.00000,0.00000,0.00000,0.00000,0.00000,0.00000,0.69409,0.03110
tail_risk_active_learning,nominal_task_balance,0.05,8,0.99306,0.01361,0.00000,0.00000,0.00000,0.00000,0.99306,0.01361,0.01532,0.00413
tail_risk_active_learning,nominal_task_balance,0.10,8,1.00000,0.00000,0.00000,0.00000,0.00000,0.00000,1.00000,0.00000,0.01532,0.00413
tail_risk_active_learning,nominal_task_balance,0.15,8,1.00000,0.00000,0.00000,0.00000,0.00000,0.00000,1.00000,0.00000,0.01532,0.00413
tail_risk_active_learning,nominal_task_balance,0.20,8,1.00000,0.00000,0.00000,0.00000,0.00000,0.00000,1.00000,0.00000,0.01532,0.00413
tail_risk_active_learning,nominal_task_balance,0.30,8,1.00000,0.00000,0.00000,0.00000,0.00000,0.00000,1.00000,0.00000,0.01532,0.00413
tail_risk_active_learning,out_of_distribution_tail,0.05,8,0.00000,0.00000,0.00000,0.00000,0.00000,0.00000,0.00000,0.00000,0.56349,0.07287
tail_risk_active_learning,out_of_distribution_tail,0.10,8,0.00000,0.00000,0.00000,0.00000,0.00000,0.00000,0.00000,0.00000,0.56349,0.07287
tail_risk_active_learning,out_of_distribution_tail,0.15,8,0.00000,0.00000,0.00000,0.00000,0.00000,0.00000,0.00000,0.00000,0.56349,0.07287
tail_risk_active_learning,out_of_distribution_tail,0.20,8,0.00694,0.01361,0.00000,0.00000,0.00000,0.00000,0.00694,0.01361,0.56349,0.07287
tail_risk_active_learning,out_of_distribution_tail,0.30,8,0.00694,0.01361,0.00000,0.00000,0.06945,0.07054,0.07639,0.07682,0.56349,0.07287
tail_risk_active_learning,rare_mechanism_combo,0.05,8,0.00000,0.00000,0.00000,0.00000,0.00000,0.00000,0.00000,0.00000,0.48613,0.04134
tail_risk_active_learning,rare_mechanism_combo,0.10,8,0.00000,0.00000,0.00000,0.00000,0.00000,0.00000,0.00000,0.00000,0.48613,0.04134
tail_risk_active_learning,rare_mechanism_combo,0.15,8,0.00694,0.01361,0.00000,0.00000,0.00000,0.00000,0.00694,0.01361,0.48613,0.04134
tail_risk_active_learning,rare_mechanism_combo,0.20,8,0.01389,0.01782,0.00000,0.00000,0.00000,0.00000,0.01389,0.01782,0.48613,0.04134
tail_risk_active_learning,rare_mechanism_combo,0.30,8,0.06945,0.04934,0.00000,0.00000,0.03472,0.01993,0.10417,0.04798,0.48613,0.04134
tail_risk_active_learning,rare_slip_failures,0.05,8,0.41667,0.19845,0.00694,0.01361,0.01389,0.01782,0.43056,0.20031,0.07520,0.02174
tail_risk_active_learning,rare_slip_failures,0.10,8,0.77083,0.10379,0.00694,0.01361,0.01389,0.01782,0.78472,0.10173,0.07520,0.02174
tail_risk_active_learning,rare_slip_failures,0.15,8,0.88194,0.07543,0.00694,0.01361,0.02778,0.02910,0.90972,0.07953,0.07520,0.02174
tail_risk_active_learning,rare_slip_failures,0.20,8,0.91667,0.06507,0.00694,0.01361,0.02778,0.02910,0.94444,0.06825,0.07520,0.02174
tail_risk_active_learning,rare_slip_failures,0.30,8,0.95833,0.02722,0.00694,0.01361,0.03472,0.02864,0.99306,0.01361,0.07520,0.02174
task_label_stratification,actuator_limit_failures,0.05,8,0.54167,0.10643,0.00000,0.00000,0.01389,0.02722,0.55556,0.10289,0.05554,0.00678
task_label_stratification,actuator_limit_failures,0.10,8,0.86805,0.07682,0.00000,0.00000,0.01389,0.02722,0.88194,0.06648,0.05554,0.00678
task_label_stratification,actuator_limit_failures,0.15,8,0.98611,0.02722,0.00000,0.00000,0.01389,0.02722,1.00000,0.00000,0.05554,0.00678
task_label_stratification,actuator_limit_failures,0.20,8,0.98611,0.02722,0.00000,0.00000,0.01389,0.02722,1.00000,0.00000,0.05554,0.00678
task_label_stratification,actuator_limit_failures,0.30,8,0.98611,0.02722,0.00000,0.00000,0.01389,0.02722,1.00000,0.00000,0.05554,0.00678
task_label_stratification,combined_extreme,0.05,8,0.00000,0.00000,0.00000,0.00000,0.00000,0.00000,0.00000,0.00000,0.57150,0.03451
task_label_stratification,combined_extreme,0.10,8,0.00000,0.00000,0.00000,0.00000,0.00000,0.00000,0.00000,0.00000,0.57150,0.03451
task_label_stratification,combined_extreme,0.15,8,0.00463,0.00907,0.00000,0.00000,0.00000,0.00000,0.00463,0.00907,0.57150,0.03451
task_label_stratification,combined_extreme,0.20,8,0.01620,0.01071,0.00000,0.00000,0.00231,0.00454,0.01852,0.00970,0.57150,0.03451
task_label_stratification,combined_extreme,0.30,8,0.05556,0.03217,0.00231,0.00454,0.02546,0.01524,0.08102,0.04389,0.57150,0.03451
task_label_stratification,combined_tail_stress,0.05,8,0.00000,0.00000,0.00000,0.00000,0.00000,0.00000,0.00000,0.00000,0.50531,0.05645
task_label_stratification,combined_tail_stress,0.10,8,0.00000,0.00000,0.00000,0.00000,0.00000,0.00000,0.00000,0.00000,0.50531,0.05645
task_label_stratification,combined_tail_stress,0.15,8,0.00694,0.01361,0.00000,0.00000,0.00000,0.00000,0.00694,0.01361,0.50531,0.05645
task_label_stratification,combined_tail_stress,0.20,8,0.03472,0.02864,0.00000,0.00000,0.00000,0.00000,0.03472,0.02864,0.50531,0.05645
task_label_stratification,combined_tail_stress,0.30,8,0.11806,0.07257,0.00694,0.01361,0.01389,0.01782,0.13195,0.08215,0.50531,0.05645
task_label_stratification,compound_sensor_actuator_shift,0.05,8,0.00000,0.00000,0.00000,0.00000,0.00000,0.00000,0.00000,0.00000,0.19118,0.03243
task_label_stratification,compound_sensor_actuator_shift,0.10,8,0.09028,0.06152,0.03472,0.03527,0.07639,0.05798,0.16667,0.11081,0.19118,0.03243
task_label_stratification,compound_sensor_actuator_shift,0.15,8,0.22222,0.10889,0.07639,0.04083,0.13889,0.06173,0.36111,0.13176,0.19118,0.03243
task_label_stratification,compound_sensor_actuator_shift,0.20,8,0.47222,0.10493,0.11806,0.04798,0.20139,0.06152,0.67361,0.13871,0.19118,0.03243
task_label_stratification,compound_sensor_actuator_shift,0.30,8,0.65278,0.07054,0.13889,0.05444,0.23611,0.04934,0.88889,0.06825,0.19118,0.03243
task_label_stratification,fixture_geometry_shift,0.05,8,0.00000,0.00000,0.00000,0.00000,0.00000,0.00000,0.00000,0.00000,0.90823,0.03067
task_label_stratification,fixture_geometry_shift,0.10,8,0.00000,0.00000,0.00000,0.00000,0.00000,0.00000,0.00000,0.00000,0.90823,0.03067
task_label_stratification,fixture_geometry_shift,0.15,8,0.00000,0.00000,0.00000,0.00000,0.00000,0.00000,0.00000,0.00000,0.90823,0.03067
task_label_stratification,fixture_geometry_shift,0.20,8,0.00000,0.00000,0.00000,0.00000,0.00000,0.00000,0.00000,0.00000,0.90823,0.03067
task_label_stratification,fixture_geometry_shift,0.30,8,0.00000,0.00000,0.00000,0.00000,0.00000,0.00000,0.00000,0.00000,0.90823,0.03067
task_label_stratification,hard_regime,0.05,8,0.00000,0.00000,0.00000,0.00000,0.00000,0.00000,0.00000,0.00000,0.56278,0.02414
task_label_stratification,hard_regime,0.10,8,0.01805,0.01230,0.00694,0.00705,0.01528,0.01159,0.03333,0.02216,0.56278,0.02414
task_label_stratification,hard_regime,0.15,8,0.04722,0.02529,0.01528,0.00817,0.02778,0.01235,0.07500,0.02903,0.56278,0.02414
task_label_stratification,hard_regime,0.20,8,0.10417,0.02501,0.02361,0.00960,0.04167,0.01350,0.14583,0.03173,0.56278,0.02414
task_label_stratification,hard_regime,0.30,8,0.16389,0.02426,0.02916,0.01003,0.06250,0.01230,0.22639,0.02728,0.56278,0.02414
task_label_stratification,jammed_fixture_failures,0.05,8,0.00000,0.00000,0.00000,0.00000,0.00000,0.00000,0.00000,0.00000,0.76236,0.01982
task_label_stratification,jammed_fixture_failures,0.10,8,0.00000,0.00000,0.00000,0.00000,0.00000,0.00000,0.00000,0.00000,0.76236,0.01982
task_label_stratification,jammed_fixture_failures,0.15,8,0.00000,0.00000,0.00000,0.00000,0.00000,0.00000,0.00000,0.00000,0.76236,0.01982
task_label_stratification,jammed_fixture_failures,0.20,8,0.00000,0.00000,0.00000,0.00000,0.00000,0.00000,0.00000,0.00000,0.76236,0.01982
task_label_stratification,jammed_fixture_failures,0.30,8,0.00000,0.00000,0.00000,0.00000,0.00000,0.00000,0.00000,0.00000,0.76236,0.01982
task_label_stratification,nominal_task_balance,0.05,8,0.99306,0.01361,0.00000,0.00000,0.00000,0.00000,0.99306,0.01361,0.01652,0.00489
task_label_stratification,nominal_task_balance,0.10,8,1.00000,0.00000,0.00000,0.00000,0.00000,0.00000,1.00000,0.00000,0.01652,0.00489
task_label_stratification,nominal_task_balance,0.15,8,1.00000,0.00000,0.00000,0.00000,0.00000,0.00000,1.00000,0.00000,0.01652,0.00489
task_label_stratification,nominal_task_balance,0.20,8,1.00000,0.00000,0.00000,0.00000,0.00000,0.00000,1.00000,0.00000,0.01652,0.00489
task_label_stratification,nominal_task_balance,0.30,8,1.00000,0.00000,0.00000,0.00000,0.00000,0.00000,1.00000,0.00000,0.01652,0.00489
task_label_stratification,out_of_distribution_tail,0.05,8,0.00000,0.00000,0.00000,0.00000,0.00000,0.00000,0.00000,0.00000,0.68575,0.07451
task_label_stratification,out_of_distribution_tail,0.10,8,0.00000,0.00000,0.00000,0.00000,0.00000,0.00000,0.00000,0.00000,0.68575,0.07451
task_label_stratification,out_of_distribution_tail,0.15,8,0.00000,0.00000,0.00000,0.00000,0.00000,0.00000,0.00000,0.00000,0.68575,0.07451
task_label_stratification,out_of_distribution_tail,0.20,8,0.00000,0.00000,0.00000,0.00000,0.00000,0.00000,0.00000,0.00000,0.68575,0.07451
task_label_stratification,out_of_distribution_tail,0.30,8,0.00000,0.00000,0.00000,0.00000,0.02083,0.02864,0.02083,0.02864,0.68575,0.07451
task_label_stratification,rare_mechanism_combo,0.05,8,0.00000,0.00000,0.00000,0.00000,0.00000,0.00000,0.00000,0.00000,0.52346,0.04645
task_label_stratification,rare_mechanism_combo,0.10,8,0.00000,0.00000,0.00000,0.00000,0.00000,0.00000,0.00000,0.00000,0.52346,0.04645
task_label_stratification,rare_mechanism_combo,0.15,8,0.00694,0.01361,0.00000,0.00000,0.00000,0.00000,0.00694,0.01361,0.52346,0.04645
task_label_stratification,rare_mechanism_combo,0.20,8,0.01389,0.01782,0.00000,0.00000,0.00694,0.01361,0.02083,0.01993,0.52346,0.04645
task_label_stratification,rare_mechanism_combo,0.30,8,0.04861,0.05221,0.00000,0.00000,0.04167,0.02722,0.09028,0.07110,0.52346,0.04645
task_label_stratification,rare_slip_failures,0.05,8,0.31944,0.13611,0.00000,0.00000,0.00000,0.00000,0.31944,0.13611,0.08750,0.02061
task_label_stratification,rare_slip_failures,0.10,8,0.72917,0.13718,0.00694,0.01361,0.00694,0.01361,0.73611,0.13611,0.08750,0.02061
task_label_stratification,rare_slip_failures,0.15,8,0.85417,0.07682,0.00694,0.01361,0.02083,0.01993,0.87500,0.07903,0.08750,0.02061
task_label_stratification,rare_slip_failures,0.20,8,0.89583,0.06322,0.00694,0.01361,0.02083,0.01993,0.91667,0.06825,0.08750,0.02061
task_label_stratification,rare_slip_failures,0.30,8,0.95139,0.03213,0.00694,0.01361,0.03472,0.02864,0.98611,0.01782,0.08750,0.02061
uncertainty_sampling,actuator_limit_failures,0.05,8,0.59722,0.16171,0.00000,0.00000,0.00000,0.00000,0.59722,0.16171,0.05342,0.01274
uncertainty_sampling,actuator_limit_failures,0.10,8,0.88889,0.10081,0.00000,0.00000,0.00000,0.00000,0.88889,0.10081,0.05342,0.01274
uncertainty_sampling,actuator_limit_failures,0.15,8,0.98611,0.01782,0.00000,0.00000,0.00000,0.00000,0.98611,0.01782,0.05342,0.01274
uncertainty_sampling,actuator_limit_failures,0.20,8,1.00000,0.00000,0.00000,0.00000,0.00000,0.00000,1.00000,0.00000,0.05342,0.01274
uncertainty_sampling,actuator_limit_failures,0.30,8,1.00000,0.00000,0.00000,0.00000,0.00000,0.00000,1.00000,0.00000,0.05342,0.01274
uncertainty_sampling,combined_extreme,0.05,8,0.00000,0.00000,0.00000,0.00000,0.00000,0.00000,0.00000,0.00000,0.57934,0.01700
uncertainty_sampling,combined_extreme,0.10,8,0.00000,0.00000,0.00000,0.00000,0.00000,0.00000,0.00000,0.00000,0.57934,0.01700
uncertainty_sampling,combined_extreme,0.15,8,0.00694,0.00664,0.00000,0.00000,0.00000,0.00000,0.00694,0.00664,0.57934,0.01700
uncertainty_sampling,combined_extreme,0.20,8,0.01852,0.01188,0.00000,0.00000,0.00000,0.00000,0.01852,0.01188,0.57934,0.01700
uncertainty_sampling,combined_extreme,0.30,8,0.06482,0.02473,0.00231,0.00454,0.00926,0.00686,0.07408,0.02473,0.57934,0.01700
uncertainty_sampling,combined_tail_stress,0.05,8,0.00000,0.00000,0.00000,0.00000,0.00000,0.00000,0.00000,0.00000,0.47547,0.06851
uncertainty_sampling,combined_tail_stress,0.10,8,0.00000,0.00000,0.00000,0.00000,0.00000,0.00000,0.00000,0.00000,0.47547,0.06851
uncertainty_sampling,combined_tail_stress,0.15,8,0.01389,0.01782,0.00000,0.00000,0.00000,0.00000,0.01389,0.01782,0.47547,0.06851
uncertainty_sampling,combined_tail_stress,0.20,8,0.03472,0.02864,0.00000,0.00000,0.00000,0.00000,0.03472,0.02864,0.47547,0.06851
uncertainty_sampling,combined_tail_stress,0.30,8,0.14583,0.07110,0.00694,0.01361,0.02083,0.01993,0.16667,0.07700,0.47547,0.06851
uncertainty_sampling,compound_sensor_actuator_shift,0.05,8,0.00694,0.01361,0.01389,0.02722,0.02083,0.04083,0.02778,0.04116,0.15754,0.02527
uncertainty_sampling,compound_sensor_actuator_shift,0.10,8,0.13889,0.07419,0.06945,0.04485,0.11111,0.07700,0.25000,0.13176,0.15754,0.02527
uncertainty_sampling,compound_sensor_actuator_shift,0.15,8,0.37500,0.07054,0.12500,0.06087,0.18056,0.08167,0.55556,0.13176,0.15754,0.02527
uncertainty_sampling,compound_sensor_actuator_shift,0.20,8,0.53472,0.08955,0.16667,0.04115,0.22917,0.05612,0.76389,0.11595,0.15754,0.02527
uncertainty_sampling,compound_sensor_actuator_shift,0.30,8,0.68750,0.06805,0.16667,0.04115,0.25000,0.05444,0.93750,0.04335,0.15754,0.02527
uncertainty_sampling,fixture_geometry_shift,0.05,8,0.00000,0.00000,0.00000,0.00000,0.00000,0.00000,0.00000,0.00000,0.89943,0.03450
uncertainty_sampling,fixture_geometry_shift,0.10,8,0.00000,0.00000,0.00000,0.00000,0.00000,0.00000,0.00000,0.00000,0.89943,0.03450
uncertainty_sampling,fixture_geometry_shift,0.15,8,0.00000,0.00000,0.00000,0.00000,0.00000,0.00000,0.00000,0.00000,0.89943,0.03450
uncertainty_sampling,fixture_geometry_shift,0.20,8,0.00000,0.00000,0.00000,0.00000,0.00000,0.00000,0.00000,0.00000,0.89943,0.03450
uncertainty_sampling,fixture_geometry_shift,0.30,8,0.00000,0.00000,0.00000,0.00000,0.00000,0.00000,0.00000,0.00000,0.89943,0.03450
uncertainty_sampling,hard_regime,0.05,8,0.00139,0.00272,0.00278,0.00544,0.00417,0.00817,0.00556,0.00823,0.55900,0.01363
uncertainty_sampling,hard_regime,0.10,8,0.02778,0.01484,0.01389,0.00897,0.02222,0.01540,0.05000,0.02635,0.55900,0.01363
uncertainty_sampling,hard_regime,0.15,8,0.07917,0.01669,0.02500,0.01217,0.03611,0.01633,0.11528,0.02759,0.55900,0.01363
uncertainty_sampling,hard_regime,0.20,8,0.11806,0.02433,0.03333,0.00823,0.04583,0.01123,0.16389,0.02874,0.55900,0.01363
uncertainty_sampling,hard_regime,0.30,8,0.17639,0.02380,0.03472,0.00642,0.05556,0.01008,0.23195,0.01993,0.55900,0.01363
uncertainty_sampling,jammed_fixture_failures,0.05,8,0.00000,0.00000,0.00000,0.00000,0.00000,0.00000,0.00000,0.00000,0.73459,0.01526
uncertainty_sampling,jammed_fixture_failures,0.10,8,0.00000,0.00000,0.00000,0.00000,0.00000,0.00000,0.00000,0.00000,0.73459,0.01526
uncertainty_sampling,jammed_fixture_failures,0.15,8,0.00000,0.00000,0.00000,0.00000,0.00000,0.00000,0.00000,0.00000,0.73459,0.01526
uncertainty_sampling,jammed_fixture_failures,0.20,8,0.00000,0.00000,0.00000,0.00000,0.00000,0.00000,0.00000,0.00000,0.73459,0.01526
uncertainty_sampling,jammed_fixture_failures,0.30,8,0.00000,0.00000,0.00000,0.00000,0.00000,0.00000,0.00000,0.00000,0.73459,0.01526
uncertainty_sampling,nominal_task_balance,0.05,8,0.99306,0.01361,0.00000,0.00000,0.00000,0.00000,0.99306,0.01361,0.01607,0.00430
uncertainty_sampling,nominal_task_balance,0.10,8,1.00000,0.00000,0.00000,0.00000,0.00000,0.00000,1.00000,0.00000,0.01607,0.00430
uncertainty_sampling,nominal_task_balance,0.15,8,1.00000,0.00000,0.00000,0.00000,0.00000,0.00000,1.00000,0.00000,0.01607,0.00430
uncertainty_sampling,nominal_task_balance,0.20,8,1.00000,0.00000,0.00000,0.00000,0.00000,0.00000,1.00000,0.00000,0.01607,0.00430
uncertainty_sampling,nominal_task_balance,0.30,8,1.00000,0.00000,0.00000,0.00000,0.00000,0.00000,1.00000,0.00000,0.01607,0.00430
uncertainty_sampling,out_of_distribution_tail,0.05,8,0.00000,0.00000,0.00000,0.00000,0.00000,0.00000,0.00000,0.00000,0.72515,0.06169
uncertainty_sampling,out_of_distribution_tail,0.10,8,0.00000,0.00000,0.00000,0.00000,0.00000,0.00000,0.00000,0.00000,0.72515,0.06169
uncertainty_sampling,out_of_distribution_tail,0.15,8,0.00000,0.00000,0.00000,0.00000,0.00000,0.00000,0.00000,0.00000,0.72515,0.06169
uncertainty_sampling,out_of_distribution_tail,0.20,8,0.00000,0.00000,0.00000,0.00000,0.00000,0.00000,0.00000,0.00000,0.72515,0.06169
uncertainty_sampling,out_of_distribution_tail,0.30,8,0.00000,0.00000,0.00000,0.00000,0.00000,0.00000,0.00000,0.00000,0.72515,0.06169
uncertainty_sampling,rare_mechanism_combo,0.05,8,0.00000,0.00000,0.00000,0.00000,0.00000,0.00000,0.00000,0.00000,0.53739,0.04039
uncertainty_sampling,rare_mechanism_combo,0.10,8,0.00000,0.00000,0.00000,0.00000,0.00000,0.00000,0.00000,0.00000,0.53739,0.04039
uncertainty_sampling,rare_mechanism_combo,0.15,8,0.00694,0.01361,0.00000,0.00000,0.00000,0.00000,0.00694,0.01361,0.53739,0.04039
uncertainty_sampling,rare_mechanism_combo,0.20,8,0.02083,0.01993,0.00000,0.00000,0.00000,0.00000,0.02083,0.01993,0.53739,0.04039
uncertainty_sampling,rare_mechanism_combo,0.30,8,0.04861,0.02467,0.00000,0.00000,0.00694,0.01361,0.05556,0.02058,0.53739,0.04039
uncertainty_sampling,rare_slip_failures,0.05,8,0.25000,0.12347,0.00000,0.00000,0.00000,0.00000,0.25000,0.12347,0.09330,0.02295
uncertainty_sampling,rare_slip_failures,0.10,8,0.68056,0.15365,0.00694,0.01361,0.01389,0.01782,0.69444,0.15399,0.09330,0.02295
uncertainty_sampling,rare_slip_failures,0.15,8,0.86111,0.07970,0.00694,0.01361,0.01389,0.01782,0.87500,0.07903,0.09330,0.02295
uncertainty_sampling,rare_slip_failures,0.20,8,0.90278,0.06426,0.00694,0.01361,0.02778,0.02910,0.93055,0.06426,0.09330,0.02295
uncertainty_sampling,rare_slip_failures,0.30,8,0.94444,0.03564,0.00694,0.01361,0.02778,0.02910,0.97222,0.02910,0.09330,0.02295
