method,seed,round,split,selected_examples,failure_coverage,robust_success,failure_macro_f1,rare_failure_recall,tail_risk,calibration_error,safety_violation_rate
random_sampling,0,5,nominal_task_balance,1152,0.87500,1.00000,0.00000,0.00000,0.00000,0.02345,0.00000
random_sampling,0,5,rare_slip_failures,1152,0.87500,1.00000,0.16154,0.04000,0.00000,0.08750,0.00000
random_sampling,0,5,jammed_fixture_failures,1152,0.87500,0.00000,0.39547,0.43686,1.00000,0.14660,0.88889
random_sampling,0,5,actuator_limit_failures,1152,0.87500,1.00000,0.00000,0.00000,0.00000,0.10969,0.00000
random_sampling,0,5,combined_tail_stress,1152,0.87500,0.55556,0.36735,0.64502,0.44444,0.11380,0.27778
random_sampling,0,5,compound_sensor_actuator_shift,1152,0.87500,0.72222,0.28802,0.63679,0.27778,0.16530,0.16667
random_sampling,0,5,fixture_geometry_shift,1152,0.87500,0.00000,0.35314,0.56423,1.00000,0.04194,0.27778
random_sampling,0,5,rare_mechanism_combo,1152,0.87500,0.22222,0.36731,0.45714,0.77778,0.11616,0.00000
random_sampling,0,5,out_of_distribution_tail,1152,0.87500,0.27778,0.35587,0.43636,0.72222,0.16087,0.00000
task_label_stratification,0,5,nominal_task_balance,1152,0.87500,1.00000,0.00000,0.00000,0.00000,0.02014,0.00000
task_label_stratification,0,5,rare_slip_failures,1152,0.87500,1.00000,0.16802,0.04000,0.00000,0.10370,0.00000
task_label_stratification,0,5,jammed_fixture_failures,1152,0.87500,0.00000,0.40238,0.49888,1.00000,0.13401,0.88889
task_label_stratification,0,5,actuator_limit_failures,1152,0.87500,1.00000,0.00000,0.00000,0.00000,0.11479,0.00000
task_label_stratification,0,5,combined_tail_stress,1152,0.87500,0.55556,0.36463,0.63326,0.44444,0.11936,0.27778
task_label_stratification,0,5,compound_sensor_actuator_shift,1152,0.87500,0.72222,0.29062,0.63214,0.27778,0.12697,0.16667
task_label_stratification,0,5,fixture_geometry_shift,1152,0.87500,0.00000,0.35256,0.56923,1.00000,0.03080,0.27778
task_label_stratification,0,5,rare_mechanism_combo,1152,0.87500,0.22222,0.35557,0.39048,0.77778,0.10198,0.00000
task_label_stratification,0,5,out_of_distribution_tail,1152,0.87500,0.27778,0.35255,0.43636,0.72222,0.14567,0.00000
state_diversity_coreset,0,5,nominal_task_balance,1152,1.00000,1.00000,0.00000,0.00000,0.00000,0.02530,0.00000
state_diversity_coreset,0,5,rare_slip_failures,1152,1.00000,1.00000,0.17390,0.04000,0.00000,0.10063,0.00000
state_diversity_coreset,0,5,jammed_fixture_failures,1152,1.00000,0.00000,0.39497,0.50829,1.00000,0.15285,0.88889
state_diversity_coreset,0,5,actuator_limit_failures,1152,1.00000,1.00000,0.00000,0.00000,0.00000,0.12732,0.00000
state_diversity_coreset,0,5,combined_tail_stress,1152,1.00000,0.55556,0.35547,0.65455,0.44444,0.10510,0.27778
state_diversity_coreset,0,5,compound_sensor_actuator_shift,1152,1.00000,0.72222,0.29696,0.69500,0.27778,0.11867,0.16667
state_diversity_coreset,0,5,fixture_geometry_shift,1152,1.00000,0.00000,0.34957,0.55897,1.00000,0.05590,0.27778
state_diversity_coreset,0,5,rare_mechanism_combo,1152,1.00000,0.22222,0.35866,0.38095,0.77778,0.16421,0.00000
state_diversity_coreset,0,5,out_of_distribution_tail,1152,1.00000,0.27778,0.34206,0.43636,0.72222,0.16962,0.00000
uncertainty_sampling,0,5,nominal_task_balance,1152,0.87500,1.00000,0.00000,0.00000,0.00000,0.01673,0.00000
uncertainty_sampling,0,5,rare_slip_failures,1152,0.87500,1.00000,0.16319,0.08000,0.00000,0.09425,0.00000
uncertainty_sampling,0,5,jammed_fixture_failures,1152,0.87500,0.00000,0.40462,0.48742,1.00000,0.16133,0.88889
uncertainty_sampling,0,5,actuator_limit_failures,1152,0.87500,1.00000,0.00000,0.00000,0.00000,0.09800,0.00000
uncertainty_sampling,0,5,combined_tail_stress,1152,0.87500,0.55556,0.36472,0.64278,0.44444,0.09096,0.27778
uncertainty_sampling,0,5,compound_sensor_actuator_shift,1152,0.87500,0.72222,0.26828,0.51071,0.27778,0.13073,0.16667
uncertainty_sampling,0,5,fixture_geometry_shift,1152,0.87500,0.00000,0.35377,0.57436,1.00000,0.03348,0.27778
uncertainty_sampling,0,5,rare_mechanism_combo,1152,0.87500,0.22222,0.35175,0.39048,0.77778,0.09670,0.00000
uncertainty_sampling,0,5,out_of_distribution_tail,1152,0.87500,0.27778,0.32673,0.40000,0.72222,0.13470,0.00000
failure_prediction_active_learning,0,5,nominal_task_balance,1152,0.87500,1.00000,0.00000,0.00000,0.00000,0.00979,0.00000
failure_prediction_active_learning,0,5,rare_slip_failures,1152,0.87500,1.00000,0.11490,0.04000,0.00000,0.07120,0.00000
failure_prediction_active_learning,0,5,jammed_fixture_failures,1152,0.87500,0.00000,0.37750,0.39683,1.00000,0.17000,0.88889
failure_prediction_active_learning,0,5,actuator_limit_failures,1152,0.87500,1.00000,0.00000,0.00000,0.00000,0.08571,0.00000
failure_prediction_active_learning,0,5,combined_tail_stress,1152,0.87500,0.55556,0.35795,0.57711,0.44444,0.07908,0.27778
failure_prediction_active_learning,0,5,compound_sensor_actuator_shift,1152,0.87500,0.72222,0.27343,0.59357,0.27778,0.10635,0.16667
failure_prediction_active_learning,0,5,fixture_geometry_shift,1152,0.87500,0.00000,0.35032,0.54385,1.00000,0.05156,0.27778
failure_prediction_active_learning,0,5,rare_mechanism_combo,1152,0.87500,0.22222,0.35564,0.37143,0.77778,0.14248,0.00000
failure_prediction_active_learning,0,5,out_of_distribution_tail,1152,0.87500,0.27778,0.32908,0.40000,0.72222,0.19365,0.00000
calibrated_failure_risk,0,5,nominal_task_balance,1152,0.87500,1.00000,0.00000,0.00000,0.00000,0.00971,0.00000
calibrated_failure_risk,0,5,rare_slip_failures,1152,0.87500,1.00000,0.12059,0.04000,0.00000,0.07089,0.00000
calibrated_failure_risk,0,5,jammed_fixture_failures,1152,0.87500,0.00000,0.37718,0.39156,1.00000,0.17239,0.88889
calibrated_failure_risk,0,5,actuator_limit_failures,1152,0.87500,1.00000,0.00000,0.00000,0.00000,0.08544,0.00000
calibrated_failure_risk,0,5,combined_tail_stress,1152,0.87500,0.55556,0.36564,0.58887,0.44444,0.07858,0.27778
calibrated_failure_risk,0,5,compound_sensor_actuator_shift,1152,0.87500,0.72222,0.26778,0.58036,0.27778,0.11279,0.16667
calibrated_failure_risk,0,5,fixture_geometry_shift,1152,0.87500,0.00000,0.35243,0.55397,1.00000,0.05268,0.27778
calibrated_failure_risk,0,5,rare_mechanism_combo,1152,0.87500,0.22222,0.35839,0.37143,0.77778,0.14244,0.00000
calibrated_failure_risk,0,5,out_of_distribution_tail,1152,0.87500,0.27778,0.33026,0.40000,0.72222,0.18953,0.00000
tail_risk_active_learning,0,5,nominal_task_balance,1152,0.87500,1.00000,0.00000,0.00000,0.00000,0.01828,0.00000
tail_risk_active_learning,0,5,rare_slip_failures,1152,0.87500,1.00000,0.15571,0.04000,0.00000,0.06648,0.00000
tail_risk_active_learning,0,5,jammed_fixture_failures,1152,0.87500,0.00000,0.39798,0.46373,1.00000,0.16984,0.88889
tail_risk_active_learning,0,5,actuator_limit_failures,1152,0.87500,1.00000,0.00000,0.00000,0.00000,0.09356,0.00000
tail_risk_active_learning,0,5,combined_tail_stress,1152,0.87500,0.55556,0.36684,0.63369,0.44444,0.08928,0.27778
tail_risk_active_learning,0,5,compound_sensor_actuator_shift,1152,0.87500,0.72222,0.29265,0.61857,0.27778,0.14190,0.16667
tail_risk_active_learning,0,5,fixture_geometry_shift,1152,0.87500,0.00000,0.35037,0.56423,1.00000,0.04010,0.27778
tail_risk_active_learning,0,5,rare_mechanism_combo,1152,0.87500,0.22222,0.35724,0.38095,0.77778,0.15799,0.00000
tail_risk_active_learning,0,5,out_of_distribution_tail,1152,0.87500,0.27778,0.32890,0.40000,0.72222,0.22106,0.00000
hybrid_diversity_risk,0,5,nominal_task_balance,1152,0.87500,1.00000,0.00000,0.00000,0.00000,0.02454,0.00000
hybrid_diversity_risk,0,5,rare_slip_failures,1152,0.87500,1.00000,0.14003,0.04000,0.00000,0.06813,0.00000
hybrid_diversity_risk,0,5,jammed_fixture_failures,1152,0.87500,0.00000,0.38994,0.43272,1.00000,0.17776,0.88889
hybrid_diversity_risk,0,5,actuator_limit_failures,1152,0.87500,1.00000,0.00000,0.00000,0.00000,0.10319,0.00000
hybrid_diversity_risk,0,5,combined_tail_stress,1152,0.87500,0.55556,0.35170,0.62460,0.44444,0.07574,0.27778
hybrid_diversity_risk,0,5,compound_sensor_actuator_shift,1152,0.87500,0.72222,0.29631,0.64929,0.27778,0.14639,0.16667
hybrid_diversity_risk,0,5,fixture_geometry_shift,1152,0.87500,0.00000,0.35316,0.56923,1.00000,0.04178,0.27778
hybrid_diversity_risk,0,5,rare_mechanism_combo,1152,0.87500,0.22222,0.35406,0.39048,0.77778,0.19234,0.00000
hybrid_diversity_risk,0,5,out_of_distribution_tail,1152,0.87500,0.27778,0.36640,0.45455,0.72222,0.14002,0.00000
balanced_failure_replay,0,5,nominal_task_balance,1152,0.87500,1.00000,0.00000,0.00000,0.00000,0.01672,0.00000
balanced_failure_replay,0,5,rare_slip_failures,1152,0.87500,1.00000,0.16156,0.04000,0.00000,0.07607,0.00000
balanced_failure_replay,0,5,jammed_fixture_failures,1152,0.87500,0.00000,0.38196,0.40171,1.00000,0.16180,0.88889
balanced_failure_replay,0,5,actuator_limit_failures,1152,0.87500,1.00000,0.00000,0.00000,0.00000,0.11496,0.00000
balanced_failure_replay,0,5,combined_tail_stress,1152,0.87500,0.55556,0.36065,0.64278,0.44444,0.12855,0.27778
balanced_failure_replay,0,5,compound_sensor_actuator_shift,1152,0.87500,0.72222,0.27316,0.50679,0.27778,0.10104,0.16667
balanced_failure_replay,0,5,fixture_geometry_shift,1152,0.87500,0.00000,0.35335,0.56923,1.00000,0.03198,0.27778
balanced_failure_replay,0,5,rare_mechanism_combo,1152,0.87500,0.22222,0.38342,0.52381,0.77778,0.13472,0.00000
balanced_failure_replay,0,5,out_of_distribution_tail,1152,0.87500,0.27778,0.35659,0.43636,0.72222,0.10560,0.00000
gradient_boosted_failure_active,0,5,nominal_task_balance,1152,0.87500,1.00000,0.00000,0.00000,0.00000,0.01824,0.00000
gradient_boosted_failure_active,0,5,rare_slip_failures,1152,0.87500,1.00000,0.15798,0.04000,0.00000,0.09696,0.00000
gradient_boosted_failure_active,0,5,jammed_fixture_failures,1152,0.87500,0.00000,0.39293,0.43648,1.00000,0.14921,0.88889
gradient_boosted_failure_active,0,5,actuator_limit_failures,1152,0.87500,1.00000,0.00000,0.00000,0.00000,0.09861,0.00000
gradient_boosted_failure_active,0,5,combined_tail_stress,1152,0.87500,0.55556,0.36570,0.63102,0.44444,0.11468,0.27778
gradient_boosted_failure_active,0,5,compound_sensor_actuator_shift,1152,0.87500,0.72222,0.29274,0.65393,0.27778,0.13193,0.16667
gradient_boosted_failure_active,0,5,fixture_geometry_shift,1152,0.87500,0.00000,0.35215,0.56410,1.00000,0.02896,0.27778
gradient_boosted_failure_active,0,5,rare_mechanism_combo,1152,0.87500,0.22222,0.38254,0.60000,0.77778,0.14223,0.00000
gradient_boosted_failure_active,0,5,out_of_distribution_tail,1152,0.87500,0.27778,0.35443,0.45455,0.72222,0.07011,0.00000
random_forest_failure_active,0,5,nominal_task_balance,1152,0.87500,1.00000,0.00000,0.00000,0.00000,0.00604,0.00000
random_forest_failure_active,0,5,rare_slip_failures,1152,0.87500,1.00000,0.16766,0.04000,0.00000,0.09911,0.00000
random_forest_failure_active,0,5,jammed_fixture_failures,1152,0.87500,0.00000,0.40461,0.50132,1.00000,0.08969,0.88889
random_forest_failure_active,0,5,actuator_limit_failures,1152,0.87500,1.00000,0.00000,0.00000,0.00000,0.10401,0.00000
random_forest_failure_active,0,5,combined_tail_stress,1152,0.87500,0.55556,0.36384,0.62373,0.44444,0.15514,0.27778
random_forest_failure_active,0,5,compound_sensor_actuator_shift,1152,0.87500,0.72222,0.26660,0.54464,0.27778,0.11533,0.16667
random_forest_failure_active,0,5,fixture_geometry_shift,1152,0.87500,0.00000,0.34939,0.54359,1.00000,0.02134,0.27778
random_forest_failure_active,0,5,rare_mechanism_combo,1152,0.87500,0.22222,0.37119,0.56190,0.77778,0.13945,0.00000
random_forest_failure_active,0,5,out_of_distribution_tail,1152,0.87500,0.27778,0.34076,0.43636,0.72222,0.09227,0.00000
failure_stratified_engine,0,5,nominal_task_balance,1152,0.87500,1.00000,0.00000,0.00000,0.00000,0.01012,0.00000
failure_stratified_engine,0,5,rare_slip_failures,1152,0.87500,1.00000,0.18397,0.04000,0.00000,0.11000,0.00000
failure_stratified_engine,0,5,jammed_fixture_failures,1152,0.87500,0.00000,0.40089,0.44344,1.00000,0.13502,0.88889
failure_stratified_engine,0,5,actuator_limit_failures,1152,0.87500,1.00000,0.00000,0.00000,0.00000,0.09405,0.00000
failure_stratified_engine,0,5,combined_tail_stress,1152,0.87500,0.55556,0.36911,0.64235,0.44444,0.18910,0.27778
failure_stratified_engine,0,5,compound_sensor_actuator_shift,1152,0.87500,0.72222,0.27508,0.63500,0.27778,0.22542,0.16667
failure_stratified_engine,0,5,fixture_geometry_shift,1152,0.87500,0.00000,0.35428,0.55385,1.00000,0.04076,0.27778
failure_stratified_engine,0,5,rare_mechanism_combo,1152,0.87500,0.22222,0.35227,0.38095,0.77778,0.13351,0.00000
failure_stratified_engine,0,5,out_of_distribution_tail,1152,0.87500,0.27778,0.32380,0.40000,0.72222,0.14522,0.00000
failure_stratified_engine_v5,0,5,nominal_task_balance,1152,1.00000,1.00000,0.00000,0.00000,0.00000,0.02056,0.00000
failure_stratified_engine_v5,0,5,rare_slip_failures,1152,1.00000,1.00000,0.16488,0.04000,0.00000,0.08689,0.00000
failure_stratified_engine_v5,0,5,jammed_fixture_failures,1152,1.00000,0.00000,0.38349,0.40658,1.00000,0.15385,0.88889
failure_stratified_engine_v5,0,5,actuator_limit_failures,1152,1.00000,1.00000,0.00000,0.00000,0.00000,0.10450,0.00000
failure_stratified_engine_v5,0,5,combined_tail_stress,1152,1.00000,0.55556,0.36230,0.61925,0.44444,0.15244,0.27778
failure_stratified_engine_v5,0,5,compound_sensor_actuator_shift,1152,1.00000,0.72222,0.29321,0.54000,0.27778,0.10262,0.16667
failure_stratified_engine_v5,0,5,fixture_geometry_shift,1152,1.00000,0.00000,0.35095,0.56423,1.00000,0.03638,0.27778
failure_stratified_engine_v5,0,5,rare_mechanism_combo,1152,1.00000,0.22222,0.37096,0.60000,0.77778,0.17759,0.00000
failure_stratified_engine_v5,0,5,out_of_distribution_tail,1152,1.00000,0.27778,0.34940,0.45455,0.72222,0.09388,0.00000
oracle_failure_strata,0,5,nominal_task_balance,1152,1.00000,1.00000,0.00000,0.00000,0.00000,0.02509,0.00000
oracle_failure_strata,0,5,rare_slip_failures,1152,1.00000,1.00000,0.17413,0.16000,0.00000,0.11435,0.00000
oracle_failure_strata,0,5,jammed_fixture_failures,1152,1.00000,0.00000,0.42090,0.48216,1.00000,0.12170,0.88889
oracle_failure_strata,0,5,actuator_limit_failures,1152,1.00000,1.00000,0.00000,0.00000,0.00000,0.10279,0.00000
oracle_failure_strata,0,5,combined_tail_stress,1152,1.00000,0.55556,0.34871,0.59636,0.44444,0.12646,0.27778
oracle_failure_strata,0,5,compound_sensor_actuator_shift,1152,1.00000,0.72222,0.28116,0.71500,0.27778,0.18653,0.16667
oracle_failure_strata,0,5,fixture_geometry_shift,1152,1.00000,0.00000,0.34665,0.51846,1.00000,0.04217,0.27778
oracle_failure_strata,0,5,rare_mechanism_combo,1152,1.00000,0.22222,0.34249,0.36190,0.77778,0.14775,0.00000
oracle_failure_strata,0,5,out_of_distribution_tail,1152,1.00000,0.27778,0.32510,0.40000,0.72222,0.19078,0.00000
greedy_oracle_success_upper,0,5,nominal_task_balance,1152,1.00000,1.00000,0.00000,0.00000,0.00000,0.02245,0.00000
greedy_oracle_success_upper,0,5,rare_slip_failures,1152,1.00000,1.00000,0.17196,0.08000,0.00000,0.08652,0.00000
greedy_oracle_success_upper,0,5,jammed_fixture_failures,1152,1.00000,0.00000,0.39954,0.42745,1.00000,0.14931,0.88889
greedy_oracle_success_upper,0,5,actuator_limit_failures,1152,1.00000,1.00000,0.00000,0.00000,0.00000,0.10396,0.00000
greedy_oracle_success_upper,0,5,combined_tail_stress,1152,1.00000,0.55556,0.35289,0.62256,0.44444,0.12620,0.27778
greedy_oracle_success_upper,0,5,compound_sensor_actuator_shift,1152,1.00000,0.72222,0.28102,0.72250,0.27778,0.16603,0.16667
greedy_oracle_success_upper,0,5,fixture_geometry_shift,1152,1.00000,0.00000,0.34580,0.52321,1.00000,0.04055,0.27778
greedy_oracle_success_upper,0,5,rare_mechanism_combo,1152,1.00000,0.22222,0.34924,0.37143,0.77778,0.10813,0.00000
greedy_oracle_success_upper,0,5,out_of_distribution_tail,1152,1.00000,0.27778,0.33047,0.41818,0.72222,0.17435,0.00000
random_sampling,1,5,nominal_task_balance,1152,0.87500,1.00000,0.00000,0.00000,0.00000,0.03049,0.00000
random_sampling,1,5,rare_slip_failures,1152,0.87500,1.00000,0.16063,0.00000,0.00000,0.08369,0.00000
random_sampling,1,5,jammed_fixture_failures,1152,0.87500,0.00000,0.37296,0.44800,1.00000,0.10712,0.94444
random_sampling,1,5,actuator_limit_failures,1152,0.87500,1.00000,0.09233,0.00000,0.00000,0.12835,0.00000
random_sampling,1,5,combined_tail_stress,1152,0.87500,0.77778,0.36818,0.59202,0.22222,0.12691,0.11111
random_sampling,1,5,compound_sensor_actuator_shift,1152,0.87500,0.77778,0.23892,0.34206,0.22222,0.09932,0.22222
random_sampling,1,5,fixture_geometry_shift,1152,0.87500,0.00000,0.33957,0.37872,1.00000,0.03612,0.38889
random_sampling,1,5,rare_mechanism_combo,1152,0.87500,0.44444,0.31185,0.40000,0.55556,0.10322,0.00000
random_sampling,1,5,out_of_distribution_tail,1152,0.87500,0.22222,0.35465,0.56842,0.77778,0.11173,0.00000
task_label_stratification,1,5,nominal_task_balance,1152,0.87500,1.00000,0.00000,0.00000,0.00000,0.02217,0.00000
task_label_stratification,1,5,rare_slip_failures,1152,0.87500,1.00000,0.15230,0.00000,0.00000,0.07131,0.00000
task_label_stratification,1,5,jammed_fixture_failures,1152,0.87500,0.00000,0.36664,0.44329,1.00000,0.10612,0.94444
task_label_stratification,1,5,actuator_limit_failures,1152,0.87500,1.00000,0.10457,0.00000,0.00000,0.12385,0.00000
task_label_stratification,1,5,combined_tail_stress,1152,0.87500,0.77778,0.36152,0.62483,0.22222,0.14070,0.11111
task_label_stratification,1,5,compound_sensor_actuator_shift,1152,0.87500,0.77778,0.26629,0.37159,0.22222,0.07954,0.22222
task_label_stratification,1,5,fixture_geometry_shift,1152,0.87500,0.00000,0.33584,0.36596,1.00000,0.04367,0.38889
task_label_stratification,1,5,rare_mechanism_combo,1152,0.87500,0.44444,0.30731,0.40000,0.55556,0.07053,0.00000
task_label_stratification,1,5,out_of_distribution_tail,1152,0.87500,0.22222,0.34469,0.48421,0.77778,0.10001,0.00000
state_diversity_coreset,1,5,nominal_task_balance,1152,1.00000,1.00000,0.00000,0.00000,0.00000,0.01398,0.00000
state_diversity_coreset,1,5,rare_slip_failures,1152,1.00000,1.00000,0.12416,0.00000,0.00000,0.07987,0.00000
state_diversity_coreset,1,5,jammed_fixture_failures,1152,1.00000,0.00000,0.37508,0.42329,1.00000,0.14206,0.94444
state_diversity_coreset,1,5,actuator_limit_failures,1152,1.00000,1.00000,0.08894,0.00000,0.00000,0.11261,0.00000
state_diversity_coreset,1,5,combined_tail_stress,1152,1.00000,0.77778,0.35802,0.63718,0.22222,0.14524,0.11111
state_diversity_coreset,1,5,compound_sensor_actuator_shift,1152,1.00000,0.77778,0.24063,0.41000,0.22222,0.08937,0.22222
state_diversity_coreset,1,5,fixture_geometry_shift,1152,1.00000,0.00000,0.33917,0.37872,1.00000,0.04769,0.38889
state_diversity_coreset,1,5,rare_mechanism_combo,1152,1.00000,0.44444,0.31161,0.40000,0.55556,0.05832,0.00000
state_diversity_coreset,1,5,out_of_distribution_tail,1152,1.00000,0.22222,0.35473,0.54737,0.77778,0.11743,0.00000
uncertainty_sampling,1,5,nominal_task_balance,1152,0.87500,1.00000,0.00000,0.00000,0.00000,0.02942,0.00000
uncertainty_sampling,1,5,rare_slip_failures,1152,0.87500,1.00000,0.18011,0.00000,0.00000,0.07391,0.00000
uncertainty_sampling,1,5,jammed_fixture_failures,1152,0.87500,0.00000,0.36781,0.42800,1.00000,0.11772,0.94444
uncertainty_sampling,1,5,actuator_limit_failures,1152,0.87500,1.00000,0.07630,0.00000,0.00000,0.09306,0.00000
uncertainty_sampling,1,5,combined_tail_stress,1152,0.87500,0.77778,0.37737,0.60254,0.22222,0.15192,0.11111
uncertainty_sampling,1,5,compound_sensor_actuator_shift,1152,0.87500,0.77778,0.24042,0.27222,0.22222,0.12391,0.22222
uncertainty_sampling,1,5,fixture_geometry_shift,1152,0.87500,0.00000,0.33950,0.37872,1.00000,0.04700,0.38889
uncertainty_sampling,1,5,rare_mechanism_combo,1152,0.87500,0.44444,0.34271,0.60000,0.55556,0.07343,0.00000
uncertainty_sampling,1,5,out_of_distribution_tail,1152,0.87500,0.22222,0.34651,0.50526,0.77778,0.09110,0.00000
failure_prediction_active_learning,1,5,nominal_task_balance,1152,0.87500,1.00000,0.00000,0.00000,0.00000,0.02263,0.00000
failure_prediction_active_learning,1,5,rare_slip_failures,1152,0.87500,1.00000,0.04792,0.00000,0.00000,0.10306,0.00000
failure_prediction_active_learning,1,5,jammed_fixture_failures,1152,0.87500,0.00000,0.36194,0.43694,1.00000,0.14990,0.94444
failure_prediction_active_learning,1,5,actuator_limit_failures,1152,0.87500,1.00000,0.02778,0.00000,0.00000,0.10285,0.00000
failure_prediction_active_learning,1,5,combined_tail_stress,1152,0.87500,0.77778,0.36741,0.61307,0.22222,0.12820,0.11111
failure_prediction_active_learning,1,5,compound_sensor_actuator_shift,1152,0.87500,0.77778,0.23062,0.31667,0.22222,0.10048,0.22222
failure_prediction_active_learning,1,5,fixture_geometry_shift,1152,0.87500,0.00000,0.34106,0.38068,1.00000,0.06360,0.38889
failure_prediction_active_learning,1,5,rare_mechanism_combo,1152,0.87500,0.44444,0.34858,0.48462,0.55556,0.09342,0.00000
failure_prediction_active_learning,1,5,out_of_distribution_tail,1152,0.87500,0.22222,0.35126,0.46316,0.77778,0.13019,0.00000
calibrated_failure_risk,1,5,nominal_task_balance,1152,0.87500,1.00000,0.00000,0.00000,0.00000,0.02247,0.00000
calibrated_failure_risk,1,5,rare_slip_failures,1152,0.87500,1.00000,0.04792,0.00000,0.00000,0.10243,0.00000
calibrated_failure_risk,1,5,jammed_fixture_failures,1152,0.87500,0.00000,0.36824,0.46094,1.00000,0.15245,0.94444
calibrated_failure_risk,1,5,actuator_limit_failures,1152,0.87500,1.00000,0.02778,0.00000,0.00000,0.10253,0.00000
calibrated_failure_risk,1,5,combined_tail_stress,1152,0.87500,0.77778,0.36956,0.62418,0.22222,0.12130,0.11111
calibrated_failure_risk,1,5,compound_sensor_actuator_shift,1152,0.87500,0.77778,0.22897,0.31111,0.22222,0.10070,0.22222
calibrated_failure_risk,1,5,fixture_geometry_shift,1152,0.87500,0.00000,0.33803,0.38068,1.00000,0.06524,0.38889
calibrated_failure_risk,1,5,rare_mechanism_combo,1152,0.87500,0.44444,0.35120,0.48462,0.55556,0.08432,0.00000
calibrated_failure_risk,1,5,out_of_distribution_tail,1152,0.87500,0.22222,0.35322,0.46316,0.77778,0.12055,0.00000
tail_risk_active_learning,1,5,nominal_task_balance,1152,0.87500,1.00000,0.00000,0.00000,0.00000,0.02513,0.00000
tail_risk_active_learning,1,5,rare_slip_failures,1152,0.87500,1.00000,0.15591,0.00000,0.00000,0.09213,0.00000
tail_risk_active_learning,1,5,jammed_fixture_failures,1152,0.87500,0.00000,0.36572,0.46800,1.00000,0.15345,0.94444
tail_risk_active_learning,1,5,actuator_limit_failures,1152,0.87500,1.00000,0.08635,0.00000,0.00000,0.12154,0.00000
tail_risk_active_learning,1,5,combined_tail_stress,1152,0.87500,0.77778,0.34634,0.63947,0.22222,0.13550,0.11111
tail_risk_active_learning,1,5,compound_sensor_actuator_shift,1152,0.87500,0.77778,0.24675,0.25476,0.22222,0.13766,0.22222
tail_risk_active_learning,1,5,fixture_geometry_shift,1152,0.87500,0.00000,0.34068,0.38723,1.00000,0.06798,0.38889
tail_risk_active_learning,1,5,rare_mechanism_combo,1152,0.87500,0.44444,0.32678,0.38462,0.55556,0.07754,0.00000
tail_risk_active_learning,1,5,out_of_distribution_tail,1152,0.87500,0.22222,0.34851,0.44211,0.77778,0.15034,0.00000
hybrid_diversity_risk,1,5,nominal_task_balance,1152,0.87500,1.00000,0.00000,0.00000,0.00000,0.02850,0.00000
hybrid_diversity_risk,1,5,rare_slip_failures,1152,0.87500,1.00000,0.15825,0.00000,0.00000,0.09021,0.00000
hybrid_diversity_risk,1,5,jammed_fixture_failures,1152,0.87500,0.00000,0.36389,0.42800,1.00000,0.14646,0.94444
hybrid_diversity_risk,1,5,actuator_limit_failures,1152,0.87500,1.00000,0.09430,0.00000,0.00000,0.13085,0.00000
hybrid_diversity_risk,1,5,combined_tail_stress,1152,0.87500,0.77778,0.34714,0.64947,0.22222,0.12529,0.11111
hybrid_diversity_risk,1,5,compound_sensor_actuator_shift,1152,0.87500,0.77778,0.24734,0.24286,0.22222,0.10656,0.22222
hybrid_diversity_risk,1,5,fixture_geometry_shift,1152,0.87500,0.00000,0.33942,0.38723,1.00000,0.06700,0.38889
hybrid_diversity_risk,1,5,rare_mechanism_combo,1152,0.87500,0.44444,0.31652,0.40000,0.55556,0.06149,0.00000
hybrid_diversity_risk,1,5,out_of_distribution_tail,1152,0.87500,0.22222,0.36677,0.50526,0.77778,0.12553,0.00000
balanced_failure_replay,1,5,nominal_task_balance,1152,0.87500,1.00000,0.00000,0.00000,0.00000,0.03051,0.00000
balanced_failure_replay,1,5,rare_slip_failures,1152,0.87500,1.00000,0.14932,0.00000,0.00000,0.08795,0.00000
balanced_failure_replay,1,5,jammed_fixture_failures,1152,0.87500,0.00000,0.36394,0.40800,1.00000,0.12111,0.94444
balanced_failure_replay,1,5,actuator_limit_failures,1152,0.87500,1.00000,0.08957,0.00000,0.00000,0.11914,0.00000
balanced_failure_replay,1,5,combined_tail_stress,1152,0.87500,0.77778,0.36017,0.63718,0.22222,0.12362,0.11111
balanced_failure_replay,1,5,compound_sensor_actuator_shift,1152,0.87500,0.77778,0.25546,0.22508,0.22222,0.11610,0.22222
balanced_failure_replay,1,5,fixture_geometry_shift,1152,0.87500,0.00000,0.34097,0.38723,1.00000,0.04098,0.38889
balanced_failure_replay,1,5,rare_mechanism_combo,1152,0.87500,0.44444,0.34855,0.60000,0.55556,0.09775,0.00000
balanced_failure_replay,1,5,out_of_distribution_tail,1152,0.87500,0.22222,0.36752,0.55789,0.77778,0.08076,0.00000
gradient_boosted_failure_active,1,5,nominal_task_balance,1152,0.87500,1.00000,0.00000,0.00000,0.00000,0.03073,0.00000
gradient_boosted_failure_active,1,5,rare_slip_failures,1152,0.87500,1.00000,0.16063,0.00000,0.00000,0.08117,0.00000
gradient_boosted_failure_active,1,5,jammed_fixture_failures,1152,0.87500,0.00000,0.35979,0.40800,1.00000,0.09860,0.94444
gradient_boosted_failure_active,1,5,actuator_limit_failures,1152,0.87500,1.00000,0.09375,0.00000,0.00000,0.12023,0.00000
gradient_boosted_failure_active,1,5,combined_tail_stress,1152,0.87500,0.77778,0.36816,0.61431,0.22222,0.11434,0.11111
gradient_boosted_failure_active,1,5,compound_sensor_actuator_shift,1152,0.87500,0.77778,0.23736,0.25952,0.22222,0.10556,0.22222
gradient_boosted_failure_active,1,5,fixture_geometry_shift,1152,0.87500,0.00000,0.33897,0.37021,1.00000,0.04143,0.38889
gradient_boosted_failure_active,1,5,rare_mechanism_combo,1152,0.87500,0.44444,0.32040,0.40000,0.55556,0.10714,0.00000
gradient_boosted_failure_active,1,5,out_of_distribution_tail,1152,0.87500,0.22222,0.36504,0.54737,0.77778,0.10586,0.00000
random_forest_failure_active,1,5,nominal_task_balance,1152,0.87500,1.00000,0.00000,0.00000,0.00000,0.01688,0.00000
random_forest_failure_active,1,5,rare_slip_failures,1152,0.87500,1.00000,0.13141,0.00000,0.00000,0.09486,0.00000
random_forest_failure_active,1,5,jammed_fixture_failures,1152,0.87500,0.00000,0.37422,0.41600,1.00000,0.05214,0.94444
random_forest_failure_active,1,5,actuator_limit_failures,1152,0.87500,1.00000,0.08947,0.00000,0.00000,0.12186,0.00000
random_forest_failure_active,1,5,combined_tail_stress,1152,0.87500,0.77778,0.37346,0.60254,0.22222,0.10018,0.11111
random_forest_failure_active,1,5,compound_sensor_actuator_shift,1152,0.87500,0.77778,0.21514,0.30476,0.22222,0.11983,0.22222
random_forest_failure_active,1,5,fixture_geometry_shift,1152,0.87500,0.00000,0.34380,0.56170,1.00000,0.02904,0.38889
random_forest_failure_active,1,5,rare_mechanism_combo,1152,0.87500,0.44444,0.33262,0.48462,0.55556,0.09678,0.00000
random_forest_failure_active,1,5,out_of_distribution_tail,1152,0.87500,0.22222,0.35389,0.56842,0.77778,0.09386,0.00000
failure_stratified_engine,1,5,nominal_task_balance,1152,0.87500,1.00000,0.00000,0.00000,0.00000,0.02096,0.00000
failure_stratified_engine,1,5,rare_slip_failures,1152,0.87500,1.00000,0.15417,0.00000,0.00000,0.09134,0.00000
failure_stratified_engine,1,5,jammed_fixture_failures,1152,0.87500,0.00000,0.36986,0.39929,1.00000,0.11229,0.94444
failure_stratified_engine,1,5,actuator_limit_failures,1152,0.87500,1.00000,0.10390,0.00000,0.00000,0.10199,0.00000
failure_stratified_engine,1,5,combined_tail_stress,1152,0.87500,0.77778,0.36041,0.61261,0.22222,0.18601,0.11111
failure_stratified_engine,1,5,compound_sensor_actuator_shift,1152,0.87500,0.77778,0.23931,0.34048,0.22222,0.10188,0.22222
failure_stratified_engine,1,5,fixture_geometry_shift,1152,0.87500,0.00000,0.33853,0.37021,1.00000,0.04247,0.38889
failure_stratified_engine,1,5,rare_mechanism_combo,1152,0.87500,0.44444,0.33461,0.58462,0.55556,0.12610,0.00000
failure_stratified_engine,1,5,out_of_distribution_tail,1152,0.87500,0.22222,0.36249,0.58947,0.77778,0.09202,0.00000
failure_stratified_engine_v5,1,5,nominal_task_balance,1152,0.87500,1.00000,0.00000,0.00000,0.00000,0.01098,0.00000
failure_stratified_engine_v5,1,5,rare_slip_failures,1152,0.87500,1.00000,0.16574,0.00000,0.00000,0.07893,0.00000
failure_stratified_engine_v5,1,5,jammed_fixture_failures,1152,0.87500,0.00000,0.37408,0.40800,1.00000,0.12559,0.94444
failure_stratified_engine_v5,1,5,actuator_limit_failures,1152,0.87500,1.00000,0.08957,0.00000,0.00000,0.11627,0.00000
failure_stratified_engine_v5,1,5,combined_tail_stress,1152,0.87500,0.77778,0.35770,0.65947,0.22222,0.15833,0.11111
failure_stratified_engine_v5,1,5,compound_sensor_actuator_shift,1152,0.87500,0.77778,0.23682,0.21746,0.22222,0.12022,0.22222
failure_stratified_engine_v5,1,5,fixture_geometry_shift,1152,0.87500,0.00000,0.33660,0.37642,1.00000,0.04795,0.38889
failure_stratified_engine_v5,1,5,rare_mechanism_combo,1152,0.87500,0.44444,0.34164,0.60000,0.55556,0.07566,0.00000
failure_stratified_engine_v5,1,5,out_of_distribution_tail,1152,0.87500,0.22222,0.36092,0.53684,0.77778,0.08796,0.00000
oracle_failure_strata,1,5,nominal_task_balance,1152,1.00000,1.00000,0.00000,0.00000,0.00000,0.02716,0.00000
oracle_failure_strata,1,5,rare_slip_failures,1152,1.00000,1.00000,0.19352,0.03333,0.00000,0.07906,0.00000
oracle_failure_strata,1,5,jammed_fixture_failures,1152,1.00000,0.00000,0.36083,0.40094,1.00000,0.09078,0.94444
oracle_failure_strata,1,5,actuator_limit_failures,1152,1.00000,1.00000,0.09167,0.00000,0.00000,0.11637,0.00000
oracle_failure_strata,1,5,combined_tail_stress,1152,1.00000,0.77778,0.36552,0.66103,0.22222,0.13078,0.11111
oracle_failure_strata,1,5,compound_sensor_actuator_shift,1152,1.00000,0.77778,0.26113,0.40667,0.22222,0.08147,0.22222
oracle_failure_strata,1,5,fixture_geometry_shift,1152,1.00000,0.00000,0.34010,0.35319,1.00000,0.05811,0.38889
oracle_failure_strata,1,5,rare_mechanism_combo,1152,1.00000,0.44444,0.30074,0.40000,0.55556,0.08160,0.00000
oracle_failure_strata,1,5,out_of_distribution_tail,1152,1.00000,0.22222,0.34147,0.53684,0.77778,0.10670,0.00000
greedy_oracle_success_upper,1,5,nominal_task_balance,1152,0.87500,1.00000,0.00000,0.00000,0.00000,0.02111,0.00000
greedy_oracle_success_upper,1,5,rare_slip_failures,1152,0.87500,1.00000,0.14209,0.00000,0.00000,0.08707,0.00000
greedy_oracle_success_upper,1,5,jammed_fixture_failures,1152,0.87500,0.00000,0.34814,0.38329,1.00000,0.12338,0.94444
greedy_oracle_success_upper,1,5,actuator_limit_failures,1152,0.87500,1.00000,0.03125,0.00000,0.00000,0.10760,0.00000
greedy_oracle_success_upper,1,5,combined_tail_stress,1152,0.87500,0.77778,0.37004,0.67320,0.22222,0.13673,0.11111
greedy_oracle_success_upper,1,5,compound_sensor_actuator_shift,1152,0.87500,0.77778,0.29083,0.46524,0.22222,0.06687,0.22222
greedy_oracle_success_upper,1,5,fixture_geometry_shift,1152,0.87500,0.00000,0.34021,0.36596,1.00000,0.04751,0.38889
greedy_oracle_success_upper,1,5,rare_mechanism_combo,1152,0.87500,0.44444,0.30378,0.40000,0.55556,0.08129,0.00000
greedy_oracle_success_upper,1,5,out_of_distribution_tail,1152,0.87500,0.22222,0.35525,0.60000,0.77778,0.09761,0.00000
random_sampling,2,5,nominal_task_balance,1152,0.87500,1.00000,0.00000,0.00000,0.00000,0.04170,0.00000
random_sampling,2,5,rare_slip_failures,1152,0.87500,0.94444,0.26089,0.26667,0.05556,0.08685,0.00000
random_sampling,2,5,jammed_fixture_failures,1152,0.87500,0.00000,0.38587,0.44711,1.00000,0.12723,0.94444
random_sampling,2,5,actuator_limit_failures,1152,0.87500,1.00000,0.05556,0.00000,0.00000,0.10068,0.00000
random_sampling,2,5,combined_tail_stress,1152,0.87500,0.61111,0.41375,0.63632,0.38889,0.11408,0.22222
random_sampling,2,5,compound_sensor_actuator_shift,1152,0.87500,0.72222,0.26130,0.58000,0.27778,0.25556,0.22222
random_sampling,2,5,fixture_geometry_shift,1152,0.87500,0.00000,0.36040,0.38261,1.00000,0.07219,0.11111
random_sampling,2,5,rare_mechanism_combo,1152,0.87500,0.38889,0.33712,0.60000,0.61111,0.12656,0.00000
random_sampling,2,5,out_of_distribution_tail,1152,0.87500,0.33333,0.29963,0.40000,0.66667,0.22786,0.00000
task_label_stratification,2,5,nominal_task_balance,1152,0.87500,1.00000,0.00000,0.00000,0.00000,0.03857,0.00000
task_label_stratification,2,5,rare_slip_failures,1152,0.87500,0.94444,0.27336,0.30667,0.05556,0.09798,0.00000
task_label_stratification,2,5,jammed_fixture_failures,1152,0.87500,0.00000,0.40183,0.48140,1.00000,0.11980,0.94444
task_label_stratification,2,5,actuator_limit_failures,1152,0.87500,1.00000,0.07697,0.00000,0.00000,0.10499,0.00000
task_label_stratification,2,5,combined_tail_stress,1152,0.87500,0.61111,0.40166,0.64502,0.38889,0.10808,0.22222
task_label_stratification,2,5,compound_sensor_actuator_shift,1152,0.87500,0.72222,0.26273,0.58857,0.27778,0.25114,0.22222
task_label_stratification,2,5,fixture_geometry_shift,1152,0.87500,0.00000,0.35836,0.37391,1.00000,0.07545,0.11111
task_label_stratification,2,5,rare_mechanism_combo,1152,0.87500,0.38889,0.33396,0.60000,0.61111,0.14451,0.00000
task_label_stratification,2,5,out_of_distribution_tail,1152,0.87500,0.33333,0.29638,0.40000,0.66667,0.22994,0.00000
state_diversity_coreset,2,5,nominal_task_balance,1152,1.00000,1.00000,0.00000,0.00000,0.00000,0.05073,0.00000
state_diversity_coreset,2,5,rare_slip_failures,1152,1.00000,0.94444,0.22884,0.23810,0.05556,0.08780,0.00000
state_diversity_coreset,2,5,jammed_fixture_failures,1152,1.00000,0.00000,0.40249,0.66807,1.00000,0.14643,0.94444
state_diversity_coreset,2,5,actuator_limit_failures,1152,1.00000,1.00000,0.08617,0.00000,0.00000,0.11928,0.00000
state_diversity_coreset,2,5,combined_tail_stress,1152,1.00000,0.61111,0.38273,0.59710,0.38889,0.11431,0.22222
state_diversity_coreset,2,5,compound_sensor_actuator_shift,1152,1.00000,0.72222,0.25332,0.59905,0.27778,0.20712,0.22222
state_diversity_coreset,2,5,fixture_geometry_shift,1152,1.00000,0.00000,0.35334,0.37391,1.00000,0.09784,0.11111
state_diversity_coreset,2,5,rare_mechanism_combo,1152,1.00000,0.38889,0.32279,0.60000,0.61111,0.15054,0.00000
state_diversity_coreset,2,5,out_of_distribution_tail,1152,1.00000,0.33333,0.31584,0.46667,0.66667,0.24088,0.00000
uncertainty_sampling,2,5,nominal_task_balance,1152,0.87500,1.00000,0.00000,0.00000,0.00000,0.04654,0.00000
uncertainty_sampling,2,5,rare_slip_failures,1152,0.87500,0.94444,0.25959,0.30000,0.05556,0.06440,0.00000
uncertainty_sampling,2,5,jammed_fixture_failures,1152,0.87500,0.00000,0.38621,0.42235,1.00000,0.14825,0.94444
uncertainty_sampling,2,5,actuator_limit_failures,1152,0.87500,1.00000,0.04727,0.00000,0.00000,0.09750,0.00000
uncertainty_sampling,2,5,combined_tail_stress,1152,0.87500,0.61111,0.40637,0.64502,0.38889,0.12681,0.22222
uncertainty_sampling,2,5,compound_sensor_actuator_shift,1152,0.87500,0.72222,0.24940,0.53048,0.27778,0.26147,0.22222
uncertainty_sampling,2,5,fixture_geometry_shift,1152,0.87500,0.00000,0.35847,0.37826,1.00000,0.08692,0.11111
uncertainty_sampling,2,5,rare_mechanism_combo,1152,0.87500,0.38889,0.33220,0.60000,0.61111,0.12688,0.00000
uncertainty_sampling,2,5,out_of_distribution_tail,1152,0.87500,0.33333,0.32155,0.45333,0.66667,0.18391,0.00000
failure_prediction_active_learning,2,5,nominal_task_balance,1152,0.87500,1.00000,0.00000,0.00000,0.00000,0.03281,0.00000
failure_prediction_active_learning,2,5,rare_slip_failures,1152,0.87500,0.94444,0.25819,0.26667,0.05556,0.10869,0.00000
failure_prediction_active_learning,2,5,jammed_fixture_failures,1152,0.87500,0.00000,0.38597,0.44039,1.00000,0.15335,0.94444
failure_prediction_active_learning,2,5,actuator_limit_failures,1152,0.87500,1.00000,0.00000,0.00000,0.00000,0.10053,0.00000
failure_prediction_active_learning,2,5,combined_tail_stress,1152,0.87500,0.61111,0.41201,0.58415,0.38889,0.08368,0.22222
failure_prediction_active_learning,2,5,compound_sensor_actuator_shift,1152,0.87500,0.72222,0.25867,0.54857,0.27778,0.24913,0.22222
failure_prediction_active_learning,2,5,fixture_geometry_shift,1152,0.87500,0.00000,0.34675,0.38696,1.00000,0.12843,0.11111
failure_prediction_active_learning,2,5,rare_mechanism_combo,1152,0.87500,0.38889,0.33773,0.54286,0.61111,0.19840,0.00000
failure_prediction_active_learning,2,5,out_of_distribution_tail,1152,0.87500,0.33333,0.29464,0.40000,0.66667,0.28445,0.00000
calibrated_failure_risk,2,5,nominal_task_balance,1152,0.87500,1.00000,0.00000,0.00000,0.00000,0.03378,0.00000
calibrated_failure_risk,2,5,rare_slip_failures,1152,0.87500,0.94444,0.25221,0.26667,0.05556,0.10779,0.00000
calibrated_failure_risk,2,5,jammed_fixture_failures,1152,0.87500,0.00000,0.38871,0.44280,1.00000,0.15297,0.94444
calibrated_failure_risk,2,5,actuator_limit_failures,1152,0.87500,1.00000,0.00000,0.00000,0.00000,0.09782,0.00000
calibrated_failure_risk,2,5,combined_tail_stress,1152,0.87500,0.61111,0.41230,0.60154,0.38889,0.08134,0.22222
calibrated_failure_risk,2,5,compound_sensor_actuator_shift,1152,0.87500,0.72222,0.26293,0.56857,0.27778,0.21826,0.22222
calibrated_failure_risk,2,5,fixture_geometry_shift,1152,0.87500,0.00000,0.34115,0.39130,1.00000,0.12320,0.11111
calibrated_failure_risk,2,5,rare_mechanism_combo,1152,0.87500,0.38889,0.33856,0.54286,0.61111,0.19431,0.00000
calibrated_failure_risk,2,5,out_of_distribution_tail,1152,0.87500,0.33333,0.29940,0.40000,0.66667,0.27673,0.00000
tail_risk_active_learning,2,5,nominal_task_balance,1152,0.87500,1.00000,0.00000,0.00000,0.00000,0.04303,0.00000
tail_risk_active_learning,2,5,rare_slip_failures,1152,0.87500,0.94444,0.26369,0.32000,0.05556,0.08429,0.00000
tail_risk_active_learning,2,5,jammed_fixture_failures,1152,0.87500,0.00000,0.38478,0.48140,1.00000,0.16313,0.94444
tail_risk_active_learning,2,5,actuator_limit_failures,1152,0.87500,1.00000,0.08571,0.00000,0.00000,0.11184,0.00000
tail_risk_active_learning,2,5,combined_tail_stress,1152,0.87500,0.61111,0.40424,0.62279,0.38889,0.08826,0.22222
tail_risk_active_learning,2,5,compound_sensor_actuator_shift,1152,0.87500,0.72222,0.28815,0.63619,0.27778,0.21177,0.22222
tail_risk_active_learning,2,5,fixture_geometry_shift,1152,0.87500,0.00000,0.35347,0.38261,1.00000,0.10196,0.11111
tail_risk_active_learning,2,5,rare_mechanism_combo,1152,0.87500,0.38889,0.33695,0.51948,0.61111,0.17589,0.00000
tail_risk_active_learning,2,5,out_of_distribution_tail,1152,0.87500,0.33333,0.29598,0.40000,0.66667,0.31467,0.00000
hybrid_diversity_risk,2,5,nominal_task_balance,1152,1.00000,1.00000,0.00000,0.00000,0.00000,0.05447,0.00000
hybrid_diversity_risk,2,5,rare_slip_failures,1152,1.00000,0.94444,0.27971,0.34000,0.05556,0.09903,0.00000
hybrid_diversity_risk,2,5,jammed_fixture_failures,1152,1.00000,0.00000,0.39311,0.44140,1.00000,0.16307,0.94444
hybrid_diversity_risk,2,5,actuator_limit_failures,1152,1.00000,1.00000,0.07487,0.00000,0.00000,0.10667,0.00000
hybrid_diversity_risk,2,5,combined_tail_stress,1152,1.00000,0.61111,0.39272,0.62279,0.38889,0.09419,0.22222
hybrid_diversity_risk,2,5,compound_sensor_actuator_shift,1152,1.00000,0.72222,0.29895,0.67619,0.27778,0.17035,0.22222
hybrid_diversity_risk,2,5,fixture_geometry_shift,1152,1.00000,0.00000,0.35630,0.38261,1.00000,0.10112,0.11111
hybrid_diversity_risk,2,5,rare_mechanism_combo,1152,1.00000,0.38889,0.33423,0.57965,0.61111,0.13806,0.00000
hybrid_diversity_risk,2,5,out_of_distribution_tail,1152,1.00000,0.33333,0.30393,0.40000,0.66667,0.28761,0.00000
balanced_failure_replay,2,5,nominal_task_balance,1152,0.87500,1.00000,0.00000,0.00000,0.00000,0.05305,0.00000
balanced_failure_replay,2,5,rare_slip_failures,1152,0.87500,0.94444,0.27405,0.30667,0.05556,0.08120,0.00000
balanced_failure_replay,2,5,jammed_fixture_failures,1152,0.87500,0.00000,0.38519,0.42807,1.00000,0.14402,0.94444
balanced_failure_replay,2,5,actuator_limit_failures,1152,0.87500,1.00000,0.08750,0.00000,0.00000,0.10410,0.00000
balanced_failure_replay,2,5,combined_tail_stress,1152,0.87500,0.61111,0.40373,0.62521,0.38889,0.10346,0.22222
balanced_failure_replay,2,5,compound_sensor_actuator_shift,1152,0.87500,0.72222,0.27474,0.58762,0.27778,0.23487,0.22222
balanced_failure_replay,2,5,fixture_geometry_shift,1152,0.87500,0.00000,0.35708,0.37748,1.00000,0.09428,0.11111
balanced_failure_replay,2,5,rare_mechanism_combo,1152,0.87500,0.38889,0.33689,0.54286,0.61111,0.12659,0.00000
balanced_failure_replay,2,5,out_of_distribution_tail,1152,0.87500,0.33333,0.33678,0.52000,0.66667,0.21650,0.00000
gradient_boosted_failure_active,2,5,nominal_task_balance,1152,0.87500,1.00000,0.00000,0.00000,0.00000,0.04427,0.00000
gradient_boosted_failure_active,2,5,rare_slip_failures,1152,0.87500,0.94444,0.24287,0.26667,0.05556,0.07096,0.00000
gradient_boosted_failure_active,2,5,jammed_fixture_failures,1152,0.87500,0.00000,0.38025,0.42235,1.00000,0.14857,0.94444
gradient_boosted_failure_active,2,5,actuator_limit_failures,1152,0.87500,1.00000,0.08947,0.00000,0.00000,0.10104,0.00000
gradient_boosted_failure_active,2,5,combined_tail_stress,1152,0.87500,0.61111,0.39303,0.60540,0.38889,0.11490,0.22222
gradient_boosted_failure_active,2,5,compound_sensor_actuator_shift,1152,0.87500,0.72222,0.28611,0.61714,0.27778,0.23892,0.22222
gradient_boosted_failure_active,2,5,fixture_geometry_shift,1152,0.87500,0.00000,0.35687,0.37748,1.00000,0.10442,0.11111
gradient_boosted_failure_active,2,5,rare_mechanism_combo,1152,0.87500,0.38889,0.33581,0.54286,0.61111,0.11886,0.00000
gradient_boosted_failure_active,2,5,out_of_distribution_tail,1152,0.87500,0.33333,0.33776,0.52000,0.66667,0.18063,0.00000
random_forest_failure_active,2,5,nominal_task_balance,1152,0.87500,1.00000,0.00000,0.00000,0.00000,0.04026,0.00000
random_forest_failure_active,2,5,rare_slip_failures,1152,0.87500,0.94444,0.24150,0.18095,0.05556,0.10093,0.00000
random_forest_failure_active,2,5,jammed_fixture_failures,1152,0.87500,0.00000,0.39143,0.39569,1.00000,0.08856,0.94444
random_forest_failure_active,2,5,actuator_limit_failures,1152,0.87500,1.00000,0.07703,0.00000,0.00000,0.09994,0.00000
random_forest_failure_active,2,5,combined_tail_stress,1152,0.87500,0.61111,0.41467,0.62723,0.38889,0.09624,0.22222
random_forest_failure_active,2,5,compound_sensor_actuator_shift,1152,0.87500,0.72222,0.25970,0.54952,0.27778,0.23447,0.22222
random_forest_failure_active,2,5,fixture_geometry_shift,1152,0.87500,0.00000,0.36101,0.37391,1.00000,0.06950,0.11111
random_forest_failure_active,2,5,rare_mechanism_combo,1152,0.87500,0.38889,0.32554,0.57143,0.61111,0.21217,0.00000
random_forest_failure_active,2,5,out_of_distribution_tail,1152,0.87500,0.33333,0.32755,0.54667,0.66667,0.19585,0.00000
failure_stratified_engine,2,5,nominal_task_balance,1152,0.87500,1.00000,0.00000,0.00000,0.00000,0.03809,0.00000
failure_stratified_engine,2,5,rare_slip_failures,1152,0.87500,0.94444,0.25120,0.20952,0.05556,0.08633,0.00000
failure_stratified_engine,2,5,jammed_fixture_failures,1152,0.87500,0.00000,0.38740,0.38706,1.00000,0.16419,0.94444
failure_stratified_engine,2,5,actuator_limit_failures,1152,0.87500,1.00000,0.06016,0.00000,0.00000,0.12541,0.00000
failure_stratified_engine,2,5,combined_tail_stress,1152,0.87500,0.61111,0.39830,0.60540,0.38889,0.16326,0.22222
failure_stratified_engine,2,5,compound_sensor_actuator_shift,1152,0.87500,0.72222,0.31111,0.82286,0.27778,0.25325,0.22222
failure_stratified_engine,2,5,fixture_geometry_shift,1152,0.87500,0.00000,0.35540,0.36444,1.00000,0.12085,0.11111
failure_stratified_engine,2,5,rare_mechanism_combo,1152,0.87500,0.38889,0.32885,0.57143,0.61111,0.13922,0.00000
failure_stratified_engine,2,5,out_of_distribution_tail,1152,0.87500,0.33333,0.30847,0.46667,0.66667,0.20890,0.00000
failure_stratified_engine_v5,2,5,nominal_task_balance,1152,1.00000,1.00000,0.00000,0.00000,0.00000,0.05602,0.00000
failure_stratified_engine_v5,2,5,rare_slip_failures,1152,1.00000,0.94444,0.23690,0.26667,0.05556,0.06411,0.00000
failure_stratified_engine_v5,2,5,jammed_fixture_failures,1152,1.00000,0.00000,0.38306,0.41473,1.00000,0.15180,0.94444
failure_stratified_engine_v5,2,5,actuator_limit_failures,1152,1.00000,1.00000,0.10227,0.00000,0.00000,0.09709,0.00000
failure_stratified_engine_v5,2,5,combined_tail_stress,1152,1.00000,0.61111,0.39712,0.63149,0.38889,0.10160,0.22222
failure_stratified_engine_v5,2,5,compound_sensor_actuator_shift,1152,1.00000,0.72222,0.27116,0.52952,0.27778,0.19057,0.22222
failure_stratified_engine_v5,2,5,fixture_geometry_shift,1152,1.00000,0.00000,0.36258,0.37748,1.00000,0.09709,0.11111
failure_stratified_engine_v5,2,5,rare_mechanism_combo,1152,1.00000,0.38889,0.33080,0.59697,0.61111,0.14976,0.00000
failure_stratified_engine_v5,2,5,out_of_distribution_tail,1152,1.00000,0.33333,0.31150,0.40000,0.66667,0.18769,0.00000
oracle_failure_strata,2,5,nominal_task_balance,1152,1.00000,1.00000,0.00000,0.00000,0.00000,0.05576,0.00000
oracle_failure_strata,2,5,rare_slip_failures,1152,1.00000,0.94444,0.26450,0.26095,0.05556,0.10025,0.00000
oracle_failure_strata,2,5,jammed_fixture_failures,1152,1.00000,0.00000,0.41927,0.68610,1.00000,0.13592,0.94444
oracle_failure_strata,2,5,actuator_limit_failures,1152,1.00000,1.00000,0.06232,0.00000,0.00000,0.10695,0.00000
oracle_failure_strata,2,5,combined_tail_stress,1152,1.00000,0.61111,0.39577,0.63527,0.38889,0.12202,0.22222
oracle_failure_strata,2,5,compound_sensor_actuator_shift,1152,1.00000,0.72222,0.29489,0.79238,0.27778,0.32137,0.22222
oracle_failure_strata,2,5,fixture_geometry_shift,1152,1.00000,0.00000,0.35850,0.34392,1.00000,0.12096,0.11111
oracle_failure_strata,2,5,rare_mechanism_combo,1152,1.00000,0.38889,0.32080,0.58571,0.61111,0.15133,0.00000
oracle_failure_strata,2,5,out_of_distribution_tail,1152,1.00000,0.33333,0.28941,0.41333,0.66667,0.29770,0.00000
greedy_oracle_success_upper,2,5,nominal_task_balance,1152,1.00000,1.00000,0.00000,0.00000,0.00000,0.04451,0.00000
greedy_oracle_success_upper,2,5,rare_slip_failures,1152,1.00000,0.94444,0.23172,0.20952,0.05556,0.13348,0.00000
greedy_oracle_success_upper,2,5,jammed_fixture_failures,1152,1.00000,0.00000,0.40926,0.46134,1.00000,0.16202,0.94444
greedy_oracle_success_upper,2,5,actuator_limit_failures,1152,1.00000,1.00000,0.05614,0.00000,0.00000,0.10672,0.00000
greedy_oracle_success_upper,2,5,combined_tail_stress,1152,1.00000,0.61111,0.38681,0.61932,0.38889,0.11584,0.22222
greedy_oracle_success_upper,2,5,compound_sensor_actuator_shift,1152,1.00000,0.72222,0.29953,0.81238,0.27778,0.26970,0.22222
greedy_oracle_success_upper,2,5,fixture_geometry_shift,1152,1.00000,0.00000,0.35948,0.36444,1.00000,0.10850,0.11111
greedy_oracle_success_upper,2,5,rare_mechanism_combo,1152,1.00000,0.38889,0.32480,0.55714,0.61111,0.10261,0.00000
greedy_oracle_success_upper,2,5,out_of_distribution_tail,1152,1.00000,0.33333,0.29407,0.41333,0.66667,0.29290,0.00000
random_sampling,3,5,nominal_task_balance,1152,1.00000,1.00000,0.00000,0.00000,0.00000,0.05701,0.00000
random_sampling,3,5,rare_slip_failures,1152,1.00000,1.00000,0.14286,0.00000,0.00000,0.08757,0.00000
random_sampling,3,5,jammed_fixture_failures,1152,1.00000,0.00000,0.43314,0.46059,1.00000,0.16320,1.00000
random_sampling,3,5,actuator_limit_failures,1152,1.00000,1.00000,0.03256,0.00000,0.00000,0.05255,0.00000
random_sampling,3,5,combined_tail_stress,1152,1.00000,0.66667,0.32527,0.56172,0.33333,0.09979,0.27778
random_sampling,3,5,compound_sensor_actuator_shift,1152,1.00000,0.66667,0.26447,0.42280,0.33333,0.17459,0.11111
random_sampling,3,5,fixture_geometry_shift,1152,1.00000,0.00000,0.34164,0.37660,1.00000,0.00340,0.11111
random_sampling,3,5,rare_mechanism_combo,1152,1.00000,0.66667,0.46055,0.70000,0.33333,0.12780,0.00000
random_sampling,3,5,out_of_distribution_tail,1152,1.00000,0.61111,0.29868,0.57143,0.38889,0.29560,0.00000
task_label_stratification,3,5,nominal_task_balance,1152,1.00000,1.00000,0.00000,0.00000,0.00000,0.05855,0.00000
task_label_stratification,3,5,rare_slip_failures,1152,1.00000,1.00000,0.14575,0.00000,0.00000,0.10727,0.00000
task_label_stratification,3,5,jammed_fixture_failures,1152,1.00000,0.00000,0.44674,0.49505,1.00000,0.15678,1.00000
task_label_stratification,3,5,actuator_limit_failures,1152,1.00000,1.00000,0.03137,0.00000,0.00000,0.03016,0.00000
task_label_stratification,3,5,combined_tail_stress,1152,1.00000,0.66667,0.33388,0.55263,0.33333,0.09989,0.27778
task_label_stratification,3,5,compound_sensor_actuator_shift,1152,1.00000,0.66667,0.25715,0.38440,0.33333,0.20041,0.11111
task_label_stratification,3,5,fixture_geometry_shift,1152,1.00000,0.00000,0.34359,0.40000,1.00000,0.00030,0.11111
task_label_stratification,3,5,rare_mechanism_combo,1152,1.00000,0.66667,0.31381,0.40000,0.33333,0.12899,0.00000
task_label_stratification,3,5,out_of_distribution_tail,1152,1.00000,0.61111,0.29685,0.57143,0.38889,0.31348,0.00000
state_diversity_coreset,3,5,nominal_task_balance,1152,1.00000,1.00000,0.00000,0.00000,0.00000,0.06674,0.00000
state_diversity_coreset,3,5,rare_slip_failures,1152,1.00000,1.00000,0.15476,0.00000,0.00000,0.11820,0.00000
state_diversity_coreset,3,5,jammed_fixture_failures,1152,1.00000,0.00000,0.41567,0.47282,1.00000,0.19162,1.00000
state_diversity_coreset,3,5,actuator_limit_failures,1152,1.00000,1.00000,0.07026,0.00000,0.00000,0.04871,0.00000
state_diversity_coreset,3,5,combined_tail_stress,1152,1.00000,0.66667,0.31211,0.54019,0.33333,0.07795,0.27778
state_diversity_coreset,3,5,compound_sensor_actuator_shift,1152,1.00000,0.66667,0.32208,0.70128,0.33333,0.13468,0.11111
state_diversity_coreset,3,5,fixture_geometry_shift,1152,1.00000,0.00000,0.33841,0.38605,1.00000,0.02379,0.11111
state_diversity_coreset,3,5,rare_mechanism_combo,1152,1.00000,0.66667,0.31178,0.38571,0.33333,0.15405,0.00000
state_diversity_coreset,3,5,out_of_distribution_tail,1152,1.00000,0.61111,0.29930,0.58571,0.38889,0.28550,0.00000
uncertainty_sampling,3,5,nominal_task_balance,1152,1.00000,1.00000,0.00000,0.00000,0.00000,0.06169,0.00000
uncertainty_sampling,3,5,rare_slip_failures,1152,1.00000,1.00000,0.14286,0.00000,0.00000,0.08425,0.00000
uncertainty_sampling,3,5,jammed_fixture_failures,1152,1.00000,0.00000,0.38011,0.36399,1.00000,0.18048,1.00000
uncertainty_sampling,3,5,actuator_limit_failures,1152,1.00000,1.00000,0.03137,0.00000,0.00000,0.05503,0.00000
uncertainty_sampling,3,5,combined_tail_stress,1152,1.00000,0.66667,0.34933,0.54717,0.33333,0.08414,0.27778
uncertainty_sampling,3,5,compound_sensor_actuator_shift,1152,1.00000,0.66667,0.23318,0.30061,0.33333,0.23997,0.11111
uncertainty_sampling,3,5,fixture_geometry_shift,1152,1.00000,0.00000,0.34292,0.38125,1.00000,0.00137,0.11111
uncertainty_sampling,3,5,rare_mechanism_combo,1152,1.00000,0.66667,0.40599,0.50000,0.33333,0.12178,0.00000
uncertainty_sampling,3,5,out_of_distribution_tail,1152,1.00000,0.61111,0.28397,0.60000,0.38889,0.38503,0.00000
failure_prediction_active_learning,3,5,nominal_task_balance,1152,1.00000,1.00000,0.00000,0.00000,0.00000,0.04017,0.00000
failure_prediction_active_learning,3,5,rare_slip_failures,1152,1.00000,1.00000,0.13626,0.00000,0.00000,0.10806,0.00000
failure_prediction_active_learning,3,5,jammed_fixture_failures,1152,1.00000,0.00000,0.43434,0.47143,1.00000,0.21983,1.00000
failure_prediction_active_learning,3,5,actuator_limit_failures,1152,1.00000,1.00000,0.00000,0.00000,0.00000,0.02288,0.00000
failure_prediction_active_learning,3,5,combined_tail_stress,1152,1.00000,0.66667,0.34419,0.54246,0.33333,0.06173,0.27778
failure_prediction_active_learning,3,5,compound_sensor_actuator_shift,1152,1.00000,0.66667,0.22435,0.40514,0.33333,0.26726,0.11111
failure_prediction_active_learning,3,5,fixture_geometry_shift,1152,1.00000,0.00000,0.35003,0.38285,1.00000,0.03672,0.11111
failure_prediction_active_learning,3,5,rare_mechanism_combo,1152,1.00000,0.66667,0.32526,0.35714,0.33333,0.15082,0.00000
failure_prediction_active_learning,3,5,out_of_distribution_tail,1152,1.00000,0.61111,0.29531,0.48182,0.38889,0.29626,0.00000
calibrated_failure_risk,3,5,nominal_task_balance,1152,1.00000,1.00000,0.00000,0.00000,0.00000,0.04011,0.00000
calibrated_failure_risk,3,5,rare_slip_failures,1152,1.00000,1.00000,0.13626,0.00000,0.00000,0.10786,0.00000
calibrated_failure_risk,3,5,jammed_fixture_failures,1152,1.00000,0.00000,0.42514,0.44920,1.00000,0.22150,1.00000
calibrated_failure_risk,3,5,actuator_limit_failures,1152,1.00000,1.00000,0.01923,0.00000,0.00000,0.02077,0.00000
calibrated_failure_risk,3,5,combined_tail_stress,1152,1.00000,0.66667,0.33976,0.52580,0.33333,0.05436,0.27778
calibrated_failure_risk,3,5,compound_sensor_actuator_shift,1152,1.00000,0.66667,0.22732,0.40514,0.33333,0.26695,0.11111
calibrated_failure_risk,3,5,fixture_geometry_shift,1152,1.00000,0.00000,0.34992,0.38910,1.00000,0.03730,0.11111
calibrated_failure_risk,3,5,rare_mechanism_combo,1152,1.00000,0.66667,0.33074,0.37143,0.33333,0.15088,0.00000
calibrated_failure_risk,3,5,out_of_distribution_tail,1152,1.00000,0.61111,0.28919,0.45325,0.38889,0.29653,0.00000
tail_risk_active_learning,3,5,nominal_task_balance,1152,1.00000,1.00000,0.00000,0.00000,0.00000,0.05761,0.00000
tail_risk_active_learning,3,5,rare_slip_failures,1152,1.00000,1.00000,0.15812,0.00000,0.00000,0.05956,0.00000
tail_risk_active_learning,3,5,jammed_fixture_failures,1152,1.00000,0.00000,0.39732,0.38551,1.00000,0.19240,1.00000
tail_risk_active_learning,3,5,actuator_limit_failures,1152,1.00000,1.00000,0.01471,0.00000,0.00000,0.05554,0.00000
tail_risk_active_learning,3,5,combined_tail_stress,1152,1.00000,0.66667,0.32384,0.52201,0.33333,0.09543,0.27778
tail_risk_active_learning,3,5,compound_sensor_actuator_shift,1152,1.00000,0.66667,0.26441,0.33335,0.33333,0.26039,0.11111
tail_risk_active_learning,3,5,fixture_geometry_shift,1152,1.00000,0.00000,0.34216,0.39375,1.00000,0.00716,0.11111
tail_risk_active_learning,3,5,rare_mechanism_combo,1152,1.00000,0.66667,0.49994,0.64286,0.33333,0.13689,0.00000
tail_risk_active_learning,3,5,out_of_distribution_tail,1152,1.00000,0.61111,0.31980,0.55714,0.38889,0.21476,0.00000
hybrid_diversity_risk,3,5,nominal_task_balance,1152,1.00000,1.00000,0.00000,0.00000,0.00000,0.06118,0.00000
hybrid_diversity_risk,3,5,rare_slip_failures,1152,1.00000,1.00000,0.14435,0.00000,0.00000,0.06018,0.00000
hybrid_diversity_risk,3,5,jammed_fixture_failures,1152,1.00000,0.00000,0.38559,0.36941,1.00000,0.17130,1.00000
hybrid_diversity_risk,3,5,actuator_limit_failures,1152,1.00000,1.00000,0.03394,0.00000,0.00000,0.02695,0.00000
hybrid_diversity_risk,3,5,combined_tail_stress,1152,1.00000,0.66667,0.32579,0.55435,0.33333,0.09097,0.27778
hybrid_diversity_risk,3,5,compound_sensor_actuator_shift,1152,1.00000,0.66667,0.25610,0.32985,0.33333,0.23691,0.11111
hybrid_diversity_risk,3,5,fixture_geometry_shift,1152,1.00000,0.00000,0.34047,0.38125,1.00000,0.00777,0.11111
hybrid_diversity_risk,3,5,rare_mechanism_combo,1152,1.00000,0.66667,0.39584,0.70000,0.33333,0.14168,0.00000
hybrid_diversity_risk,3,5,out_of_distribution_tail,1152,1.00000,0.61111,0.31316,0.57143,0.38889,0.22233,0.00000
balanced_failure_replay,3,5,nominal_task_balance,1152,1.00000,1.00000,0.00000,0.00000,0.00000,0.05477,0.00000
balanced_failure_replay,3,5,rare_slip_failures,1152,1.00000,1.00000,0.14143,0.00000,0.00000,0.08053,0.00000
balanced_failure_replay,3,5,jammed_fixture_failures,1152,1.00000,0.00000,0.38307,0.36171,1.00000,0.18241,1.00000
balanced_failure_replay,3,5,actuator_limit_failures,1152,1.00000,1.00000,0.03137,0.00000,0.00000,0.02619,0.00000
balanced_failure_replay,3,5,combined_tail_stress,1152,1.00000,0.66667,0.32941,0.56344,0.33333,0.09529,0.27778
balanced_failure_replay,3,5,compound_sensor_actuator_shift,1152,1.00000,0.66667,0.23740,0.33487,0.33333,0.24220,0.11111
balanced_failure_replay,3,5,fixture_geometry_shift,1152,1.00000,0.00000,0.34268,0.39375,1.00000,0.00840,0.11111
balanced_failure_replay,3,5,rare_mechanism_combo,1152,1.00000,0.66667,0.40971,0.68571,0.33333,0.14700,0.00000
balanced_failure_replay,3,5,out_of_distribution_tail,1152,1.00000,0.61111,0.29516,0.58182,0.38889,0.27299,0.00000
gradient_boosted_failure_active,3,5,nominal_task_balance,1152,1.00000,1.00000,0.00000,0.00000,0.00000,0.05197,0.00000
gradient_boosted_failure_active,3,5,rare_slip_failures,1152,1.00000,1.00000,0.15385,0.00000,0.00000,0.08894,0.00000
gradient_boosted_failure_active,3,5,jammed_fixture_failures,1152,1.00000,0.00000,0.39891,0.38621,1.00000,0.16226,1.00000
gradient_boosted_failure_active,3,5,actuator_limit_failures,1152,1.00000,1.00000,0.08056,0.00000,0.00000,0.05845,0.00000
gradient_boosted_failure_active,3,5,combined_tail_stress,1152,1.00000,0.66667,0.33276,0.53405,0.33333,0.08329,0.27778
gradient_boosted_failure_active,3,5,compound_sensor_actuator_shift,1152,1.00000,0.66667,0.24623,0.30549,0.33333,0.22881,0.11111
gradient_boosted_failure_active,3,5,fixture_geometry_shift,1152,1.00000,0.00000,0.34106,0.36875,1.00000,0.00375,0.11111
gradient_boosted_failure_active,3,5,rare_mechanism_combo,1152,1.00000,0.66667,0.52942,0.67143,0.33333,0.14477,0.00000
gradient_boosted_failure_active,3,5,out_of_distribution_tail,1152,1.00000,0.61111,0.29432,0.58571,0.38889,0.35251,0.00000
random_forest_failure_active,3,5,nominal_task_balance,1152,1.00000,1.00000,0.00000,0.00000,0.00000,0.05006,0.00000
random_forest_failure_active,3,5,rare_slip_failures,1152,1.00000,1.00000,0.14931,0.00000,0.00000,0.09456,0.00000
random_forest_failure_active,3,5,jammed_fixture_failures,1152,1.00000,0.00000,0.38768,0.35402,1.00000,0.10911,1.00000
random_forest_failure_active,3,5,actuator_limit_failures,1152,1.00000,1.00000,0.06250,0.00000,0.00000,0.03392,0.00000
random_forest_failure_active,3,5,combined_tail_stress,1152,1.00000,0.66667,0.33244,0.51770,0.33333,0.07031,0.27778
random_forest_failure_active,3,5,compound_sensor_actuator_shift,1152,1.00000,0.66667,0.20026,0.37500,0.33333,0.28627,0.11111
random_forest_failure_active,3,5,fixture_geometry_shift,1152,1.00000,0.00000,0.34584,0.39375,1.00000,0.00645,0.11111
random_forest_failure_active,3,5,rare_mechanism_combo,1152,1.00000,0.66667,0.31696,0.40000,0.33333,0.11388,0.00000
random_forest_failure_active,3,5,out_of_distribution_tail,1152,1.00000,0.61111,0.28198,0.60000,0.38889,0.36746,0.00000
failure_stratified_engine,3,5,nominal_task_balance,1152,1.00000,1.00000,0.00000,0.00000,0.00000,0.04089,0.00000
failure_stratified_engine,3,5,rare_slip_failures,1152,1.00000,1.00000,0.14496,0.00000,0.00000,0.10562,0.00000
failure_stratified_engine,3,5,jammed_fixture_failures,1152,1.00000,0.00000,0.38201,0.34878,1.00000,0.16995,1.00000
failure_stratified_engine,3,5,actuator_limit_failures,1152,1.00000,1.00000,0.05801,0.00000,0.00000,0.03348,0.00000
failure_stratified_engine,3,5,combined_tail_stress,1152,1.00000,0.66667,0.34044,0.58860,0.33333,0.16442,0.27778
failure_stratified_engine,3,5,compound_sensor_actuator_shift,1152,1.00000,0.66667,0.24343,0.32774,0.33333,0.19631,0.11111
failure_stratified_engine,3,5,fixture_geometry_shift,1152,1.00000,0.00000,0.33957,0.37035,1.00000,0.00192,0.11111
failure_stratified_engine,3,5,rare_mechanism_combo,1152,1.00000,0.66667,0.39421,0.67143,0.33333,0.16384,0.00000
failure_stratified_engine,3,5,out_of_distribution_tail,1152,1.00000,0.61111,0.28857,0.60000,0.38889,0.35966,0.00000
failure_stratified_engine_v5,3,5,nominal_task_balance,1152,1.00000,1.00000,0.00000,0.00000,0.00000,0.05052,0.00000
failure_stratified_engine_v5,3,5,rare_slip_failures,1152,1.00000,1.00000,0.14143,0.00000,0.00000,0.09733,0.00000
failure_stratified_engine_v5,3,5,jammed_fixture_failures,1152,1.00000,0.00000,0.38457,0.36171,1.00000,0.19265,1.00000
failure_stratified_engine_v5,3,5,actuator_limit_failures,1152,1.00000,1.00000,0.03137,0.00000,0.00000,0.04583,0.00000
failure_stratified_engine_v5,3,5,combined_tail_stress,1152,1.00000,0.66667,0.32124,0.51882,0.33333,0.09184,0.27778
failure_stratified_engine_v5,3,5,compound_sensor_actuator_shift,1152,1.00000,0.66667,0.22165,0.28185,0.33333,0.24859,0.11111
failure_stratified_engine_v5,3,5,fixture_geometry_shift,1152,1.00000,0.00000,0.33621,0.37660,1.00000,0.01154,0.11111
failure_stratified_engine_v5,3,5,rare_mechanism_combo,1152,1.00000,0.66667,0.37638,0.68571,0.33333,0.13873,0.00000
failure_stratified_engine_v5,3,5,out_of_distribution_tail,1152,1.00000,0.61111,0.29529,0.60000,0.38889,0.29390,0.00000
oracle_failure_strata,3,5,nominal_task_balance,1152,1.00000,1.00000,0.00000,0.00000,0.00000,0.07241,0.00000
oracle_failure_strata,3,5,rare_slip_failures,1152,1.00000,1.00000,0.14812,0.10000,0.00000,0.13346,0.00000
oracle_failure_strata,3,5,jammed_fixture_failures,1152,1.00000,0.00000,0.45890,0.51729,1.00000,0.17299,1.00000
oracle_failure_strata,3,5,actuator_limit_failures,1152,1.00000,1.00000,0.01562,0.00000,0.00000,0.04642,0.00000
oracle_failure_strata,3,5,combined_tail_stress,1152,1.00000,0.66667,0.31080,0.52959,0.33333,0.13949,0.27778
oracle_failure_strata,3,5,compound_sensor_actuator_shift,1152,1.00000,0.66667,0.30820,0.71250,0.33333,0.10182,0.11111
oracle_failure_strata,3,5,fixture_geometry_shift,1152,1.00000,0.00000,0.33924,0.34855,1.00000,0.02902,0.11111
oracle_failure_strata,3,5,rare_mechanism_combo,1152,1.00000,0.66667,0.32713,0.50000,0.33333,0.13881,0.00000
oracle_failure_strata,3,5,out_of_distribution_tail,1152,1.00000,0.61111,0.28124,0.60000,0.38889,0.29892,0.00000
greedy_oracle_success_upper,3,5,nominal_task_balance,1152,1.00000,1.00000,0.00000,0.00000,0.00000,0.06312,0.00000
greedy_oracle_success_upper,3,5,rare_slip_failures,1152,1.00000,1.00000,0.13942,0.00000,0.00000,0.09463,0.00000
greedy_oracle_success_upper,3,5,jammed_fixture_failures,1152,1.00000,0.00000,0.37247,0.32955,1.00000,0.18247,1.00000
greedy_oracle_success_upper,3,5,actuator_limit_failures,1152,1.00000,1.00000,0.01667,0.00000,0.00000,0.02006,0.00000
greedy_oracle_success_upper,3,5,combined_tail_stress,1152,1.00000,0.66667,0.31489,0.56148,0.33333,0.16746,0.27778
greedy_oracle_success_upper,3,5,compound_sensor_actuator_shift,1152,1.00000,0.66667,0.31393,0.72083,0.33333,0.08689,0.11111
greedy_oracle_success_upper,3,5,fixture_geometry_shift,1152,1.00000,0.00000,0.34135,0.38605,1.00000,0.02374,0.11111
greedy_oracle_success_upper,3,5,rare_mechanism_combo,1152,1.00000,0.66667,0.32432,0.50000,0.33333,0.13732,0.00000
greedy_oracle_success_upper,3,5,out_of_distribution_tail,1152,1.00000,0.61111,0.28145,0.60000,0.38889,0.29516,0.00000
random_sampling,4,5,nominal_task_balance,1152,0.87500,1.00000,0.00000,0.00000,0.00000,0.06831,0.00000
random_sampling,4,5,rare_slip_failures,1152,0.87500,0.94444,0.14550,0.00000,0.05556,0.06507,0.00000
random_sampling,4,5,jammed_fixture_failures,1152,0.87500,0.00000,0.37976,0.44365,1.00000,0.15160,0.77778
random_sampling,4,5,actuator_limit_failures,1152,0.87500,1.00000,0.04864,0.00000,0.00000,0.13997,0.00000
random_sampling,4,5,combined_tail_stress,1152,0.87500,0.72222,0.33627,0.58333,0.27778,0.15572,0.22222
random_sampling,4,5,compound_sensor_actuator_shift,1152,0.87500,0.88889,0.21875,0.46000,0.11111,0.15206,0.05556
random_sampling,4,5,fixture_geometry_shift,1152,0.87500,0.05556,0.34441,0.39599,0.94444,0.04727,0.33333
random_sampling,4,5,rare_mechanism_combo,1152,0.87500,0.72222,0.32809,0.51333,0.27778,0.04949,0.05556
random_sampling,4,5,out_of_distribution_tail,1152,0.87500,0.33333,0.32626,0.39333,0.66667,0.06000,0.05556
task_label_stratification,4,5,nominal_task_balance,1152,0.87500,1.00000,0.00000,0.00000,0.00000,0.05252,0.00000
task_label_stratification,4,5,rare_slip_failures,1152,0.87500,0.94444,0.16443,0.02000,0.05556,0.10012,0.00000
task_label_stratification,4,5,jammed_fixture_failures,1152,0.87500,0.00000,0.37464,0.44595,1.00000,0.15551,0.77778
task_label_stratification,4,5,actuator_limit_failures,1152,0.87500,1.00000,0.05278,0.00000,0.00000,0.15012,0.00000
task_label_stratification,4,5,combined_tail_stress,1152,0.87500,0.72222,0.33975,0.58333,0.27778,0.12354,0.22222
task_label_stratification,4,5,compound_sensor_actuator_shift,1152,0.87500,0.88889,0.21769,0.46800,0.11111,0.14627,0.05556
task_label_stratification,4,5,fixture_geometry_shift,1152,0.87500,0.05556,0.32644,0.36522,0.94444,0.04733,0.33333
task_label_stratification,4,5,rare_mechanism_combo,1152,0.87500,0.72222,0.32807,0.50333,0.27778,0.05659,0.05556
task_label_stratification,4,5,out_of_distribution_tail,1152,0.87500,0.33333,0.34349,0.47778,0.66667,0.05998,0.05556
state_diversity_coreset,4,5,nominal_task_balance,1152,0.87500,1.00000,0.00000,0.00000,0.00000,0.06638,0.00000
state_diversity_coreset,4,5,rare_slip_failures,1152,0.87500,0.88889,0.21302,0.40000,0.11111,0.04952,0.05556
state_diversity_coreset,4,5,jammed_fixture_failures,1152,0.87500,0.05556,0.38174,0.45464,1.00000,0.17107,0.88889
state_diversity_coreset,4,5,actuator_limit_failures,1152,0.87500,1.00000,0.04864,0.00000,0.00000,0.15898,0.00000
state_diversity_coreset,4,5,combined_tail_stress,1152,0.87500,0.72222,0.33789,0.58333,0.27778,0.09992,0.16667
state_diversity_coreset,4,5,compound_sensor_actuator_shift,1152,0.87500,0.83333,0.19687,0.48400,0.16667,0.12527,0.05556
state_diversity_coreset,4,5,fixture_geometry_shift,1152,0.87500,0.05556,0.32467,0.36087,0.94444,0.05268,0.27778
state_diversity_coreset,4,5,rare_mechanism_combo,1152,0.87500,0.38889,0.32220,0.47333,0.61111,0.07708,0.05556
state_diversity_coreset,4,5,out_of_distribution_tail,1152,0.87500,0.22222,0.33799,0.57778,0.77778,0.07175,0.00000
uncertainty_sampling,4,5,nominal_task_balance,1152,0.87500,1.00000,0.00000,0.00000,0.00000,0.04654,0.00000
uncertainty_sampling,4,5,rare_slip_failures,1152,0.87500,0.94444,0.25623,0.22000,0.05556,0.08961,0.00000
uncertainty_sampling,4,5,jammed_fixture_failures,1152,0.87500,0.00000,0.36935,0.45694,1.00000,0.15905,0.77778
uncertainty_sampling,4,5,actuator_limit_failures,1152,0.87500,1.00000,0.05132,0.00000,0.00000,0.16682,0.00000
uncertainty_sampling,4,5,combined_tail_stress,1152,0.87500,0.72222,0.35306,0.56667,0.27778,0.06781,0.22222
uncertainty_sampling,4,5,compound_sensor_actuator_shift,1152,0.87500,0.88889,0.23195,0.47600,0.11111,0.15393,0.05556
uncertainty_sampling,4,5,fixture_geometry_shift,1152,0.87500,0.05556,0.32669,0.36087,0.94444,0.04547,0.33333
uncertainty_sampling,4,5,rare_mechanism_combo,1152,0.87500,0.72222,0.32952,0.48333,0.27778,0.08231,0.05556
uncertainty_sampling,4,5,out_of_distribution_tail,1152,0.87500,0.33333,0.30127,0.36000,0.66667,0.12502,0.05556
failure_prediction_active_learning,4,5,nominal_task_balance,1152,0.87500,1.00000,0.00000,0.00000,0.00000,0.04379,0.00000
failure_prediction_active_learning,4,5,rare_slip_failures,1152,0.87500,0.94444,0.08958,0.10000,0.05556,0.09752,0.00000
failure_prediction_active_learning,4,5,jammed_fixture_failures,1152,0.87500,0.00000,0.36545,0.40828,1.00000,0.19853,0.77778
failure_prediction_active_learning,4,5,actuator_limit_failures,1152,0.87500,1.00000,0.00000,0.00000,0.00000,0.12289,0.00000
failure_prediction_active_learning,4,5,combined_tail_stress,1152,0.87500,0.72222,0.33470,0.58333,0.27778,0.04398,0.22222
failure_prediction_active_learning,4,5,compound_sensor_actuator_shift,1152,0.87500,0.88889,0.18902,0.36000,0.11111,0.10786,0.05556
failure_prediction_active_learning,4,5,fixture_geometry_shift,1152,0.87500,0.05556,0.33209,0.36957,0.94444,0.06936,0.33333
failure_prediction_active_learning,4,5,rare_mechanism_combo,1152,0.87500,0.72222,0.32465,0.45333,0.27778,0.07436,0.05556
failure_prediction_active_learning,4,5,out_of_distribution_tail,1152,0.87500,0.33333,0.30747,0.40000,0.66667,0.08780,0.05556
calibrated_failure_risk,4,5,nominal_task_balance,1152,0.87500,1.00000,0.00000,0.00000,0.00000,0.04498,0.00000
calibrated_failure_risk,4,5,rare_slip_failures,1152,0.87500,0.94444,0.08297,0.10000,0.05556,0.09516,0.00000
calibrated_failure_risk,4,5,jammed_fixture_failures,1152,0.87500,0.00000,0.36568,0.40598,1.00000,0.20184,0.77778
calibrated_failure_risk,4,5,actuator_limit_failures,1152,0.87500,1.00000,0.00000,0.00000,0.00000,0.12442,0.00000
calibrated_failure_risk,4,5,combined_tail_stress,1152,0.87500,0.72222,0.33021,0.58333,0.27778,0.06710,0.22222
calibrated_failure_risk,4,5,compound_sensor_actuator_shift,1152,0.87500,0.88889,0.18752,0.35200,0.11111,0.11610,0.05556
calibrated_failure_risk,4,5,fixture_geometry_shift,1152,0.87500,0.05556,0.33349,0.37391,0.94444,0.06625,0.33333
calibrated_failure_risk,4,5,rare_mechanism_combo,1152,0.87500,0.72222,0.32477,0.45333,0.27778,0.08299,0.05556
calibrated_failure_risk,4,5,out_of_distribution_tail,1152,0.87500,0.33333,0.30747,0.40000,0.66667,0.09431,0.05556
tail_risk_active_learning,4,5,nominal_task_balance,1152,0.87500,1.00000,0.00000,0.00000,0.00000,0.05050,0.00000
tail_risk_active_learning,4,5,rare_slip_failures,1152,0.87500,0.94444,0.09886,0.00000,0.05556,0.05796,0.00000
tail_risk_active_learning,4,5,jammed_fixture_failures,1152,0.87500,0.00000,0.35685,0.45464,1.00000,0.22027,0.77778
tail_risk_active_learning,4,5,actuator_limit_failures,1152,0.87500,1.00000,0.05719,0.00000,0.00000,0.14559,0.00000
tail_risk_active_learning,4,5,combined_tail_stress,1152,0.87500,0.72222,0.31597,0.57333,0.27778,0.09710,0.22222
tail_risk_active_learning,4,5,compound_sensor_actuator_shift,1152,0.87500,0.88889,0.25451,0.43600,0.11111,0.09981,0.05556
tail_risk_active_learning,4,5,fixture_geometry_shift,1152,0.87500,0.05556,0.32861,0.36522,0.94444,0.06489,0.33333
tail_risk_active_learning,4,5,rare_mechanism_combo,1152,0.87500,0.72222,0.33527,0.49333,0.27778,0.03474,0.05556
tail_risk_active_learning,4,5,out_of_distribution_tail,1152,0.87500,0.33333,0.30944,0.40000,0.66667,0.12624,0.05556
hybrid_diversity_risk,4,5,nominal_task_balance,1152,0.87500,1.00000,0.00000,0.00000,0.00000,0.06689,0.00000
hybrid_diversity_risk,4,5,rare_slip_failures,1152,0.87500,0.94444,0.22619,0.20000,0.05556,0.05106,0.00000
hybrid_diversity_risk,4,5,jammed_fixture_failures,1152,0.87500,0.00000,0.36227,0.44156,1.00000,0.21384,0.77778
hybrid_diversity_risk,4,5,actuator_limit_failures,1152,0.87500,1.00000,0.06066,0.00000,0.00000,0.15200,0.00000
hybrid_diversity_risk,4,5,combined_tail_stress,1152,0.87500,0.72222,0.31296,0.57333,0.27778,0.09509,0.22222
hybrid_diversity_risk,4,5,compound_sensor_actuator_shift,1152,0.87500,0.88889,0.23427,0.43600,0.11111,0.11350,0.05556
hybrid_diversity_risk,4,5,fixture_geometry_shift,1152,0.87500,0.05556,0.32624,0.36087,0.94444,0.05098,0.33333
hybrid_diversity_risk,4,5,rare_mechanism_combo,1152,0.87500,0.72222,0.33367,0.47333,0.27778,0.07996,0.05556
hybrid_diversity_risk,4,5,out_of_distribution_tail,1152,0.87500,0.33333,0.36370,0.52222,0.66667,0.05099,0.05556
balanced_failure_replay,4,5,nominal_task_balance,1152,0.87500,1.00000,0.00000,0.00000,0.00000,0.06314,0.00000
balanced_failure_replay,4,5,rare_slip_failures,1152,0.87500,0.94444,0.13611,0.00000,0.05556,0.05758,0.00000
balanced_failure_replay,4,5,jammed_fixture_failures,1152,0.87500,0.00000,0.36502,0.45694,1.00000,0.18145,0.77778
balanced_failure_replay,4,5,actuator_limit_failures,1152,0.87500,1.00000,0.05409,0.00000,0.00000,0.15866,0.00000
balanced_failure_replay,4,5,combined_tail_stress,1152,0.87500,0.72222,0.33915,0.58333,0.27778,0.11882,0.22222
balanced_failure_replay,4,5,compound_sensor_actuator_shift,1152,0.87500,0.88889,0.22352,0.43600,0.11111,0.11920,0.05556
balanced_failure_replay,4,5,fixture_geometry_shift,1152,0.87500,0.05556,0.32409,0.36522,0.94444,0.04493,0.33333
balanced_failure_replay,4,5,rare_mechanism_combo,1152,0.87500,0.72222,0.32111,0.43333,0.27778,0.09210,0.05556
balanced_failure_replay,4,5,out_of_distribution_tail,1152,0.87500,0.33333,0.34479,0.50444,0.66667,0.08299,0.05556
gradient_boosted_failure_active,4,5,nominal_task_balance,1152,0.87500,1.00000,0.00000,0.00000,0.00000,0.05511,0.00000
gradient_boosted_failure_active,4,5,rare_slip_failures,1152,0.87500,0.94444,0.14174,0.00000,0.05556,0.05804,0.00000
gradient_boosted_failure_active,4,5,jammed_fixture_failures,1152,0.87500,0.00000,0.35060,0.41079,1.00000,0.16070,0.77778
gradient_boosted_failure_active,4,5,actuator_limit_failures,1152,0.87500,1.00000,0.05278,0.00000,0.00000,0.17663,0.00000
gradient_boosted_failure_active,4,5,combined_tail_stress,1152,0.87500,0.72222,0.33472,0.57000,0.27778,0.12265,0.22222
gradient_boosted_failure_active,4,5,compound_sensor_actuator_shift,1152,0.87500,0.88889,0.23251,0.45200,0.11111,0.13421,0.05556
gradient_boosted_failure_active,4,5,fixture_geometry_shift,1152,0.87500,0.05556,0.32799,0.36957,0.94444,0.04654,0.33333
gradient_boosted_failure_active,4,5,rare_mechanism_combo,1152,0.87500,0.72222,0.32124,0.47333,0.27778,0.10248,0.05556
gradient_boosted_failure_active,4,5,out_of_distribution_tail,1152,0.87500,0.33333,0.35004,0.54889,0.66667,0.10500,0.05556
random_forest_failure_active,4,5,nominal_task_balance,1152,0.87500,1.00000,0.00000,0.00000,0.00000,0.06567,0.00000
random_forest_failure_active,4,5,rare_slip_failures,1152,0.87500,0.94444,0.11818,0.00000,0.05556,0.08022,0.00000
random_forest_failure_active,4,5,jammed_fixture_failures,1152,0.87500,0.00000,0.38869,0.45464,1.00000,0.09305,0.77778
random_forest_failure_active,4,5,actuator_limit_failures,1152,0.87500,1.00000,0.06066,0.00000,0.00000,0.14704,0.00000
random_forest_failure_active,4,5,combined_tail_stress,1152,0.87500,0.72222,0.34035,0.56200,0.27778,0.17712,0.22222
random_forest_failure_active,4,5,compound_sensor_actuator_shift,1152,0.87500,0.88889,0.21047,0.34400,0.11111,0.07326,0.05556
random_forest_failure_active,4,5,fixture_geometry_shift,1152,0.87500,0.05556,0.34161,0.37625,0.94444,0.05190,0.33333
random_forest_failure_active,4,5,rare_mechanism_combo,1152,0.87500,0.72222,0.31520,0.47333,0.27778,0.07826,0.05556
random_forest_failure_active,4,5,out_of_distribution_tail,1152,0.87500,0.33333,0.34399,0.60000,0.66667,0.12234,0.05556
failure_stratified_engine,4,5,nominal_task_balance,1152,0.87500,1.00000,0.00000,0.00000,0.00000,0.04863,0.00000
failure_stratified_engine,4,5,rare_slip_failures,1152,0.87500,0.94444,0.21639,0.20000,0.05556,0.06998,0.00000
failure_stratified_engine,4,5,jammed_fixture_failures,1152,0.87500,0.00000,0.35837,0.40209,1.00000,0.15946,0.77778
failure_stratified_engine,4,5,actuator_limit_failures,1152,0.87500,1.00000,0.04864,0.00000,0.00000,0.12800,0.00000
failure_stratified_engine,4,5,combined_tail_stress,1152,0.87500,0.72222,0.32008,0.58333,0.27778,0.19982,0.22222
failure_stratified_engine,4,5,compound_sensor_actuator_shift,1152,0.87500,0.88889,0.20624,0.47600,0.11111,0.15130,0.05556
failure_stratified_engine,4,5,fixture_geometry_shift,1152,0.87500,0.05556,0.33085,0.35652,0.94444,0.04407,0.33333
failure_stratified_engine,4,5,rare_mechanism_combo,1152,0.87500,0.72222,0.31811,0.49333,0.27778,0.10431,0.05556
failure_stratified_engine,4,5,out_of_distribution_tail,1152,0.87500,0.33333,0.33768,0.50444,0.66667,0.08875,0.05556
failure_stratified_engine_v5,4,5,nominal_task_balance,1152,0.87500,1.00000,0.00000,0.00000,0.00000,0.07080,0.00000
failure_stratified_engine_v5,4,5,rare_slip_failures,1152,0.87500,0.94444,0.24516,0.40000,0.05556,0.07970,0.00000
failure_stratified_engine_v5,4,5,jammed_fixture_failures,1152,0.87500,0.00000,0.36721,0.40619,1.00000,0.18372,0.77778
failure_stratified_engine_v5,4,5,actuator_limit_failures,1152,0.87500,1.00000,0.06066,0.00000,0.00000,0.15995,0.00000
failure_stratified_engine_v5,4,5,combined_tail_stress,1152,0.87500,0.72222,0.33571,0.57533,0.27778,0.14326,0.22222
failure_stratified_engine_v5,4,5,compound_sensor_actuator_shift,1152,0.87500,0.88889,0.23413,0.44400,0.11111,0.12444,0.05556
failure_stratified_engine_v5,4,5,fixture_geometry_shift,1152,0.87500,0.05556,0.32429,0.36087,0.94444,0.04467,0.33333
failure_stratified_engine_v5,4,5,rare_mechanism_combo,1152,0.87500,0.72222,0.32485,0.50333,0.27778,0.10266,0.05556
failure_stratified_engine_v5,4,5,out_of_distribution_tail,1152,0.87500,0.33333,0.35243,0.58889,0.66667,0.08695,0.05556
oracle_failure_strata,4,5,nominal_task_balance,1152,0.87500,1.00000,0.03846,0.00000,0.00000,0.06671,0.00000
oracle_failure_strata,4,5,rare_slip_failures,1152,0.87500,0.94444,0.25117,0.50000,0.05556,0.09861,0.00000
oracle_failure_strata,4,5,jammed_fixture_failures,1152,0.87500,0.00000,0.38102,0.45673,1.00000,0.15191,0.77778
oracle_failure_strata,4,5,actuator_limit_failures,1152,0.87500,1.00000,0.04864,0.00000,0.00000,0.14079,0.00000
oracle_failure_strata,4,5,combined_tail_stress,1152,0.87500,0.72222,0.33815,0.58333,0.27778,0.09319,0.22222
oracle_failure_strata,4,5,compound_sensor_actuator_shift,1152,0.87500,0.88889,0.20102,0.62500,0.11111,0.24591,0.05556
oracle_failure_strata,4,5,fixture_geometry_shift,1152,0.87500,0.05556,0.34806,0.35686,0.94444,0.04258,0.33333
oracle_failure_strata,4,5,rare_mechanism_combo,1152,0.87500,0.72222,0.31549,0.49333,0.27778,0.05692,0.05556
oracle_failure_strata,4,5,out_of_distribution_tail,1152,0.87500,0.33333,0.32911,0.54444,0.66667,0.09801,0.05556
greedy_oracle_success_upper,4,5,nominal_task_balance,1152,0.87500,1.00000,0.00000,0.00000,0.00000,0.05944,0.00000
greedy_oracle_success_upper,4,5,rare_slip_failures,1152,0.87500,0.94444,0.20505,0.40000,0.05556,0.09861,0.00000
greedy_oracle_success_upper,4,5,jammed_fixture_failures,1152,0.87500,0.00000,0.37721,0.43905,1.00000,0.19238,0.77778
greedy_oracle_success_upper,4,5,actuator_limit_failures,1152,0.87500,1.00000,0.05025,0.00000,0.00000,0.14414,0.00000
greedy_oracle_success_upper,4,5,combined_tail_stress,1152,0.87500,0.72222,0.33916,0.61333,0.27778,0.11467,0.22222
greedy_oracle_success_upper,4,5,compound_sensor_actuator_shift,1152,0.87500,0.88889,0.18717,0.60000,0.11111,0.25249,0.05556
greedy_oracle_success_upper,4,5,fixture_geometry_shift,1152,0.87500,0.05556,0.34265,0.35886,0.94444,0.05613,0.33333
greedy_oracle_success_upper,4,5,rare_mechanism_combo,1152,0.87500,0.72222,0.31384,0.51333,0.27778,0.09567,0.05556
greedy_oracle_success_upper,4,5,out_of_distribution_tail,1152,0.87500,0.33333,0.33355,0.58889,0.66667,0.05296,0.05556
random_sampling,5,5,nominal_task_balance,1152,0.87500,1.00000,0.00000,0.00000,0.00000,0.03307,0.00000
random_sampling,5,5,rare_slip_failures,1152,0.87500,0.88889,0.19151,0.20000,0.11111,0.09493,0.00000
random_sampling,5,5,jammed_fixture_failures,1152,0.87500,0.00000,0.38324,0.42877,1.00000,0.19078,0.94444
random_sampling,5,5,actuator_limit_failures,1152,0.87500,1.00000,0.06500,0.00000,0.00000,0.08184,0.00000
random_sampling,5,5,combined_tail_stress,1152,0.87500,0.66667,0.32204,0.77143,0.33333,0.26221,0.16667
random_sampling,5,5,compound_sensor_actuator_shift,1152,0.87500,0.66667,0.25654,0.31324,0.33333,0.23960,0.22222
random_sampling,5,5,fixture_geometry_shift,1152,0.87500,0.05556,0.34078,0.38000,0.94444,0.00113,0.27778
random_sampling,5,5,rare_mechanism_combo,1152,0.87500,0.66667,0.31681,0.57778,0.33333,0.08651,0.00000
random_sampling,5,5,out_of_distribution_tail,1152,0.87500,0.61111,0.32282,0.38095,0.38889,0.13952,0.00000
task_label_stratification,5,5,nominal_task_balance,1152,0.87500,1.00000,0.00000,0.00000,0.00000,0.03122,0.00000
task_label_stratification,5,5,rare_slip_failures,1152,0.87500,0.88889,0.18526,0.20000,0.11111,0.11826,0.00000
task_label_stratification,5,5,jammed_fixture_failures,1152,0.87500,0.00000,0.38481,0.42627,1.00000,0.18605,0.61111
task_label_stratification,5,5,actuator_limit_failures,1152,0.87500,0.88889,0.06500,0.00000,0.11111,0.08530,0.00000
task_label_stratification,5,5,combined_tail_stress,1152,0.87500,0.72222,0.31728,0.74286,0.27778,0.27764,0.05556
task_label_stratification,5,5,compound_sensor_actuator_shift,1152,0.87500,0.72222,0.26717,0.37961,0.27778,0.20879,0.00000
task_label_stratification,5,5,fixture_geometry_shift,1152,0.87500,0.00000,0.34002,0.37500,1.00000,0.00334,0.05556
task_label_stratification,5,5,rare_mechanism_combo,1152,0.87500,0.50000,0.31129,0.55556,0.50000,0.06633,0.00000
task_label_stratification,5,5,out_of_distribution_tail,1152,0.87500,0.33333,0.32889,0.50476,0.66667,0.09930,0.00000
state_diversity_coreset,5,5,nominal_task_balance,1152,1.00000,1.00000,0.00000,0.00000,0.00000,0.03571,0.00000
state_diversity_coreset,5,5,rare_slip_failures,1152,1.00000,0.88889,0.16516,0.00000,0.11111,0.10785,0.00000
state_diversity_coreset,5,5,jammed_fixture_failures,1152,1.00000,0.00000,0.37312,0.41339,1.00000,0.20499,0.94444
state_diversity_coreset,5,5,actuator_limit_failures,1152,1.00000,1.00000,0.05563,0.00000,0.00000,0.08516,0.00000
state_diversity_coreset,5,5,combined_tail_stress,1152,1.00000,0.66667,0.30328,0.73596,0.33333,0.26202,0.16667
state_diversity_coreset,5,5,compound_sensor_actuator_shift,1152,1.00000,0.66667,0.28703,0.45561,0.33333,0.22423,0.22222
state_diversity_coreset,5,5,fixture_geometry_shift,1152,1.00000,0.05556,0.34476,0.57500,0.94444,0.02907,0.27778
state_diversity_coreset,5,5,rare_mechanism_combo,1152,1.00000,0.66667,0.30867,0.50000,0.33333,0.09995,0.00000
state_diversity_coreset,5,5,out_of_distribution_tail,1152,1.00000,0.61111,0.32882,0.43095,0.38889,0.11451,0.00000
uncertainty_sampling,5,5,nominal_task_balance,1152,0.87500,1.00000,0.00000,0.00000,0.00000,0.03429,0.00000
uncertainty_sampling,5,5,rare_slip_failures,1152,0.87500,0.88889,0.17113,0.20000,0.11111,0.09442,0.00000
uncertainty_sampling,5,5,jammed_fixture_failures,1152,0.87500,0.00000,0.38582,0.42627,1.00000,0.19849,0.94444
uncertainty_sampling,5,5,actuator_limit_failures,1152,0.87500,1.00000,0.08630,0.00000,0.00000,0.10923,0.00000
uncertainty_sampling,5,5,combined_tail_stress,1152,0.87500,0.66667,0.33282,0.70739,0.33333,0.22287,0.16667
uncertainty_sampling,5,5,compound_sensor_actuator_shift,1152,0.87500,0.66667,0.24009,0.27079,0.33333,0.25483,0.22222
uncertainty_sampling,5,5,fixture_geometry_shift,1152,0.87500,0.05556,0.34560,0.58000,0.94444,0.00708,0.27778
uncertainty_sampling,5,5,rare_mechanism_combo,1152,0.87500,0.66667,0.31665,0.57778,0.33333,0.07107,0.00000
uncertainty_sampling,5,5,out_of_distribution_tail,1152,0.87500,0.61111,0.31653,0.37381,0.38889,0.17246,0.00000
failure_prediction_active_learning,5,5,nominal_task_balance,1152,0.87500,1.00000,0.00000,0.00000,0.00000,0.02390,0.00000
failure_prediction_active_learning,5,5,rare_slip_failures,1152,0.87500,0.88889,0.09084,0.20000,0.11111,0.13248,0.00000
failure_prediction_active_learning,5,5,jammed_fixture_failures,1152,0.87500,0.00000,0.37841,0.42302,1.00000,0.24609,0.94444
failure_prediction_active_learning,5,5,actuator_limit_failures,1152,0.87500,1.00000,0.00000,0.00000,0.00000,0.08116,0.00000
failure_prediction_active_learning,5,5,combined_tail_stress,1152,0.87500,0.66667,0.32607,0.71039,0.33333,0.21790,0.16667
failure_prediction_active_learning,5,5,compound_sensor_actuator_shift,1152,0.87500,0.66667,0.25319,0.33449,0.33333,0.23297,0.22222
failure_prediction_active_learning,5,5,fixture_geometry_shift,1152,0.87500,0.05556,0.33732,0.40000,0.94444,0.04130,0.27778
failure_prediction_active_learning,5,5,rare_mechanism_combo,1152,0.87500,0.66667,0.29020,0.44444,0.33333,0.09085,0.00000
failure_prediction_active_learning,5,5,out_of_distribution_tail,1152,0.87500,0.61111,0.33361,0.31905,0.38889,0.12833,0.00000
calibrated_failure_risk,5,5,nominal_task_balance,1152,0.87500,1.00000,0.00000,0.00000,0.00000,0.02376,0.00000
calibrated_failure_risk,5,5,rare_slip_failures,1152,0.87500,0.88889,0.09084,0.20000,0.11111,0.13209,0.00000
calibrated_failure_risk,5,5,jammed_fixture_failures,1152,0.87500,0.00000,0.37554,0.41814,1.00000,0.24794,0.94444
calibrated_failure_risk,5,5,actuator_limit_failures,1152,0.87500,1.00000,0.00000,0.00000,0.00000,0.08605,0.00000
calibrated_failure_risk,5,5,combined_tail_stress,1152,0.87500,0.66667,0.32551,0.69610,0.33333,0.22046,0.16667
calibrated_failure_risk,5,5,compound_sensor_actuator_shift,1152,0.87500,0.66667,0.24962,0.31631,0.33333,0.22822,0.22222
calibrated_failure_risk,5,5,fixture_geometry_shift,1152,0.87500,0.05556,0.33809,0.40000,0.94444,0.04369,0.27778
calibrated_failure_risk,5,5,rare_mechanism_combo,1152,0.87500,0.66667,0.29081,0.44444,0.33333,0.08354,0.00000
calibrated_failure_risk,5,5,out_of_distribution_tail,1152,0.87500,0.61111,0.33417,0.31905,0.38889,0.12867,0.00000
tail_risk_active_learning,5,5,nominal_task_balance,1152,0.87500,1.00000,0.00000,0.00000,0.00000,0.02908,0.00000
tail_risk_active_learning,5,5,rare_slip_failures,1152,0.87500,0.88889,0.17423,0.20000,0.11111,0.14459,0.00000
tail_risk_active_learning,5,5,jammed_fixture_failures,1152,0.87500,0.00000,0.38526,0.50319,1.00000,0.22067,0.94444
tail_risk_active_learning,5,5,actuator_limit_failures,1152,0.87500,1.00000,0.07571,0.00000,0.00000,0.09062,0.00000
tail_risk_active_learning,5,5,combined_tail_stress,1152,0.87500,0.66667,0.33220,0.70000,0.33333,0.22707,0.16667
tail_risk_active_learning,5,5,compound_sensor_actuator_shift,1152,0.87500,0.66667,0.29664,0.37774,0.33333,0.22707,0.22222
tail_risk_active_learning,5,5,fixture_geometry_shift,1152,0.87500,0.05556,0.33444,0.38500,0.94444,0.00105,0.27778
tail_risk_active_learning,5,5,rare_mechanism_combo,1152,0.87500,0.66667,0.30792,0.45556,0.33333,0.09599,0.00000
tail_risk_active_learning,5,5,out_of_distribution_tail,1152,0.87500,0.61111,0.36392,0.38095,0.38889,0.10054,0.00000
hybrid_diversity_risk,5,5,nominal_task_balance,1152,0.87500,1.00000,0.00000,0.00000,0.00000,0.02900,0.00000
hybrid_diversity_risk,5,5,rare_slip_failures,1152,0.87500,0.88889,0.17031,0.20000,0.11111,0.13671,0.00000
hybrid_diversity_risk,5,5,jammed_fixture_failures,1152,0.87500,0.00000,0.37842,0.41339,1.00000,0.21736,0.94444
hybrid_diversity_risk,5,5,actuator_limit_failures,1152,0.87500,1.00000,0.07571,0.00000,0.00000,0.08279,0.00000
hybrid_diversity_risk,5,5,combined_tail_stress,1152,0.87500,0.66667,0.33084,0.70739,0.33333,0.24612,0.16667
hybrid_diversity_risk,5,5,compound_sensor_actuator_shift,1152,0.87500,0.66667,0.26806,0.30949,0.33333,0.21745,0.22222
hybrid_diversity_risk,5,5,fixture_geometry_shift,1152,0.87500,0.05556,0.34046,0.38500,0.94444,0.00498,0.27778
hybrid_diversity_risk,5,5,rare_mechanism_combo,1152,0.87500,0.66667,0.32155,0.54444,0.33333,0.09739,0.00000
hybrid_diversity_risk,5,5,out_of_distribution_tail,1152,0.87500,0.61111,0.33292,0.47143,0.38889,0.10372,0.00000
balanced_failure_replay,5,5,nominal_task_balance,1152,0.87500,1.00000,0.00000,0.00000,0.00000,0.02748,0.00000
balanced_failure_replay,5,5,rare_slip_failures,1152,0.87500,0.88889,0.16865,0.20000,0.11111,0.11901,0.00000
balanced_failure_replay,5,5,jammed_fixture_failures,1152,0.87500,0.00000,0.38720,0.42639,1.00000,0.21241,0.94444
balanced_failure_replay,5,5,actuator_limit_failures,1152,0.87500,1.00000,0.06381,0.00000,0.00000,0.09501,0.00000
balanced_failure_replay,5,5,combined_tail_stress,1152,0.87500,0.66667,0.32707,0.70000,0.33333,0.25513,0.16667
balanced_failure_replay,5,5,compound_sensor_actuator_shift,1152,0.87500,0.66667,0.25634,0.32507,0.33333,0.24693,0.22222
balanced_failure_replay,5,5,fixture_geometry_shift,1152,0.87500,0.05556,0.33834,0.38500,0.94444,0.00545,0.27778
balanced_failure_replay,5,5,rare_mechanism_combo,1152,0.87500,0.66667,0.31873,0.55556,0.33333,0.10168,0.00000
balanced_failure_replay,5,5,out_of_distribution_tail,1152,0.87500,0.61111,0.32111,0.36905,0.38889,0.17807,0.00000
gradient_boosted_failure_active,5,5,nominal_task_balance,1152,0.87500,1.00000,0.00000,0.00000,0.00000,0.02835,0.00000
gradient_boosted_failure_active,5,5,rare_slip_failures,1152,0.87500,0.88889,0.17741,0.20000,0.11111,0.11070,0.00000
gradient_boosted_failure_active,5,5,jammed_fixture_failures,1152,0.87500,0.00000,0.36929,0.37512,1.00000,0.19250,0.94444
gradient_boosted_failure_active,5,5,actuator_limit_failures,1152,0.87500,1.00000,0.08630,0.00000,0.00000,0.09914,0.00000
gradient_boosted_failure_active,5,5,combined_tail_stress,1152,0.87500,0.66667,0.32179,0.71429,0.33333,0.27333,0.16667
gradient_boosted_failure_active,5,5,compound_sensor_actuator_shift,1152,0.87500,0.66667,0.24103,0.26925,0.33333,0.21297,0.22222
gradient_boosted_failure_active,5,5,fixture_geometry_shift,1152,0.87500,0.05556,0.34278,0.57500,0.94444,0.00642,0.27778
gradient_boosted_failure_active,5,5,rare_mechanism_combo,1152,0.87500,0.66667,0.31526,0.58889,0.33333,0.06664,0.00000
gradient_boosted_failure_active,5,5,out_of_distribution_tail,1152,0.87500,0.61111,0.33495,0.52143,0.38889,0.15993,0.00000
random_forest_failure_active,5,5,nominal_task_balance,1152,0.87500,1.00000,0.00000,0.00000,0.00000,0.02973,0.00000
random_forest_failure_active,5,5,rare_slip_failures,1152,0.87500,0.88889,0.16190,0.00000,0.11111,0.10917,0.00000
random_forest_failure_active,5,5,jammed_fixture_failures,1152,0.87500,0.00000,0.38582,0.42627,1.00000,0.12477,0.94444
random_forest_failure_active,5,5,actuator_limit_failures,1152,0.87500,1.00000,0.05316,0.00000,0.00000,0.09128,0.00000
random_forest_failure_active,5,5,combined_tail_stress,1152,0.87500,0.66667,0.32223,0.74286,0.33333,0.25348,0.16667
random_forest_failure_active,5,5,compound_sensor_actuator_shift,1152,0.87500,0.66667,0.24609,0.26952,0.33333,0.26214,0.22222
random_forest_failure_active,5,5,fixture_geometry_shift,1152,0.87500,0.05556,0.34413,0.37000,0.94444,0.01398,0.27778
random_forest_failure_active,5,5,rare_mechanism_combo,1152,0.87500,0.66667,0.30941,0.54444,0.33333,0.13222,0.00000
random_forest_failure_active,5,5,out_of_distribution_tail,1152,0.87500,0.61111,0.33890,0.45238,0.38889,0.15345,0.00000
failure_stratified_engine,5,5,nominal_task_balance,1152,1.00000,1.00000,0.00000,0.00000,0.00000,0.02222,0.00000
failure_stratified_engine,5,5,rare_slip_failures,1152,1.00000,0.88889,0.17770,0.20000,0.11111,0.12069,0.00000
failure_stratified_engine,5,5,jammed_fixture_failures,1152,1.00000,0.00000,0.38845,0.40589,1.00000,0.19447,1.00000
failure_stratified_engine,5,5,actuator_limit_failures,1152,1.00000,0.94444,0.05389,0.00000,0.05556,0.07626,0.00000
failure_stratified_engine,5,5,combined_tail_stress,1152,1.00000,0.77778,0.30666,0.71478,0.22222,0.35819,0.16667
failure_stratified_engine,5,5,compound_sensor_actuator_shift,1152,1.00000,0.61111,0.24818,0.29271,0.38889,0.24563,0.33333
failure_stratified_engine,5,5,fixture_geometry_shift,1152,1.00000,0.05556,0.34119,0.37500,0.94444,0.00433,0.33333
failure_stratified_engine,5,5,rare_mechanism_combo,1152,1.00000,0.50000,0.31750,0.56667,0.50000,0.13078,0.05556
failure_stratified_engine,5,5,out_of_distribution_tail,1152,1.00000,0.38889,0.32270,0.39762,0.61111,0.11489,0.00000
failure_stratified_engine_v5,5,5,nominal_task_balance,1152,1.00000,1.00000,0.00000,0.00000,0.00000,0.03086,0.00000
failure_stratified_engine_v5,5,5,rare_slip_failures,1152,1.00000,0.88889,0.17602,0.20000,0.11111,0.12610,0.00000
failure_stratified_engine_v5,5,5,jammed_fixture_failures,1152,1.00000,0.00000,0.37192,0.37036,1.00000,0.22004,1.00000
failure_stratified_engine_v5,5,5,actuator_limit_failures,1152,1.00000,0.94444,0.06381,0.00000,0.05556,0.08545,0.00000
failure_stratified_engine_v5,5,5,combined_tail_stress,1152,1.00000,0.77778,0.32295,0.68231,0.22222,0.23242,0.16667
failure_stratified_engine_v5,5,5,compound_sensor_actuator_shift,1152,1.00000,0.61111,0.22834,0.23930,0.38889,0.24731,0.33333
failure_stratified_engine_v5,5,5,fixture_geometry_shift,1152,1.00000,0.05556,0.33992,0.38000,0.94444,0.00513,0.33333
failure_stratified_engine_v5,5,5,rare_mechanism_combo,1152,1.00000,0.50000,0.31962,0.57778,0.50000,0.06678,0.05556
failure_stratified_engine_v5,5,5,out_of_distribution_tail,1152,1.00000,0.38889,0.31879,0.38571,0.61111,0.15380,0.00000
oracle_failure_strata,5,5,nominal_task_balance,1152,1.00000,1.00000,0.00000,0.00000,0.00000,0.04541,0.00000
oracle_failure_strata,5,5,rare_slip_failures,1152,1.00000,0.88889,0.16245,0.00000,0.11111,0.10195,0.00000
oracle_failure_strata,5,5,jammed_fixture_failures,1152,1.00000,0.00000,0.38542,0.40589,1.00000,0.19258,0.94444
oracle_failure_strata,5,5,actuator_limit_failures,1152,1.00000,1.00000,0.06778,0.00000,0.00000,0.07971,0.00000
oracle_failure_strata,5,5,combined_tail_stress,1152,1.00000,0.66667,0.29927,0.75764,0.33333,0.32112,0.16667
oracle_failure_strata,5,5,compound_sensor_actuator_shift,1152,1.00000,0.66667,0.31537,0.59044,0.33333,0.21352,0.22222
oracle_failure_strata,5,5,fixture_geometry_shift,1152,1.00000,0.05556,0.34687,0.57000,0.94444,0.01912,0.27778
oracle_failure_strata,5,5,rare_mechanism_combo,1152,1.00000,0.66667,0.30466,0.56667,0.33333,0.07398,0.00000
oracle_failure_strata,5,5,out_of_distribution_tail,1152,1.00000,0.61111,0.30690,0.37381,0.38889,0.07132,0.00000
greedy_oracle_success_upper,5,5,nominal_task_balance,1152,0.87500,1.00000,0.00000,0.00000,0.00000,0.03653,0.00000
greedy_oracle_success_upper,5,5,rare_slip_failures,1152,0.87500,0.88889,0.16994,0.20000,0.11111,0.12842,0.00000
greedy_oracle_success_upper,5,5,jammed_fixture_failures,1152,0.87500,0.00000,0.38152,0.37512,1.00000,0.20866,0.94444
greedy_oracle_success_upper,5,5,actuator_limit_failures,1152,0.87500,1.00000,0.05563,0.00000,0.00000,0.07099,0.00000
greedy_oracle_success_upper,5,5,combined_tail_stress,1152,0.87500,0.66667,0.29670,0.75764,0.33333,0.31582,0.16667
greedy_oracle_success_upper,5,5,compound_sensor_actuator_shift,1152,0.87500,0.66667,0.33636,0.65221,0.33333,0.18933,0.22222
greedy_oracle_success_upper,5,5,fixture_geometry_shift,1152,0.87500,0.05556,0.34565,0.57000,0.94444,0.00684,0.27778
greedy_oracle_success_upper,5,5,rare_mechanism_combo,1152,0.87500,0.66667,0.29609,0.41111,0.33333,0.11275,0.00000
greedy_oracle_success_upper,5,5,out_of_distribution_tail,1152,0.87500,0.61111,0.31945,0.43571,0.38889,0.06394,0.00000
random_sampling,6,5,nominal_task_balance,1152,1.00000,1.00000,0.00000,0.00000,0.00000,0.04597,0.00000
random_sampling,6,5,rare_slip_failures,1152,1.00000,1.00000,0.11574,0.00000,0.00000,0.05925,0.00000
random_sampling,6,5,jammed_fixture_failures,1152,1.00000,0.00000,0.36611,0.37073,1.00000,0.13058,0.94444
random_sampling,6,5,actuator_limit_failures,1152,1.00000,1.00000,0.03590,0.00000,0.00000,0.07250,0.00000
random_sampling,6,5,combined_tail_stress,1152,1.00000,0.72222,0.28343,0.59333,0.27778,0.15280,0.05556
random_sampling,6,5,compound_sensor_actuator_shift,1152,1.00000,0.77778,0.25017,0.43619,0.22222,0.13675,0.16667
random_sampling,6,5,fixture_geometry_shift,1152,1.00000,0.05556,0.33059,0.36400,0.94444,0.06709,0.33333
random_sampling,6,5,rare_mechanism_combo,1152,1.00000,0.22222,0.34804,0.59167,0.77778,0.08384,0.00000
random_sampling,6,5,out_of_distribution_tail,1152,1.00000,0.77778,0.28034,0.47556,0.22222,0.32865,0.00000
task_label_stratification,6,5,nominal_task_balance,1152,1.00000,1.00000,0.00000,0.00000,0.00000,0.04465,0.00000
task_label_stratification,6,5,rare_slip_failures,1152,1.00000,1.00000,0.14448,0.00000,0.00000,0.05883,0.00000
task_label_stratification,6,5,jammed_fixture_failures,1152,1.00000,0.00000,0.37388,0.39611,1.00000,0.12873,0.94444
task_label_stratification,6,5,actuator_limit_failures,1152,1.00000,1.00000,0.07745,0.00000,0.00000,0.05049,0.00000
task_label_stratification,6,5,combined_tail_stress,1152,1.00000,0.72222,0.29416,0.60824,0.27778,0.14617,0.05556
task_label_stratification,6,5,compound_sensor_actuator_shift,1152,1.00000,0.77778,0.24664,0.41048,0.22222,0.18113,0.16667
task_label_stratification,6,5,fixture_geometry_shift,1152,1.00000,0.05556,0.32429,0.35710,0.94444,0.06133,0.33333
task_label_stratification,6,5,rare_mechanism_combo,1152,1.00000,0.22222,0.34634,0.53333,0.77778,0.04795,0.00000
task_label_stratification,6,5,out_of_distribution_tail,1152,1.00000,0.77778,0.28477,0.51556,0.22222,0.32137,0.00000
state_diversity_coreset,6,5,nominal_task_balance,1152,1.00000,1.00000,0.00000,0.00000,0.00000,0.05599,0.00000
state_diversity_coreset,6,5,rare_slip_failures,1152,1.00000,1.00000,0.12584,0.00000,0.00000,0.09026,0.00000
state_diversity_coreset,6,5,jammed_fixture_failures,1152,1.00000,0.00000,0.37230,0.37946,1.00000,0.16536,0.94444
state_diversity_coreset,6,5,actuator_limit_failures,1152,1.00000,1.00000,0.00000,0.00000,0.00000,0.07101,0.00000
state_diversity_coreset,6,5,combined_tail_stress,1152,1.00000,0.72222,0.28482,0.58000,0.27778,0.16005,0.05556
state_diversity_coreset,6,5,compound_sensor_actuator_shift,1152,1.00000,0.77778,0.25273,0.39714,0.22222,0.14155,0.16667
state_diversity_coreset,6,5,fixture_geometry_shift,1152,1.00000,0.05556,0.33328,0.46800,0.94444,0.06370,0.33333
state_diversity_coreset,6,5,rare_mechanism_combo,1152,1.00000,0.22222,0.35457,0.60000,0.77778,0.06500,0.00000
state_diversity_coreset,6,5,out_of_distribution_tail,1152,1.00000,0.77778,0.28175,0.53778,0.22222,0.31776,0.00000
uncertainty_sampling,6,5,nominal_task_balance,1152,1.00000,1.00000,0.00000,0.00000,0.00000,0.03742,0.00000
uncertainty_sampling,6,5,rare_slip_failures,1152,1.00000,1.00000,0.14905,0.00000,0.00000,0.08692,0.00000
uncertainty_sampling,6,5,jammed_fixture_failures,1152,1.00000,0.00000,0.36226,0.37613,1.00000,0.13582,0.94444
uncertainty_sampling,6,5,actuator_limit_failures,1152,1.00000,1.00000,0.08854,0.00000,0.00000,0.05811,0.00000
uncertainty_sampling,6,5,combined_tail_stress,1152,1.00000,0.72222,0.29405,0.58157,0.27778,0.13108,0.05556
uncertainty_sampling,6,5,compound_sensor_actuator_shift,1152,1.00000,0.77778,0.25606,0.36857,0.22222,0.15151,0.16667
uncertainty_sampling,6,5,fixture_geometry_shift,1152,1.00000,0.05556,0.32815,0.36110,0.94444,0.06423,0.33333
uncertainty_sampling,6,5,rare_mechanism_combo,1152,1.00000,0.22222,0.33835,0.46667,0.77778,0.03255,0.00000
uncertainty_sampling,6,5,out_of_distribution_tail,1152,1.00000,0.77778,0.28159,0.49778,0.22222,0.33238,0.00000
failure_prediction_active_learning,6,5,nominal_task_balance,1152,1.00000,1.00000,0.00000,0.00000,0.00000,0.03506,0.00000
failure_prediction_active_learning,6,5,rare_slip_failures,1152,1.00000,1.00000,0.01190,0.00000,0.00000,0.05037,0.00000
failure_prediction_active_learning,6,5,jammed_fixture_failures,1152,1.00000,0.00000,0.37533,0.39568,1.00000,0.17410,0.94444
failure_prediction_active_learning,6,5,actuator_limit_failures,1152,1.00000,1.00000,0.00000,0.00000,0.00000,0.05049,0.00000
failure_prediction_active_learning,6,5,combined_tail_stress,1152,1.00000,0.72222,0.28963,0.56314,0.27778,0.14300,0.05556
failure_prediction_active_learning,6,5,compound_sensor_actuator_shift,1152,1.00000,0.77778,0.24256,0.39444,0.22222,0.13818,0.16667
failure_prediction_active_learning,6,5,fixture_geometry_shift,1152,1.00000,0.05556,0.32611,0.36000,0.94444,0.14009,0.33333
failure_prediction_active_learning,6,5,rare_mechanism_combo,1152,1.00000,0.22222,0.34304,0.46667,0.77778,0.07364,0.00000
failure_prediction_active_learning,6,5,out_of_distribution_tail,1152,1.00000,0.77778,0.27912,0.41333,0.22222,0.26541,0.00000
calibrated_failure_risk,6,5,nominal_task_balance,1152,1.00000,1.00000,0.00000,0.00000,0.00000,0.03096,0.00000
calibrated_failure_risk,6,5,rare_slip_failures,1152,1.00000,1.00000,0.03125,0.00000,0.00000,0.04849,0.00000
calibrated_failure_risk,6,5,jammed_fixture_failures,1152,1.00000,0.00000,0.37273,0.39793,1.00000,0.18311,0.94444
calibrated_failure_risk,6,5,actuator_limit_failures,1152,1.00000,1.00000,0.00000,0.00000,0.00000,0.08108,0.00000
calibrated_failure_risk,6,5,combined_tail_stress,1152,1.00000,0.72222,0.29199,0.56314,0.27778,0.15905,0.05556
calibrated_failure_risk,6,5,compound_sensor_actuator_shift,1152,1.00000,0.77778,0.26986,0.43444,0.22222,0.11565,0.16667
calibrated_failure_risk,6,5,fixture_geometry_shift,1152,1.00000,0.05556,0.32767,0.36400,0.94444,0.14428,0.33333
calibrated_failure_risk,6,5,rare_mechanism_combo,1152,1.00000,0.22222,0.34396,0.45833,0.77778,0.08524,0.00000
calibrated_failure_risk,6,5,out_of_distribution_tail,1152,1.00000,0.77778,0.27736,0.39111,0.22222,0.25848,0.00000
tail_risk_active_learning,6,5,nominal_task_balance,1152,1.00000,1.00000,0.00000,0.00000,0.00000,0.03476,0.00000
tail_risk_active_learning,6,5,rare_slip_failures,1152,1.00000,1.00000,0.06034,0.00000,0.00000,0.07711,0.00000
tail_risk_active_learning,6,5,jammed_fixture_failures,1152,1.00000,0.00000,0.37616,0.39611,1.00000,0.19379,0.94444
tail_risk_active_learning,6,5,actuator_limit_failures,1152,1.00000,1.00000,0.06495,0.00000,0.00000,0.07369,0.00000
tail_risk_active_learning,6,5,combined_tail_stress,1152,1.00000,0.72222,0.26893,0.50824,0.27778,0.18469,0.05556
tail_risk_active_learning,6,5,compound_sensor_actuator_shift,1152,1.00000,0.77778,0.28495,0.44492,0.22222,0.08387,0.16667
tail_risk_active_learning,6,5,fixture_geometry_shift,1152,1.00000,0.05556,0.32666,0.36400,0.94444,0.10332,0.33333
tail_risk_active_learning,6,5,rare_mechanism_combo,1152,1.00000,0.22222,0.35053,0.59167,0.77778,0.11017,0.00000
tail_risk_active_learning,6,5,out_of_distribution_tail,1152,1.00000,0.77778,0.29443,0.47111,0.22222,0.21820,0.00000
hybrid_diversity_risk,6,5,nominal_task_balance,1152,1.00000,1.00000,0.00000,0.00000,0.00000,0.04796,0.00000
hybrid_diversity_risk,6,5,rare_slip_failures,1152,1.00000,1.00000,0.05172,0.00000,0.00000,0.08616,0.00000
hybrid_diversity_risk,6,5,jammed_fixture_failures,1152,1.00000,0.00000,0.36362,0.37704,1.00000,0.19115,0.94444
hybrid_diversity_risk,6,5,actuator_limit_failures,1152,1.00000,1.00000,0.06275,0.00000,0.00000,0.06865,0.00000
hybrid_diversity_risk,6,5,combined_tail_stress,1152,1.00000,0.72222,0.27948,0.51490,0.27778,0.17123,0.05556
hybrid_diversity_risk,6,5,compound_sensor_actuator_shift,1152,1.00000,0.77778,0.27513,0.43254,0.22222,0.07739,0.16667
hybrid_diversity_risk,6,5,fixture_geometry_shift,1152,1.00000,0.05556,0.32657,0.35710,0.94444,0.09012,0.33333
hybrid_diversity_risk,6,5,rare_mechanism_combo,1152,1.00000,0.22222,0.35017,0.59677,0.77778,0.13914,0.00000
hybrid_diversity_risk,6,5,out_of_distribution_tail,1152,1.00000,0.77778,0.28059,0.51111,0.22222,0.29853,0.00000
balanced_failure_replay,6,5,nominal_task_balance,1152,1.00000,1.00000,0.00000,0.00000,0.00000,0.03831,0.00000
balanced_failure_replay,6,5,rare_slip_failures,1152,1.00000,1.00000,0.11055,0.00000,0.00000,0.05469,0.00000
balanced_failure_replay,6,5,jammed_fixture_failures,1152,1.00000,0.00000,0.36269,0.37388,1.00000,0.15528,0.94444
balanced_failure_replay,6,5,actuator_limit_failures,1152,1.00000,1.00000,0.08438,0.00000,0.00000,0.07033,0.00000
balanced_failure_replay,6,5,combined_tail_stress,1152,1.00000,0.72222,0.28391,0.54314,0.27778,0.14859,0.05556
balanced_failure_replay,6,5,compound_sensor_actuator_shift,1152,1.00000,0.77778,0.23241,0.35714,0.22222,0.18586,0.16667
balanced_failure_replay,6,5,fixture_geometry_shift,1152,1.00000,0.05556,0.32735,0.36110,0.94444,0.06739,0.33333
balanced_failure_replay,6,5,rare_mechanism_combo,1152,1.00000,0.22222,0.34576,0.44167,0.77778,0.05218,0.00000
balanced_failure_replay,6,5,out_of_distribution_tail,1152,1.00000,0.77778,0.27569,0.47556,0.22222,0.33851,0.00000
gradient_boosted_failure_active,6,5,nominal_task_balance,1152,1.00000,1.00000,0.00000,0.00000,0.00000,0.05264,0.00000
gradient_boosted_failure_active,6,5,rare_slip_failures,1152,1.00000,1.00000,0.09860,0.00000,0.00000,0.06750,0.00000
gradient_boosted_failure_active,6,5,jammed_fixture_failures,1152,1.00000,0.00000,0.36574,0.37838,1.00000,0.14026,0.94444
gradient_boosted_failure_active,6,5,actuator_limit_failures,1152,1.00000,1.00000,0.04911,0.00000,0.00000,0.07205,0.00000
gradient_boosted_failure_active,6,5,combined_tail_stress,1152,1.00000,0.72222,0.27855,0.54980,0.27778,0.18335,0.05556
gradient_boosted_failure_active,6,5,compound_sensor_actuator_shift,1152,1.00000,0.77778,0.26353,0.47619,0.22222,0.19165,0.16667
gradient_boosted_failure_active,6,5,fixture_geometry_shift,1152,1.00000,0.05556,0.33057,0.36800,0.94444,0.07517,0.33333
gradient_boosted_failure_active,6,5,rare_mechanism_combo,1152,1.00000,0.22222,0.34888,0.59167,0.77778,0.04840,0.00000
gradient_boosted_failure_active,6,5,out_of_distribution_tail,1152,1.00000,0.77778,0.27393,0.49778,0.22222,0.34658,0.00000
random_forest_failure_active,6,5,nominal_task_balance,1152,1.00000,1.00000,0.00000,0.00000,0.00000,0.06168,0.00000
random_forest_failure_active,6,5,rare_slip_failures,1152,1.00000,1.00000,0.11895,0.00000,0.00000,0.04170,0.00000
random_forest_failure_active,6,5,jammed_fixture_failures,1152,1.00000,0.00000,0.36568,0.37838,1.00000,0.07693,0.94444
random_forest_failure_active,6,5,actuator_limit_failures,1152,1.00000,1.00000,0.05952,0.00000,0.00000,0.06514,0.00000
random_forest_failure_active,6,5,combined_tail_stress,1152,1.00000,0.72222,0.29586,0.58824,0.27778,0.15364,0.05556
random_forest_failure_active,6,5,compound_sensor_actuator_shift,1152,1.00000,0.77778,0.24582,0.36762,0.22222,0.16038,0.16667
random_forest_failure_active,6,5,fixture_geometry_shift,1152,1.00000,0.05556,0.32610,0.34400,0.94444,0.04952,0.33333
random_forest_failure_active,6,5,rare_mechanism_combo,1152,1.00000,0.22222,0.34408,0.60000,0.77778,0.09189,0.00000
random_forest_failure_active,6,5,out_of_distribution_tail,1152,1.00000,0.77778,0.27054,0.51556,0.22222,0.34112,0.00000
failure_stratified_engine,6,5,nominal_task_balance,1152,1.00000,1.00000,0.00000,0.00000,0.00000,0.01325,0.00000
failure_stratified_engine,6,5,rare_slip_failures,1152,1.00000,1.00000,0.04667,0.00000,0.00000,0.07994,0.00000
failure_stratified_engine,6,5,jammed_fixture_failures,1152,1.00000,0.00000,0.37329,0.34345,1.00000,0.19641,0.94444
failure_stratified_engine,6,5,actuator_limit_failures,1152,1.00000,1.00000,0.03750,0.00000,0.00000,0.07754,0.00000
failure_stratified_engine,6,5,combined_tail_stress,1152,1.00000,0.72222,0.28861,0.64980,0.27778,0.25492,0.05556
failure_stratified_engine,6,5,compound_sensor_actuator_shift,1152,1.00000,0.77778,0.26052,0.58857,0.22222,0.23149,0.16667
failure_stratified_engine,6,5,fixture_geometry_shift,1152,1.00000,0.05556,0.32681,0.34510,0.94444,0.09506,0.33333
failure_stratified_engine,6,5,rare_mechanism_combo,1152,1.00000,0.22222,0.34172,0.46667,0.77778,0.05279,0.00000
failure_stratified_engine,6,5,out_of_distribution_tail,1152,1.00000,0.77778,0.26880,0.47556,0.22222,0.32301,0.00000
failure_stratified_engine_v5,6,5,nominal_task_balance,1152,1.00000,1.00000,0.00000,0.00000,0.00000,0.04305,0.00000
failure_stratified_engine_v5,6,5,rare_slip_failures,1152,1.00000,1.00000,0.11055,0.00000,0.00000,0.06001,0.00000
failure_stratified_engine_v5,6,5,jammed_fixture_failures,1152,1.00000,0.00000,0.36297,0.36848,1.00000,0.16295,0.94444
failure_stratified_engine_v5,6,5,actuator_limit_failures,1152,1.00000,1.00000,0.07281,0.00000,0.00000,0.06124,0.00000
failure_stratified_engine_v5,6,5,combined_tail_stress,1152,1.00000,0.72222,0.29105,0.56314,0.27778,0.12012,0.05556
failure_stratified_engine_v5,6,5,compound_sensor_actuator_shift,1152,1.00000,0.77778,0.24700,0.36857,0.22222,0.17382,0.16667
failure_stratified_engine_v5,6,5,fixture_geometry_shift,1152,1.00000,0.05556,0.32937,0.35131,0.94444,0.06452,0.33333
failure_stratified_engine_v5,6,5,rare_mechanism_combo,1152,1.00000,0.22222,0.33841,0.39167,0.77778,0.03276,0.00000
failure_stratified_engine_v5,6,5,out_of_distribution_tail,1152,1.00000,0.77778,0.27677,0.47556,0.22222,0.33641,0.00000
oracle_failure_strata,6,5,nominal_task_balance,1152,1.00000,1.00000,0.00000,0.00000,0.00000,0.04962,0.00000
oracle_failure_strata,6,5,rare_slip_failures,1152,1.00000,1.00000,0.13793,0.00000,0.00000,0.05466,0.00000
oracle_failure_strata,6,5,jammed_fixture_failures,1152,1.00000,0.00000,0.40197,0.44764,1.00000,0.14356,0.94444
oracle_failure_strata,6,5,actuator_limit_failures,1152,1.00000,1.00000,0.03947,0.00000,0.00000,0.07265,0.00000
oracle_failure_strata,6,5,combined_tail_stress,1152,1.00000,0.72222,0.28233,0.63961,0.27778,0.19588,0.05556
oracle_failure_strata,6,5,compound_sensor_actuator_shift,1152,1.00000,0.77778,0.24689,0.48381,0.22222,0.19491,0.16667
oracle_failure_strata,6,5,fixture_geometry_shift,1152,1.00000,0.05556,0.32477,0.34400,0.94444,0.10115,0.33333
oracle_failure_strata,6,5,rare_mechanism_combo,1152,1.00000,0.22222,0.34039,0.60000,0.77778,0.07433,0.00000
oracle_failure_strata,6,5,out_of_distribution_tail,1152,1.00000,0.77778,0.26788,0.48000,0.22222,0.32700,0.00000
greedy_oracle_success_upper,6,5,nominal_task_balance,1152,1.00000,1.00000,0.00000,0.00000,0.00000,0.03353,0.00000
greedy_oracle_success_upper,6,5,rare_slip_failures,1152,1.00000,1.00000,0.06593,0.00000,0.00000,0.07684,0.00000
greedy_oracle_success_upper,6,5,jammed_fixture_failures,1152,1.00000,0.00000,0.35425,0.32663,1.00000,0.17864,0.94444
greedy_oracle_success_upper,6,5,actuator_limit_failures,1152,1.00000,1.00000,0.04412,0.00000,0.00000,0.07601,0.00000
greedy_oracle_success_upper,6,5,combined_tail_stress,1152,1.00000,0.72222,0.28198,0.63804,0.27778,0.19495,0.05556
greedy_oracle_success_upper,6,5,compound_sensor_actuator_shift,1152,1.00000,0.77778,0.25531,0.52381,0.22222,0.22773,0.16667
greedy_oracle_success_upper,6,5,fixture_geometry_shift,1152,1.00000,0.05556,0.32773,0.34400,0.94444,0.10368,0.33333
greedy_oracle_success_upper,6,5,rare_mechanism_combo,1152,1.00000,0.22222,0.34350,0.60000,0.77778,0.09910,0.00000
greedy_oracle_success_upper,6,5,out_of_distribution_tail,1152,1.00000,0.77778,0.27232,0.49778,0.22222,0.32832,0.00000
random_sampling,7,5,nominal_task_balance,1152,0.87500,1.00000,0.00000,0.00000,0.00000,0.03162,0.00000
random_sampling,7,5,rare_slip_failures,1152,0.87500,0.94444,0.18227,0.10000,0.05556,0.05991,0.05556
random_sampling,7,5,jammed_fixture_failures,1152,0.87500,0.00000,0.39070,0.49101,1.00000,0.17326,1.00000
random_sampling,7,5,actuator_limit_failures,1152,0.87500,1.00000,0.04063,0.00000,0.00000,0.04672,0.00000
random_sampling,7,5,combined_tail_stress,1152,0.87500,0.66667,0.31748,0.66667,0.33333,0.22776,0.27778
random_sampling,7,5,compound_sensor_actuator_shift,1152,0.87500,0.66667,0.30993,0.55873,0.33333,0.06822,0.16667
random_sampling,7,5,fixture_geometry_shift,1152,0.87500,0.00000,0.35221,0.35556,1.00000,0.04239,0.22222
random_sampling,7,5,rare_mechanism_combo,1152,0.87500,0.55556,0.29290,0.49091,0.44444,0.11758,0.00000
random_sampling,7,5,out_of_distribution_tail,1152,0.87500,0.50000,0.32815,0.42909,0.50000,0.10254,0.00000
task_label_stratification,7,5,nominal_task_balance,1152,0.87500,1.00000,0.00000,0.00000,0.00000,0.03661,0.00000
task_label_stratification,7,5,rare_slip_failures,1152,0.87500,0.94444,0.17654,0.15000,0.05556,0.04799,0.05556
task_label_stratification,7,5,jammed_fixture_failures,1152,0.87500,0.00000,0.39725,0.49326,1.00000,0.16708,1.00000
task_label_stratification,7,5,actuator_limit_failures,1152,0.87500,1.00000,0.08929,0.00000,0.00000,0.04634,0.00000
task_label_stratification,7,5,combined_tail_stress,1152,0.87500,0.66667,0.32972,0.65333,0.33333,0.20080,0.27778
task_label_stratification,7,5,compound_sensor_actuator_shift,1152,0.87500,0.66667,0.30961,0.56032,0.33333,0.09052,0.16667
task_label_stratification,7,5,fixture_geometry_shift,1152,0.87500,0.00000,0.34516,0.35024,1.00000,0.03553,0.22222
task_label_stratification,7,5,rare_mechanism_combo,1152,0.87500,0.55556,0.29951,0.50909,0.44444,0.12013,0.00000
task_label_stratification,7,5,out_of_distribution_tail,1152,0.87500,0.50000,0.32332,0.43091,0.50000,0.10734,0.00000
state_diversity_coreset,7,5,nominal_task_balance,1152,1.00000,1.00000,0.00000,0.00000,0.00000,0.04453,0.00000
state_diversity_coreset,7,5,rare_slip_failures,1152,1.00000,0.94444,0.21024,0.25000,0.05556,0.05226,0.05556
state_diversity_coreset,7,5,jammed_fixture_failures,1152,1.00000,0.00000,0.38896,0.48175,1.00000,0.18432,1.00000
state_diversity_coreset,7,5,actuator_limit_failures,1152,1.00000,1.00000,0.08868,0.00000,0.00000,0.04826,0.00000
state_diversity_coreset,7,5,combined_tail_stress,1152,1.00000,0.66667,0.30761,0.61556,0.33333,0.18222,0.27778
state_diversity_coreset,7,5,compound_sensor_actuator_shift,1152,1.00000,0.66667,0.28892,0.54921,0.33333,0.08726,0.16667
state_diversity_coreset,7,5,fixture_geometry_shift,1152,1.00000,0.00000,0.35524,0.37333,1.00000,0.05705,0.22222
state_diversity_coreset,7,5,rare_mechanism_combo,1152,1.00000,0.55556,0.28915,0.56364,0.44444,0.14658,0.00000
state_diversity_coreset,7,5,out_of_distribution_tail,1152,1.00000,0.50000,0.31376,0.46909,0.50000,0.10381,0.00000
uncertainty_sampling,7,5,nominal_task_balance,1152,0.87500,1.00000,0.00000,0.00000,0.00000,0.05184,0.00000
uncertainty_sampling,7,5,rare_slip_failures,1152,0.87500,0.94444,0.18284,0.10000,0.05556,0.07254,0.05556
uncertainty_sampling,7,5,jammed_fixture_failures,1152,0.87500,0.00000,0.39488,0.47151,1.00000,0.16813,1.00000
uncertainty_sampling,7,5,actuator_limit_failures,1152,0.87500,1.00000,0.10478,0.00000,0.00000,0.05737,0.00000
uncertainty_sampling,7,5,combined_tail_stress,1152,0.87500,0.66667,0.31465,0.65111,0.33333,0.24436,0.27778
uncertainty_sampling,7,5,compound_sensor_actuator_shift,1152,0.87500,0.66667,0.31035,0.53651,0.33333,0.08291,0.16667
uncertainty_sampling,7,5,fixture_geometry_shift,1152,0.87500,0.00000,0.35421,0.55068,1.00000,0.04652,0.22222
uncertainty_sampling,7,5,rare_mechanism_combo,1152,0.87500,0.55556,0.29246,0.55929,0.44444,0.14262,0.00000
uncertainty_sampling,7,5,out_of_distribution_tail,1152,0.87500,0.50000,0.31574,0.46727,0.50000,0.08347,0.00000
failure_prediction_active_learning,7,5,nominal_task_balance,1152,0.87500,1.00000,0.00000,0.00000,0.00000,0.03485,0.00000
failure_prediction_active_learning,7,5,rare_slip_failures,1152,0.87500,0.94444,0.18680,0.20000,0.05556,0.03361,0.05556
failure_prediction_active_learning,7,5,jammed_fixture_failures,1152,0.87500,0.00000,0.38430,0.43901,1.00000,0.21487,1.00000
failure_prediction_active_learning,7,5,actuator_limit_failures,1152,0.87500,1.00000,0.00000,0.00000,0.00000,0.03527,0.00000
failure_prediction_active_learning,7,5,combined_tail_stress,1152,0.87500,0.66667,0.33192,0.63889,0.33333,0.17778,0.27778
failure_prediction_active_learning,7,5,compound_sensor_actuator_shift,1152,0.87500,0.66667,0.30248,0.49841,0.33333,0.11253,0.16667
failure_prediction_active_learning,7,5,fixture_geometry_shift,1152,0.87500,0.00000,0.34171,0.36802,1.00000,0.06841,0.22222
failure_prediction_active_learning,7,5,rare_mechanism_combo,1152,0.87500,0.55556,0.28483,0.37273,0.44444,0.13732,0.00000
failure_prediction_active_learning,7,5,out_of_distribution_tail,1152,0.87500,0.50000,0.33202,0.43091,0.50000,0.08520,0.00000
calibrated_failure_risk,7,5,nominal_task_balance,1152,0.87500,1.00000,0.00000,0.00000,0.00000,0.03427,0.00000
calibrated_failure_risk,7,5,rare_slip_failures,1152,0.87500,0.94444,0.17986,0.20000,0.05556,0.05903,0.05556
calibrated_failure_risk,7,5,jammed_fixture_failures,1152,0.87500,0.00000,0.38562,0.43901,1.00000,0.21088,1.00000
calibrated_failure_risk,7,5,actuator_limit_failures,1152,0.87500,1.00000,0.00000,0.00000,0.00000,0.03414,0.00000
calibrated_failure_risk,7,5,combined_tail_stress,1152,0.87500,0.66667,0.32770,0.61444,0.33333,0.18805,0.27778
calibrated_failure_risk,7,5,compound_sensor_actuator_shift,1152,0.87500,0.66667,0.30530,0.49841,0.33333,0.09521,0.16667
calibrated_failure_risk,7,5,fixture_geometry_shift,1152,0.87500,0.00000,0.34130,0.36802,1.00000,0.05760,0.22222
calibrated_failure_risk,7,5,rare_mechanism_combo,1152,0.87500,0.55556,0.28294,0.37273,0.44444,0.11573,0.00000
calibrated_failure_risk,7,5,out_of_distribution_tail,1152,0.87500,0.50000,0.33599,0.43273,0.50000,0.08998,0.00000
tail_risk_active_learning,7,5,nominal_task_balance,1152,0.87500,1.00000,0.00000,0.00000,0.00000,0.02997,0.00000
tail_risk_active_learning,7,5,rare_slip_failures,1152,0.87500,0.94444,0.18076,0.20000,0.05556,0.07578,0.05556
tail_risk_active_learning,7,5,jammed_fixture_failures,1152,0.87500,0.00000,0.39352,0.50351,1.00000,0.22426,1.00000
tail_risk_active_learning,7,5,actuator_limit_failures,1152,0.87500,1.00000,0.01562,0.00000,0.00000,0.04075,0.00000
tail_risk_active_learning,7,5,combined_tail_stress,1152,0.87500,0.66667,0.32097,0.59778,0.33333,0.19619,0.27778
tail_risk_active_learning,7,5,compound_sensor_actuator_shift,1152,0.87500,0.66667,0.32127,0.57937,0.33333,0.09458,0.16667
tail_risk_active_learning,7,5,fixture_geometry_shift,1152,0.87500,0.00000,0.34358,0.36889,1.00000,0.04267,0.22222
tail_risk_active_learning,7,5,rare_mechanism_combo,1152,0.87500,0.55556,0.34186,0.55553,0.44444,0.15049,0.00000
tail_risk_active_learning,7,5,out_of_distribution_tail,1152,0.87500,0.50000,0.33039,0.39455,0.50000,0.08907,0.00000
hybrid_diversity_risk,7,5,nominal_task_balance,1152,0.87500,1.00000,0.00000,0.00000,0.00000,0.03620,0.00000
hybrid_diversity_risk,7,5,rare_slip_failures,1152,0.87500,0.94444,0.18116,0.20000,0.05556,0.07138,0.05556
hybrid_diversity_risk,7,5,jammed_fixture_failures,1152,0.87500,0.00000,0.39251,0.46575,1.00000,0.22252,1.00000
hybrid_diversity_risk,7,5,actuator_limit_failures,1152,0.87500,1.00000,0.03125,0.00000,0.00000,0.03589,0.00000
hybrid_diversity_risk,7,5,combined_tail_stress,1152,0.87500,0.66667,0.31236,0.59556,0.33333,0.20872,0.27778
hybrid_diversity_risk,7,5,compound_sensor_actuator_shift,1152,0.87500,0.66667,0.31040,0.51587,0.33333,0.09817,0.16667
hybrid_diversity_risk,7,5,fixture_geometry_shift,1152,0.87500,0.00000,0.34878,0.36889,1.00000,0.05135,0.22222
hybrid_diversity_risk,7,5,rare_mechanism_combo,1152,0.87500,0.55556,0.30151,0.52292,0.44444,0.15592,0.00000
hybrid_diversity_risk,7,5,out_of_distribution_tail,1152,0.87500,0.50000,0.33598,0.45091,0.50000,0.04198,0.00000
balanced_failure_replay,7,5,nominal_task_balance,1152,0.87500,1.00000,0.00000,0.00000,0.00000,0.03532,0.00000
balanced_failure_replay,7,5,rare_slip_failures,1152,0.87500,0.94444,0.17468,0.20000,0.05556,0.03569,0.05556
balanced_failure_replay,7,5,jammed_fixture_failures,1152,0.87500,0.00000,0.38873,0.45775,1.00000,0.19350,1.00000
balanced_failure_replay,7,5,actuator_limit_failures,1152,0.87500,1.00000,0.04286,0.00000,0.00000,0.05333,0.00000
balanced_failure_replay,7,5,combined_tail_stress,1152,0.87500,0.66667,0.30548,0.61778,0.33333,0.27785,0.27778
balanced_failure_replay,7,5,compound_sensor_actuator_shift,1152,0.87500,0.66667,0.32221,0.58571,0.33333,0.06581,0.16667
balanced_failure_replay,7,5,fixture_geometry_shift,1152,0.87500,0.00000,0.34443,0.36000,1.00000,0.04234,0.22222
balanced_failure_replay,7,5,rare_mechanism_combo,1152,0.87500,0.55556,0.37002,0.64929,0.44444,0.13218,0.00000
balanced_failure_replay,7,5,out_of_distribution_tail,1152,0.87500,0.50000,0.32175,0.46909,0.50000,0.07113,0.00000
gradient_boosted_failure_active,7,5,nominal_task_balance,1152,0.87500,1.00000,0.00000,0.00000,0.00000,0.03828,0.00000
gradient_boosted_failure_active,7,5,rare_slip_failures,1152,0.87500,0.94444,0.19773,0.15000,0.05556,0.06413,0.05556
gradient_boosted_failure_active,7,5,jammed_fixture_failures,1152,0.87500,0.00000,0.39752,0.47951,1.00000,0.17607,1.00000
gradient_boosted_failure_active,7,5,actuator_limit_failures,1152,0.87500,1.00000,0.04286,0.00000,0.00000,0.03039,0.00000
gradient_boosted_failure_active,7,5,combined_tail_stress,1152,0.87500,0.66667,0.30921,0.60667,0.33333,0.23009,0.27778
gradient_boosted_failure_active,7,5,compound_sensor_actuator_shift,1152,0.87500,0.66667,0.31401,0.59683,0.33333,0.04288,0.16667
gradient_boosted_failure_active,7,5,fixture_geometry_shift,1152,0.87500,0.00000,0.33834,0.32271,1.00000,0.04957,0.22222
gradient_boosted_failure_active,7,5,rare_mechanism_combo,1152,0.87500,0.55556,0.29180,0.52727,0.44444,0.16010,0.00000
gradient_boosted_failure_active,7,5,out_of_distribution_tail,1152,0.87500,0.50000,0.32230,0.48727,0.50000,0.10000,0.00000
random_forest_failure_active,7,5,nominal_task_balance,1152,0.87500,1.00000,0.00000,0.00000,0.00000,0.05898,0.00000
random_forest_failure_active,7,5,rare_slip_failures,1152,0.87500,0.94444,0.16490,0.05000,0.05556,0.05836,0.05556
random_forest_failure_active,7,5,jammed_fixture_failures,1152,0.87500,0.00000,0.38828,0.41551,1.00000,0.10642,1.00000
random_forest_failure_active,7,5,actuator_limit_failures,1152,0.87500,1.00000,0.04423,0.00000,0.00000,0.04163,0.00000
random_forest_failure_active,7,5,combined_tail_stress,1152,0.87500,0.66667,0.32984,0.61889,0.33333,0.20489,0.27778
random_forest_failure_active,7,5,compound_sensor_actuator_shift,1152,0.87500,0.66667,0.27853,0.45556,0.33333,0.11165,0.16667
random_forest_failure_active,7,5,fixture_geometry_shift,1152,0.87500,0.00000,0.34510,0.34623,1.00000,0.01568,0.22222
random_forest_failure_active,7,5,rare_mechanism_combo,1152,0.87500,0.55556,0.27599,0.40909,0.44444,0.16287,0.00000
random_forest_failure_active,7,5,out_of_distribution_tail,1152,0.87500,0.50000,0.31909,0.48727,0.50000,0.11557,0.00000
failure_stratified_engine,7,5,nominal_task_balance,1152,0.87500,1.00000,0.00000,0.00000,0.00000,0.04473,0.00000
failure_stratified_engine,7,5,rare_slip_failures,1152,0.87500,0.94444,0.16257,0.10000,0.05556,0.04620,0.05556
failure_stratified_engine,7,5,jammed_fixture_failures,1152,0.87500,0.00000,0.38688,0.41501,1.00000,0.19509,1.00000
failure_stratified_engine,7,5,actuator_limit_failures,1152,0.87500,1.00000,0.06469,0.00000,0.00000,0.04441,0.00000
failure_stratified_engine,7,5,combined_tail_stress,1152,0.87500,0.66667,0.31443,0.62889,0.33333,0.24638,0.27778
failure_stratified_engine,7,5,compound_sensor_actuator_shift,1152,0.87500,0.66667,0.33363,0.64921,0.33333,0.14564,0.16667
failure_stratified_engine,7,5,fixture_geometry_shift,1152,0.87500,0.00000,0.34215,0.32802,1.00000,0.05644,0.22222
failure_stratified_engine,7,5,rare_mechanism_combo,1152,0.87500,0.55556,0.28766,0.40909,0.44444,0.13715,0.00000
failure_stratified_engine,7,5,out_of_distribution_tail,1152,0.87500,0.50000,0.31798,0.44909,0.50000,0.10308,0.00000
failure_stratified_engine_v5,7,5,nominal_task_balance,1152,1.00000,1.00000,0.00000,0.00000,0.00000,0.03919,0.00000
failure_stratified_engine_v5,7,5,rare_slip_failures,1152,1.00000,0.94444,0.18631,0.20000,0.05556,0.05126,0.05556
failure_stratified_engine_v5,7,5,jammed_fixture_failures,1152,1.00000,0.00000,0.38738,0.43775,1.00000,0.20338,1.00000
failure_stratified_engine_v5,7,5,actuator_limit_failures,1152,1.00000,1.00000,0.06331,0.00000,0.00000,0.05045,0.00000
failure_stratified_engine_v5,7,5,combined_tail_stress,1152,1.00000,0.66667,0.30879,0.58222,0.33333,0.21175,0.27778
failure_stratified_engine_v5,7,5,compound_sensor_actuator_shift,1152,1.00000,0.66667,0.29819,0.50635,0.33333,0.06723,0.16667
failure_stratified_engine_v5,7,5,fixture_geometry_shift,1152,1.00000,0.00000,0.34138,0.34981,1.00000,0.04542,0.22222
failure_stratified_engine_v5,7,5,rare_mechanism_combo,1152,1.00000,0.55556,0.29776,0.59130,0.44444,0.17291,0.00000
failure_stratified_engine_v5,7,5,out_of_distribution_tail,1152,1.00000,0.50000,0.31830,0.43091,0.50000,0.10512,0.00000
oracle_failure_strata,7,5,nominal_task_balance,1152,1.00000,1.00000,0.00000,0.00000,0.00000,0.03982,0.00000
oracle_failure_strata,7,5,rare_slip_failures,1152,1.00000,0.94444,0.18655,0.12500,0.05556,0.09114,0.05556
oracle_failure_strata,7,5,jammed_fixture_failures,1152,1.00000,0.00000,0.40213,0.48476,1.00000,0.17784,1.00000
oracle_failure_strata,7,5,actuator_limit_failures,1152,1.00000,1.00000,0.01923,0.00000,0.00000,0.05439,0.00000
oracle_failure_strata,7,5,combined_tail_stress,1152,1.00000,0.66667,0.32265,0.69333,0.33333,0.23985,0.27778
oracle_failure_strata,7,5,compound_sensor_actuator_shift,1152,1.00000,0.66667,0.33745,0.75714,0.33333,0.12521,0.16667
oracle_failure_strata,7,5,fixture_geometry_shift,1152,1.00000,0.00000,0.34472,0.32846,1.00000,0.04792,0.22222
oracle_failure_strata,7,5,rare_mechanism_combo,1152,1.00000,0.55556,0.28576,0.39091,0.44444,0.11612,0.00000
oracle_failure_strata,7,5,out_of_distribution_tail,1152,1.00000,0.50000,0.32915,0.46727,0.50000,0.06266,0.00000
greedy_oracle_success_upper,7,5,nominal_task_balance,1152,1.00000,1.00000,0.00000,0.00000,0.00000,0.04923,0.00000
greedy_oracle_success_upper,7,5,rare_slip_failures,1152,1.00000,0.94444,0.14306,0.05000,0.05556,0.07931,0.05556
greedy_oracle_success_upper,7,5,jammed_fixture_failures,1152,1.00000,0.00000,0.39432,0.46476,1.00000,0.15686,1.00000
greedy_oracle_success_upper,7,5,actuator_limit_failures,1152,1.00000,1.00000,0.01923,0.00000,0.00000,0.03836,0.00000
greedy_oracle_success_upper,7,5,combined_tail_stress,1152,1.00000,0.66667,0.32292,0.69333,0.33333,0.24967,0.27778
greedy_oracle_success_upper,7,5,compound_sensor_actuator_shift,1152,1.00000,0.66667,0.33987,0.75714,0.33333,0.11069,0.16667
greedy_oracle_success_upper,7,5,fixture_geometry_shift,1152,1.00000,0.00000,0.35070,0.33778,1.00000,0.04141,0.22222
greedy_oracle_success_upper,7,5,rare_mechanism_combo,1152,1.00000,0.55556,0.28330,0.39091,0.44444,0.15463,0.00000
greedy_oracle_success_upper,7,5,out_of_distribution_tail,1152,1.00000,0.50000,0.32562,0.46727,0.50000,0.09383,0.00000
