method,seed,round,split,selected_examples,failure_coverage,robust_success,failure_macro_f1,rare_failure_recall,tail_risk,calibration_error,safety_violation_rate
random_sampling,0,0,nominal_task_balance,972,0.87500,1.00000,0.00000,0.00000,0.00000,0.01828,0.00000
random_sampling,0,0,rare_slip_failures,972,0.87500,1.00000,0.17338,0.08000,0.00000,0.08917,0.00000
random_sampling,0,0,jammed_fixture_failures,972,0.87500,0.00000,0.39736,0.45359,1.00000,0.13973,0.88889
random_sampling,0,0,actuator_limit_failures,972,0.87500,1.00000,0.00000,0.00000,0.00000,0.11157,0.00000
random_sampling,0,0,combined_tail_stress,972,0.87500,0.55556,0.36933,0.62149,0.44444,0.12673,0.27778
random_sampling,0,0,compound_sensor_actuator_shift,972,0.87500,0.72222,0.28617,0.59964,0.27778,0.11728,0.16667
random_sampling,0,0,fixture_geometry_shift,972,0.87500,0.00000,0.35044,0.55410,1.00000,0.03130,0.27778
random_sampling,0,0,rare_mechanism_combo,972,0.87500,0.22222,0.35436,0.39048,0.77778,0.10968,0.00000
random_sampling,0,0,out_of_distribution_tail,972,0.87500,0.27778,0.34733,0.43636,0.72222,0.13720,0.00000
random_sampling,0,1,nominal_task_balance,1008,0.87500,1.00000,0.00000,0.00000,0.00000,0.01896,0.00000
random_sampling,0,1,rare_slip_failures,1008,0.87500,1.00000,0.17338,0.08000,0.00000,0.08106,0.00000
random_sampling,0,1,jammed_fixture_failures,1008,0.87500,0.00000,0.39143,0.43686,1.00000,0.14456,0.88889
random_sampling,0,1,actuator_limit_failures,1008,0.87500,1.00000,0.00000,0.00000,0.00000,0.11173,0.00000
random_sampling,0,1,combined_tail_stress,1008,0.87500,0.55556,0.36480,0.62149,0.44444,0.11395,0.27778
random_sampling,0,1,compound_sensor_actuator_shift,1008,0.87500,0.72222,0.28580,0.58714,0.27778,0.11887,0.16667
random_sampling,0,1,fixture_geometry_shift,1008,0.87500,0.00000,0.35163,0.55923,1.00000,0.03302,0.27778
random_sampling,0,1,rare_mechanism_combo,1008,0.87500,0.22222,0.35697,0.38095,0.77778,0.10157,0.00000
random_sampling,0,1,out_of_distribution_tail,1008,0.87500,0.27778,0.34071,0.41818,0.72222,0.15479,0.00000
random_sampling,0,2,nominal_task_balance,1044,0.87500,1.00000,0.00000,0.00000,0.00000,0.01840,0.00000
random_sampling,0,2,rare_slip_failures,1044,0.87500,1.00000,0.17976,0.08000,0.00000,0.08196,0.00000
random_sampling,0,2,jammed_fixture_failures,1044,0.87500,0.00000,0.38976,0.42501,1.00000,0.14005,0.88889
random_sampling,0,2,actuator_limit_failures,1044,0.87500,1.00000,0.00000,0.00000,0.00000,0.10997,0.00000
random_sampling,0,2,combined_tail_stress,1044,0.87500,0.55556,0.36656,0.61925,0.44444,0.11397,0.27778
random_sampling,0,2,compound_sensor_actuator_shift,1044,0.87500,0.72222,0.28987,0.61286,0.27778,0.13294,0.16667
random_sampling,0,2,fixture_geometry_shift,1044,0.87500,0.00000,0.35173,0.55410,1.00000,0.03186,0.27778
random_sampling,0,2,rare_mechanism_combo,1044,0.87500,0.22222,0.35640,0.39048,0.77778,0.10606,0.00000
random_sampling,0,2,out_of_distribution_tail,1044,0.87500,0.27778,0.34270,0.41818,0.72222,0.15237,0.00000
random_sampling,0,3,nominal_task_balance,1080,0.87500,1.00000,0.00000,0.00000,0.00000,0.01888,0.00000
random_sampling,0,3,rare_slip_failures,1080,0.87500,1.00000,0.17768,0.08000,0.00000,0.07916,0.00000
random_sampling,0,3,jammed_fixture_failures,1080,0.87500,0.00000,0.39018,0.42257,1.00000,0.14717,0.88889
random_sampling,0,3,actuator_limit_failures,1080,0.87500,1.00000,0.00000,0.00000,0.00000,0.10848,0.00000
random_sampling,0,3,combined_tail_stress,1080,0.87500,0.55556,0.36240,0.60973,0.44444,0.11449,0.27778
random_sampling,0,3,compound_sensor_actuator_shift,1080,0.87500,0.72222,0.28543,0.61286,0.27778,0.14532,0.16667
random_sampling,0,3,fixture_geometry_shift,1080,0.87500,0.00000,0.35173,0.55410,1.00000,0.03676,0.27778
random_sampling,0,3,rare_mechanism_combo,1080,0.87500,0.22222,0.35515,0.39048,0.77778,0.10135,0.00000
random_sampling,0,3,out_of_distribution_tail,1080,0.87500,0.27778,0.34443,0.41818,0.72222,0.15246,0.00000
random_sampling,0,4,nominal_task_balance,1116,0.87500,1.00000,0.00000,0.00000,0.00000,0.01935,0.00000
random_sampling,0,4,rare_slip_failures,1116,0.87500,1.00000,0.16429,0.04000,0.00000,0.08683,0.00000
random_sampling,0,4,jammed_fixture_failures,1116,0.87500,0.00000,0.39010,0.42257,1.00000,0.14749,0.88889
random_sampling,0,4,actuator_limit_failures,1116,0.87500,1.00000,0.00000,0.00000,0.00000,0.11018,0.00000
random_sampling,0,4,combined_tail_stress,1116,0.87500,0.55556,0.36627,0.63326,0.44444,0.11960,0.27778
random_sampling,0,4,compound_sensor_actuator_shift,1116,0.87500,0.72222,0.28946,0.63107,0.27778,0.14360,0.16667
random_sampling,0,4,fixture_geometry_shift,1116,0.87500,0.00000,0.35202,0.55923,1.00000,0.04413,0.27778
random_sampling,0,4,rare_mechanism_combo,1116,0.87500,0.22222,0.36969,0.45714,0.77778,0.11596,0.00000
random_sampling,0,4,out_of_distribution_tail,1116,0.87500,0.27778,0.35381,0.43636,0.72222,0.15828,0.00000
random_sampling,0,5,nominal_task_balance,1152,0.87500,1.00000,0.00000,0.00000,0.00000,0.02345,0.00000
random_sampling,0,5,rare_slip_failures,1152,0.87500,1.00000,0.16154,0.04000,0.00000,0.08750,0.00000
random_sampling,0,5,jammed_fixture_failures,1152,0.87500,0.00000,0.39547,0.43686,1.00000,0.14660,0.88889
random_sampling,0,5,actuator_limit_failures,1152,0.87500,1.00000,0.00000,0.00000,0.00000,0.10969,0.00000
random_sampling,0,5,combined_tail_stress,1152,0.87500,0.55556,0.36735,0.64502,0.44444,0.11380,0.27778
random_sampling,0,5,compound_sensor_actuator_shift,1152,0.87500,0.72222,0.28802,0.63679,0.27778,0.16530,0.16667
random_sampling,0,5,fixture_geometry_shift,1152,0.87500,0.00000,0.35314,0.56423,1.00000,0.04194,0.27778
random_sampling,0,5,rare_mechanism_combo,1152,0.87500,0.22222,0.36731,0.45714,0.77778,0.11616,0.00000
random_sampling,0,5,out_of_distribution_tail,1152,0.87500,0.27778,0.35587,0.43636,0.72222,0.16087,0.00000
task_label_stratification,0,0,nominal_task_balance,972,0.87500,1.00000,0.00000,0.00000,0.00000,0.01828,0.00000
task_label_stratification,0,0,rare_slip_failures,972,0.87500,1.00000,0.17338,0.08000,0.00000,0.08917,0.00000
task_label_stratification,0,0,jammed_fixture_failures,972,0.87500,0.00000,0.39736,0.45359,1.00000,0.13973,0.88889
task_label_stratification,0,0,actuator_limit_failures,972,0.87500,1.00000,0.00000,0.00000,0.00000,0.11157,0.00000
task_label_stratification,0,0,combined_tail_stress,972,0.87500,0.55556,0.36933,0.62149,0.44444,0.12673,0.27778
task_label_stratification,0,0,compound_sensor_actuator_shift,972,0.87500,0.72222,0.28617,0.59964,0.27778,0.11728,0.16667
task_label_stratification,0,0,fixture_geometry_shift,972,0.87500,0.00000,0.35044,0.55410,1.00000,0.03130,0.27778
task_label_stratification,0,0,rare_mechanism_combo,972,0.87500,0.22222,0.35436,0.39048,0.77778,0.10968,0.00000
task_label_stratification,0,0,out_of_distribution_tail,972,0.87500,0.27778,0.34733,0.43636,0.72222,0.13720,0.00000
task_label_stratification,0,1,nominal_task_balance,1008,0.87500,1.00000,0.00000,0.00000,0.00000,0.02305,0.00000
task_label_stratification,0,1,rare_slip_failures,1008,0.87500,1.00000,0.16958,0.08000,0.00000,0.08074,0.00000
task_label_stratification,0,1,jammed_fixture_failures,1008,0.87500,0.00000,0.39457,0.43930,1.00000,0.13806,0.88889
task_label_stratification,0,1,actuator_limit_failures,1008,0.87500,1.00000,0.00000,0.00000,0.00000,0.10427,0.00000
task_label_stratification,0,1,combined_tail_stress,1008,0.87500,0.55556,0.36598,0.59796,0.44444,0.11220,0.27778
task_label_stratification,0,1,compound_sensor_actuator_shift,1008,0.87500,0.72222,0.28977,0.59964,0.27778,0.13483,0.16667
task_label_stratification,0,1,fixture_geometry_shift,1008,0.87500,0.00000,0.35104,0.55923,1.00000,0.03281,0.27778
task_label_stratification,0,1,rare_mechanism_combo,1008,0.87500,0.22222,0.35213,0.39048,0.77778,0.11333,0.00000
task_label_stratification,0,1,out_of_distribution_tail,1008,0.87500,0.27778,0.34494,0.43636,0.72222,0.14244,0.00000
task_label_stratification,0,2,nominal_task_balance,1044,0.87500,1.00000,0.00000,0.00000,0.00000,0.01838,0.00000
task_label_stratification,0,2,rare_slip_failures,1044,0.87500,1.00000,0.17411,0.08000,0.00000,0.09690,0.00000
task_label_stratification,0,2,jammed_fixture_failures,1044,0.87500,0.00000,0.38551,0.42257,1.00000,0.13572,0.88889
task_label_stratification,0,2,actuator_limit_failures,1044,0.87500,1.00000,0.00000,0.00000,0.00000,0.10360,0.00000
task_label_stratification,0,2,combined_tail_stress,1044,0.87500,0.55556,0.36634,0.63326,0.44444,0.10979,0.27778
task_label_stratification,0,2,compound_sensor_actuator_shift,1044,0.87500,0.72222,0.29266,0.63786,0.27778,0.13454,0.16667
task_label_stratification,0,2,fixture_geometry_shift,1044,0.87500,0.00000,0.35113,0.55910,1.00000,0.03071,0.27778
task_label_stratification,0,2,rare_mechanism_combo,1044,0.87500,0.22222,0.35505,0.39048,0.77778,0.12384,0.00000
task_label_stratification,0,2,out_of_distribution_tail,1044,0.87500,0.27778,0.35440,0.43636,0.72222,0.13569,0.00000
task_label_stratification,0,3,nominal_task_balance,1080,0.87500,1.00000,0.00000,0.00000,0.00000,0.01781,0.00000
task_label_stratification,0,3,rare_slip_failures,1080,0.87500,1.00000,0.18032,0.08000,0.00000,0.07431,0.00000
task_label_stratification,0,3,jammed_fixture_failures,1080,0.87500,0.00000,0.39003,0.44174,1.00000,0.13750,0.88889
task_label_stratification,0,3,actuator_limit_failures,1080,0.87500,1.00000,0.00000,0.00000,0.00000,0.10984,0.00000
task_label_stratification,0,3,combined_tail_stress,1080,0.87500,0.55556,0.36649,0.63326,0.44444,0.12039,0.27778
task_label_stratification,0,3,compound_sensor_actuator_shift,1080,0.87500,0.72222,0.28867,0.61214,0.27778,0.14578,0.16667
task_label_stratification,0,3,fixture_geometry_shift,1080,0.87500,0.00000,0.34930,0.55910,1.00000,0.03054,0.27778
task_label_stratification,0,3,rare_mechanism_combo,1080,0.87500,0.22222,0.35594,0.39048,0.77778,0.10192,0.00000
task_label_stratification,0,3,out_of_distribution_tail,1080,0.87500,0.27778,0.35489,0.45455,0.72222,0.12940,0.00000
task_label_stratification,0,4,nominal_task_balance,1116,0.87500,1.00000,0.00000,0.00000,0.00000,0.02140,0.00000
task_label_stratification,0,4,rare_slip_failures,1116,0.87500,1.00000,0.15588,0.04000,0.00000,0.09865,0.00000
task_label_stratification,0,4,jammed_fixture_failures,1116,0.87500,0.00000,0.39725,0.47275,1.00000,0.13624,0.88889
task_label_stratification,0,4,actuator_limit_failures,1116,0.87500,1.00000,0.00000,0.00000,0.00000,0.10774,0.00000
task_label_stratification,0,4,combined_tail_stress,1116,0.87500,0.55556,0.36567,0.63326,0.44444,0.11527,0.27778
task_label_stratification,0,4,compound_sensor_actuator_shift,1116,0.87500,0.72222,0.28719,0.63214,0.27778,0.13620,0.16667
task_label_stratification,0,4,fixture_geometry_shift,1116,0.87500,0.00000,0.35160,0.56410,1.00000,0.03049,0.27778
task_label_stratification,0,4,rare_mechanism_combo,1116,0.87500,0.22222,0.35594,0.39048,0.77778,0.11253,0.00000
task_label_stratification,0,4,out_of_distribution_tail,1116,0.87500,0.27778,0.35748,0.45455,0.72222,0.14475,0.00000
task_label_stratification,0,5,nominal_task_balance,1152,0.87500,1.00000,0.00000,0.00000,0.00000,0.02014,0.00000
task_label_stratification,0,5,rare_slip_failures,1152,0.87500,1.00000,0.16802,0.04000,0.00000,0.10370,0.00000
task_label_stratification,0,5,jammed_fixture_failures,1152,0.87500,0.00000,0.40238,0.49888,1.00000,0.13401,0.88889
task_label_stratification,0,5,actuator_limit_failures,1152,0.87500,1.00000,0.00000,0.00000,0.00000,0.11479,0.00000
task_label_stratification,0,5,combined_tail_stress,1152,0.87500,0.55556,0.36463,0.63326,0.44444,0.11936,0.27778
task_label_stratification,0,5,compound_sensor_actuator_shift,1152,0.87500,0.72222,0.29062,0.63214,0.27778,0.12697,0.16667
task_label_stratification,0,5,fixture_geometry_shift,1152,0.87500,0.00000,0.35256,0.56923,1.00000,0.03080,0.27778
task_label_stratification,0,5,rare_mechanism_combo,1152,0.87500,0.22222,0.35557,0.39048,0.77778,0.10198,0.00000
task_label_stratification,0,5,out_of_distribution_tail,1152,0.87500,0.27778,0.35255,0.43636,0.72222,0.14567,0.00000
state_diversity_coreset,0,0,nominal_task_balance,972,0.87500,1.00000,0.00000,0.00000,0.00000,0.01828,0.00000
state_diversity_coreset,0,0,rare_slip_failures,972,0.87500,1.00000,0.17338,0.08000,0.00000,0.08917,0.00000
state_diversity_coreset,0,0,jammed_fixture_failures,972,0.87500,0.00000,0.39736,0.45359,1.00000,0.13973,0.88889
state_diversity_coreset,0,0,actuator_limit_failures,972,0.87500,1.00000,0.00000,0.00000,0.00000,0.11157,0.00000
state_diversity_coreset,0,0,combined_tail_stress,972,0.87500,0.55556,0.36933,0.62149,0.44444,0.12673,0.27778
state_diversity_coreset,0,0,compound_sensor_actuator_shift,972,0.87500,0.72222,0.28617,0.59964,0.27778,0.11728,0.16667
state_diversity_coreset,0,0,fixture_geometry_shift,972,0.87500,0.00000,0.35044,0.55410,1.00000,0.03130,0.27778
state_diversity_coreset,0,0,rare_mechanism_combo,972,0.87500,0.22222,0.35436,0.39048,0.77778,0.10968,0.00000
state_diversity_coreset,0,0,out_of_distribution_tail,972,0.87500,0.27778,0.34733,0.43636,0.72222,0.13720,0.00000
state_diversity_coreset,0,1,nominal_task_balance,1008,1.00000,1.00000,0.00000,0.00000,0.00000,0.02106,0.00000
state_diversity_coreset,0,1,rare_slip_failures,1008,1.00000,1.00000,0.16369,0.04000,0.00000,0.08306,0.00000
state_diversity_coreset,0,1,jammed_fixture_failures,1008,1.00000,0.00000,0.39736,0.45359,1.00000,0.13902,0.88889
state_diversity_coreset,0,1,actuator_limit_failures,1008,1.00000,1.00000,0.00000,0.00000,0.00000,0.11316,0.00000
state_diversity_coreset,0,1,combined_tail_stress,1008,1.00000,0.55556,0.36197,0.63326,0.44444,0.13550,0.27778
state_diversity_coreset,0,1,compound_sensor_actuator_shift,1008,1.00000,0.72222,0.28354,0.61857,0.27778,0.10147,0.16667
state_diversity_coreset,0,1,fixture_geometry_shift,1008,1.00000,0.00000,0.35217,0.55910,1.00000,0.03119,0.27778
state_diversity_coreset,0,1,rare_mechanism_combo,1008,1.00000,0.22222,0.35149,0.39048,0.77778,0.09742,0.00000
state_diversity_coreset,0,1,out_of_distribution_tail,1008,1.00000,0.27778,0.33922,0.43636,0.72222,0.13602,0.00000
state_diversity_coreset,0,2,nominal_task_balance,1044,1.00000,1.00000,0.00000,0.00000,0.00000,0.02570,0.00000
state_diversity_coreset,0,2,rare_slip_failures,1044,1.00000,1.00000,0.16817,0.04000,0.00000,0.08096,0.00000
state_diversity_coreset,0,2,jammed_fixture_failures,1044,1.00000,0.00000,0.40030,0.49644,1.00000,0.14245,0.88889
state_diversity_coreset,0,2,actuator_limit_failures,1044,1.00000,1.00000,0.00000,0.00000,0.00000,0.11711,0.00000
state_diversity_coreset,0,2,combined_tail_stress,1044,1.00000,0.55556,0.36326,0.64502,0.44444,0.12261,0.27778
state_diversity_coreset,0,2,compound_sensor_actuator_shift,1044,1.00000,0.72222,0.28695,0.68179,0.27778,0.11952,0.16667
state_diversity_coreset,0,2,fixture_geometry_shift,1044,1.00000,0.00000,0.34974,0.55385,1.00000,0.03848,0.27778
state_diversity_coreset,0,2,rare_mechanism_combo,1044,1.00000,0.22222,0.35458,0.39048,0.77778,0.10049,0.00000
state_diversity_coreset,0,2,out_of_distribution_tail,1044,1.00000,0.27778,0.33825,0.43636,0.72222,0.14464,0.00000
state_diversity_coreset,0,3,nominal_task_balance,1080,1.00000,1.00000,0.00000,0.00000,0.00000,0.02151,0.00000
state_diversity_coreset,0,3,rare_slip_failures,1080,1.00000,1.00000,0.17196,0.04000,0.00000,0.10368,0.00000
state_diversity_coreset,0,3,jammed_fixture_failures,1080,1.00000,0.00000,0.39869,0.51599,1.00000,0.14281,0.88889
state_diversity_coreset,0,3,actuator_limit_failures,1080,1.00000,1.00000,0.00000,0.00000,0.00000,0.12589,0.00000
state_diversity_coreset,0,3,combined_tail_stress,1080,1.00000,0.55556,0.36142,0.64502,0.44444,0.12046,0.27778
state_diversity_coreset,0,3,compound_sensor_actuator_shift,1080,1.00000,0.72222,0.28285,0.62750,0.27778,0.10369,0.16667
state_diversity_coreset,0,3,fixture_geometry_shift,1080,1.00000,0.00000,0.35017,0.55897,1.00000,0.04100,0.27778
state_diversity_coreset,0,3,rare_mechanism_combo,1080,1.00000,0.22222,0.35412,0.36190,0.77778,0.12324,0.00000
state_diversity_coreset,0,3,out_of_distribution_tail,1080,1.00000,0.27778,0.34250,0.45455,0.72222,0.16403,0.00000
state_diversity_coreset,0,4,nominal_task_balance,1116,1.00000,1.00000,0.00000,0.00000,0.00000,0.02289,0.00000
state_diversity_coreset,0,4,rare_slip_failures,1116,1.00000,1.00000,0.16999,0.04000,0.00000,0.09772,0.00000
state_diversity_coreset,0,4,jammed_fixture_failures,1116,1.00000,0.00000,0.39719,0.51073,1.00000,0.14325,0.88889
state_diversity_coreset,0,4,actuator_limit_failures,1116,1.00000,1.00000,0.00000,0.00000,0.00000,0.12466,0.00000
state_diversity_coreset,0,4,combined_tail_stress,1116,1.00000,0.55556,0.35537,0.65455,0.44444,0.11397,0.27778
state_diversity_coreset,0,4,compound_sensor_actuator_shift,1116,1.00000,0.72222,0.29304,0.66929,0.27778,0.13500,0.16667
state_diversity_coreset,0,4,fixture_geometry_shift,1116,1.00000,0.00000,0.34945,0.55897,1.00000,0.04219,0.27778
state_diversity_coreset,0,4,rare_mechanism_combo,1116,1.00000,0.22222,0.35358,0.37143,0.77778,0.14323,0.00000
state_diversity_coreset,0,4,out_of_distribution_tail,1116,1.00000,0.27778,0.34393,0.45455,0.72222,0.16475,0.00000
state_diversity_coreset,0,5,nominal_task_balance,1152,1.00000,1.00000,0.00000,0.00000,0.00000,0.02530,0.00000
state_diversity_coreset,0,5,rare_slip_failures,1152,1.00000,1.00000,0.17390,0.04000,0.00000,0.10063,0.00000
state_diversity_coreset,0,5,jammed_fixture_failures,1152,1.00000,0.00000,0.39497,0.50829,1.00000,0.15285,0.88889
state_diversity_coreset,0,5,actuator_limit_failures,1152,1.00000,1.00000,0.00000,0.00000,0.00000,0.12732,0.00000
state_diversity_coreset,0,5,combined_tail_stress,1152,1.00000,0.55556,0.35547,0.65455,0.44444,0.10510,0.27778
state_diversity_coreset,0,5,compound_sensor_actuator_shift,1152,1.00000,0.72222,0.29696,0.69500,0.27778,0.11867,0.16667
state_diversity_coreset,0,5,fixture_geometry_shift,1152,1.00000,0.00000,0.34957,0.55897,1.00000,0.05590,0.27778
state_diversity_coreset,0,5,rare_mechanism_combo,1152,1.00000,0.22222,0.35866,0.38095,0.77778,0.16421,0.00000
state_diversity_coreset,0,5,out_of_distribution_tail,1152,1.00000,0.27778,0.34206,0.43636,0.72222,0.16962,0.00000
uncertainty_sampling,0,0,nominal_task_balance,972,0.87500,1.00000,0.00000,0.00000,0.00000,0.01828,0.00000
uncertainty_sampling,0,0,rare_slip_failures,972,0.87500,1.00000,0.17338,0.08000,0.00000,0.08917,0.00000
uncertainty_sampling,0,0,jammed_fixture_failures,972,0.87500,0.00000,0.39736,0.45359,1.00000,0.13973,0.88889
uncertainty_sampling,0,0,actuator_limit_failures,972,0.87500,1.00000,0.00000,0.00000,0.00000,0.11157,0.00000
uncertainty_sampling,0,0,combined_tail_stress,972,0.87500,0.55556,0.36933,0.62149,0.44444,0.12673,0.27778
uncertainty_sampling,0,0,compound_sensor_actuator_shift,972,0.87500,0.72222,0.28617,0.59964,0.27778,0.11728,0.16667
uncertainty_sampling,0,0,fixture_geometry_shift,972,0.87500,0.00000,0.35044,0.55410,1.00000,0.03130,0.27778
uncertainty_sampling,0,0,rare_mechanism_combo,972,0.87500,0.22222,0.35436,0.39048,0.77778,0.10968,0.00000
uncertainty_sampling,0,0,out_of_distribution_tail,972,0.87500,0.27778,0.34733,0.43636,0.72222,0.13720,0.00000
uncertainty_sampling,0,1,nominal_task_balance,1008,0.87500,1.00000,0.00000,0.00000,0.00000,0.01864,0.00000
uncertainty_sampling,0,1,rare_slip_failures,1008,0.87500,1.00000,0.17227,0.08000,0.00000,0.07254,0.00000
uncertainty_sampling,0,1,jammed_fixture_failures,1008,0.87500,0.00000,0.39896,0.45602,1.00000,0.13942,0.88889
uncertainty_sampling,0,1,actuator_limit_failures,1008,0.87500,1.00000,0.00000,0.00000,0.00000,0.10991,0.00000
uncertainty_sampling,0,1,combined_tail_stress,1008,0.87500,0.55556,0.36317,0.59796,0.44444,0.11788,0.27778
uncertainty_sampling,0,1,compound_sensor_actuator_shift,1008,0.87500,0.72222,0.28337,0.56714,0.27778,0.15126,0.16667
uncertainty_sampling,0,1,fixture_geometry_shift,1008,0.87500,0.00000,0.34996,0.55410,1.00000,0.03188,0.27778
uncertainty_sampling,0,1,rare_mechanism_combo,1008,0.87500,0.22222,0.35583,0.39048,0.77778,0.09651,0.00000
uncertainty_sampling,0,1,out_of_distribution_tail,1008,0.87500,0.27778,0.34915,0.43636,0.72222,0.13914,0.00000
uncertainty_sampling,0,2,nominal_task_balance,1044,0.87500,1.00000,0.00000,0.00000,0.00000,0.01733,0.00000
uncertainty_sampling,0,2,rare_slip_failures,1044,0.87500,1.00000,0.16320,0.04000,0.00000,0.09836,0.00000
uncertainty_sampling,0,2,jammed_fixture_failures,1044,0.87500,0.00000,0.39733,0.47557,1.00000,0.14931,0.88889
uncertainty_sampling,0,2,actuator_limit_failures,1044,0.87500,1.00000,0.00000,0.00000,0.00000,0.10105,0.00000
uncertainty_sampling,0,2,combined_tail_stress,1044,0.87500,0.55556,0.36655,0.63326,0.44444,0.12604,0.27778
uncertainty_sampling,0,2,compound_sensor_actuator_shift,1044,0.87500,0.72222,0.27627,0.56714,0.27778,0.15288,0.16667
uncertainty_sampling,0,2,fixture_geometry_shift,1044,0.87500,0.00000,0.35158,0.55910,1.00000,0.03320,0.27778
uncertainty_sampling,0,2,rare_mechanism_combo,1044,0.87500,0.22222,0.35492,0.39048,0.77778,0.09036,0.00000
uncertainty_sampling,0,2,out_of_distribution_tail,1044,0.87500,0.27778,0.34855,0.41818,0.72222,0.12501,0.00000
uncertainty_sampling,0,3,nominal_task_balance,1080,0.87500,1.00000,0.00000,0.00000,0.00000,0.01797,0.00000
uncertainty_sampling,0,3,rare_slip_failures,1080,0.87500,1.00000,0.15410,0.04000,0.00000,0.07286,0.00000
uncertainty_sampling,0,3,jammed_fixture_failures,1080,0.87500,0.00000,0.40312,0.50171,1.00000,0.14627,0.88889
uncertainty_sampling,0,3,actuator_limit_failures,1080,0.87500,1.00000,0.00000,0.00000,0.00000,0.10198,0.00000
uncertainty_sampling,0,3,combined_tail_stress,1080,0.87500,0.55556,0.36653,0.64278,0.44444,0.12779,0.27778
uncertainty_sampling,0,3,compound_sensor_actuator_shift,1080,0.87500,0.72222,0.27655,0.57393,0.27778,0.16273,0.16667
uncertainty_sampling,0,3,fixture_geometry_shift,1080,0.87500,0.00000,0.35331,0.56410,1.00000,0.03185,0.27778
uncertainty_sampling,0,3,rare_mechanism_combo,1080,0.87500,0.22222,0.35675,0.39048,0.77778,0.08589,0.00000
uncertainty_sampling,0,3,out_of_distribution_tail,1080,0.87500,0.27778,0.34340,0.41818,0.72222,0.12395,0.00000
uncertainty_sampling,0,4,nominal_task_balance,1116,0.87500,1.00000,0.00000,0.00000,0.00000,0.01715,0.00000
uncertainty_sampling,0,4,rare_slip_failures,1116,0.87500,1.00000,0.14966,0.04000,0.00000,0.10222,0.00000
uncertainty_sampling,0,4,jammed_fixture_failures,1116,0.87500,0.00000,0.40405,0.50171,1.00000,0.15561,0.88889
uncertainty_sampling,0,4,actuator_limit_failures,1116,0.87500,1.00000,0.00000,0.00000,0.00000,0.10578,0.00000
uncertainty_sampling,0,4,combined_tail_stress,1116,0.87500,0.55556,0.36053,0.63326,0.44444,0.10665,0.27778
uncertainty_sampling,0,4,compound_sensor_actuator_shift,1116,0.87500,0.72222,0.27135,0.53643,0.27778,0.12163,0.16667
uncertainty_sampling,0,4,fixture_geometry_shift,1116,0.87500,0.00000,0.35320,0.56410,1.00000,0.03223,0.27778
uncertainty_sampling,0,4,rare_mechanism_combo,1116,0.87500,0.22222,0.35524,0.39048,0.77778,0.10198,0.00000
uncertainty_sampling,0,4,out_of_distribution_tail,1116,0.87500,0.27778,0.32673,0.40000,0.72222,0.12299,0.00000
uncertainty_sampling,0,5,nominal_task_balance,1152,0.87500,1.00000,0.00000,0.00000,0.00000,0.01673,0.00000
uncertainty_sampling,0,5,rare_slip_failures,1152,0.87500,1.00000,0.16319,0.08000,0.00000,0.09425,0.00000
uncertainty_sampling,0,5,jammed_fixture_failures,1152,0.87500,0.00000,0.40462,0.48742,1.00000,0.16133,0.88889
uncertainty_sampling,0,5,actuator_limit_failures,1152,0.87500,1.00000,0.00000,0.00000,0.00000,0.09800,0.00000
uncertainty_sampling,0,5,combined_tail_stress,1152,0.87500,0.55556,0.36472,0.64278,0.44444,0.09096,0.27778
uncertainty_sampling,0,5,compound_sensor_actuator_shift,1152,0.87500,0.72222,0.26828,0.51071,0.27778,0.13073,0.16667
uncertainty_sampling,0,5,fixture_geometry_shift,1152,0.87500,0.00000,0.35377,0.57436,1.00000,0.03348,0.27778
uncertainty_sampling,0,5,rare_mechanism_combo,1152,0.87500,0.22222,0.35175,0.39048,0.77778,0.09670,0.00000
uncertainty_sampling,0,5,out_of_distribution_tail,1152,0.87500,0.27778,0.32673,0.40000,0.72222,0.13470,0.00000
failure_prediction_active_learning,0,0,nominal_task_balance,972,0.87500,1.00000,0.00000,0.00000,0.00000,0.01828,0.00000
failure_prediction_active_learning,0,0,rare_slip_failures,972,0.87500,1.00000,0.17338,0.08000,0.00000,0.08917,0.00000
failure_prediction_active_learning,0,0,jammed_fixture_failures,972,0.87500,0.00000,0.39736,0.45359,1.00000,0.13973,0.88889
failure_prediction_active_learning,0,0,actuator_limit_failures,972,0.87500,1.00000,0.00000,0.00000,0.00000,0.11157,0.00000
failure_prediction_active_learning,0,0,combined_tail_stress,972,0.87500,0.55556,0.36933,0.62149,0.44444,0.12673,0.27778
failure_prediction_active_learning,0,0,compound_sensor_actuator_shift,972,0.87500,0.72222,0.28617,0.59964,0.27778,0.11728,0.16667
failure_prediction_active_learning,0,0,fixture_geometry_shift,972,0.87500,0.00000,0.35044,0.55410,1.00000,0.03130,0.27778
failure_prediction_active_learning,0,0,rare_mechanism_combo,972,0.87500,0.22222,0.35436,0.39048,0.77778,0.10968,0.00000
failure_prediction_active_learning,0,0,out_of_distribution_tail,972,0.87500,0.27778,0.34733,0.43636,0.72222,0.13720,0.00000
failure_prediction_active_learning,0,1,nominal_task_balance,1008,0.87500,1.00000,0.00000,0.00000,0.00000,0.02045,0.00000
failure_prediction_active_learning,0,1,rare_slip_failures,1008,0.87500,1.00000,0.17923,0.08000,0.00000,0.08031,0.00000
failure_prediction_active_learning,0,1,jammed_fixture_failures,1008,0.87500,0.00000,0.38406,0.42257,1.00000,0.14557,0.88889
failure_prediction_active_learning,0,1,actuator_limit_failures,1008,0.87500,1.00000,0.00000,0.00000,0.00000,0.10809,0.00000
failure_prediction_active_learning,0,1,combined_tail_stress,1008,0.87500,0.55556,0.36398,0.59840,0.44444,0.12286,0.27778
failure_prediction_active_learning,0,1,compound_sensor_actuator_shift,1008,0.87500,0.72222,0.28295,0.61286,0.27778,0.12915,0.16667
failure_prediction_active_learning,0,1,fixture_geometry_shift,1008,0.87500,0.00000,0.35113,0.55923,1.00000,0.03242,0.27778
failure_prediction_active_learning,0,1,rare_mechanism_combo,1008,0.87500,0.22222,0.35326,0.37143,0.77778,0.10627,0.00000
failure_prediction_active_learning,0,1,out_of_distribution_tail,1008,0.87500,0.27778,0.34358,0.41818,0.72222,0.15252,0.00000
failure_prediction_active_learning,0,2,nominal_task_balance,1044,0.87500,1.00000,0.00000,0.00000,0.00000,0.00912,0.00000
failure_prediction_active_learning,0,2,rare_slip_failures,1044,0.87500,1.00000,0.13381,0.04000,0.00000,0.07863,0.00000
failure_prediction_active_learning,0,2,jammed_fixture_failures,1044,0.87500,0.00000,0.38114,0.40829,1.00000,0.15472,0.88889
failure_prediction_active_learning,0,2,actuator_limit_failures,1044,0.87500,1.00000,0.00000,0.00000,0.00000,0.09869,0.00000
failure_prediction_active_learning,0,2,combined_tail_stress,1044,0.87500,0.55556,0.36061,0.58887,0.44444,0.10376,0.27778
failure_prediction_active_learning,0,2,compound_sensor_actuator_shift,1044,0.87500,0.72222,0.28445,0.61857,0.27778,0.14591,0.16667
failure_prediction_active_learning,0,2,fixture_geometry_shift,1044,0.87500,0.00000,0.35060,0.56436,1.00000,0.03913,0.27778
failure_prediction_active_learning,0,2,rare_mechanism_combo,1044,0.87500,0.22222,0.35164,0.36190,0.77778,0.11892,0.00000
failure_prediction_active_learning,0,2,out_of_distribution_tail,1044,0.87500,0.27778,0.34522,0.41818,0.72222,0.16171,0.00000
failure_prediction_active_learning,0,3,nominal_task_balance,1080,0.87500,1.00000,0.00000,0.00000,0.00000,0.00734,0.00000
failure_prediction_active_learning,0,3,rare_slip_failures,1080,0.87500,1.00000,0.15694,0.04000,0.00000,0.08326,0.00000
failure_prediction_active_learning,0,3,jammed_fixture_failures,1080,0.87500,0.00000,0.37695,0.39400,1.00000,0.15996,0.88889
failure_prediction_active_learning,0,3,actuator_limit_failures,1080,0.87500,1.00000,0.00000,0.00000,0.00000,0.09297,0.00000
failure_prediction_active_learning,0,3,combined_tail_stress,1080,0.87500,0.55556,0.35810,0.58887,0.44444,0.09281,0.27778
failure_prediction_active_learning,0,3,compound_sensor_actuator_shift,1080,0.87500,0.72222,0.27238,0.58036,0.27778,0.13294,0.16667
failure_prediction_active_learning,0,3,fixture_geometry_shift,1080,0.87500,0.00000,0.35049,0.55410,1.00000,0.04575,0.27778
failure_prediction_active_learning,0,3,rare_mechanism_combo,1080,0.87500,0.22222,0.35447,0.37143,0.77778,0.11981,0.00000
failure_prediction_active_learning,0,3,out_of_distribution_tail,1080,0.87500,0.27778,0.34821,0.41818,0.72222,0.17106,0.00000
failure_prediction_active_learning,0,4,nominal_task_balance,1116,0.87500,1.00000,0.00000,0.00000,0.00000,0.00849,0.00000
failure_prediction_active_learning,0,4,rare_slip_failures,1116,0.87500,1.00000,0.10892,0.04000,0.00000,0.08127,0.00000
failure_prediction_active_learning,0,4,jammed_fixture_failures,1116,0.87500,0.00000,0.37660,0.39156,1.00000,0.16319,0.88889
failure_prediction_active_learning,0,4,actuator_limit_failures,1116,0.87500,1.00000,0.00000,0.00000,0.00000,0.08884,0.00000
failure_prediction_active_learning,0,4,combined_tail_stress,1116,0.87500,0.55556,0.35789,0.58887,0.44444,0.10741,0.27778
failure_prediction_active_learning,0,4,compound_sensor_actuator_shift,1116,0.87500,0.72222,0.27067,0.56607,0.27778,0.12641,0.16667
failure_prediction_active_learning,0,4,fixture_geometry_shift,1116,0.87500,0.00000,0.34944,0.54897,1.00000,0.04596,0.27778
failure_prediction_active_learning,0,4,rare_mechanism_combo,1116,0.87500,0.22222,0.35765,0.37143,0.77778,0.12763,0.00000
failure_prediction_active_learning,0,4,out_of_distribution_tail,1116,0.87500,0.27778,0.32835,0.40000,0.72222,0.18204,0.00000
failure_prediction_active_learning,0,5,nominal_task_balance,1152,0.87500,1.00000,0.00000,0.00000,0.00000,0.00979,0.00000
failure_prediction_active_learning,0,5,rare_slip_failures,1152,0.87500,1.00000,0.11490,0.04000,0.00000,0.07120,0.00000
failure_prediction_active_learning,0,5,jammed_fixture_failures,1152,0.87500,0.00000,0.37750,0.39683,1.00000,0.17000,0.88889
failure_prediction_active_learning,0,5,actuator_limit_failures,1152,0.87500,1.00000,0.00000,0.00000,0.00000,0.08571,0.00000
failure_prediction_active_learning,0,5,combined_tail_stress,1152,0.87500,0.55556,0.35795,0.57711,0.44444,0.07908,0.27778
failure_prediction_active_learning,0,5,compound_sensor_actuator_shift,1152,0.87500,0.72222,0.27343,0.59357,0.27778,0.10635,0.16667
failure_prediction_active_learning,0,5,fixture_geometry_shift,1152,0.87500,0.00000,0.35032,0.54385,1.00000,0.05156,0.27778
failure_prediction_active_learning,0,5,rare_mechanism_combo,1152,0.87500,0.22222,0.35564,0.37143,0.77778,0.14248,0.00000
failure_prediction_active_learning,0,5,out_of_distribution_tail,1152,0.87500,0.27778,0.32908,0.40000,0.72222,0.19365,0.00000
calibrated_failure_risk,0,0,nominal_task_balance,972,0.87500,1.00000,0.00000,0.00000,0.00000,0.01828,0.00000
calibrated_failure_risk,0,0,rare_slip_failures,972,0.87500,1.00000,0.17338,0.08000,0.00000,0.08917,0.00000
calibrated_failure_risk,0,0,jammed_fixture_failures,972,0.87500,0.00000,0.39736,0.45359,1.00000,0.13973,0.88889
calibrated_failure_risk,0,0,actuator_limit_failures,972,0.87500,1.00000,0.00000,0.00000,0.00000,0.11157,0.00000
calibrated_failure_risk,0,0,combined_tail_stress,972,0.87500,0.55556,0.36933,0.62149,0.44444,0.12673,0.27778
calibrated_failure_risk,0,0,compound_sensor_actuator_shift,972,0.87500,0.72222,0.28617,0.59964,0.27778,0.11728,0.16667
calibrated_failure_risk,0,0,fixture_geometry_shift,972,0.87500,0.00000,0.35044,0.55410,1.00000,0.03130,0.27778
calibrated_failure_risk,0,0,rare_mechanism_combo,972,0.87500,0.22222,0.35436,0.39048,0.77778,0.10968,0.00000
calibrated_failure_risk,0,0,out_of_distribution_tail,972,0.87500,0.27778,0.34733,0.43636,0.72222,0.13720,0.00000
calibrated_failure_risk,0,1,nominal_task_balance,1008,0.87500,1.00000,0.00000,0.00000,0.00000,0.02149,0.00000
calibrated_failure_risk,0,1,rare_slip_failures,1008,0.87500,1.00000,0.15388,0.04000,0.00000,0.07623,0.00000
calibrated_failure_risk,0,1,jammed_fixture_failures,1008,0.87500,0.00000,0.39960,0.45602,1.00000,0.14604,0.88889
calibrated_failure_risk,0,1,actuator_limit_failures,1008,0.87500,1.00000,0.00000,0.00000,0.00000,0.10919,0.00000
calibrated_failure_risk,0,1,combined_tail_stress,1008,0.87500,0.55556,0.37110,0.63102,0.44444,0.12398,0.27778
calibrated_failure_risk,0,1,compound_sensor_actuator_shift,1008,0.87500,0.72222,0.29107,0.61964,0.27778,0.12526,0.16667
calibrated_failure_risk,0,1,fixture_geometry_shift,1008,0.87500,0.00000,0.34996,0.55923,1.00000,0.03294,0.27778
calibrated_failure_risk,0,1,rare_mechanism_combo,1008,0.87500,0.22222,0.35356,0.39048,0.77778,0.11143,0.00000
calibrated_failure_risk,0,1,out_of_distribution_tail,1008,0.87500,0.27778,0.34548,0.41818,0.72222,0.15935,0.00000
calibrated_failure_risk,0,2,nominal_task_balance,1044,0.87500,1.00000,0.00000,0.00000,0.00000,0.02351,0.00000
calibrated_failure_risk,0,2,rare_slip_failures,1044,0.87500,1.00000,0.14668,0.04000,0.00000,0.07158,0.00000
calibrated_failure_risk,0,2,jammed_fixture_failures,1044,0.87500,0.00000,0.39406,0.43686,1.00000,0.15128,0.88889
calibrated_failure_risk,0,2,actuator_limit_failures,1044,0.87500,1.00000,0.00000,0.00000,0.00000,0.10362,0.00000
calibrated_failure_risk,0,2,combined_tail_stress,1044,0.87500,0.55556,0.36483,0.61016,0.44444,0.12059,0.27778
calibrated_failure_risk,0,2,compound_sensor_actuator_shift,1044,0.87500,0.72222,0.28952,0.61286,0.27778,0.14410,0.16667
calibrated_failure_risk,0,2,fixture_geometry_shift,1044,0.87500,0.00000,0.35164,0.55923,1.00000,0.03399,0.27778
calibrated_failure_risk,0,2,rare_mechanism_combo,1044,0.87500,0.22222,0.35200,0.36190,0.77778,0.11982,0.00000
calibrated_failure_risk,0,2,out_of_distribution_tail,1044,0.87500,0.27778,0.35153,0.41818,0.72222,0.15848,0.00000
calibrated_failure_risk,0,3,nominal_task_balance,1080,0.87500,1.00000,0.00000,0.00000,0.00000,0.00724,0.00000
calibrated_failure_risk,0,3,rare_slip_failures,1080,0.87500,1.00000,0.13661,0.04000,0.00000,0.08255,0.00000
calibrated_failure_risk,0,3,jammed_fixture_failures,1080,0.87500,0.00000,0.37738,0.40829,1.00000,0.16243,0.88889
calibrated_failure_risk,0,3,actuator_limit_failures,1080,0.87500,1.00000,0.00000,0.00000,0.00000,0.09325,0.00000
calibrated_failure_risk,0,3,combined_tail_stress,1080,0.87500,0.55556,0.36125,0.58887,0.44444,0.09254,0.27778
calibrated_failure_risk,0,3,compound_sensor_actuator_shift,1080,0.87500,0.72222,0.28614,0.60036,0.27778,0.12803,0.16667
calibrated_failure_risk,0,3,fixture_geometry_shift,1080,0.87500,0.00000,0.35021,0.56436,1.00000,0.04580,0.27778
calibrated_failure_risk,0,3,rare_mechanism_combo,1080,0.87500,0.22222,0.35487,0.36190,0.77778,0.11877,0.00000
calibrated_failure_risk,0,3,out_of_distribution_tail,1080,0.87500,0.27778,0.33168,0.40000,0.72222,0.16690,0.00000
calibrated_failure_risk,0,4,nominal_task_balance,1116,0.87500,1.00000,0.00000,0.00000,0.00000,0.00833,0.00000
calibrated_failure_risk,0,4,rare_slip_failures,1116,0.87500,1.00000,0.12596,0.04000,0.00000,0.08082,0.00000
calibrated_failure_risk,0,4,jammed_fixture_failures,1116,0.87500,0.00000,0.37330,0.39400,1.00000,0.16588,0.88889
calibrated_failure_risk,0,4,actuator_limit_failures,1116,0.87500,1.00000,0.00000,0.00000,0.00000,0.08935,0.00000
calibrated_failure_risk,0,4,combined_tail_stress,1116,0.87500,0.55556,0.35771,0.57978,0.44444,0.10702,0.27778
calibrated_failure_risk,0,4,compound_sensor_actuator_shift,1116,0.87500,0.72222,0.27363,0.60036,0.27778,0.12629,0.16667
calibrated_failure_risk,0,4,fixture_geometry_shift,1116,0.87500,0.00000,0.35098,0.55410,1.00000,0.04637,0.27778
calibrated_failure_risk,0,4,rare_mechanism_combo,1116,0.87500,0.22222,0.35807,0.37143,0.77778,0.12721,0.00000
calibrated_failure_risk,0,4,out_of_distribution_tail,1116,0.87500,0.27778,0.35039,0.41818,0.72222,0.17766,0.00000
calibrated_failure_risk,0,5,nominal_task_balance,1152,0.87500,1.00000,0.00000,0.00000,0.00000,0.00971,0.00000
calibrated_failure_risk,0,5,rare_slip_failures,1152,0.87500,1.00000,0.12059,0.04000,0.00000,0.07089,0.00000
calibrated_failure_risk,0,5,jammed_fixture_failures,1152,0.87500,0.00000,0.37718,0.39156,1.00000,0.17239,0.88889
calibrated_failure_risk,0,5,actuator_limit_failures,1152,0.87500,1.00000,0.00000,0.00000,0.00000,0.08544,0.00000
calibrated_failure_risk,0,5,combined_tail_stress,1152,0.87500,0.55556,0.36564,0.58887,0.44444,0.07858,0.27778
calibrated_failure_risk,0,5,compound_sensor_actuator_shift,1152,0.87500,0.72222,0.26778,0.58036,0.27778,0.11279,0.16667
calibrated_failure_risk,0,5,fixture_geometry_shift,1152,0.87500,0.00000,0.35243,0.55397,1.00000,0.05268,0.27778
calibrated_failure_risk,0,5,rare_mechanism_combo,1152,0.87500,0.22222,0.35839,0.37143,0.77778,0.14244,0.00000
calibrated_failure_risk,0,5,out_of_distribution_tail,1152,0.87500,0.27778,0.33026,0.40000,0.72222,0.18953,0.00000
tail_risk_active_learning,0,0,nominal_task_balance,972,0.87500,1.00000,0.00000,0.00000,0.00000,0.01828,0.00000
tail_risk_active_learning,0,0,rare_slip_failures,972,0.87500,1.00000,0.17338,0.08000,0.00000,0.08917,0.00000
tail_risk_active_learning,0,0,jammed_fixture_failures,972,0.87500,0.00000,0.39736,0.45359,1.00000,0.13973,0.88889
tail_risk_active_learning,0,0,actuator_limit_failures,972,0.87500,1.00000,0.00000,0.00000,0.00000,0.11157,0.00000
tail_risk_active_learning,0,0,combined_tail_stress,972,0.87500,0.55556,0.36933,0.62149,0.44444,0.12673,0.27778
tail_risk_active_learning,0,0,compound_sensor_actuator_shift,972,0.87500,0.72222,0.28617,0.59964,0.27778,0.11728,0.16667
tail_risk_active_learning,0,0,fixture_geometry_shift,972,0.87500,0.00000,0.35044,0.55410,1.00000,0.03130,0.27778
tail_risk_active_learning,0,0,rare_mechanism_combo,972,0.87500,0.22222,0.35436,0.39048,0.77778,0.10968,0.00000
tail_risk_active_learning,0,0,out_of_distribution_tail,972,0.87500,0.27778,0.34733,0.43636,0.72222,0.13720,0.00000
tail_risk_active_learning,0,1,nominal_task_balance,1008,0.87500,1.00000,0.00000,0.00000,0.00000,0.02139,0.00000
tail_risk_active_learning,0,1,rare_slip_failures,1008,0.87500,1.00000,0.15284,0.04000,0.00000,0.07450,0.00000
tail_risk_active_learning,0,1,jammed_fixture_failures,1008,0.87500,0.00000,0.40267,0.47031,1.00000,0.14582,0.88889
tail_risk_active_learning,0,1,actuator_limit_failures,1008,0.87500,1.00000,0.00000,0.00000,0.00000,0.10614,0.00000
tail_risk_active_learning,0,1,combined_tail_stress,1008,0.87500,0.55556,0.37110,0.63102,0.44444,0.11683,0.27778
tail_risk_active_learning,0,1,compound_sensor_actuator_shift,1008,0.87500,0.72222,0.29108,0.61964,0.27778,0.13293,0.16667
tail_risk_active_learning,0,1,fixture_geometry_shift,1008,0.87500,0.00000,0.35139,0.55923,1.00000,0.03342,0.27778
tail_risk_active_learning,0,1,rare_mechanism_combo,1008,0.87500,0.22222,0.35398,0.39048,0.77778,0.11750,0.00000
tail_risk_active_learning,0,1,out_of_distribution_tail,1008,0.87500,0.27778,0.35716,0.43636,0.72222,0.16164,0.00000
tail_risk_active_learning,0,2,nominal_task_balance,1044,0.87500,1.00000,0.00000,0.00000,0.00000,0.02132,0.00000
tail_risk_active_learning,0,2,rare_slip_failures,1044,0.87500,1.00000,0.14956,0.04000,0.00000,0.06580,0.00000
tail_risk_active_learning,0,2,jammed_fixture_failures,1044,0.87500,0.00000,0.40357,0.47031,1.00000,0.15114,0.88889
tail_risk_active_learning,0,2,actuator_limit_failures,1044,0.87500,1.00000,0.00000,0.00000,0.00000,0.10287,0.00000
tail_risk_active_learning,0,2,combined_tail_stress,1044,0.87500,0.55556,0.36623,0.63102,0.44444,0.10478,0.27778
tail_risk_active_learning,0,2,compound_sensor_actuator_shift,1044,0.87500,0.72222,0.28761,0.61571,0.27778,0.14132,0.16667
tail_risk_active_learning,0,2,fixture_geometry_shift,1044,0.87500,0.00000,0.34653,0.55923,1.00000,0.03499,0.27778
tail_risk_active_learning,0,2,rare_mechanism_combo,1044,0.87500,0.22222,0.35407,0.39048,0.77778,0.12061,0.00000
tail_risk_active_learning,0,2,out_of_distribution_tail,1044,0.87500,0.27778,0.34704,0.41818,0.72222,0.17353,0.00000
tail_risk_active_learning,0,3,nominal_task_balance,1080,0.87500,1.00000,0.00000,0.00000,0.00000,0.02122,0.00000
tail_risk_active_learning,0,3,rare_slip_failures,1080,0.87500,1.00000,0.15952,0.04000,0.00000,0.06269,0.00000
tail_risk_active_learning,0,3,jammed_fixture_failures,1080,0.87500,0.00000,0.40011,0.46787,1.00000,0.15677,0.88889
tail_risk_active_learning,0,3,actuator_limit_failures,1080,0.87500,1.00000,0.00000,0.00000,0.00000,0.09960,0.00000
tail_risk_active_learning,0,3,combined_tail_stress,1080,0.87500,0.55556,0.36572,0.63102,0.44444,0.11664,0.27778
tail_risk_active_learning,0,3,compound_sensor_actuator_shift,1080,0.87500,0.72222,0.28844,0.61000,0.27778,0.13374,0.16667
tail_risk_active_learning,0,3,fixture_geometry_shift,1080,0.87500,0.00000,0.34642,0.55923,1.00000,0.03634,0.27778
tail_risk_active_learning,0,3,rare_mechanism_combo,1080,0.87500,0.22222,0.35449,0.39048,0.77778,0.13056,0.00000
tail_risk_active_learning,0,3,out_of_distribution_tail,1080,0.87500,0.27778,0.33219,0.40000,0.72222,0.19020,0.00000
tail_risk_active_learning,0,4,nominal_task_balance,1116,0.87500,1.00000,0.00000,0.00000,0.00000,0.02321,0.00000
tail_risk_active_learning,0,4,rare_slip_failures,1116,0.87500,1.00000,0.15571,0.04000,0.00000,0.06967,0.00000
tail_risk_active_learning,0,4,jammed_fixture_failures,1116,0.87500,0.00000,0.40224,0.47557,1.00000,0.16274,0.88889
tail_risk_active_learning,0,4,actuator_limit_failures,1116,0.87500,1.00000,0.00000,0.00000,0.00000,0.09650,0.00000
tail_risk_active_learning,0,4,combined_tail_stress,1116,0.87500,0.55556,0.35956,0.62193,0.44444,0.10293,0.27778
tail_risk_active_learning,0,4,compound_sensor_actuator_shift,1116,0.87500,0.72222,0.30009,0.63000,0.27778,0.11836,0.16667
tail_risk_active_learning,0,4,fixture_geometry_shift,1116,0.87500,0.00000,0.34652,0.55923,1.00000,0.03700,0.27778
tail_risk_active_learning,0,4,rare_mechanism_combo,1116,0.87500,0.22222,0.35583,0.39048,0.77778,0.14043,0.00000
tail_risk_active_learning,0,4,out_of_distribution_tail,1116,0.87500,0.27778,0.33094,0.40000,0.72222,0.20078,0.00000
tail_risk_active_learning,0,5,nominal_task_balance,1152,0.87500,1.00000,0.00000,0.00000,0.00000,0.01828,0.00000
tail_risk_active_learning,0,5,rare_slip_failures,1152,0.87500,1.00000,0.15571,0.04000,0.00000,0.06648,0.00000
tail_risk_active_learning,0,5,jammed_fixture_failures,1152,0.87500,0.00000,0.39798,0.46373,1.00000,0.16984,0.88889
tail_risk_active_learning,0,5,actuator_limit_failures,1152,0.87500,1.00000,0.00000,0.00000,0.00000,0.09356,0.00000
tail_risk_active_learning,0,5,combined_tail_stress,1152,0.87500,0.55556,0.36684,0.63369,0.44444,0.08928,0.27778
tail_risk_active_learning,0,5,compound_sensor_actuator_shift,1152,0.87500,0.72222,0.29265,0.61857,0.27778,0.14190,0.16667
tail_risk_active_learning,0,5,fixture_geometry_shift,1152,0.87500,0.00000,0.35037,0.56423,1.00000,0.04010,0.27778
tail_risk_active_learning,0,5,rare_mechanism_combo,1152,0.87500,0.22222,0.35724,0.38095,0.77778,0.15799,0.00000
tail_risk_active_learning,0,5,out_of_distribution_tail,1152,0.87500,0.27778,0.32890,0.40000,0.72222,0.22106,0.00000
hybrid_diversity_risk,0,0,nominal_task_balance,972,0.87500,1.00000,0.00000,0.00000,0.00000,0.01828,0.00000
hybrid_diversity_risk,0,0,rare_slip_failures,972,0.87500,1.00000,0.17338,0.08000,0.00000,0.08917,0.00000
hybrid_diversity_risk,0,0,jammed_fixture_failures,972,0.87500,0.00000,0.39736,0.45359,1.00000,0.13973,0.88889
hybrid_diversity_risk,0,0,actuator_limit_failures,972,0.87500,1.00000,0.00000,0.00000,0.00000,0.11157,0.00000
hybrid_diversity_risk,0,0,combined_tail_stress,972,0.87500,0.55556,0.36933,0.62149,0.44444,0.12673,0.27778
hybrid_diversity_risk,0,0,compound_sensor_actuator_shift,972,0.87500,0.72222,0.28617,0.59964,0.27778,0.11728,0.16667
hybrid_diversity_risk,0,0,fixture_geometry_shift,972,0.87500,0.00000,0.35044,0.55410,1.00000,0.03130,0.27778
hybrid_diversity_risk,0,0,rare_mechanism_combo,972,0.87500,0.22222,0.35436,0.39048,0.77778,0.10968,0.00000
hybrid_diversity_risk,0,0,out_of_distribution_tail,972,0.87500,0.27778,0.34733,0.43636,0.72222,0.13720,0.00000
hybrid_diversity_risk,0,1,nominal_task_balance,1008,0.87500,1.00000,0.00000,0.00000,0.00000,0.02064,0.00000
hybrid_diversity_risk,0,1,rare_slip_failures,1008,0.87500,1.00000,0.16693,0.04000,0.00000,0.07438,0.00000
hybrid_diversity_risk,0,1,jammed_fixture_failures,1008,0.87500,0.00000,0.39971,0.45602,1.00000,0.14760,0.88889
hybrid_diversity_risk,0,1,actuator_limit_failures,1008,0.87500,1.00000,0.00000,0.00000,0.00000,0.11163,0.00000
hybrid_diversity_risk,0,1,combined_tail_stress,1008,0.87500,0.55556,0.36161,0.60973,0.44444,0.10585,0.27778
hybrid_diversity_risk,0,1,compound_sensor_actuator_shift,1008,0.87500,0.72222,0.29700,0.63786,0.27778,0.13422,0.16667
hybrid_diversity_risk,0,1,fixture_geometry_shift,1008,0.87500,0.00000,0.35232,0.55923,1.00000,0.03724,0.27778
hybrid_diversity_risk,0,1,rare_mechanism_combo,1008,0.87500,0.22222,0.35674,0.37143,0.77778,0.13040,0.00000
hybrid_diversity_risk,0,1,out_of_distribution_tail,1008,0.87500,0.27778,0.34786,0.45455,0.72222,0.15035,0.00000
hybrid_diversity_risk,0,2,nominal_task_balance,1044,0.87500,1.00000,0.00000,0.00000,0.00000,0.02000,0.00000
hybrid_diversity_risk,0,2,rare_slip_failures,1044,0.87500,1.00000,0.15373,0.04000,0.00000,0.09444,0.00000
hybrid_diversity_risk,0,2,jammed_fixture_failures,1044,0.87500,0.00000,0.39467,0.44174,1.00000,0.15520,0.88889
hybrid_diversity_risk,0,2,actuator_limit_failures,1044,0.87500,1.00000,0.00000,0.00000,0.00000,0.10893,0.00000
hybrid_diversity_risk,0,2,combined_tail_stress,1044,0.87500,0.55556,0.36480,0.64278,0.44444,0.09725,0.27778
hybrid_diversity_risk,0,2,compound_sensor_actuator_shift,1044,0.87500,0.72222,0.29564,0.65214,0.27778,0.12291,0.16667
hybrid_diversity_risk,0,2,fixture_geometry_shift,1044,0.87500,0.00000,0.35237,0.55923,1.00000,0.03663,0.27778
hybrid_diversity_risk,0,2,rare_mechanism_combo,1044,0.87500,0.22222,0.35987,0.39048,0.77778,0.16724,0.00000
hybrid_diversity_risk,0,2,out_of_distribution_tail,1044,0.87500,0.27778,0.35717,0.47273,0.72222,0.14123,0.00000
hybrid_diversity_risk,0,3,nominal_task_balance,1080,0.87500,1.00000,0.00000,0.00000,0.00000,0.02003,0.00000
hybrid_diversity_risk,0,3,rare_slip_failures,1080,0.87500,1.00000,0.15476,0.04000,0.00000,0.07443,0.00000
hybrid_diversity_risk,0,3,jammed_fixture_failures,1080,0.87500,0.00000,0.40418,0.47557,1.00000,0.16519,0.88889
hybrid_diversity_risk,0,3,actuator_limit_failures,1080,0.87500,1.00000,0.00000,0.00000,0.00000,0.10571,0.00000
hybrid_diversity_risk,0,3,combined_tail_stress,1080,0.87500,0.55556,0.36006,0.64278,0.44444,0.08617,0.27778
hybrid_diversity_risk,0,3,compound_sensor_actuator_shift,1080,0.87500,0.72222,0.29946,0.66071,0.27778,0.10916,0.16667
hybrid_diversity_risk,0,3,fixture_geometry_shift,1080,0.87500,0.00000,0.35180,0.56423,1.00000,0.03925,0.27778
hybrid_diversity_risk,0,3,rare_mechanism_combo,1080,0.87500,0.22222,0.35806,0.38095,0.77778,0.17230,0.00000
hybrid_diversity_risk,0,3,out_of_distribution_tail,1080,0.87500,0.27778,0.36252,0.45455,0.72222,0.13497,0.00000
hybrid_diversity_risk,0,4,nominal_task_balance,1116,0.87500,1.00000,0.00000,0.00000,0.00000,0.02469,0.00000
hybrid_diversity_risk,0,4,rare_slip_failures,1116,0.87500,1.00000,0.14815,0.04000,0.00000,0.07954,0.00000
hybrid_diversity_risk,0,4,jammed_fixture_failures,1116,0.87500,0.00000,0.39449,0.44700,1.00000,0.17083,0.88889
hybrid_diversity_risk,0,4,actuator_limit_failures,1116,0.87500,1.00000,0.00000,0.00000,0.00000,0.10592,0.00000
hybrid_diversity_risk,0,4,combined_tail_stress,1116,0.87500,0.55556,0.36097,0.64278,0.44444,0.08058,0.27778
hybrid_diversity_risk,0,4,compound_sensor_actuator_shift,1116,0.87500,0.72222,0.29221,0.63679,0.27778,0.10433,0.16667
hybrid_diversity_risk,0,4,fixture_geometry_shift,1116,0.87500,0.00000,0.35236,0.56423,1.00000,0.04028,0.27778
hybrid_diversity_risk,0,4,rare_mechanism_combo,1116,0.87500,0.22222,0.36316,0.38095,0.77778,0.18494,0.00000
hybrid_diversity_risk,0,4,out_of_distribution_tail,1116,0.87500,0.27778,0.36193,0.45455,0.72222,0.13484,0.00000
hybrid_diversity_risk,0,5,nominal_task_balance,1152,0.87500,1.00000,0.00000,0.00000,0.00000,0.02454,0.00000
hybrid_diversity_risk,0,5,rare_slip_failures,1152,0.87500,1.00000,0.14003,0.04000,0.00000,0.06813,0.00000
hybrid_diversity_risk,0,5,jammed_fixture_failures,1152,0.87500,0.00000,0.38994,0.43272,1.00000,0.17776,0.88889
hybrid_diversity_risk,0,5,actuator_limit_failures,1152,0.87500,1.00000,0.00000,0.00000,0.00000,0.10319,0.00000
hybrid_diversity_risk,0,5,combined_tail_stress,1152,0.87500,0.55556,0.35170,0.62460,0.44444,0.07574,0.27778
hybrid_diversity_risk,0,5,compound_sensor_actuator_shift,1152,0.87500,0.72222,0.29631,0.64929,0.27778,0.14639,0.16667
hybrid_diversity_risk,0,5,fixture_geometry_shift,1152,0.87500,0.00000,0.35316,0.56923,1.00000,0.04178,0.27778
hybrid_diversity_risk,0,5,rare_mechanism_combo,1152,0.87500,0.22222,0.35406,0.39048,0.77778,0.19234,0.00000
hybrid_diversity_risk,0,5,out_of_distribution_tail,1152,0.87500,0.27778,0.36640,0.45455,0.72222,0.14002,0.00000
balanced_failure_replay,0,0,nominal_task_balance,972,0.87500,1.00000,0.00000,0.00000,0.00000,0.01828,0.00000
balanced_failure_replay,0,0,rare_slip_failures,972,0.87500,1.00000,0.17338,0.08000,0.00000,0.08917,0.00000
balanced_failure_replay,0,0,jammed_fixture_failures,972,0.87500,0.00000,0.39736,0.45359,1.00000,0.13973,0.88889
balanced_failure_replay,0,0,actuator_limit_failures,972,0.87500,1.00000,0.00000,0.00000,0.00000,0.11157,0.00000
balanced_failure_replay,0,0,combined_tail_stress,972,0.87500,0.55556,0.36933,0.62149,0.44444,0.12673,0.27778
balanced_failure_replay,0,0,compound_sensor_actuator_shift,972,0.87500,0.72222,0.28617,0.59964,0.27778,0.11728,0.16667
balanced_failure_replay,0,0,fixture_geometry_shift,972,0.87500,0.00000,0.35044,0.55410,1.00000,0.03130,0.27778
balanced_failure_replay,0,0,rare_mechanism_combo,972,0.87500,0.22222,0.35436,0.39048,0.77778,0.10968,0.00000
balanced_failure_replay,0,0,out_of_distribution_tail,972,0.87500,0.27778,0.34733,0.43636,0.72222,0.13720,0.00000
balanced_failure_replay,0,1,nominal_task_balance,1008,0.87500,1.00000,0.00000,0.00000,0.00000,0.02331,0.00000
balanced_failure_replay,0,1,rare_slip_failures,1008,0.87500,1.00000,0.16429,0.04000,0.00000,0.08874,0.00000
balanced_failure_replay,0,1,jammed_fixture_failures,1008,0.87500,0.00000,0.39566,0.44174,1.00000,0.15182,0.88889
balanced_failure_replay,0,1,actuator_limit_failures,1008,0.87500,1.00000,0.00000,0.00000,0.00000,0.10739,0.00000
balanced_failure_replay,0,1,combined_tail_stress,1008,0.87500,0.55556,0.36593,0.63102,0.44444,0.13170,0.27778
balanced_failure_replay,0,1,compound_sensor_actuator_shift,1008,0.87500,0.72222,0.29137,0.61964,0.27778,0.12060,0.16667
balanced_failure_replay,0,1,fixture_geometry_shift,1008,0.87500,0.00000,0.35092,0.55923,1.00000,0.02973,0.27778
balanced_failure_replay,0,1,rare_mechanism_combo,1008,0.87500,0.22222,0.35530,0.39048,0.77778,0.11808,0.00000
balanced_failure_replay,0,1,out_of_distribution_tail,1008,0.87500,0.27778,0.34865,0.43636,0.72222,0.08668,0.00000
balanced_failure_replay,0,2,nominal_task_balance,1044,0.87500,1.00000,0.00000,0.00000,0.00000,0.01825,0.00000
balanced_failure_replay,0,2,rare_slip_failures,1044,0.87500,1.00000,0.16566,0.04000,0.00000,0.09025,0.00000
balanced_failure_replay,0,2,jammed_fixture_failures,1044,0.87500,0.00000,0.39578,0.44700,1.00000,0.15194,0.88889
balanced_failure_replay,0,2,actuator_limit_failures,1044,0.87500,1.00000,0.00000,0.00000,0.00000,0.11061,0.00000
balanced_failure_replay,0,2,combined_tail_stress,1044,0.87500,0.55556,0.36604,0.63102,0.44444,0.13352,0.27778
balanced_failure_replay,0,2,compound_sensor_actuator_shift,1044,0.87500,0.72222,0.28829,0.60143,0.27778,0.13870,0.16667
balanced_failure_replay,0,2,fixture_geometry_shift,1044,0.87500,0.00000,0.35160,0.56423,1.00000,0.02928,0.27778
balanced_failure_replay,0,2,rare_mechanism_combo,1044,0.87500,0.22222,0.35311,0.39048,0.77778,0.10263,0.00000
balanced_failure_replay,0,2,out_of_distribution_tail,1044,0.87500,0.27778,0.35305,0.43636,0.72222,0.09610,0.00000
balanced_failure_replay,0,3,nominal_task_balance,1080,0.87500,1.00000,0.00000,0.00000,0.00000,0.01760,0.00000
balanced_failure_replay,0,3,rare_slip_failures,1080,0.87500,1.00000,0.16897,0.04000,0.00000,0.10595,0.00000
balanced_failure_replay,0,3,jammed_fixture_failures,1080,0.87500,0.00000,0.40457,0.44700,1.00000,0.15598,0.88889
balanced_failure_replay,0,3,actuator_limit_failures,1080,0.87500,1.00000,0.00000,0.00000,0.00000,0.10993,0.00000
balanced_failure_replay,0,3,combined_tail_stress,1080,0.87500,0.55556,0.36176,0.64278,0.44444,0.13106,0.27778
balanced_failure_replay,0,3,compound_sensor_actuator_shift,1080,0.87500,0.72222,0.28858,0.58893,0.27778,0.11180,0.16667
balanced_failure_replay,0,3,fixture_geometry_shift,1080,0.87500,0.00000,0.35367,0.56923,1.00000,0.02916,0.27778
balanced_failure_replay,0,3,rare_mechanism_combo,1080,0.87500,0.22222,0.35357,0.39048,0.77778,0.10617,0.00000
balanced_failure_replay,0,3,out_of_distribution_tail,1080,0.87500,0.27778,0.35399,0.43636,0.72222,0.08775,0.00000
balanced_failure_replay,0,4,nominal_task_balance,1116,0.87500,1.00000,0.00000,0.00000,0.00000,0.01722,0.00000
balanced_failure_replay,0,4,rare_slip_failures,1116,0.87500,1.00000,0.16371,0.04000,0.00000,0.07888,0.00000
balanced_failure_replay,0,4,jammed_fixture_failures,1116,0.87500,0.00000,0.38152,0.40414,1.00000,0.15699,0.88889
balanced_failure_replay,0,4,actuator_limit_failures,1116,0.87500,1.00000,0.00000,0.00000,0.00000,0.11253,0.00000
balanced_failure_replay,0,4,combined_tail_stress,1116,0.87500,0.55556,0.35923,0.64278,0.44444,0.10996,0.27778
balanced_failure_replay,0,4,compound_sensor_actuator_shift,1116,0.87500,0.72222,0.28278,0.53643,0.27778,0.09065,0.16667
balanced_failure_replay,0,4,fixture_geometry_shift,1116,0.87500,0.00000,0.35182,0.56410,1.00000,0.03122,0.27778
balanced_failure_replay,0,4,rare_mechanism_combo,1116,0.87500,0.22222,0.37963,0.52381,0.77778,0.14764,0.00000
balanced_failure_replay,0,4,out_of_distribution_tail,1116,0.87500,0.27778,0.35653,0.43636,0.72222,0.09505,0.00000
balanced_failure_replay,0,5,nominal_task_balance,1152,0.87500,1.00000,0.00000,0.00000,0.00000,0.01672,0.00000
balanced_failure_replay,0,5,rare_slip_failures,1152,0.87500,1.00000,0.16156,0.04000,0.00000,0.07607,0.00000
balanced_failure_replay,0,5,jammed_fixture_failures,1152,0.87500,0.00000,0.38196,0.40171,1.00000,0.16180,0.88889
balanced_failure_replay,0,5,actuator_limit_failures,1152,0.87500,1.00000,0.00000,0.00000,0.00000,0.11496,0.00000
balanced_failure_replay,0,5,combined_tail_stress,1152,0.87500,0.55556,0.36065,0.64278,0.44444,0.12855,0.27778
balanced_failure_replay,0,5,compound_sensor_actuator_shift,1152,0.87500,0.72222,0.27316,0.50679,0.27778,0.10104,0.16667
balanced_failure_replay,0,5,fixture_geometry_shift,1152,0.87500,0.00000,0.35335,0.56923,1.00000,0.03198,0.27778
balanced_failure_replay,0,5,rare_mechanism_combo,1152,0.87500,0.22222,0.38342,0.52381,0.77778,0.13472,0.00000
balanced_failure_replay,0,5,out_of_distribution_tail,1152,0.87500,0.27778,0.35659,0.43636,0.72222,0.10560,0.00000
gradient_boosted_failure_active,0,0,nominal_task_balance,972,0.87500,1.00000,0.00000,0.00000,0.00000,0.01828,0.00000
gradient_boosted_failure_active,0,0,rare_slip_failures,972,0.87500,1.00000,0.17338,0.08000,0.00000,0.08917,0.00000
gradient_boosted_failure_active,0,0,jammed_fixture_failures,972,0.87500,0.00000,0.39736,0.45359,1.00000,0.13973,0.88889
gradient_boosted_failure_active,0,0,actuator_limit_failures,972,0.87500,1.00000,0.00000,0.00000,0.00000,0.11157,0.00000
gradient_boosted_failure_active,0,0,combined_tail_stress,972,0.87500,0.55556,0.36933,0.62149,0.44444,0.12673,0.27778
gradient_boosted_failure_active,0,0,compound_sensor_actuator_shift,972,0.87500,0.72222,0.28617,0.59964,0.27778,0.11728,0.16667
gradient_boosted_failure_active,0,0,fixture_geometry_shift,972,0.87500,0.00000,0.35044,0.55410,1.00000,0.03130,0.27778
gradient_boosted_failure_active,0,0,rare_mechanism_combo,972,0.87500,0.22222,0.35436,0.39048,0.77778,0.10968,0.00000
gradient_boosted_failure_active,0,0,out_of_distribution_tail,972,0.87500,0.27778,0.34733,0.43636,0.72222,0.13720,0.00000
gradient_boosted_failure_active,0,1,nominal_task_balance,1008,0.87500,1.00000,0.00000,0.00000,0.00000,0.01804,0.00000
gradient_boosted_failure_active,0,1,rare_slip_failures,1008,0.87500,1.00000,0.16669,0.04000,0.00000,0.07904,0.00000
gradient_boosted_failure_active,0,1,jammed_fixture_failures,1008,0.87500,0.00000,0.39826,0.47031,1.00000,0.15141,0.88889
gradient_boosted_failure_active,0,1,actuator_limit_failures,1008,0.87500,1.00000,0.00000,0.00000,0.00000,0.11028,0.00000
gradient_boosted_failure_active,0,1,combined_tail_stress,1008,0.87500,0.55556,0.36604,0.64278,0.44444,0.12808,0.27778
gradient_boosted_failure_active,0,1,compound_sensor_actuator_shift,1008,0.87500,0.72222,0.28783,0.63214,0.27778,0.11637,0.16667
gradient_boosted_failure_active,0,1,fixture_geometry_shift,1008,0.87500,0.00000,0.35143,0.56410,1.00000,0.03183,0.27778
gradient_boosted_failure_active,0,1,rare_mechanism_combo,1008,0.87500,0.22222,0.35329,0.39048,0.77778,0.11243,0.00000
gradient_boosted_failure_active,0,1,out_of_distribution_tail,1008,0.87500,0.27778,0.35211,0.45455,0.72222,0.08662,0.00000
gradient_boosted_failure_active,0,2,nominal_task_balance,1044,0.87500,1.00000,0.00000,0.00000,0.00000,0.01727,0.00000
gradient_boosted_failure_active,0,2,rare_slip_failures,1044,0.87500,1.00000,0.16182,0.04000,0.00000,0.08184,0.00000
gradient_boosted_failure_active,0,2,jammed_fixture_failures,1044,0.87500,0.00000,0.40267,0.48460,1.00000,0.15890,0.88889
gradient_boosted_failure_active,0,2,actuator_limit_failures,1044,0.87500,1.00000,0.00000,0.00000,0.00000,0.10664,0.00000
gradient_boosted_failure_active,0,2,combined_tail_stress,1044,0.87500,0.55556,0.36474,0.64278,0.44444,0.13110,0.27778
gradient_boosted_failure_active,0,2,compound_sensor_actuator_shift,1044,0.87500,0.72222,0.28425,0.62643,0.27778,0.11761,0.16667
gradient_boosted_failure_active,0,2,fixture_geometry_shift,1044,0.87500,0.00000,0.35245,0.56923,1.00000,0.03191,0.27778
gradient_boosted_failure_active,0,2,rare_mechanism_combo,1044,0.87500,0.22222,0.38652,0.59048,0.77778,0.12290,0.00000
gradient_boosted_failure_active,0,2,out_of_distribution_tail,1044,0.87500,0.27778,0.34794,0.45455,0.72222,0.09257,0.00000
gradient_boosted_failure_active,0,3,nominal_task_balance,1080,0.87500,1.00000,0.00000,0.00000,0.00000,0.01895,0.00000
gradient_boosted_failure_active,0,3,rare_slip_failures,1080,0.87500,1.00000,0.17048,0.08000,0.00000,0.08661,0.00000
gradient_boosted_failure_active,0,3,jammed_fixture_failures,1080,0.87500,0.00000,0.40420,0.49888,1.00000,0.15117,0.88889
gradient_boosted_failure_active,0,3,actuator_limit_failures,1080,0.87500,1.00000,0.00000,0.00000,0.00000,0.10351,0.00000
gradient_boosted_failure_active,0,3,combined_tail_stress,1080,0.87500,0.55556,0.36684,0.64278,0.44444,0.13089,0.27778
gradient_boosted_failure_active,0,3,compound_sensor_actuator_shift,1080,0.87500,0.72222,0.29154,0.64643,0.27778,0.11065,0.16667
gradient_boosted_failure_active,0,3,fixture_geometry_shift,1080,0.87500,0.00000,0.35055,0.56410,1.00000,0.02964,0.27778
gradient_boosted_failure_active,0,3,rare_mechanism_combo,1080,0.87500,0.22222,0.39155,0.59048,0.77778,0.12723,0.00000
gradient_boosted_failure_active,0,3,out_of_distribution_tail,1080,0.87500,0.27778,0.35150,0.45455,0.72222,0.08765,0.00000
gradient_boosted_failure_active,0,4,nominal_task_balance,1116,0.87500,1.00000,0.00000,0.00000,0.00000,0.01610,0.00000
gradient_boosted_failure_active,0,4,rare_slip_failures,1116,0.87500,1.00000,0.15502,0.04000,0.00000,0.09984,0.00000
gradient_boosted_failure_active,0,4,jammed_fixture_failures,1116,0.87500,0.00000,0.39147,0.43648,1.00000,0.14636,0.88889
gradient_boosted_failure_active,0,4,actuator_limit_failures,1116,0.87500,1.00000,0.00000,0.00000,0.00000,0.10246,0.00000
gradient_boosted_failure_active,0,4,combined_tail_stress,1116,0.87500,0.55556,0.36477,0.64278,0.44444,0.10528,0.27778
gradient_boosted_failure_active,0,4,compound_sensor_actuator_shift,1116,0.87500,0.72222,0.29569,0.67214,0.27778,0.12688,0.16667
gradient_boosted_failure_active,0,4,fixture_geometry_shift,1116,0.87500,0.00000,0.35225,0.56410,1.00000,0.03017,0.27778
gradient_boosted_failure_active,0,4,rare_mechanism_combo,1116,0.87500,0.22222,0.38012,0.60000,0.77778,0.14069,0.00000
gradient_boosted_failure_active,0,4,out_of_distribution_tail,1116,0.87500,0.27778,0.35105,0.45455,0.72222,0.07935,0.00000
gradient_boosted_failure_active,0,5,nominal_task_balance,1152,0.87500,1.00000,0.00000,0.00000,0.00000,0.01824,0.00000
gradient_boosted_failure_active,0,5,rare_slip_failures,1152,0.87500,1.00000,0.15798,0.04000,0.00000,0.09696,0.00000
gradient_boosted_failure_active,0,5,jammed_fixture_failures,1152,0.87500,0.00000,0.39293,0.43648,1.00000,0.14921,0.88889
gradient_boosted_failure_active,0,5,actuator_limit_failures,1152,0.87500,1.00000,0.00000,0.00000,0.00000,0.09861,0.00000
gradient_boosted_failure_active,0,5,combined_tail_stress,1152,0.87500,0.55556,0.36570,0.63102,0.44444,0.11468,0.27778
gradient_boosted_failure_active,0,5,compound_sensor_actuator_shift,1152,0.87500,0.72222,0.29274,0.65393,0.27778,0.13193,0.16667
gradient_boosted_failure_active,0,5,fixture_geometry_shift,1152,0.87500,0.00000,0.35215,0.56410,1.00000,0.02896,0.27778
gradient_boosted_failure_active,0,5,rare_mechanism_combo,1152,0.87500,0.22222,0.38254,0.60000,0.77778,0.14223,0.00000
gradient_boosted_failure_active,0,5,out_of_distribution_tail,1152,0.87500,0.27778,0.35443,0.45455,0.72222,0.07011,0.00000
random_forest_failure_active,0,0,nominal_task_balance,972,0.87500,1.00000,0.00000,0.00000,0.00000,0.01828,0.00000
random_forest_failure_active,0,0,rare_slip_failures,972,0.87500,1.00000,0.17338,0.08000,0.00000,0.08917,0.00000
random_forest_failure_active,0,0,jammed_fixture_failures,972,0.87500,0.00000,0.39736,0.45359,1.00000,0.13973,0.88889
random_forest_failure_active,0,0,actuator_limit_failures,972,0.87500,1.00000,0.00000,0.00000,0.00000,0.11157,0.00000
random_forest_failure_active,0,0,combined_tail_stress,972,0.87500,0.55556,0.36933,0.62149,0.44444,0.12673,0.27778
random_forest_failure_active,0,0,compound_sensor_actuator_shift,972,0.87500,0.72222,0.28617,0.59964,0.27778,0.11728,0.16667
random_forest_failure_active,0,0,fixture_geometry_shift,972,0.87500,0.00000,0.35044,0.55410,1.00000,0.03130,0.27778
random_forest_failure_active,0,0,rare_mechanism_combo,972,0.87500,0.22222,0.35436,0.39048,0.77778,0.10968,0.00000
random_forest_failure_active,0,0,out_of_distribution_tail,972,0.87500,0.27778,0.34733,0.43636,0.72222,0.13720,0.00000
random_forest_failure_active,0,1,nominal_task_balance,1008,0.87500,1.00000,0.00000,0.00000,0.00000,0.02177,0.00000
random_forest_failure_active,0,1,rare_slip_failures,1008,0.87500,1.00000,0.16726,0.04000,0.00000,0.10246,0.00000
random_forest_failure_active,0,1,jammed_fixture_failures,1008,0.87500,0.00000,0.39992,0.49400,1.00000,0.11599,0.88889
random_forest_failure_active,0,1,actuator_limit_failures,1008,0.87500,1.00000,0.00000,0.00000,0.00000,0.11502,0.00000
random_forest_failure_active,0,1,combined_tail_stress,1008,0.87500,0.55556,0.36638,0.63326,0.44444,0.14125,0.27778
random_forest_failure_active,0,1,compound_sensor_actuator_shift,1008,0.87500,0.72222,0.29596,0.63214,0.27778,0.12655,0.16667
random_forest_failure_active,0,1,fixture_geometry_shift,1008,0.87500,0.00000,0.35144,0.55385,1.00000,0.02793,0.27778
random_forest_failure_active,0,1,rare_mechanism_combo,1008,0.87500,0.22222,0.35656,0.39048,0.77778,0.12144,0.00000
random_forest_failure_active,0,1,out_of_distribution_tail,1008,0.87500,0.27778,0.34795,0.43636,0.72222,0.09493,0.00000
random_forest_failure_active,0,2,nominal_task_balance,1044,0.87500,1.00000,0.00000,0.00000,0.00000,0.02419,0.00000
random_forest_failure_active,0,2,rare_slip_failures,1044,0.87500,1.00000,0.16897,0.04000,0.00000,0.09593,0.00000
random_forest_failure_active,0,2,jammed_fixture_failures,1044,0.87500,0.00000,0.39515,0.48703,1.00000,0.10318,0.88889
random_forest_failure_active,0,2,actuator_limit_failures,1044,0.87500,1.00000,0.00000,0.00000,0.00000,0.11434,0.00000
random_forest_failure_active,0,2,combined_tail_stress,1044,0.87500,0.55556,0.36504,0.63326,0.44444,0.16056,0.27778
random_forest_failure_active,0,2,compound_sensor_actuator_shift,1044,0.87500,0.72222,0.29830,0.63786,0.27778,0.13995,0.16667
random_forest_failure_active,0,2,fixture_geometry_shift,1044,0.87500,0.00000,0.34884,0.54872,1.00000,0.02567,0.27778
random_forest_failure_active,0,2,rare_mechanism_combo,1044,0.87500,0.22222,0.35894,0.39048,0.77778,0.13248,0.00000
random_forest_failure_active,0,2,out_of_distribution_tail,1044,0.87500,0.27778,0.34695,0.45455,0.72222,0.09577,0.00000
random_forest_failure_active,0,3,nominal_task_balance,1080,0.87500,1.00000,0.00000,0.00000,0.00000,0.02403,0.00000
random_forest_failure_active,0,3,rare_slip_failures,1080,0.87500,1.00000,0.16171,0.04000,0.00000,0.10574,0.00000
random_forest_failure_active,0,3,jammed_fixture_failures,1080,0.87500,0.00000,0.40288,0.50132,1.00000,0.09477,0.88889
random_forest_failure_active,0,3,actuator_limit_failures,1080,0.87500,1.00000,0.00000,0.00000,0.00000,0.11604,0.00000
random_forest_failure_active,0,3,combined_tail_stress,1080,0.87500,0.55556,0.36303,0.63326,0.44444,0.15190,0.27778
random_forest_failure_active,0,3,compound_sensor_actuator_shift,1080,0.87500,0.72222,0.27956,0.59786,0.27778,0.12117,0.16667
random_forest_failure_active,0,3,fixture_geometry_shift,1080,0.87500,0.00000,0.34967,0.54872,1.00000,0.02414,0.27778
random_forest_failure_active,0,3,rare_mechanism_combo,1080,0.87500,0.22222,0.35787,0.39048,0.77778,0.14077,0.00000
random_forest_failure_active,0,3,out_of_distribution_tail,1080,0.87500,0.27778,0.34153,0.43636,0.72222,0.09411,0.00000
random_forest_failure_active,0,4,nominal_task_balance,1116,0.87500,1.00000,0.00000,0.00000,0.00000,0.02424,0.00000
random_forest_failure_active,0,4,rare_slip_failures,1116,0.87500,1.00000,0.16171,0.04000,0.00000,0.09884,0.00000
random_forest_failure_active,0,4,jammed_fixture_failures,1116,0.87500,0.00000,0.40144,0.50132,1.00000,0.09096,0.88889
random_forest_failure_active,0,4,actuator_limit_failures,1116,0.87500,1.00000,0.00000,0.00000,0.00000,0.10764,0.00000
random_forest_failure_active,0,4,combined_tail_stress,1116,0.87500,0.55556,0.36371,0.63326,0.44444,0.14844,0.27778
random_forest_failure_active,0,4,compound_sensor_actuator_shift,1116,0.87500,0.72222,0.27589,0.56464,0.27778,0.10016,0.16667
random_forest_failure_active,0,4,fixture_geometry_shift,1116,0.87500,0.00000,0.34863,0.54872,1.00000,0.02292,0.27778
random_forest_failure_active,0,4,rare_mechanism_combo,1116,0.87500,0.22222,0.37693,0.59048,0.77778,0.14622,0.00000
random_forest_failure_active,0,4,out_of_distribution_tail,1116,0.87500,0.27778,0.34048,0.43636,0.72222,0.09487,0.00000
random_forest_failure_active,0,5,nominal_task_balance,1152,0.87500,1.00000,0.00000,0.00000,0.00000,0.00604,0.00000
random_forest_failure_active,0,5,rare_slip_failures,1152,0.87500,1.00000,0.16766,0.04000,0.00000,0.09911,0.00000
random_forest_failure_active,0,5,jammed_fixture_failures,1152,0.87500,0.00000,0.40461,0.50132,1.00000,0.08969,0.88889
random_forest_failure_active,0,5,actuator_limit_failures,1152,0.87500,1.00000,0.00000,0.00000,0.00000,0.10401,0.00000
random_forest_failure_active,0,5,combined_tail_stress,1152,0.87500,0.55556,0.36384,0.62373,0.44444,0.15514,0.27778
random_forest_failure_active,0,5,compound_sensor_actuator_shift,1152,0.87500,0.72222,0.26660,0.54464,0.27778,0.11533,0.16667
random_forest_failure_active,0,5,fixture_geometry_shift,1152,0.87500,0.00000,0.34939,0.54359,1.00000,0.02134,0.27778
random_forest_failure_active,0,5,rare_mechanism_combo,1152,0.87500,0.22222,0.37119,0.56190,0.77778,0.13945,0.00000
random_forest_failure_active,0,5,out_of_distribution_tail,1152,0.87500,0.27778,0.34076,0.43636,0.72222,0.09227,0.00000
failure_stratified_engine,0,0,nominal_task_balance,972,0.87500,1.00000,0.00000,0.00000,0.00000,0.01828,0.00000
failure_stratified_engine,0,0,rare_slip_failures,972,0.87500,1.00000,0.17338,0.08000,0.00000,0.08917,0.00000
failure_stratified_engine,0,0,jammed_fixture_failures,972,0.87500,0.00000,0.39736,0.45359,1.00000,0.13973,0.88889
failure_stratified_engine,0,0,actuator_limit_failures,972,0.87500,1.00000,0.00000,0.00000,0.00000,0.11157,0.00000
failure_stratified_engine,0,0,combined_tail_stress,972,0.87500,0.55556,0.36933,0.62149,0.44444,0.12673,0.27778
failure_stratified_engine,0,0,compound_sensor_actuator_shift,972,0.87500,0.72222,0.28617,0.59964,0.27778,0.11728,0.16667
failure_stratified_engine,0,0,fixture_geometry_shift,972,0.87500,0.00000,0.35044,0.55410,1.00000,0.03130,0.27778
failure_stratified_engine,0,0,rare_mechanism_combo,972,0.87500,0.22222,0.35436,0.39048,0.77778,0.10968,0.00000
failure_stratified_engine,0,0,out_of_distribution_tail,972,0.87500,0.27778,0.34733,0.43636,0.72222,0.13720,0.00000
failure_stratified_engine,0,1,nominal_task_balance,1008,0.87500,1.00000,0.00000,0.00000,0.00000,0.00874,0.00000
failure_stratified_engine,0,1,rare_slip_failures,1008,0.87500,1.00000,0.17421,0.08000,0.00000,0.08443,0.00000
failure_stratified_engine,0,1,jammed_fixture_failures,1008,0.87500,0.00000,0.39401,0.43160,1.00000,0.13164,0.88889
failure_stratified_engine,0,1,actuator_limit_failures,1008,0.87500,1.00000,0.00000,0.00000,0.00000,0.10472,0.00000
failure_stratified_engine,0,1,combined_tail_stress,1008,0.87500,0.55556,0.36115,0.60973,0.44444,0.15491,0.27778
failure_stratified_engine,0,1,compound_sensor_actuator_shift,1008,0.87500,0.72222,0.28667,0.63679,0.27778,0.13949,0.16667
failure_stratified_engine,0,1,fixture_geometry_shift,1008,0.87500,0.00000,0.34772,0.54385,1.00000,0.03153,0.27778
failure_stratified_engine,0,1,rare_mechanism_combo,1008,0.87500,0.22222,0.35472,0.39048,0.77778,0.11674,0.00000
failure_stratified_engine,0,1,out_of_distribution_tail,1008,0.87500,0.27778,0.34916,0.43636,0.72222,0.15958,0.00000
failure_stratified_engine,0,2,nominal_task_balance,1044,0.87500,1.00000,0.00000,0.00000,0.00000,0.00886,0.00000
failure_stratified_engine,0,2,rare_slip_failures,1044,0.87500,1.00000,0.16566,0.08000,0.00000,0.10155,0.00000
failure_stratified_engine,0,2,jammed_fixture_failures,1044,0.87500,0.00000,0.40144,0.44588,1.00000,0.13481,0.88889
failure_stratified_engine,0,2,actuator_limit_failures,1044,0.87500,1.00000,0.00000,0.00000,0.00000,0.09869,0.00000
failure_stratified_engine,0,2,combined_tail_stress,1044,0.87500,0.55556,0.36229,0.64278,0.44444,0.17711,0.27778
failure_stratified_engine,0,2,compound_sensor_actuator_shift,1044,0.87500,0.72222,0.29127,0.67500,0.27778,0.19244,0.16667
failure_stratified_engine,0,2,fixture_geometry_shift,1044,0.87500,0.00000,0.34638,0.53872,1.00000,0.03283,0.27778
failure_stratified_engine,0,2,rare_mechanism_combo,1044,0.87500,0.22222,0.35559,0.39048,0.77778,0.11096,0.00000
failure_stratified_engine,0,2,out_of_distribution_tail,1044,0.87500,0.27778,0.34310,0.41818,0.72222,0.12749,0.00000
failure_stratified_engine,0,3,nominal_task_balance,1080,0.87500,1.00000,0.00000,0.00000,0.00000,0.00885,0.00000
failure_stratified_engine,0,3,rare_slip_failures,1080,0.87500,1.00000,0.15929,0.04000,0.00000,0.10719,0.00000
failure_stratified_engine,0,3,jammed_fixture_failures,1080,0.87500,0.00000,0.39525,0.44588,1.00000,0.12846,0.88889
failure_stratified_engine,0,3,actuator_limit_failures,1080,0.87500,1.00000,0.00000,0.00000,0.00000,0.09702,0.00000
failure_stratified_engine,0,3,combined_tail_stress,1080,0.87500,0.55556,0.37481,0.65144,0.44444,0.18277,0.27778
failure_stratified_engine,0,3,compound_sensor_actuator_shift,1080,0.87500,0.72222,0.29026,0.65500,0.27778,0.21777,0.16667
failure_stratified_engine,0,3,fixture_geometry_shift,1080,0.87500,0.00000,0.35236,0.54885,1.00000,0.03621,0.27778
failure_stratified_engine,0,3,rare_mechanism_combo,1080,0.87500,0.22222,0.35408,0.38095,0.77778,0.13381,0.00000
failure_stratified_engine,0,3,out_of_distribution_tail,1080,0.87500,0.27778,0.34438,0.41818,0.72222,0.13417,0.00000
failure_stratified_engine,0,4,nominal_task_balance,1116,0.87500,1.00000,0.00000,0.00000,0.00000,0.00961,0.00000
failure_stratified_engine,0,4,rare_slip_failures,1116,0.87500,1.00000,0.17802,0.04000,0.00000,0.10573,0.00000
failure_stratified_engine,0,4,jammed_fixture_failures,1116,0.87500,0.00000,0.40109,0.45773,1.00000,0.13573,0.88889
failure_stratified_engine,0,4,actuator_limit_failures,1116,0.87500,1.00000,0.00000,0.00000,0.00000,0.09777,0.00000
failure_stratified_engine,0,4,combined_tail_stress,1116,0.87500,0.55556,0.36515,0.63326,0.44444,0.18792,0.27778
failure_stratified_engine,0,4,compound_sensor_actuator_shift,1116,0.87500,0.72222,0.27679,0.63500,0.27778,0.23373,0.16667
failure_stratified_engine,0,4,fixture_geometry_shift,1116,0.87500,0.00000,0.35337,0.55385,1.00000,0.03806,0.27778
failure_stratified_engine,0,4,rare_mechanism_combo,1116,0.87500,0.22222,0.35034,0.38095,0.77778,0.13180,0.00000
failure_stratified_engine,0,4,out_of_distribution_tail,1116,0.87500,0.27778,0.32380,0.40000,0.72222,0.14583,0.00000
failure_stratified_engine,0,5,nominal_task_balance,1152,0.87500,1.00000,0.00000,0.00000,0.00000,0.01012,0.00000
failure_stratified_engine,0,5,rare_slip_failures,1152,0.87500,1.00000,0.18397,0.04000,0.00000,0.11000,0.00000
failure_stratified_engine,0,5,jammed_fixture_failures,1152,0.87500,0.00000,0.40089,0.44344,1.00000,0.13502,0.88889
failure_stratified_engine,0,5,actuator_limit_failures,1152,0.87500,1.00000,0.00000,0.00000,0.00000,0.09405,0.00000
failure_stratified_engine,0,5,combined_tail_stress,1152,0.87500,0.55556,0.36911,0.64235,0.44444,0.18910,0.27778
failure_stratified_engine,0,5,compound_sensor_actuator_shift,1152,0.87500,0.72222,0.27508,0.63500,0.27778,0.22542,0.16667
failure_stratified_engine,0,5,fixture_geometry_shift,1152,0.87500,0.00000,0.35428,0.55385,1.00000,0.04076,0.27778
failure_stratified_engine,0,5,rare_mechanism_combo,1152,0.87500,0.22222,0.35227,0.38095,0.77778,0.13351,0.00000
failure_stratified_engine,0,5,out_of_distribution_tail,1152,0.87500,0.27778,0.32380,0.40000,0.72222,0.14522,0.00000
failure_stratified_engine_v5,0,0,nominal_task_balance,972,0.87500,1.00000,0.00000,0.00000,0.00000,0.01828,0.00000
failure_stratified_engine_v5,0,0,rare_slip_failures,972,0.87500,1.00000,0.17338,0.08000,0.00000,0.08917,0.00000
failure_stratified_engine_v5,0,0,jammed_fixture_failures,972,0.87500,0.00000,0.39736,0.45359,1.00000,0.13973,0.88889
failure_stratified_engine_v5,0,0,actuator_limit_failures,972,0.87500,1.00000,0.00000,0.00000,0.00000,0.11157,0.00000
failure_stratified_engine_v5,0,0,combined_tail_stress,972,0.87500,0.55556,0.36933,0.62149,0.44444,0.12673,0.27778
failure_stratified_engine_v5,0,0,compound_sensor_actuator_shift,972,0.87500,0.72222,0.28617,0.59964,0.27778,0.11728,0.16667
failure_stratified_engine_v5,0,0,fixture_geometry_shift,972,0.87500,0.00000,0.35044,0.55410,1.00000,0.03130,0.27778
failure_stratified_engine_v5,0,0,rare_mechanism_combo,972,0.87500,0.22222,0.35436,0.39048,0.77778,0.10968,0.00000
failure_stratified_engine_v5,0,0,out_of_distribution_tail,972,0.87500,0.27778,0.34733,0.43636,0.72222,0.13720,0.00000
failure_stratified_engine_v5,0,1,nominal_task_balance,1008,1.00000,1.00000,0.00000,0.00000,0.00000,0.02284,0.00000
failure_stratified_engine_v5,0,1,rare_slip_failures,1008,1.00000,1.00000,0.16310,0.04000,0.00000,0.08832,0.00000
failure_stratified_engine_v5,0,1,jammed_fixture_failures,1008,1.00000,0.00000,0.39755,0.44174,1.00000,0.14569,0.88889
failure_stratified_engine_v5,0,1,actuator_limit_failures,1008,1.00000,1.00000,0.00000,0.00000,0.00000,0.10826,0.00000
failure_stratified_engine_v5,0,1,combined_tail_stress,1008,1.00000,0.55556,0.36341,0.60749,0.44444,0.12995,0.27778
failure_stratified_engine_v5,0,1,compound_sensor_actuator_shift,1008,1.00000,0.72222,0.29593,0.63214,0.27778,0.12495,0.16667
failure_stratified_engine_v5,0,1,fixture_geometry_shift,1008,1.00000,0.00000,0.35145,0.55923,1.00000,0.02960,0.27778
failure_stratified_engine_v5,0,1,rare_mechanism_combo,1008,1.00000,0.22222,0.35790,0.39048,0.77778,0.10478,0.00000
failure_stratified_engine_v5,0,1,out_of_distribution_tail,1008,1.00000,0.27778,0.34041,0.47273,0.72222,0.09256,0.00000
failure_stratified_engine_v5,0,2,nominal_task_balance,1044,1.00000,1.00000,0.00000,0.00000,0.00000,0.01857,0.00000
failure_stratified_engine_v5,0,2,rare_slip_failures,1044,1.00000,1.00000,0.16320,0.04000,0.00000,0.07867,0.00000
failure_stratified_engine_v5,0,2,jammed_fixture_failures,1044,1.00000,0.00000,0.38518,0.41317,1.00000,0.14798,0.88889
failure_stratified_engine_v5,0,2,actuator_limit_failures,1044,1.00000,1.00000,0.00000,0.00000,0.00000,0.11024,0.00000
failure_stratified_engine_v5,0,2,combined_tail_stress,1044,1.00000,0.55556,0.36460,0.60749,0.44444,0.11391,0.27778
failure_stratified_engine_v5,0,2,compound_sensor_actuator_shift,1044,1.00000,0.72222,0.30001,0.60714,0.27778,0.09150,0.16667
failure_stratified_engine_v5,0,2,fixture_geometry_shift,1044,1.00000,0.00000,0.35268,0.55910,1.00000,0.03450,0.27778
failure_stratified_engine_v5,0,2,rare_mechanism_combo,1044,1.00000,0.22222,0.35430,0.40000,0.77778,0.16612,0.00000
failure_stratified_engine_v5,0,2,out_of_distribution_tail,1044,1.00000,0.27778,0.34299,0.47273,0.72222,0.08584,0.00000
failure_stratified_engine_v5,0,3,nominal_task_balance,1080,1.00000,1.00000,0.00000,0.00000,0.00000,0.01825,0.00000
failure_stratified_engine_v5,0,3,rare_slip_failures,1080,1.00000,1.00000,0.17293,0.04000,0.00000,0.08159,0.00000
failure_stratified_engine_v5,0,3,jammed_fixture_failures,1080,1.00000,0.00000,0.38410,0.40658,1.00000,0.15025,0.88889
failure_stratified_engine_v5,0,3,actuator_limit_failures,1080,1.00000,1.00000,0.00000,0.00000,0.00000,0.11044,0.00000
failure_stratified_engine_v5,0,3,combined_tail_stress,1080,1.00000,0.55556,0.35799,0.60749,0.44444,0.14039,0.27778
failure_stratified_engine_v5,0,3,compound_sensor_actuator_shift,1080,1.00000,0.72222,0.29534,0.55821,0.27778,0.10377,0.16667
failure_stratified_engine_v5,0,3,fixture_geometry_shift,1080,1.00000,0.00000,0.35393,0.56410,1.00000,0.03541,0.27778
failure_stratified_engine_v5,0,3,rare_mechanism_combo,1080,1.00000,0.22222,0.36306,0.46667,0.77778,0.18414,0.00000
failure_stratified_engine_v5,0,3,out_of_distribution_tail,1080,1.00000,0.27778,0.34786,0.45455,0.72222,0.08183,0.00000
failure_stratified_engine_v5,0,4,nominal_task_balance,1116,1.00000,1.00000,0.00000,0.00000,0.00000,0.02097,0.00000
failure_stratified_engine_v5,0,4,rare_slip_failures,1116,1.00000,1.00000,0.17047,0.04000,0.00000,0.07733,0.00000
failure_stratified_engine_v5,0,4,jammed_fixture_failures,1116,1.00000,0.00000,0.38410,0.40658,1.00000,0.15403,0.88889
failure_stratified_engine_v5,0,4,actuator_limit_failures,1116,1.00000,1.00000,0.00000,0.00000,0.00000,0.10922,0.00000
failure_stratified_engine_v5,0,4,combined_tail_stress,1116,1.00000,0.55556,0.36048,0.60749,0.44444,0.15150,0.27778
failure_stratified_engine_v5,0,4,compound_sensor_actuator_shift,1116,1.00000,0.72222,0.29340,0.54000,0.27778,0.07766,0.16667
failure_stratified_engine_v5,0,4,fixture_geometry_shift,1116,1.00000,0.00000,0.35525,0.56923,1.00000,0.03702,0.27778
failure_stratified_engine_v5,0,4,rare_mechanism_combo,1116,1.00000,0.22222,0.37246,0.60000,0.77778,0.17116,0.00000
failure_stratified_engine_v5,0,4,out_of_distribution_tail,1116,1.00000,0.27778,0.34662,0.43636,0.72222,0.09270,0.00000
failure_stratified_engine_v5,0,5,nominal_task_balance,1152,1.00000,1.00000,0.00000,0.00000,0.00000,0.02056,0.00000
failure_stratified_engine_v5,0,5,rare_slip_failures,1152,1.00000,1.00000,0.16488,0.04000,0.00000,0.08689,0.00000
failure_stratified_engine_v5,0,5,jammed_fixture_failures,1152,1.00000,0.00000,0.38349,0.40658,1.00000,0.15385,0.88889
failure_stratified_engine_v5,0,5,actuator_limit_failures,1152,1.00000,1.00000,0.00000,0.00000,0.00000,0.10450,0.00000
failure_stratified_engine_v5,0,5,combined_tail_stress,1152,1.00000,0.55556,0.36230,0.61925,0.44444,0.15244,0.27778
failure_stratified_engine_v5,0,5,compound_sensor_actuator_shift,1152,1.00000,0.72222,0.29321,0.54000,0.27778,0.10262,0.16667
failure_stratified_engine_v5,0,5,fixture_geometry_shift,1152,1.00000,0.00000,0.35095,0.56423,1.00000,0.03638,0.27778
failure_stratified_engine_v5,0,5,rare_mechanism_combo,1152,1.00000,0.22222,0.37096,0.60000,0.77778,0.17759,0.00000
failure_stratified_engine_v5,0,5,out_of_distribution_tail,1152,1.00000,0.27778,0.34940,0.45455,0.72222,0.09388,0.00000
oracle_failure_strata,0,0,nominal_task_balance,972,0.87500,1.00000,0.00000,0.00000,0.00000,0.01828,0.00000
oracle_failure_strata,0,0,rare_slip_failures,972,0.87500,1.00000,0.17338,0.08000,0.00000,0.08917,0.00000
oracle_failure_strata,0,0,jammed_fixture_failures,972,0.87500,0.00000,0.39736,0.45359,1.00000,0.13973,0.88889
oracle_failure_strata,0,0,actuator_limit_failures,972,0.87500,1.00000,0.00000,0.00000,0.00000,0.11157,0.00000
oracle_failure_strata,0,0,combined_tail_stress,972,0.87500,0.55556,0.36933,0.62149,0.44444,0.12673,0.27778
oracle_failure_strata,0,0,compound_sensor_actuator_shift,972,0.87500,0.72222,0.28617,0.59964,0.27778,0.11728,0.16667
oracle_failure_strata,0,0,fixture_geometry_shift,972,0.87500,0.00000,0.35044,0.55410,1.00000,0.03130,0.27778
oracle_failure_strata,0,0,rare_mechanism_combo,972,0.87500,0.22222,0.35436,0.39048,0.77778,0.10968,0.00000
oracle_failure_strata,0,0,out_of_distribution_tail,972,0.87500,0.27778,0.34733,0.43636,0.72222,0.13720,0.00000
oracle_failure_strata,0,1,nominal_task_balance,1008,1.00000,1.00000,0.00000,0.00000,0.00000,0.00642,0.00000
oracle_failure_strata,0,1,rare_slip_failures,1008,1.00000,1.00000,0.17976,0.08000,0.00000,0.09137,0.00000
oracle_failure_strata,0,1,jammed_fixture_failures,1008,1.00000,0.00000,0.40001,0.45115,1.00000,0.13364,0.88889
oracle_failure_strata,0,1,actuator_limit_failures,1008,1.00000,1.00000,0.00000,0.00000,0.00000,0.10683,0.00000
oracle_failure_strata,0,1,combined_tail_stress,1008,1.00000,0.55556,0.36882,0.73102,0.44444,0.13752,0.27778
oracle_failure_strata,0,1,compound_sensor_actuator_shift,1008,1.00000,0.72222,0.28814,0.63679,0.27778,0.13557,0.16667
oracle_failure_strata,0,1,fixture_geometry_shift,1008,1.00000,0.00000,0.34821,0.53872,1.00000,0.03194,0.27778
oracle_failure_strata,0,1,rare_mechanism_combo,1008,1.00000,0.22222,0.34789,0.37143,0.77778,0.10492,0.00000
oracle_failure_strata,0,1,out_of_distribution_tail,1008,1.00000,0.27778,0.33779,0.41818,0.72222,0.15632,0.00000
oracle_failure_strata,0,2,nominal_task_balance,1044,1.00000,1.00000,0.00000,0.00000,0.00000,0.02334,0.00000
oracle_failure_strata,0,2,rare_slip_failures,1044,1.00000,1.00000,0.17243,0.08000,0.00000,0.06748,0.00000
oracle_failure_strata,0,2,jammed_fixture_failures,1044,1.00000,0.00000,0.40716,0.44832,1.00000,0.15846,0.88889
oracle_failure_strata,0,2,actuator_limit_failures,1044,1.00000,1.00000,0.00000,0.00000,0.00000,0.10921,0.00000
oracle_failure_strata,0,2,combined_tail_stress,1044,1.00000,0.55556,0.35639,0.65786,0.44444,0.13635,0.27778
oracle_failure_strata,0,2,compound_sensor_actuator_shift,1044,1.00000,0.72222,0.27811,0.75500,0.27778,0.19944,0.16667
oracle_failure_strata,0,2,fixture_geometry_shift,1044,1.00000,0.00000,0.34965,0.53359,1.00000,0.04821,0.27778
oracle_failure_strata,0,2,rare_mechanism_combo,1044,1.00000,0.22222,0.35213,0.36190,0.77778,0.12762,0.00000
oracle_failure_strata,0,2,out_of_distribution_tail,1044,1.00000,0.27778,0.33988,0.41818,0.72222,0.16442,0.00000
oracle_failure_strata,0,3,nominal_task_balance,1080,1.00000,1.00000,0.00000,0.00000,0.00000,0.02164,0.00000
oracle_failure_strata,0,3,rare_slip_failures,1080,1.00000,1.00000,0.16577,0.08000,0.00000,0.10281,0.00000
oracle_failure_strata,0,3,jammed_fixture_failures,1080,1.00000,0.00000,0.41201,0.44832,1.00000,0.15696,0.88889
oracle_failure_strata,0,3,actuator_limit_failures,1080,1.00000,1.00000,0.00000,0.00000,0.00000,0.10577,0.00000
oracle_failure_strata,0,3,combined_tail_stress,1080,1.00000,0.55556,0.34524,0.57818,0.44444,0.12809,0.27778
oracle_failure_strata,0,3,compound_sensor_actuator_shift,1080,1.00000,0.72222,0.27842,0.74250,0.27778,0.20033,0.16667
oracle_failure_strata,0,3,fixture_geometry_shift,1080,1.00000,0.00000,0.34828,0.53359,1.00000,0.04815,0.27778
oracle_failure_strata,0,3,rare_mechanism_combo,1080,1.00000,0.22222,0.34659,0.38095,0.77778,0.09789,0.00000
oracle_failure_strata,0,3,out_of_distribution_tail,1080,1.00000,0.27778,0.33181,0.41818,0.72222,0.16967,0.00000
oracle_failure_strata,0,4,nominal_task_balance,1116,1.00000,1.00000,0.00000,0.00000,0.00000,0.02052,0.00000
oracle_failure_strata,0,4,rare_slip_failures,1116,1.00000,1.00000,0.17952,0.16000,0.00000,0.11320,0.00000
oracle_failure_strata,0,4,jammed_fixture_failures,1116,1.00000,0.00000,0.40998,0.45602,1.00000,0.13503,0.88889
oracle_failure_strata,0,4,actuator_limit_failures,1116,1.00000,1.00000,0.00000,0.00000,0.00000,0.10607,0.00000
oracle_failure_strata,0,4,combined_tail_stress,1116,1.00000,0.55556,0.34391,0.57550,0.44444,0.12864,0.27778
oracle_failure_strata,0,4,compound_sensor_actuator_shift,1116,1.00000,0.72222,0.28129,0.74250,0.27778,0.20184,0.16667
oracle_failure_strata,0,4,fixture_geometry_shift,1116,1.00000,0.00000,0.34947,0.52846,1.00000,0.04476,0.27778
oracle_failure_strata,0,4,rare_mechanism_combo,1116,1.00000,0.22222,0.34881,0.38095,0.77778,0.13273,0.00000
oracle_failure_strata,0,4,out_of_distribution_tail,1116,1.00000,0.27778,0.33206,0.41818,0.72222,0.18085,0.00000
oracle_failure_strata,0,5,nominal_task_balance,1152,1.00000,1.00000,0.00000,0.00000,0.00000,0.02509,0.00000
oracle_failure_strata,0,5,rare_slip_failures,1152,1.00000,1.00000,0.17413,0.16000,0.00000,0.11435,0.00000
oracle_failure_strata,0,5,jammed_fixture_failures,1152,1.00000,0.00000,0.42090,0.48216,1.00000,0.12170,0.88889
oracle_failure_strata,0,5,actuator_limit_failures,1152,1.00000,1.00000,0.00000,0.00000,0.00000,0.10279,0.00000
oracle_failure_strata,0,5,combined_tail_stress,1152,1.00000,0.55556,0.34871,0.59636,0.44444,0.12646,0.27778
oracle_failure_strata,0,5,compound_sensor_actuator_shift,1152,1.00000,0.72222,0.28116,0.71500,0.27778,0.18653,0.16667
oracle_failure_strata,0,5,fixture_geometry_shift,1152,1.00000,0.00000,0.34665,0.51846,1.00000,0.04217,0.27778
oracle_failure_strata,0,5,rare_mechanism_combo,1152,1.00000,0.22222,0.34249,0.36190,0.77778,0.14775,0.00000
oracle_failure_strata,0,5,out_of_distribution_tail,1152,1.00000,0.27778,0.32510,0.40000,0.72222,0.19078,0.00000
greedy_oracle_success_upper,0,0,nominal_task_balance,972,0.87500,1.00000,0.00000,0.00000,0.00000,0.01828,0.00000
greedy_oracle_success_upper,0,0,rare_slip_failures,972,0.87500,1.00000,0.17338,0.08000,0.00000,0.08917,0.00000
greedy_oracle_success_upper,0,0,jammed_fixture_failures,972,0.87500,0.00000,0.39736,0.45359,1.00000,0.13973,0.88889
greedy_oracle_success_upper,0,0,actuator_limit_failures,972,0.87500,1.00000,0.00000,0.00000,0.00000,0.11157,0.00000
greedy_oracle_success_upper,0,0,combined_tail_stress,972,0.87500,0.55556,0.36933,0.62149,0.44444,0.12673,0.27778
greedy_oracle_success_upper,0,0,compound_sensor_actuator_shift,972,0.87500,0.72222,0.28617,0.59964,0.27778,0.11728,0.16667
greedy_oracle_success_upper,0,0,fixture_geometry_shift,972,0.87500,0.00000,0.35044,0.55410,1.00000,0.03130,0.27778
greedy_oracle_success_upper,0,0,rare_mechanism_combo,972,0.87500,0.22222,0.35436,0.39048,0.77778,0.10968,0.00000
greedy_oracle_success_upper,0,0,out_of_distribution_tail,972,0.87500,0.27778,0.34733,0.43636,0.72222,0.13720,0.00000
greedy_oracle_success_upper,0,1,nominal_task_balance,1008,1.00000,1.00000,0.00000,0.00000,0.00000,0.02250,0.00000
greedy_oracle_success_upper,0,1,rare_slip_failures,1008,1.00000,1.00000,0.18833,0.08000,0.00000,0.08632,0.00000
greedy_oracle_success_upper,0,1,jammed_fixture_failures,1008,1.00000,0.00000,0.39959,0.45115,1.00000,0.15097,0.88889
greedy_oracle_success_upper,0,1,actuator_limit_failures,1008,1.00000,1.00000,0.00000,0.00000,0.00000,0.10925,0.00000
greedy_oracle_success_upper,0,1,combined_tail_stress,1008,1.00000,0.55556,0.35984,0.62149,0.44444,0.11623,0.27778
greedy_oracle_success_upper,0,1,compound_sensor_actuator_shift,1008,1.00000,0.72222,0.29089,0.70250,0.27778,0.12015,0.16667
greedy_oracle_success_upper,0,1,fixture_geometry_shift,1008,1.00000,0.00000,0.34766,0.54372,1.00000,0.03745,0.27778
greedy_oracle_success_upper,0,1,rare_mechanism_combo,1008,1.00000,0.22222,0.35349,0.38095,0.77778,0.10266,0.00000
greedy_oracle_success_upper,0,1,out_of_distribution_tail,1008,1.00000,0.27778,0.33440,0.43636,0.72222,0.14941,0.00000
greedy_oracle_success_upper,0,2,nominal_task_balance,1044,1.00000,1.00000,0.00000,0.00000,0.00000,0.02531,0.00000
greedy_oracle_success_upper,0,2,rare_slip_failures,1044,1.00000,1.00000,0.15991,0.04000,0.00000,0.06389,0.00000
greedy_oracle_success_upper,0,2,jammed_fixture_failures,1044,1.00000,0.00000,0.40519,0.43160,1.00000,0.15474,0.88889
greedy_oracle_success_upper,0,2,actuator_limit_failures,1044,1.00000,1.00000,0.00000,0.00000,0.00000,0.10645,0.00000
greedy_oracle_success_upper,0,2,combined_tail_stress,1044,1.00000,0.55556,0.35540,0.63967,0.44444,0.14210,0.27778
greedy_oracle_success_upper,0,2,compound_sensor_actuator_shift,1044,1.00000,0.72222,0.28203,0.73500,0.27778,0.15314,0.16667
greedy_oracle_success_upper,0,2,fixture_geometry_shift,1044,1.00000,0.00000,0.34959,0.54372,1.00000,0.03956,0.27778
greedy_oracle_success_upper,0,2,rare_mechanism_combo,1044,1.00000,0.22222,0.35483,0.39048,0.77778,0.10680,0.00000
greedy_oracle_success_upper,0,2,out_of_distribution_tail,1044,1.00000,0.27778,0.33716,0.45455,0.72222,0.15351,0.00000
greedy_oracle_success_upper,0,3,nominal_task_balance,1080,1.00000,1.00000,0.00000,0.00000,0.00000,0.02319,0.00000
greedy_oracle_success_upper,0,3,rare_slip_failures,1080,1.00000,1.00000,0.13485,0.00000,0.00000,0.07796,0.00000
greedy_oracle_success_upper,0,3,jammed_fixture_failures,1080,1.00000,0.00000,0.40762,0.43404,1.00000,0.15831,0.88889
greedy_oracle_success_upper,0,3,actuator_limit_failures,1080,1.00000,1.00000,0.00000,0.00000,0.00000,0.10710,0.00000
greedy_oracle_success_upper,0,3,combined_tail_stress,1080,1.00000,0.55556,0.36345,0.65786,0.44444,0.13281,0.27778
greedy_oracle_success_upper,0,3,compound_sensor_actuator_shift,1080,1.00000,0.72222,0.27729,0.73500,0.27778,0.18402,0.16667
greedy_oracle_success_upper,0,3,fixture_geometry_shift,1080,1.00000,0.00000,0.34616,0.53346,1.00000,0.04481,0.27778
greedy_oracle_success_upper,0,3,rare_mechanism_combo,1080,1.00000,0.22222,0.34976,0.38095,0.77778,0.11247,0.00000
greedy_oracle_success_upper,0,3,out_of_distribution_tail,1080,1.00000,0.27778,0.33833,0.45455,0.72222,0.16381,0.00000
greedy_oracle_success_upper,0,4,nominal_task_balance,1116,1.00000,1.00000,0.00000,0.00000,0.00000,0.02229,0.00000
greedy_oracle_success_upper,0,4,rare_slip_failures,1116,1.00000,1.00000,0.13068,0.00000,0.00000,0.05541,0.00000
greedy_oracle_success_upper,0,4,jammed_fixture_failures,1116,1.00000,0.00000,0.40260,0.42219,1.00000,0.16165,0.88889
greedy_oracle_success_upper,0,4,actuator_limit_failures,1116,1.00000,1.00000,0.00000,0.00000,0.00000,0.10801,0.00000
greedy_oracle_success_upper,0,4,combined_tail_stress,1116,1.00000,0.55556,0.36075,0.63433,0.44444,0.12427,0.27778
greedy_oracle_success_upper,0,4,compound_sensor_actuator_shift,1116,1.00000,0.72222,0.28509,0.74250,0.27778,0.17106,0.16667
greedy_oracle_success_upper,0,4,fixture_geometry_shift,1116,1.00000,0.00000,0.35051,0.53346,1.00000,0.04235,0.27778
greedy_oracle_success_upper,0,4,rare_mechanism_combo,1116,1.00000,0.22222,0.35040,0.38095,0.77778,0.10264,0.00000
greedy_oracle_success_upper,0,4,out_of_distribution_tail,1116,1.00000,0.27778,0.34238,0.45455,0.72222,0.17566,0.00000
greedy_oracle_success_upper,0,5,nominal_task_balance,1152,1.00000,1.00000,0.00000,0.00000,0.00000,0.02245,0.00000
greedy_oracle_success_upper,0,5,rare_slip_failures,1152,1.00000,1.00000,0.17196,0.08000,0.00000,0.08652,0.00000
greedy_oracle_success_upper,0,5,jammed_fixture_failures,1152,1.00000,0.00000,0.39954,0.42745,1.00000,0.14931,0.88889
greedy_oracle_success_upper,0,5,actuator_limit_failures,1152,1.00000,1.00000,0.00000,0.00000,0.00000,0.10396,0.00000
greedy_oracle_success_upper,0,5,combined_tail_stress,1152,1.00000,0.55556,0.35289,0.62256,0.44444,0.12620,0.27778
greedy_oracle_success_upper,0,5,compound_sensor_actuator_shift,1152,1.00000,0.72222,0.28102,0.72250,0.27778,0.16603,0.16667
greedy_oracle_success_upper,0,5,fixture_geometry_shift,1152,1.00000,0.00000,0.34580,0.52321,1.00000,0.04055,0.27778
greedy_oracle_success_upper,0,5,rare_mechanism_combo,1152,1.00000,0.22222,0.34924,0.37143,0.77778,0.10813,0.00000
greedy_oracle_success_upper,0,5,out_of_distribution_tail,1152,1.00000,0.27778,0.33047,0.41818,0.72222,0.17435,0.00000
random_sampling,1,0,nominal_task_balance,972,0.87500,1.00000,0.00000,0.00000,0.00000,0.02106,0.00000
random_sampling,1,0,rare_slip_failures,972,0.87500,1.00000,0.15417,0.00000,0.00000,0.08500,0.00000
random_sampling,1,0,jammed_fixture_failures,972,0.87500,0.00000,0.36840,0.44800,1.00000,0.11509,0.94444
random_sampling,1,0,actuator_limit_failures,972,0.87500,1.00000,0.10119,0.00000,0.00000,0.12964,0.00000
random_sampling,1,0,combined_tail_stress,972,0.87500,0.77778,0.36953,0.62483,0.22222,0.14845,0.11111
random_sampling,1,0,compound_sensor_actuator_shift,972,0.87500,0.77778,0.23439,0.31270,0.22222,0.07087,0.22222
random_sampling,1,0,fixture_geometry_shift,972,0.87500,0.00000,0.33874,0.37872,1.00000,0.04742,0.38889
random_sampling,1,0,rare_mechanism_combo,972,0.87500,0.44444,0.30760,0.40000,0.55556,0.09167,0.00000
random_sampling,1,0,out_of_distribution_tail,972,0.87500,0.22222,0.35183,0.54737,0.77778,0.09267,0.00000
random_sampling,1,1,nominal_task_balance,1008,0.87500,1.00000,0.00000,0.00000,0.00000,0.02759,0.00000
random_sampling,1,1,rare_slip_failures,1008,0.87500,1.00000,0.16063,0.00000,0.00000,0.08808,0.00000
random_sampling,1,1,jammed_fixture_failures,1008,0.87500,0.00000,0.36970,0.44800,1.00000,0.10770,0.94444
random_sampling,1,1,actuator_limit_failures,1008,0.87500,1.00000,0.10119,0.00000,0.00000,0.13101,0.00000
random_sampling,1,1,combined_tail_stress,1008,0.87500,0.77778,0.36826,0.62483,0.22222,0.14699,0.11111
random_sampling,1,1,compound_sensor_actuator_shift,1008,0.87500,0.77778,0.24688,0.31270,0.22222,0.08371,0.22222
random_sampling,1,1,fixture_geometry_shift,1008,0.87500,0.00000,0.34028,0.37872,1.00000,0.04744,0.38889
random_sampling,1,1,rare_mechanism_combo,1008,0.87500,0.44444,0.30898,0.40000,0.55556,0.08170,0.00000
random_sampling,1,1,out_of_distribution_tail,1008,0.87500,0.22222,0.35306,0.56842,0.77778,0.11548,0.00000
random_sampling,1,2,nominal_task_balance,1044,0.87500,1.00000,0.00000,0.00000,0.00000,0.02761,0.00000
random_sampling,1,2,rare_slip_failures,1044,0.87500,1.00000,0.16063,0.00000,0.00000,0.08432,0.00000
random_sampling,1,2,jammed_fixture_failures,1044,0.87500,0.00000,0.36865,0.44800,1.00000,0.10748,0.94444
random_sampling,1,2,actuator_limit_failures,1044,0.87500,1.00000,0.09233,0.00000,0.00000,0.13607,0.00000
random_sampling,1,2,combined_tail_stress,1044,0.87500,0.77778,0.36380,0.62483,0.22222,0.14595,0.11111
random_sampling,1,2,compound_sensor_actuator_shift,1044,0.87500,0.77778,0.24668,0.33254,0.22222,0.08141,0.22222
random_sampling,1,2,fixture_geometry_shift,1044,0.87500,0.00000,0.33874,0.37872,1.00000,0.04455,0.38889
random_sampling,1,2,rare_mechanism_combo,1044,0.87500,0.44444,0.30963,0.40000,0.55556,0.07885,0.00000
random_sampling,1,2,out_of_distribution_tail,1044,0.87500,0.22222,0.35233,0.56842,0.77778,0.12117,0.00000
random_sampling,1,3,nominal_task_balance,1080,0.87500,1.00000,0.00000,0.00000,0.00000,0.02799,0.00000
random_sampling,1,3,rare_slip_failures,1080,0.87500,1.00000,0.15417,0.00000,0.00000,0.08763,0.00000
random_sampling,1,3,jammed_fixture_failures,1080,0.87500,0.00000,0.36802,0.44800,1.00000,0.10750,0.94444
random_sampling,1,3,actuator_limit_failures,1080,0.87500,1.00000,0.09545,0.00000,0.00000,0.13192,0.00000
random_sampling,1,3,combined_tail_stress,1080,0.87500,0.77778,0.36980,0.62483,0.22222,0.13959,0.11111
random_sampling,1,3,compound_sensor_actuator_shift,1080,0.87500,0.77778,0.24146,0.32698,0.22222,0.08183,0.22222
random_sampling,1,3,fixture_geometry_shift,1080,0.87500,0.00000,0.33883,0.37872,1.00000,0.03888,0.38889
random_sampling,1,3,rare_mechanism_combo,1080,0.87500,0.44444,0.30719,0.40000,0.55556,0.07518,0.00000
random_sampling,1,3,out_of_distribution_tail,1080,0.87500,0.22222,0.35442,0.57895,0.77778,0.11341,0.00000
random_sampling,1,4,nominal_task_balance,1116,0.87500,1.00000,0.00000,0.00000,0.00000,0.02920,0.00000
random_sampling,1,4,rare_slip_failures,1116,0.87500,1.00000,0.16063,0.00000,0.00000,0.08651,0.00000
random_sampling,1,4,jammed_fixture_failures,1116,0.87500,0.00000,0.36833,0.44800,1.00000,0.10629,0.94444
random_sampling,1,4,actuator_limit_failures,1116,0.87500,1.00000,0.09903,0.00000,0.00000,0.12580,0.00000
random_sampling,1,4,combined_tail_stress,1116,0.87500,0.77778,0.36698,0.60378,0.22222,0.14716,0.11111
random_sampling,1,4,compound_sensor_actuator_shift,1116,0.87500,0.77778,0.24235,0.35317,0.22222,0.08010,0.22222
random_sampling,1,4,fixture_geometry_shift,1116,0.87500,0.00000,0.34033,0.37872,1.00000,0.03780,0.38889
random_sampling,1,4,rare_mechanism_combo,1116,0.87500,0.44444,0.30830,0.40000,0.55556,0.08279,0.00000
random_sampling,1,4,out_of_distribution_tail,1116,0.87500,0.22222,0.35419,0.56842,0.77778,0.11982,0.00000
random_sampling,1,5,nominal_task_balance,1152,0.87500,1.00000,0.00000,0.00000,0.00000,0.03049,0.00000
random_sampling,1,5,rare_slip_failures,1152,0.87500,1.00000,0.16063,0.00000,0.00000,0.08369,0.00000
random_sampling,1,5,jammed_fixture_failures,1152,0.87500,0.00000,0.37296,0.44800,1.00000,0.10712,0.94444
random_sampling,1,5,actuator_limit_failures,1152,0.87500,1.00000,0.09233,0.00000,0.00000,0.12835,0.00000
random_sampling,1,5,combined_tail_stress,1152,0.87500,0.77778,0.36818,0.59202,0.22222,0.12691,0.11111
random_sampling,1,5,compound_sensor_actuator_shift,1152,0.87500,0.77778,0.23892,0.34206,0.22222,0.09932,0.22222
random_sampling,1,5,fixture_geometry_shift,1152,0.87500,0.00000,0.33957,0.37872,1.00000,0.03612,0.38889
random_sampling,1,5,rare_mechanism_combo,1152,0.87500,0.44444,0.31185,0.40000,0.55556,0.10322,0.00000
random_sampling,1,5,out_of_distribution_tail,1152,0.87500,0.22222,0.35465,0.56842,0.77778,0.11173,0.00000
task_label_stratification,1,0,nominal_task_balance,972,0.87500,1.00000,0.00000,0.00000,0.00000,0.02106,0.00000
task_label_stratification,1,0,rare_slip_failures,972,0.87500,1.00000,0.15417,0.00000,0.00000,0.08500,0.00000
task_label_stratification,1,0,jammed_fixture_failures,972,0.87500,0.00000,0.36840,0.44800,1.00000,0.11509,0.94444
task_label_stratification,1,0,actuator_limit_failures,972,0.87500,1.00000,0.10119,0.00000,0.00000,0.12964,0.00000
task_label_stratification,1,0,combined_tail_stress,972,0.87500,0.77778,0.36953,0.62483,0.22222,0.14845,0.11111
task_label_stratification,1,0,compound_sensor_actuator_shift,972,0.87500,0.77778,0.23439,0.31270,0.22222,0.07087,0.22222
task_label_stratification,1,0,fixture_geometry_shift,972,0.87500,0.00000,0.33874,0.37872,1.00000,0.04742,0.38889
task_label_stratification,1,0,rare_mechanism_combo,972,0.87500,0.44444,0.30760,0.40000,0.55556,0.09167,0.00000
task_label_stratification,1,0,out_of_distribution_tail,972,0.87500,0.22222,0.35183,0.54737,0.77778,0.09267,0.00000
task_label_stratification,1,1,nominal_task_balance,1008,0.87500,1.00000,0.00000,0.00000,0.00000,0.02082,0.00000
task_label_stratification,1,1,rare_slip_failures,1008,0.87500,1.00000,0.15417,0.00000,0.00000,0.08332,0.00000
task_label_stratification,1,1,jammed_fixture_failures,1008,0.87500,0.00000,0.36755,0.44800,1.00000,0.11160,0.94444
task_label_stratification,1,1,actuator_limit_failures,1008,0.87500,1.00000,0.11250,0.00000,0.00000,0.12502,0.00000
task_label_stratification,1,1,combined_tail_stress,1008,0.87500,0.77778,0.36498,0.62483,0.22222,0.14058,0.11111
task_label_stratification,1,1,compound_sensor_actuator_shift,1008,0.87500,0.77778,0.24279,0.31825,0.22222,0.07808,0.22222
task_label_stratification,1,1,fixture_geometry_shift,1008,0.87500,0.00000,0.33874,0.37872,1.00000,0.04585,0.38889
task_label_stratification,1,1,rare_mechanism_combo,1008,0.87500,0.44444,0.30561,0.40000,0.55556,0.09188,0.00000
task_label_stratification,1,1,out_of_distribution_tail,1008,0.87500,0.22222,0.35551,0.55789,0.77778,0.08992,0.00000
task_label_stratification,1,2,nominal_task_balance,1044,0.87500,1.00000,0.00000,0.00000,0.00000,0.02020,0.00000
task_label_stratification,1,2,rare_slip_failures,1044,0.87500,1.00000,0.15417,0.00000,0.00000,0.08461,0.00000
task_label_stratification,1,2,jammed_fixture_failures,1044,0.87500,0.00000,0.37095,0.44329,1.00000,0.11026,0.94444
task_label_stratification,1,2,actuator_limit_failures,1044,0.87500,1.00000,0.11230,0.00000,0.00000,0.12860,0.00000
task_label_stratification,1,2,combined_tail_stress,1044,0.87500,0.77778,0.36403,0.62483,0.22222,0.14233,0.11111
task_label_stratification,1,2,compound_sensor_actuator_shift,1044,0.87500,0.77778,0.26582,0.35889,0.22222,0.07624,0.22222
task_label_stratification,1,2,fixture_geometry_shift,1044,0.87500,0.00000,0.33926,0.37872,1.00000,0.04481,0.38889
task_label_stratification,1,2,rare_mechanism_combo,1044,0.87500,0.44444,0.30613,0.40000,0.55556,0.09950,0.00000
task_label_stratification,1,2,out_of_distribution_tail,1044,0.87500,0.22222,0.34851,0.52632,0.77778,0.08726,0.00000
task_label_stratification,1,3,nominal_task_balance,1080,0.87500,1.00000,0.00000,0.00000,0.00000,0.02087,0.00000
task_label_stratification,1,3,rare_slip_failures,1080,0.87500,1.00000,0.14583,0.00000,0.00000,0.08140,0.00000
task_label_stratification,1,3,jammed_fixture_failures,1080,0.87500,0.00000,0.36693,0.44329,1.00000,0.10970,0.94444
task_label_stratification,1,3,actuator_limit_failures,1080,0.87500,1.00000,0.10938,0.00000,0.00000,0.12291,0.00000
task_label_stratification,1,3,combined_tail_stress,1080,0.87500,0.77778,0.36318,0.62483,0.22222,0.13879,0.11111
task_label_stratification,1,3,compound_sensor_actuator_shift,1080,0.87500,0.77778,0.25717,0.37825,0.22222,0.07058,0.22222
task_label_stratification,1,3,fixture_geometry_shift,1080,0.87500,0.00000,0.33843,0.37447,1.00000,0.04732,0.38889
task_label_stratification,1,3,rare_mechanism_combo,1080,0.87500,0.44444,0.30491,0.38462,0.55556,0.08790,0.00000
task_label_stratification,1,3,out_of_distribution_tail,1080,0.87500,0.22222,0.34687,0.50526,0.77778,0.08055,0.00000
task_label_stratification,1,4,nominal_task_balance,1116,0.87500,1.00000,0.00000,0.00000,0.00000,0.02144,0.00000
task_label_stratification,1,4,rare_slip_failures,1116,0.87500,1.00000,0.15230,0.00000,0.00000,0.08275,0.00000
task_label_stratification,1,4,jammed_fixture_failures,1116,0.87500,0.00000,0.36609,0.44329,1.00000,0.10905,0.94444
task_label_stratification,1,4,actuator_limit_failures,1116,0.87500,1.00000,0.10938,0.00000,0.00000,0.12077,0.00000
task_label_stratification,1,4,combined_tail_stress,1116,0.87500,0.77778,0.36453,0.63594,0.22222,0.14090,0.11111
task_label_stratification,1,4,compound_sensor_actuator_shift,1116,0.87500,0.77778,0.26522,0.36841,0.22222,0.07894,0.22222
task_label_stratification,1,4,fixture_geometry_shift,1116,0.87500,0.00000,0.33843,0.37447,1.00000,0.04536,0.38889
task_label_stratification,1,4,rare_mechanism_combo,1116,0.87500,0.44444,0.30914,0.40000,0.55556,0.07762,0.00000
task_label_stratification,1,4,out_of_distribution_tail,1116,0.87500,0.22222,0.35126,0.51579,0.77778,0.08795,0.00000
task_label_stratification,1,5,nominal_task_balance,1152,0.87500,1.00000,0.00000,0.00000,0.00000,0.02217,0.00000
task_label_stratification,1,5,rare_slip_failures,1152,0.87500,1.00000,0.15230,0.00000,0.00000,0.07131,0.00000
task_label_stratification,1,5,jammed_fixture_failures,1152,0.87500,0.00000,0.36664,0.44329,1.00000,0.10612,0.94444
task_label_stratification,1,5,actuator_limit_failures,1152,0.87500,1.00000,0.10457,0.00000,0.00000,0.12385,0.00000
task_label_stratification,1,5,combined_tail_stress,1152,0.87500,0.77778,0.36152,0.62483,0.22222,0.14070,0.11111
task_label_stratification,1,5,compound_sensor_actuator_shift,1152,0.87500,0.77778,0.26629,0.37159,0.22222,0.07954,0.22222
task_label_stratification,1,5,fixture_geometry_shift,1152,0.87500,0.00000,0.33584,0.36596,1.00000,0.04367,0.38889
task_label_stratification,1,5,rare_mechanism_combo,1152,0.87500,0.44444,0.30731,0.40000,0.55556,0.07053,0.00000
task_label_stratification,1,5,out_of_distribution_tail,1152,0.87500,0.22222,0.34469,0.48421,0.77778,0.10001,0.00000
state_diversity_coreset,1,0,nominal_task_balance,972,0.87500,1.00000,0.00000,0.00000,0.00000,0.02106,0.00000
state_diversity_coreset,1,0,rare_slip_failures,972,0.87500,1.00000,0.15417,0.00000,0.00000,0.08500,0.00000
state_diversity_coreset,1,0,jammed_fixture_failures,972,0.87500,0.00000,0.36840,0.44800,1.00000,0.11509,0.94444
state_diversity_coreset,1,0,actuator_limit_failures,972,0.87500,1.00000,0.10119,0.00000,0.00000,0.12964,0.00000
state_diversity_coreset,1,0,combined_tail_stress,972,0.87500,0.77778,0.36953,0.62483,0.22222,0.14845,0.11111
state_diversity_coreset,1,0,compound_sensor_actuator_shift,972,0.87500,0.77778,0.23439,0.31270,0.22222,0.07087,0.22222
state_diversity_coreset,1,0,fixture_geometry_shift,972,0.87500,0.00000,0.33874,0.37872,1.00000,0.04742,0.38889
state_diversity_coreset,1,0,rare_mechanism_combo,972,0.87500,0.44444,0.30760,0.40000,0.55556,0.09167,0.00000
state_diversity_coreset,1,0,out_of_distribution_tail,972,0.87500,0.22222,0.35183,0.54737,0.77778,0.09267,0.00000
state_diversity_coreset,1,1,nominal_task_balance,1008,1.00000,1.00000,0.00000,0.00000,0.00000,0.01848,0.00000
state_diversity_coreset,1,1,rare_slip_failures,1008,1.00000,1.00000,0.14583,0.00000,0.00000,0.08919,0.00000
state_diversity_coreset,1,1,jammed_fixture_failures,1008,1.00000,0.00000,0.35906,0.38800,1.00000,0.12134,0.94444
state_diversity_coreset,1,1,actuator_limit_failures,1008,1.00000,1.00000,0.09519,0.00000,0.00000,0.12917,0.00000
state_diversity_coreset,1,1,combined_tail_stress,1008,1.00000,0.77778,0.36027,0.61542,0.22222,0.13691,0.11111
state_diversity_coreset,1,1,compound_sensor_actuator_shift,1008,1.00000,0.77778,0.24730,0.39492,0.22222,0.07179,0.22222
state_diversity_coreset,1,1,fixture_geometry_shift,1008,1.00000,0.00000,0.33802,0.37021,1.00000,0.04668,0.38889
state_diversity_coreset,1,1,rare_mechanism_combo,1008,1.00000,0.44444,0.30906,0.40000,0.55556,0.07362,0.00000
state_diversity_coreset,1,1,out_of_distribution_tail,1008,1.00000,0.22222,0.35191,0.53684,0.77778,0.09385,0.00000
state_diversity_coreset,1,2,nominal_task_balance,1044,1.00000,1.00000,0.00000,0.00000,0.00000,0.01732,0.00000
state_diversity_coreset,1,2,rare_slip_failures,1044,1.00000,1.00000,0.12000,0.00000,0.00000,0.09175,0.00000
state_diversity_coreset,1,2,jammed_fixture_failures,1044,1.00000,0.00000,0.37026,0.40800,1.00000,0.12395,0.94444
state_diversity_coreset,1,2,actuator_limit_failures,1044,1.00000,1.00000,0.09233,0.00000,0.00000,0.12704,0.00000
state_diversity_coreset,1,2,combined_tail_stress,1044,1.00000,0.77778,0.35717,0.62895,0.22222,0.14055,0.11111
state_diversity_coreset,1,2,compound_sensor_actuator_shift,1044,1.00000,0.77778,0.25076,0.44016,0.22222,0.08405,0.22222
state_diversity_coreset,1,2,fixture_geometry_shift,1044,1.00000,0.00000,0.33749,0.37447,1.00000,0.04843,0.38889
state_diversity_coreset,1,2,rare_mechanism_combo,1044,1.00000,0.44444,0.30766,0.40000,0.55556,0.06602,0.00000
state_diversity_coreset,1,2,out_of_distribution_tail,1044,1.00000,0.22222,0.35613,0.57895,0.77778,0.11443,0.00000
state_diversity_coreset,1,3,nominal_task_balance,1080,1.00000,1.00000,0.00000,0.00000,0.00000,0.01713,0.00000
state_diversity_coreset,1,3,rare_slip_failures,1080,1.00000,1.00000,0.13556,0.00000,0.00000,0.08137,0.00000
state_diversity_coreset,1,3,jammed_fixture_failures,1080,1.00000,0.00000,0.37126,0.40329,1.00000,0.13381,0.94444
state_diversity_coreset,1,3,actuator_limit_failures,1080,1.00000,1.00000,0.10000,0.00000,0.00000,0.12053,0.00000
state_diversity_coreset,1,3,combined_tail_stress,1080,1.00000,0.77778,0.35941,0.62542,0.22222,0.14152,0.11111
state_diversity_coreset,1,3,compound_sensor_actuator_shift,1080,1.00000,0.77778,0.24984,0.43857,0.22222,0.09250,0.22222
state_diversity_coreset,1,3,fixture_geometry_shift,1080,1.00000,0.00000,0.33980,0.37872,1.00000,0.04792,0.38889
state_diversity_coreset,1,3,rare_mechanism_combo,1080,1.00000,0.44444,0.30994,0.38462,0.55556,0.06417,0.00000
state_diversity_coreset,1,3,out_of_distribution_tail,1080,1.00000,0.22222,0.36006,0.56842,0.77778,0.11880,0.00000
state_diversity_coreset,1,4,nominal_task_balance,1116,1.00000,1.00000,0.00000,0.00000,0.00000,0.01762,0.00000
state_diversity_coreset,1,4,rare_slip_failures,1116,1.00000,1.00000,0.12808,0.00000,0.00000,0.09092,0.00000
state_diversity_coreset,1,4,jammed_fixture_failures,1116,1.00000,0.00000,0.36951,0.41294,1.00000,0.14356,0.94444
state_diversity_coreset,1,4,actuator_limit_failures,1116,1.00000,1.00000,0.08482,0.00000,0.00000,0.11781,0.00000
state_diversity_coreset,1,4,combined_tail_stress,1116,1.00000,0.77778,0.37015,0.65718,0.22222,0.15770,0.11111
state_diversity_coreset,1,4,compound_sensor_actuator_shift,1116,1.00000,0.77778,0.24759,0.42429,0.22222,0.10738,0.22222
state_diversity_coreset,1,4,fixture_geometry_shift,1116,1.00000,0.00000,0.33726,0.37021,1.00000,0.04953,0.38889
state_diversity_coreset,1,4,rare_mechanism_combo,1116,1.00000,0.44444,0.30912,0.38462,0.55556,0.06495,0.00000
state_diversity_coreset,1,4,out_of_distribution_tail,1116,1.00000,0.22222,0.35612,0.56842,0.77778,0.13280,0.00000
state_diversity_coreset,1,5,nominal_task_balance,1152,1.00000,1.00000,0.00000,0.00000,0.00000,0.01398,0.00000
state_diversity_coreset,1,5,rare_slip_failures,1152,1.00000,1.00000,0.12416,0.00000,0.00000,0.07987,0.00000
state_diversity_coreset,1,5,jammed_fixture_failures,1152,1.00000,0.00000,0.37508,0.42329,1.00000,0.14206,0.94444
state_diversity_coreset,1,5,actuator_limit_failures,1152,1.00000,1.00000,0.08894,0.00000,0.00000,0.11261,0.00000
state_diversity_coreset,1,5,combined_tail_stress,1152,1.00000,0.77778,0.35802,0.63718,0.22222,0.14524,0.11111
state_diversity_coreset,1,5,compound_sensor_actuator_shift,1152,1.00000,0.77778,0.24063,0.41000,0.22222,0.08937,0.22222
state_diversity_coreset,1,5,fixture_geometry_shift,1152,1.00000,0.00000,0.33917,0.37872,1.00000,0.04769,0.38889
state_diversity_coreset,1,5,rare_mechanism_combo,1152,1.00000,0.44444,0.31161,0.40000,0.55556,0.05832,0.00000
state_diversity_coreset,1,5,out_of_distribution_tail,1152,1.00000,0.22222,0.35473,0.54737,0.77778,0.11743,0.00000
uncertainty_sampling,1,0,nominal_task_balance,972,0.87500,1.00000,0.00000,0.00000,0.00000,0.02106,0.00000
uncertainty_sampling,1,0,rare_slip_failures,972,0.87500,1.00000,0.15417,0.00000,0.00000,0.08500,0.00000
uncertainty_sampling,1,0,jammed_fixture_failures,972,0.87500,0.00000,0.36840,0.44800,1.00000,0.11509,0.94444
uncertainty_sampling,1,0,actuator_limit_failures,972,0.87500,1.00000,0.10119,0.00000,0.00000,0.12964,0.00000
uncertainty_sampling,1,0,combined_tail_stress,972,0.87500,0.77778,0.36953,0.62483,0.22222,0.14845,0.11111
uncertainty_sampling,1,0,compound_sensor_actuator_shift,972,0.87500,0.77778,0.23439,0.31270,0.22222,0.07087,0.22222
uncertainty_sampling,1,0,fixture_geometry_shift,972,0.87500,0.00000,0.33874,0.37872,1.00000,0.04742,0.38889
uncertainty_sampling,1,0,rare_mechanism_combo,972,0.87500,0.44444,0.30760,0.40000,0.55556,0.09167,0.00000
uncertainty_sampling,1,0,out_of_distribution_tail,972,0.87500,0.22222,0.35183,0.54737,0.77778,0.09267,0.00000
uncertainty_sampling,1,1,nominal_task_balance,1008,0.87500,1.00000,0.00000,0.00000,0.00000,0.03349,0.00000
uncertainty_sampling,1,1,rare_slip_failures,1008,0.87500,1.00000,0.16063,0.00000,0.00000,0.08002,0.00000
uncertainty_sampling,1,1,jammed_fixture_failures,1008,0.87500,0.00000,0.37295,0.44800,1.00000,0.11124,0.94444
uncertainty_sampling,1,1,actuator_limit_failures,1008,0.87500,1.00000,0.09769,0.00000,0.00000,0.12492,0.00000
uncertainty_sampling,1,1,combined_tail_stress,1008,0.87500,0.77778,0.36912,0.60254,0.22222,0.12781,0.11111
uncertainty_sampling,1,1,compound_sensor_actuator_shift,1008,0.87500,0.77778,0.23908,0.31270,0.22222,0.07678,0.22222
uncertainty_sampling,1,1,fixture_geometry_shift,1008,0.87500,0.00000,0.33874,0.37872,1.00000,0.04854,0.38889
uncertainty_sampling,1,1,rare_mechanism_combo,1008,0.87500,0.44444,0.30762,0.40000,0.55556,0.07061,0.00000
uncertainty_sampling,1,1,out_of_distribution_tail,1008,0.87500,0.22222,0.34885,0.53684,0.77778,0.09246,0.00000
uncertainty_sampling,1,2,nominal_task_balance,1044,0.87500,1.00000,0.00000,0.00000,0.00000,0.02800,0.00000
uncertainty_sampling,1,2,rare_slip_failures,1044,0.87500,1.00000,0.16063,0.00000,0.00000,0.06737,0.00000
uncertainty_sampling,1,2,jammed_fixture_failures,1044,0.87500,0.00000,0.37600,0.44800,1.00000,0.10916,0.94444
uncertainty_sampling,1,2,actuator_limit_failures,1044,0.87500,1.00000,0.09688,0.00000,0.00000,0.11721,0.00000
uncertainty_sampling,1,2,combined_tail_stress,1044,0.87500,0.77778,0.36826,0.60254,0.22222,0.11997,0.11111
uncertainty_sampling,1,2,compound_sensor_actuator_shift,1044,0.87500,0.77778,0.23662,0.30397,0.22222,0.08519,0.22222
uncertainty_sampling,1,2,fixture_geometry_shift,1044,0.87500,0.00000,0.33950,0.37872,1.00000,0.04489,0.38889
uncertainty_sampling,1,2,rare_mechanism_combo,1044,0.87500,0.44444,0.31695,0.40000,0.55556,0.05572,0.00000
uncertainty_sampling,1,2,out_of_distribution_tail,1044,0.87500,0.22222,0.35294,0.54737,0.77778,0.09542,0.00000
uncertainty_sampling,1,3,nominal_task_balance,1080,0.87500,1.00000,0.00000,0.00000,0.00000,0.03752,0.00000
uncertainty_sampling,1,3,rare_slip_failures,1080,0.87500,1.00000,0.17490,0.00000,0.00000,0.06851,0.00000
uncertainty_sampling,1,3,jammed_fixture_failures,1080,0.87500,0.00000,0.37189,0.44800,1.00000,0.11243,0.94444
uncertainty_sampling,1,3,actuator_limit_failures,1080,0.87500,1.00000,0.09821,0.00000,0.00000,0.09972,0.00000
uncertainty_sampling,1,3,combined_tail_stress,1080,0.87500,0.77778,0.37352,0.60254,0.22222,0.13153,0.11111
uncertainty_sampling,1,3,compound_sensor_actuator_shift,1080,0.87500,0.77778,0.24395,0.31270,0.22222,0.09942,0.22222
uncertainty_sampling,1,3,fixture_geometry_shift,1080,0.87500,0.00000,0.33950,0.37872,1.00000,0.04522,0.38889
uncertainty_sampling,1,3,rare_mechanism_combo,1080,0.87500,0.44444,0.31656,0.40000,0.55556,0.07286,0.00000
uncertainty_sampling,1,3,out_of_distribution_tail,1080,0.87500,0.22222,0.34894,0.51579,0.77778,0.10630,0.00000
uncertainty_sampling,1,4,nominal_task_balance,1116,0.87500,1.00000,0.00000,0.00000,0.00000,0.02907,0.00000
uncertainty_sampling,1,4,rare_slip_failures,1116,0.87500,1.00000,0.18011,0.00000,0.00000,0.06758,0.00000
uncertainty_sampling,1,4,jammed_fixture_failures,1116,0.87500,0.00000,0.37067,0.44800,1.00000,0.11455,0.94444
uncertainty_sampling,1,4,actuator_limit_failures,1116,0.87500,1.00000,0.08042,0.00000,0.00000,0.09511,0.00000
uncertainty_sampling,1,4,combined_tail_stress,1116,0.87500,0.77778,0.37802,0.60254,0.22222,0.13834,0.11111
uncertainty_sampling,1,4,compound_sensor_actuator_shift,1116,0.87500,0.77778,0.23552,0.28333,0.22222,0.11540,0.22222
uncertainty_sampling,1,4,fixture_geometry_shift,1116,0.87500,0.00000,0.33950,0.37872,1.00000,0.04600,0.38889
uncertainty_sampling,1,4,rare_mechanism_combo,1116,0.87500,0.44444,0.33708,0.60000,0.55556,0.06332,0.00000
uncertainty_sampling,1,4,out_of_distribution_tail,1116,0.87500,0.22222,0.34348,0.49474,0.77778,0.11383,0.00000
uncertainty_sampling,1,5,nominal_task_balance,1152,0.87500,1.00000,0.00000,0.00000,0.00000,0.02942,0.00000
uncertainty_sampling,1,5,rare_slip_failures,1152,0.87500,1.00000,0.18011,0.00000,0.00000,0.07391,0.00000
uncertainty_sampling,1,5,jammed_fixture_failures,1152,0.87500,0.00000,0.36781,0.42800,1.00000,0.11772,0.94444
uncertainty_sampling,1,5,actuator_limit_failures,1152,0.87500,1.00000,0.07630,0.00000,0.00000,0.09306,0.00000
uncertainty_sampling,1,5,combined_tail_stress,1152,0.87500,0.77778,0.37737,0.60254,0.22222,0.15192,0.11111
uncertainty_sampling,1,5,compound_sensor_actuator_shift,1152,0.87500,0.77778,0.24042,0.27222,0.22222,0.12391,0.22222
uncertainty_sampling,1,5,fixture_geometry_shift,1152,0.87500,0.00000,0.33950,0.37872,1.00000,0.04700,0.38889
uncertainty_sampling,1,5,rare_mechanism_combo,1152,0.87500,0.44444,0.34271,0.60000,0.55556,0.07343,0.00000
uncertainty_sampling,1,5,out_of_distribution_tail,1152,0.87500,0.22222,0.34651,0.50526,0.77778,0.09110,0.00000
failure_prediction_active_learning,1,0,nominal_task_balance,972,0.87500,1.00000,0.00000,0.00000,0.00000,0.02106,0.00000
failure_prediction_active_learning,1,0,rare_slip_failures,972,0.87500,1.00000,0.15417,0.00000,0.00000,0.08500,0.00000
failure_prediction_active_learning,1,0,jammed_fixture_failures,972,0.87500,0.00000,0.36840,0.44800,1.00000,0.11509,0.94444
failure_prediction_active_learning,1,0,actuator_limit_failures,972,0.87500,1.00000,0.10119,0.00000,0.00000,0.12964,0.00000
failure_prediction_active_learning,1,0,combined_tail_stress,972,0.87500,0.77778,0.36953,0.62483,0.22222,0.14845,0.11111
failure_prediction_active_learning,1,0,compound_sensor_actuator_shift,972,0.87500,0.77778,0.23439,0.31270,0.22222,0.07087,0.22222
failure_prediction_active_learning,1,0,fixture_geometry_shift,972,0.87500,0.00000,0.33874,0.37872,1.00000,0.04742,0.38889
failure_prediction_active_learning,1,0,rare_mechanism_combo,972,0.87500,0.44444,0.30760,0.40000,0.55556,0.09167,0.00000
failure_prediction_active_learning,1,0,out_of_distribution_tail,972,0.87500,0.22222,0.35183,0.54737,0.77778,0.09267,0.00000
failure_prediction_active_learning,1,1,nominal_task_balance,1008,0.87500,1.00000,0.00000,0.00000,0.00000,0.02227,0.00000
failure_prediction_active_learning,1,1,rare_slip_failures,1008,0.87500,1.00000,0.14250,0.00000,0.00000,0.08975,0.00000
failure_prediction_active_learning,1,1,jammed_fixture_failures,1008,0.87500,0.00000,0.36809,0.42800,1.00000,0.11957,0.94444
failure_prediction_active_learning,1,1,actuator_limit_failures,1008,0.87500,1.00000,0.10390,0.00000,0.00000,0.12351,0.00000
failure_prediction_active_learning,1,1,combined_tail_stress,1008,0.87500,0.77778,0.36410,0.61431,0.22222,0.13533,0.11111
failure_prediction_active_learning,1,1,compound_sensor_actuator_shift,1008,0.87500,0.77778,0.23706,0.32381,0.22222,0.08621,0.22222
failure_prediction_active_learning,1,1,fixture_geometry_shift,1008,0.87500,0.00000,0.33999,0.38298,1.00000,0.04984,0.38889
failure_prediction_active_learning,1,1,rare_mechanism_combo,1008,0.87500,0.44444,0.33180,0.48462,0.55556,0.07397,0.00000
failure_prediction_active_learning,1,1,out_of_distribution_tail,1008,0.87500,0.22222,0.34804,0.50526,0.77778,0.11073,0.00000
failure_prediction_active_learning,1,2,nominal_task_balance,1044,0.87500,1.00000,0.00000,0.00000,0.00000,0.01816,0.00000
failure_prediction_active_learning,1,2,rare_slip_failures,1044,0.87500,1.00000,0.11143,0.00000,0.00000,0.09491,0.00000
failure_prediction_active_learning,1,2,jammed_fixture_failures,1044,0.87500,0.00000,0.36120,0.40565,1.00000,0.12582,0.94444
failure_prediction_active_learning,1,2,actuator_limit_failures,1044,0.87500,1.00000,0.07778,0.00000,0.00000,0.11717,0.00000
failure_prediction_active_learning,1,2,combined_tail_stress,1044,0.87500,0.77778,0.36045,0.60254,0.22222,0.12505,0.11111
failure_prediction_active_learning,1,2,compound_sensor_actuator_shift,1044,0.87500,0.77778,0.22932,0.31270,0.22222,0.09707,0.22222
failure_prediction_active_learning,1,2,fixture_geometry_shift,1044,0.87500,0.00000,0.33884,0.39149,1.00000,0.05965,0.38889
failure_prediction_active_learning,1,2,rare_mechanism_combo,1044,0.87500,0.44444,0.33302,0.48462,0.55556,0.08105,0.00000
failure_prediction_active_learning,1,2,out_of_distribution_tail,1044,0.87500,0.22222,0.34314,0.47368,0.77778,0.12764,0.00000
failure_prediction_active_learning,1,3,nominal_task_balance,1080,0.87500,1.00000,0.00000,0.00000,0.00000,0.02035,0.00000
failure_prediction_active_learning,1,3,rare_slip_failures,1080,0.87500,1.00000,0.05299,0.00000,0.00000,0.10014,0.00000
failure_prediction_active_learning,1,3,jammed_fixture_failures,1080,0.87500,0.00000,0.36367,0.42329,1.00000,0.14469,0.94444
failure_prediction_active_learning,1,3,actuator_limit_failures,1080,0.87500,1.00000,0.02778,0.00000,0.00000,0.11206,0.00000
failure_prediction_active_learning,1,3,combined_tail_stress,1080,0.87500,0.77778,0.36203,0.60254,0.22222,0.12846,0.11111
failure_prediction_active_learning,1,3,compound_sensor_actuator_shift,1080,0.87500,0.77778,0.22708,0.31270,0.22222,0.10562,0.22222
failure_prediction_active_learning,1,3,fixture_geometry_shift,1080,0.87500,0.00000,0.33702,0.39149,1.00000,0.06392,0.38889
failure_prediction_active_learning,1,3,rare_mechanism_combo,1080,0.87500,0.44444,0.33910,0.48462,0.55556,0.07500,0.00000
failure_prediction_active_learning,1,3,out_of_distribution_tail,1080,0.87500,0.22222,0.34502,0.46316,0.77778,0.11485,0.00000
failure_prediction_active_learning,1,4,nominal_task_balance,1116,0.87500,1.00000,0.00000,0.00000,0.00000,0.02170,0.00000
failure_prediction_active_learning,1,4,rare_slip_failures,1116,0.87500,1.00000,0.04792,0.00000,0.00000,0.10162,0.00000
failure_prediction_active_learning,1,4,jammed_fixture_failures,1116,0.87500,0.00000,0.36576,0.44094,1.00000,0.14714,0.94444
failure_prediction_active_learning,1,4,actuator_limit_failures,1116,0.87500,1.00000,0.02778,0.00000,0.00000,0.10731,0.00000
failure_prediction_active_learning,1,4,combined_tail_stress,1116,0.87500,0.77778,0.36887,0.62418,0.22222,0.12707,0.11111
failure_prediction_active_learning,1,4,compound_sensor_actuator_shift,1116,0.87500,0.77778,0.22955,0.32222,0.22222,0.12005,0.22222
failure_prediction_active_learning,1,4,fixture_geometry_shift,1116,0.87500,0.00000,0.34043,0.39149,1.00000,0.06420,0.38889
failure_prediction_active_learning,1,4,rare_mechanism_combo,1116,0.87500,0.44444,0.34484,0.48462,0.55556,0.07268,0.00000
failure_prediction_active_learning,1,4,out_of_distribution_tail,1116,0.87500,0.22222,0.34793,0.46316,0.77778,0.11526,0.00000
failure_prediction_active_learning,1,5,nominal_task_balance,1152,0.87500,1.00000,0.00000,0.00000,0.00000,0.02263,0.00000
failure_prediction_active_learning,1,5,rare_slip_failures,1152,0.87500,1.00000,0.04792,0.00000,0.00000,0.10306,0.00000
failure_prediction_active_learning,1,5,jammed_fixture_failures,1152,0.87500,0.00000,0.36194,0.43694,1.00000,0.14990,0.94444
failure_prediction_active_learning,1,5,actuator_limit_failures,1152,0.87500,1.00000,0.02778,0.00000,0.00000,0.10285,0.00000
failure_prediction_active_learning,1,5,combined_tail_stress,1152,0.87500,0.77778,0.36741,0.61307,0.22222,0.12820,0.11111
failure_prediction_active_learning,1,5,compound_sensor_actuator_shift,1152,0.87500,0.77778,0.23062,0.31667,0.22222,0.10048,0.22222
failure_prediction_active_learning,1,5,fixture_geometry_shift,1152,0.87500,0.00000,0.34106,0.38068,1.00000,0.06360,0.38889
failure_prediction_active_learning,1,5,rare_mechanism_combo,1152,0.87500,0.44444,0.34858,0.48462,0.55556,0.09342,0.00000
failure_prediction_active_learning,1,5,out_of_distribution_tail,1152,0.87500,0.22222,0.35126,0.46316,0.77778,0.13019,0.00000
calibrated_failure_risk,1,0,nominal_task_balance,972,0.87500,1.00000,0.00000,0.00000,0.00000,0.02106,0.00000
calibrated_failure_risk,1,0,rare_slip_failures,972,0.87500,1.00000,0.15417,0.00000,0.00000,0.08500,0.00000
calibrated_failure_risk,1,0,jammed_fixture_failures,972,0.87500,0.00000,0.36840,0.44800,1.00000,0.11509,0.94444
calibrated_failure_risk,1,0,actuator_limit_failures,972,0.87500,1.00000,0.10119,0.00000,0.00000,0.12964,0.00000
calibrated_failure_risk,1,0,combined_tail_stress,972,0.87500,0.77778,0.36953,0.62483,0.22222,0.14845,0.11111
calibrated_failure_risk,1,0,compound_sensor_actuator_shift,972,0.87500,0.77778,0.23439,0.31270,0.22222,0.07087,0.22222
calibrated_failure_risk,1,0,fixture_geometry_shift,972,0.87500,0.00000,0.33874,0.37872,1.00000,0.04742,0.38889
calibrated_failure_risk,1,0,rare_mechanism_combo,972,0.87500,0.44444,0.30760,0.40000,0.55556,0.09167,0.00000
calibrated_failure_risk,1,0,out_of_distribution_tail,972,0.87500,0.22222,0.35183,0.54737,0.77778,0.09267,0.00000
calibrated_failure_risk,1,1,nominal_task_balance,1008,0.87500,1.00000,0.00000,0.00000,0.00000,0.02234,0.00000
calibrated_failure_risk,1,1,rare_slip_failures,1008,0.87500,1.00000,0.13942,0.00000,0.00000,0.08961,0.00000
calibrated_failure_risk,1,1,jammed_fixture_failures,1008,0.87500,0.00000,0.36569,0.42800,1.00000,0.12063,0.94444
calibrated_failure_risk,1,1,actuator_limit_failures,1008,0.87500,1.00000,0.10938,0.00000,0.00000,0.12337,0.00000
calibrated_failure_risk,1,1,combined_tail_stress,1008,0.87500,0.77778,0.36797,0.62483,0.22222,0.13600,0.11111
calibrated_failure_risk,1,1,compound_sensor_actuator_shift,1008,0.87500,0.77778,0.24032,0.30714,0.22222,0.08666,0.22222
calibrated_failure_risk,1,1,fixture_geometry_shift,1008,0.87500,0.00000,0.34018,0.37872,1.00000,0.04984,0.38889
calibrated_failure_risk,1,1,rare_mechanism_combo,1008,0.87500,0.44444,0.30558,0.40000,0.55556,0.06714,0.00000
calibrated_failure_risk,1,1,out_of_distribution_tail,1008,0.87500,0.22222,0.34189,0.47368,0.77778,0.11054,0.00000
calibrated_failure_risk,1,2,nominal_task_balance,1044,0.87500,1.00000,0.00000,0.00000,0.00000,0.01832,0.00000
calibrated_failure_risk,1,2,rare_slip_failures,1044,0.87500,1.00000,0.12762,0.00000,0.00000,0.09471,0.00000
calibrated_failure_risk,1,2,jammed_fixture_failures,1044,0.87500,0.00000,0.36566,0.42565,1.00000,0.12659,0.94444
calibrated_failure_risk,1,2,actuator_limit_failures,1044,0.87500,1.00000,0.07273,0.00000,0.00000,0.11716,0.00000
calibrated_failure_risk,1,2,combined_tail_stress,1044,0.87500,0.77778,0.36471,0.62483,0.22222,0.12540,0.11111
calibrated_failure_risk,1,2,compound_sensor_actuator_shift,1044,0.87500,0.77778,0.22841,0.30159,0.22222,0.09729,0.22222
calibrated_failure_risk,1,2,fixture_geometry_shift,1044,0.87500,0.00000,0.33650,0.39149,1.00000,0.06001,0.38889
calibrated_failure_risk,1,2,rare_mechanism_combo,1044,0.87500,0.44444,0.33385,0.48462,0.55556,0.07271,0.00000
calibrated_failure_risk,1,2,out_of_distribution_tail,1044,0.87500,0.22222,0.34674,0.46316,0.77778,0.11819,0.00000
calibrated_failure_risk,1,3,nominal_task_balance,1080,0.87500,1.00000,0.00000,0.00000,0.00000,0.02032,0.00000
calibrated_failure_risk,1,3,rare_slip_failures,1080,0.87500,1.00000,0.05299,0.00000,0.00000,0.09993,0.00000
calibrated_failure_risk,1,3,jammed_fixture_failures,1080,0.87500,0.00000,0.34914,0.42565,1.00000,0.14642,0.94444
calibrated_failure_risk,1,3,actuator_limit_failures,1080,0.87500,1.00000,0.02778,0.00000,0.00000,0.11219,0.00000
calibrated_failure_risk,1,3,combined_tail_stress,1080,0.87500,0.77778,0.36234,0.61307,0.22222,0.12884,0.11111
calibrated_failure_risk,1,3,compound_sensor_actuator_shift,1080,0.87500,0.77778,0.22487,0.30714,0.22222,0.10532,0.22222
calibrated_failure_risk,1,3,fixture_geometry_shift,1080,0.87500,0.00000,0.33785,0.39149,1.00000,0.06412,0.38889
calibrated_failure_risk,1,3,rare_mechanism_combo,1080,0.87500,0.44444,0.33910,0.48462,0.55556,0.07495,0.00000
calibrated_failure_risk,1,3,out_of_distribution_tail,1080,0.87500,0.22222,0.33828,0.44211,0.77778,0.11451,0.00000
calibrated_failure_risk,1,4,nominal_task_balance,1116,0.87500,1.00000,0.00000,0.00000,0.00000,0.02149,0.00000
calibrated_failure_risk,1,4,rare_slip_failures,1116,0.87500,1.00000,0.03939,0.00000,0.00000,0.10124,0.00000
calibrated_failure_risk,1,4,jammed_fixture_failures,1116,0.87500,0.00000,0.35692,0.42329,1.00000,0.14943,0.94444
calibrated_failure_risk,1,4,actuator_limit_failures,1116,0.87500,1.00000,0.02778,0.00000,0.00000,0.10719,0.00000
calibrated_failure_risk,1,4,combined_tail_stress,1116,0.87500,0.77778,0.36600,0.61307,0.22222,0.12699,0.11111
calibrated_failure_risk,1,4,compound_sensor_actuator_shift,1116,0.87500,0.77778,0.22695,0.30159,0.22222,0.11936,0.22222
calibrated_failure_risk,1,4,fixture_geometry_shift,1116,0.87500,0.00000,0.33861,0.39149,1.00000,0.06501,0.38889
calibrated_failure_risk,1,4,rare_mechanism_combo,1116,0.87500,0.44444,0.34383,0.48462,0.55556,0.07987,0.00000
calibrated_failure_risk,1,4,out_of_distribution_tail,1116,0.87500,0.22222,0.35008,0.46316,0.77778,0.11526,0.00000
calibrated_failure_risk,1,5,nominal_task_balance,1152,0.87500,1.00000,0.00000,0.00000,0.00000,0.02247,0.00000
calibrated_failure_risk,1,5,rare_slip_failures,1152,0.87500,1.00000,0.04792,0.00000,0.00000,0.10243,0.00000
calibrated_failure_risk,1,5,jammed_fixture_failures,1152,0.87500,0.00000,0.36824,0.46094,1.00000,0.15245,0.94444
calibrated_failure_risk,1,5,actuator_limit_failures,1152,0.87500,1.00000,0.02778,0.00000,0.00000,0.10253,0.00000
calibrated_failure_risk,1,5,combined_tail_stress,1152,0.87500,0.77778,0.36956,0.62418,0.22222,0.12130,0.11111
calibrated_failure_risk,1,5,compound_sensor_actuator_shift,1152,0.87500,0.77778,0.22897,0.31111,0.22222,0.10070,0.22222
calibrated_failure_risk,1,5,fixture_geometry_shift,1152,0.87500,0.00000,0.33803,0.38068,1.00000,0.06524,0.38889
calibrated_failure_risk,1,5,rare_mechanism_combo,1152,0.87500,0.44444,0.35120,0.48462,0.55556,0.08432,0.00000
calibrated_failure_risk,1,5,out_of_distribution_tail,1152,0.87500,0.22222,0.35322,0.46316,0.77778,0.12055,0.00000
tail_risk_active_learning,1,0,nominal_task_balance,972,0.87500,1.00000,0.00000,0.00000,0.00000,0.02106,0.00000
tail_risk_active_learning,1,0,rare_slip_failures,972,0.87500,1.00000,0.15417,0.00000,0.00000,0.08500,0.00000
tail_risk_active_learning,1,0,jammed_fixture_failures,972,0.87500,0.00000,0.36840,0.44800,1.00000,0.11509,0.94444
tail_risk_active_learning,1,0,actuator_limit_failures,972,0.87500,1.00000,0.10119,0.00000,0.00000,0.12964,0.00000
tail_risk_active_learning,1,0,combined_tail_stress,972,0.87500,0.77778,0.36953,0.62483,0.22222,0.14845,0.11111
tail_risk_active_learning,1,0,compound_sensor_actuator_shift,972,0.87500,0.77778,0.23439,0.31270,0.22222,0.07087,0.22222
tail_risk_active_learning,1,0,fixture_geometry_shift,972,0.87500,0.00000,0.33874,0.37872,1.00000,0.04742,0.38889
tail_risk_active_learning,1,0,rare_mechanism_combo,972,0.87500,0.44444,0.30760,0.40000,0.55556,0.09167,0.00000
tail_risk_active_learning,1,0,out_of_distribution_tail,972,0.87500,0.22222,0.35183,0.54737,0.77778,0.09267,0.00000
tail_risk_active_learning,1,1,nominal_task_balance,1008,0.87500,1.00000,0.00000,0.00000,0.00000,0.02199,0.00000
tail_risk_active_learning,1,1,rare_slip_failures,1008,0.87500,1.00000,0.15230,0.00000,0.00000,0.09097,0.00000
tail_risk_active_learning,1,1,jammed_fixture_failures,1008,0.87500,0.00000,0.36438,0.42800,1.00000,0.12208,0.94444
tail_risk_active_learning,1,1,actuator_limit_failures,1008,0.87500,1.00000,0.09769,0.00000,0.00000,0.12373,0.00000
tail_risk_active_learning,1,1,combined_tail_stress,1008,0.87500,0.77778,0.36598,0.63660,0.22222,0.12400,0.11111
tail_risk_active_learning,1,1,compound_sensor_actuator_shift,1008,0.87500,0.77778,0.24517,0.30476,0.22222,0.08726,0.22222
tail_risk_active_learning,1,1,fixture_geometry_shift,1008,0.87500,0.00000,0.34023,0.37872,1.00000,0.05036,0.38889
tail_risk_active_learning,1,1,rare_mechanism_combo,1008,0.87500,0.44444,0.30871,0.40000,0.55556,0.06768,0.00000
tail_risk_active_learning,1,1,out_of_distribution_tail,1008,0.87500,0.22222,0.34423,0.47368,0.77778,0.09937,0.00000
tail_risk_active_learning,1,2,nominal_task_balance,1044,0.87500,1.00000,0.00000,0.00000,0.00000,0.02289,0.00000
tail_risk_active_learning,1,2,rare_slip_failures,1044,0.87500,1.00000,0.14897,0.00000,0.00000,0.09304,0.00000
tail_risk_active_learning,1,2,jammed_fixture_failures,1044,0.87500,0.00000,0.36873,0.44800,1.00000,0.12625,0.94444
tail_risk_active_learning,1,2,actuator_limit_failures,1044,0.87500,1.00000,0.09099,0.00000,0.00000,0.11896,0.00000
tail_risk_active_learning,1,2,combined_tail_stress,1044,0.87500,0.77778,0.35763,0.63836,0.22222,0.11499,0.11111
tail_risk_active_learning,1,2,compound_sensor_actuator_shift,1044,0.87500,0.77778,0.24948,0.29365,0.22222,0.10103,0.22222
tail_risk_active_learning,1,2,fixture_geometry_shift,1044,0.87500,0.00000,0.33803,0.37872,1.00000,0.05289,0.38889
tail_risk_active_learning,1,2,rare_mechanism_combo,1044,0.87500,0.44444,0.31445,0.40000,0.55556,0.06709,0.00000
tail_risk_active_learning,1,2,out_of_distribution_tail,1044,0.87500,0.22222,0.34702,0.45263,0.77778,0.09954,0.00000
tail_risk_active_learning,1,3,nominal_task_balance,1080,0.87500,1.00000,0.00000,0.00000,0.00000,0.02480,0.00000
tail_risk_active_learning,1,3,rare_slip_failures,1080,0.87500,1.00000,0.15230,0.00000,0.00000,0.09508,0.00000
tail_risk_active_learning,1,3,jammed_fixture_failures,1080,0.87500,0.00000,0.36856,0.44800,1.00000,0.13318,0.94444
tail_risk_active_learning,1,3,actuator_limit_failures,1080,0.87500,1.00000,0.08824,0.00000,0.00000,0.11993,0.00000
tail_risk_active_learning,1,3,combined_tail_stress,1080,0.87500,0.77778,0.35713,0.64947,0.22222,0.12471,0.11111
tail_risk_active_learning,1,3,compound_sensor_actuator_shift,1080,0.87500,0.77778,0.25802,0.29365,0.22222,0.10905,0.22222
tail_risk_active_learning,1,3,fixture_geometry_shift,1080,0.87500,0.00000,0.34124,0.38298,1.00000,0.05578,0.38889
tail_risk_active_learning,1,3,rare_mechanism_combo,1080,0.87500,0.44444,0.31464,0.40000,0.55556,0.06351,0.00000
tail_risk_active_learning,1,3,out_of_distribution_tail,1080,0.87500,0.22222,0.34826,0.44211,0.77778,0.13756,0.00000
tail_risk_active_learning,1,4,nominal_task_balance,1116,0.87500,1.00000,0.00000,0.00000,0.00000,0.02466,0.00000
tail_risk_active_learning,1,4,rare_slip_failures,1116,0.87500,1.00000,0.15591,0.00000,0.00000,0.09424,0.00000
tail_risk_active_learning,1,4,jammed_fixture_failures,1116,0.87500,0.00000,0.36742,0.44800,1.00000,0.14714,0.94444
tail_risk_active_learning,1,4,actuator_limit_failures,1116,0.87500,1.00000,0.09688,0.00000,0.00000,0.12380,0.00000
tail_risk_active_learning,1,4,combined_tail_stress,1116,0.87500,0.77778,0.34616,0.63947,0.22222,0.13737,0.11111
tail_risk_active_learning,1,4,compound_sensor_actuator_shift,1116,0.87500,0.77778,0.25200,0.26587,0.22222,0.12515,0.22222
tail_risk_active_learning,1,4,fixture_geometry_shift,1116,0.87500,0.00000,0.34122,0.38298,1.00000,0.06574,0.38889
tail_risk_active_learning,1,4,rare_mechanism_combo,1116,0.87500,0.44444,0.32407,0.40000,0.55556,0.07092,0.00000
tail_risk_active_learning,1,4,out_of_distribution_tail,1116,0.87500,0.22222,0.34643,0.44211,0.77778,0.12740,0.00000
tail_risk_active_learning,1,5,nominal_task_balance,1152,0.87500,1.00000,0.00000,0.00000,0.00000,0.02513,0.00000
tail_risk_active_learning,1,5,rare_slip_failures,1152,0.87500,1.00000,0.15591,0.00000,0.00000,0.09213,0.00000
tail_risk_active_learning,1,5,jammed_fixture_failures,1152,0.87500,0.00000,0.36572,0.46800,1.00000,0.15345,0.94444
tail_risk_active_learning,1,5,actuator_limit_failures,1152,0.87500,1.00000,0.08635,0.00000,0.00000,0.12154,0.00000
tail_risk_active_learning,1,5,combined_tail_stress,1152,0.87500,0.77778,0.34634,0.63947,0.22222,0.13550,0.11111
tail_risk_active_learning,1,5,compound_sensor_actuator_shift,1152,0.87500,0.77778,0.24675,0.25476,0.22222,0.13766,0.22222
tail_risk_active_learning,1,5,fixture_geometry_shift,1152,0.87500,0.00000,0.34068,0.38723,1.00000,0.06798,0.38889
tail_risk_active_learning,1,5,rare_mechanism_combo,1152,0.87500,0.44444,0.32678,0.38462,0.55556,0.07754,0.00000
tail_risk_active_learning,1,5,out_of_distribution_tail,1152,0.87500,0.22222,0.34851,0.44211,0.77778,0.15034,0.00000
hybrid_diversity_risk,1,0,nominal_task_balance,972,0.87500,1.00000,0.00000,0.00000,0.00000,0.02106,0.00000
hybrid_diversity_risk,1,0,rare_slip_failures,972,0.87500,1.00000,0.15417,0.00000,0.00000,0.08500,0.00000
hybrid_diversity_risk,1,0,jammed_fixture_failures,972,0.87500,0.00000,0.36840,0.44800,1.00000,0.11509,0.94444
hybrid_diversity_risk,1,0,actuator_limit_failures,972,0.87500,1.00000,0.10119,0.00000,0.00000,0.12964,0.00000
hybrid_diversity_risk,1,0,combined_tail_stress,972,0.87500,0.77778,0.36953,0.62483,0.22222,0.14845,0.11111
hybrid_diversity_risk,1,0,compound_sensor_actuator_shift,972,0.87500,0.77778,0.23439,0.31270,0.22222,0.07087,0.22222
hybrid_diversity_risk,1,0,fixture_geometry_shift,972,0.87500,0.00000,0.33874,0.37872,1.00000,0.04742,0.38889
hybrid_diversity_risk,1,0,rare_mechanism_combo,972,0.87500,0.44444,0.30760,0.40000,0.55556,0.09167,0.00000
hybrid_diversity_risk,1,0,out_of_distribution_tail,972,0.87500,0.22222,0.35183,0.54737,0.77778,0.09267,0.00000
hybrid_diversity_risk,1,1,nominal_task_balance,1008,0.87500,1.00000,0.00000,0.00000,0.00000,0.02767,0.00000
hybrid_diversity_risk,1,1,rare_slip_failures,1008,0.87500,1.00000,0.14722,0.00000,0.00000,0.08167,0.00000
hybrid_diversity_risk,1,1,jammed_fixture_failures,1008,0.87500,0.00000,0.36936,0.44800,1.00000,0.12223,0.94444
hybrid_diversity_risk,1,1,actuator_limit_failures,1008,0.87500,1.00000,0.09107,0.00000,0.00000,0.12815,0.00000
hybrid_diversity_risk,1,1,combined_tail_stress,1008,0.87500,0.77778,0.35859,0.62607,0.22222,0.15304,0.11111
hybrid_diversity_risk,1,1,compound_sensor_actuator_shift,1008,0.87500,0.77778,0.25281,0.32143,0.22222,0.08823,0.22222
hybrid_diversity_risk,1,1,fixture_geometry_shift,1008,0.87500,0.00000,0.33950,0.37872,1.00000,0.04953,0.38889
hybrid_diversity_risk,1,1,rare_mechanism_combo,1008,0.87500,0.44444,0.33293,0.50000,0.55556,0.08928,0.00000
hybrid_diversity_risk,1,1,out_of_distribution_tail,1008,0.87500,0.22222,0.35010,0.53684,0.77778,0.11648,0.00000
hybrid_diversity_risk,1,2,nominal_task_balance,1044,0.87500,1.00000,0.00000,0.00000,0.00000,0.02543,0.00000
hybrid_diversity_risk,1,2,rare_slip_failures,1044,0.87500,1.00000,0.16063,0.00000,0.00000,0.08199,0.00000
hybrid_diversity_risk,1,2,jammed_fixture_failures,1044,0.87500,0.00000,0.36485,0.42800,1.00000,0.13119,0.94444
hybrid_diversity_risk,1,2,actuator_limit_failures,1044,0.87500,1.00000,0.10119,0.00000,0.00000,0.13568,0.00000
hybrid_diversity_risk,1,2,combined_tail_stress,1044,0.87500,0.77778,0.35960,0.65947,0.22222,0.14371,0.11111
hybrid_diversity_risk,1,2,compound_sensor_actuator_shift,1044,0.87500,0.77778,0.26137,0.32698,0.22222,0.10302,0.22222
hybrid_diversity_risk,1,2,fixture_geometry_shift,1044,0.87500,0.00000,0.34048,0.38298,1.00000,0.05983,0.38889
hybrid_diversity_risk,1,2,rare_mechanism_combo,1044,0.87500,0.44444,0.34082,0.50000,0.55556,0.08638,0.00000
hybrid_diversity_risk,1,2,out_of_distribution_tail,1044,0.87500,0.22222,0.35900,0.50526,0.77778,0.14061,0.00000
hybrid_diversity_risk,1,3,nominal_task_balance,1080,0.87500,1.00000,0.00000,0.00000,0.00000,0.02808,0.00000
hybrid_diversity_risk,1,3,rare_slip_failures,1080,0.87500,1.00000,0.16063,0.00000,0.00000,0.09069,0.00000
hybrid_diversity_risk,1,3,jammed_fixture_failures,1080,0.87500,0.00000,0.36440,0.42800,1.00000,0.14121,0.94444
hybrid_diversity_risk,1,3,actuator_limit_failures,1080,0.87500,1.00000,0.10357,0.00000,0.00000,0.13338,0.00000
hybrid_diversity_risk,1,3,combined_tail_stress,1080,0.87500,0.77778,0.35858,0.65947,0.22222,0.14356,0.11111
hybrid_diversity_risk,1,3,compound_sensor_actuator_shift,1080,0.87500,0.77778,0.26057,0.29365,0.22222,0.10745,0.22222
hybrid_diversity_risk,1,3,fixture_geometry_shift,1080,0.87500,0.00000,0.34083,0.38723,1.00000,0.06153,0.38889
hybrid_diversity_risk,1,3,rare_mechanism_combo,1080,0.87500,0.44444,0.34521,0.50000,0.55556,0.06058,0.00000
hybrid_diversity_risk,1,3,out_of_distribution_tail,1080,0.87500,0.22222,0.36899,0.52632,0.77778,0.15067,0.00000
hybrid_diversity_risk,1,4,nominal_task_balance,1116,0.87500,1.00000,0.00000,0.00000,0.00000,0.02817,0.00000
hybrid_diversity_risk,1,4,rare_slip_failures,1116,0.87500,1.00000,0.15825,0.00000,0.00000,0.08820,0.00000
hybrid_diversity_risk,1,4,jammed_fixture_failures,1116,0.87500,0.00000,0.36432,0.42800,1.00000,0.14725,0.94444
hybrid_diversity_risk,1,4,actuator_limit_failures,1116,0.87500,1.00000,0.08854,0.00000,0.00000,0.13027,0.00000
hybrid_diversity_risk,1,4,combined_tail_stress,1116,0.87500,0.77778,0.35155,0.65947,0.22222,0.13878,0.11111
hybrid_diversity_risk,1,4,compound_sensor_actuator_shift,1116,0.87500,0.77778,0.24933,0.26270,0.22222,0.08686,0.22222
hybrid_diversity_risk,1,4,fixture_geometry_shift,1116,0.87500,0.00000,0.34005,0.38723,1.00000,0.06412,0.38889
hybrid_diversity_risk,1,4,rare_mechanism_combo,1116,0.87500,0.44444,0.34489,0.50000,0.55556,0.08364,0.00000
hybrid_diversity_risk,1,4,out_of_distribution_tail,1116,0.87500,0.22222,0.37038,0.52632,0.77778,0.13827,0.00000
hybrid_diversity_risk,1,5,nominal_task_balance,1152,0.87500,1.00000,0.00000,0.00000,0.00000,0.02850,0.00000
hybrid_diversity_risk,1,5,rare_slip_failures,1152,0.87500,1.00000,0.15825,0.00000,0.00000,0.09021,0.00000
hybrid_diversity_risk,1,5,jammed_fixture_failures,1152,0.87500,0.00000,0.36389,0.42800,1.00000,0.14646,0.94444
hybrid_diversity_risk,1,5,actuator_limit_failures,1152,0.87500,1.00000,0.09430,0.00000,0.00000,0.13085,0.00000
hybrid_diversity_risk,1,5,combined_tail_stress,1152,0.87500,0.77778,0.34714,0.64947,0.22222,0.12529,0.11111
hybrid_diversity_risk,1,5,compound_sensor_actuator_shift,1152,0.87500,0.77778,0.24734,0.24286,0.22222,0.10656,0.22222
hybrid_diversity_risk,1,5,fixture_geometry_shift,1152,0.87500,0.00000,0.33942,0.38723,1.00000,0.06700,0.38889
hybrid_diversity_risk,1,5,rare_mechanism_combo,1152,0.87500,0.44444,0.31652,0.40000,0.55556,0.06149,0.00000
hybrid_diversity_risk,1,5,out_of_distribution_tail,1152,0.87500,0.22222,0.36677,0.50526,0.77778,0.12553,0.00000
balanced_failure_replay,1,0,nominal_task_balance,972,0.87500,1.00000,0.00000,0.00000,0.00000,0.02106,0.00000
balanced_failure_replay,1,0,rare_slip_failures,972,0.87500,1.00000,0.15417,0.00000,0.00000,0.08500,0.00000
balanced_failure_replay,1,0,jammed_fixture_failures,972,0.87500,0.00000,0.36840,0.44800,1.00000,0.11509,0.94444
balanced_failure_replay,1,0,actuator_limit_failures,972,0.87500,1.00000,0.10119,0.00000,0.00000,0.12964,0.00000
balanced_failure_replay,1,0,combined_tail_stress,972,0.87500,0.77778,0.36953,0.62483,0.22222,0.14845,0.11111
balanced_failure_replay,1,0,compound_sensor_actuator_shift,972,0.87500,0.77778,0.23439,0.31270,0.22222,0.07087,0.22222
balanced_failure_replay,1,0,fixture_geometry_shift,972,0.87500,0.00000,0.33874,0.37872,1.00000,0.04742,0.38889
balanced_failure_replay,1,0,rare_mechanism_combo,972,0.87500,0.44444,0.30760,0.40000,0.55556,0.09167,0.00000
balanced_failure_replay,1,0,out_of_distribution_tail,972,0.87500,0.22222,0.35183,0.54737,0.77778,0.09267,0.00000
balanced_failure_replay,1,1,nominal_task_balance,1008,0.87500,1.00000,0.00000,0.00000,0.00000,0.02803,0.00000
balanced_failure_replay,1,1,rare_slip_failures,1008,0.87500,1.00000,0.14871,0.00000,0.00000,0.08871,0.00000
balanced_failure_replay,1,1,jammed_fixture_failures,1008,0.87500,0.00000,0.36883,0.44800,1.00000,0.11119,0.94444
balanced_failure_replay,1,1,actuator_limit_failures,1008,0.87500,1.00000,0.10119,0.00000,0.00000,0.12898,0.00000
balanced_failure_replay,1,1,combined_tail_stress,1008,0.87500,0.77778,0.36564,0.63660,0.22222,0.14240,0.11111
balanced_failure_replay,1,1,compound_sensor_actuator_shift,1008,0.87500,0.77778,0.25190,0.31270,0.22222,0.08788,0.22222
balanced_failure_replay,1,1,fixture_geometry_shift,1008,0.87500,0.00000,0.33874,0.37872,1.00000,0.04719,0.38889
balanced_failure_replay,1,1,rare_mechanism_combo,1008,0.87500,0.44444,0.30816,0.40000,0.55556,0.07272,0.00000
balanced_failure_replay,1,1,out_of_distribution_tail,1008,0.87500,0.22222,0.35793,0.54737,0.77778,0.09072,0.00000
balanced_failure_replay,1,2,nominal_task_balance,1044,0.87500,1.00000,0.00000,0.00000,0.00000,0.02840,0.00000
balanced_failure_replay,1,2,rare_slip_failures,1044,0.87500,1.00000,0.14583,0.00000,0.00000,0.08839,0.00000
balanced_failure_replay,1,2,jammed_fixture_failures,1044,0.87500,0.00000,0.37209,0.44800,1.00000,0.10960,0.94444
balanced_failure_replay,1,2,actuator_limit_failures,1044,0.87500,1.00000,0.09545,0.00000,0.00000,0.12491,0.00000
balanced_failure_replay,1,2,combined_tail_stress,1044,0.87500,0.77778,0.36091,0.62607,0.22222,0.13568,0.11111
balanced_failure_replay,1,2,compound_sensor_actuator_shift,1044,0.87500,0.77778,0.25518,0.30159,0.22222,0.09029,0.22222
balanced_failure_replay,1,2,fixture_geometry_shift,1044,0.87500,0.00000,0.33957,0.37872,1.00000,0.04683,0.38889
balanced_failure_replay,1,2,rare_mechanism_combo,1044,0.87500,0.44444,0.31490,0.40000,0.55556,0.06560,0.00000
balanced_failure_replay,1,2,out_of_distribution_tail,1044,0.87500,0.22222,0.36142,0.55789,0.77778,0.09429,0.00000
balanced_failure_replay,1,3,nominal_task_balance,1080,0.87500,1.00000,0.00000,0.00000,0.00000,0.02881,0.00000
balanced_failure_replay,1,3,rare_slip_failures,1080,0.87500,1.00000,0.14286,0.00000,0.00000,0.09215,0.00000
balanced_failure_replay,1,3,jammed_fixture_failures,1080,0.87500,0.00000,0.36463,0.42800,1.00000,0.11517,0.94444
balanced_failure_replay,1,3,actuator_limit_failures,1080,0.87500,1.00000,0.09545,0.00000,0.00000,0.12204,0.00000
balanced_failure_replay,1,3,combined_tail_stress,1080,0.87500,0.77778,0.36048,0.62607,0.22222,0.13079,0.11111
balanced_failure_replay,1,3,compound_sensor_actuator_shift,1080,0.87500,0.77778,0.26169,0.28492,0.22222,0.10896,0.22222
balanced_failure_replay,1,3,fixture_geometry_shift,1080,0.87500,0.00000,0.33829,0.38298,1.00000,0.04386,0.38889
balanced_failure_replay,1,3,rare_mechanism_combo,1080,0.87500,0.44444,0.33655,0.50000,0.55556,0.07694,0.00000
balanced_failure_replay,1,3,out_of_distribution_tail,1080,0.87500,0.22222,0.36238,0.54737,0.77778,0.07587,0.00000
balanced_failure_replay,1,4,nominal_task_balance,1116,0.87500,1.00000,0.00000,0.00000,0.00000,0.03027,0.00000
balanced_failure_replay,1,4,rare_slip_failures,1116,0.87500,1.00000,0.14932,0.00000,0.00000,0.09048,0.00000
balanced_failure_replay,1,4,jammed_fixture_failures,1116,0.87500,0.00000,0.36420,0.42800,1.00000,0.12248,0.94444
balanced_failure_replay,1,4,actuator_limit_failures,1116,0.87500,1.00000,0.09233,0.00000,0.00000,0.12062,0.00000
balanced_failure_replay,1,4,combined_tail_stress,1116,0.87500,0.77778,0.36008,0.63718,0.22222,0.12969,0.11111
balanced_failure_replay,1,4,compound_sensor_actuator_shift,1116,0.87500,0.77778,0.24922,0.22619,0.22222,0.11552,0.22222
balanced_failure_replay,1,4,fixture_geometry_shift,1116,0.87500,0.00000,0.33949,0.38723,1.00000,0.04097,0.38889
balanced_failure_replay,1,4,rare_mechanism_combo,1116,0.87500,0.44444,0.34025,0.60000,0.55556,0.10212,0.00000
balanced_failure_replay,1,4,out_of_distribution_tail,1116,0.87500,0.22222,0.36561,0.54737,0.77778,0.08659,0.00000
balanced_failure_replay,1,5,nominal_task_balance,1152,0.87500,1.00000,0.00000,0.00000,0.00000,0.03051,0.00000
balanced_failure_replay,1,5,rare_slip_failures,1152,0.87500,1.00000,0.14932,0.00000,0.00000,0.08795,0.00000
balanced_failure_replay,1,5,jammed_fixture_failures,1152,0.87500,0.00000,0.36394,0.40800,1.00000,0.12111,0.94444
balanced_failure_replay,1,5,actuator_limit_failures,1152,0.87500,1.00000,0.08957,0.00000,0.00000,0.11914,0.00000
balanced_failure_replay,1,5,combined_tail_stress,1152,0.87500,0.77778,0.36017,0.63718,0.22222,0.12362,0.11111
balanced_failure_replay,1,5,compound_sensor_actuator_shift,1152,0.87500,0.77778,0.25546,0.22508,0.22222,0.11610,0.22222
balanced_failure_replay,1,5,fixture_geometry_shift,1152,0.87500,0.00000,0.34097,0.38723,1.00000,0.04098,0.38889
balanced_failure_replay,1,5,rare_mechanism_combo,1152,0.87500,0.44444,0.34855,0.60000,0.55556,0.09775,0.00000
balanced_failure_replay,1,5,out_of_distribution_tail,1152,0.87500,0.22222,0.36752,0.55789,0.77778,0.08076,0.00000
gradient_boosted_failure_active,1,0,nominal_task_balance,972,0.87500,1.00000,0.00000,0.00000,0.00000,0.02106,0.00000
gradient_boosted_failure_active,1,0,rare_slip_failures,972,0.87500,1.00000,0.15417,0.00000,0.00000,0.08500,0.00000
gradient_boosted_failure_active,1,0,jammed_fixture_failures,972,0.87500,0.00000,0.36840,0.44800,1.00000,0.11509,0.94444
gradient_boosted_failure_active,1,0,actuator_limit_failures,972,0.87500,1.00000,0.10119,0.00000,0.00000,0.12964,0.00000
gradient_boosted_failure_active,1,0,combined_tail_stress,972,0.87500,0.77778,0.36953,0.62483,0.22222,0.14845,0.11111
gradient_boosted_failure_active,1,0,compound_sensor_actuator_shift,972,0.87500,0.77778,0.23439,0.31270,0.22222,0.07087,0.22222
gradient_boosted_failure_active,1,0,fixture_geometry_shift,972,0.87500,0.00000,0.33874,0.37872,1.00000,0.04742,0.38889
gradient_boosted_failure_active,1,0,rare_mechanism_combo,972,0.87500,0.44444,0.30760,0.40000,0.55556,0.09167,0.00000
gradient_boosted_failure_active,1,0,out_of_distribution_tail,972,0.87500,0.22222,0.35183,0.54737,0.77778,0.09267,0.00000
gradient_boosted_failure_active,1,1,nominal_task_balance,1008,0.87500,1.00000,0.00000,0.00000,0.00000,0.02170,0.00000
gradient_boosted_failure_active,1,1,rare_slip_failures,1008,0.87500,1.00000,0.15417,0.00000,0.00000,0.09099,0.00000
gradient_boosted_failure_active,1,1,jammed_fixture_failures,1008,0.87500,0.00000,0.36855,0.44400,1.00000,0.10845,0.94444
gradient_boosted_failure_active,1,1,actuator_limit_failures,1008,0.87500,1.00000,0.10531,0.00000,0.00000,0.12968,0.00000
gradient_boosted_failure_active,1,1,combined_tail_stress,1008,0.87500,0.77778,0.36329,0.61431,0.22222,0.14348,0.11111
gradient_boosted_failure_active,1,1,compound_sensor_actuator_shift,1008,0.87500,0.77778,0.23589,0.30714,0.22222,0.08888,0.22222
gradient_boosted_failure_active,1,1,fixture_geometry_shift,1008,0.87500,0.00000,0.33874,0.37872,1.00000,0.04545,0.38889
gradient_boosted_failure_active,1,1,rare_mechanism_combo,1008,0.87500,0.44444,0.30824,0.38462,0.55556,0.07002,0.00000
gradient_boosted_failure_active,1,1,out_of_distribution_tail,1008,0.87500,0.22222,0.36201,0.56842,0.77778,0.08355,0.00000
gradient_boosted_failure_active,1,2,nominal_task_balance,1044,0.87500,1.00000,0.00000,0.00000,0.00000,0.02906,0.00000
gradient_boosted_failure_active,1,2,rare_slip_failures,1044,0.87500,1.00000,0.16063,0.00000,0.00000,0.08318,0.00000
gradient_boosted_failure_active,1,2,jammed_fixture_failures,1044,0.87500,0.00000,0.36803,0.44400,1.00000,0.10622,0.94444
gradient_boosted_failure_active,1,2,actuator_limit_failures,1044,0.87500,1.00000,0.09305,0.00000,0.00000,0.12520,0.00000
gradient_boosted_failure_active,1,2,combined_tail_stress,1044,0.87500,0.77778,0.36441,0.61431,0.22222,0.12892,0.11111
gradient_boosted_failure_active,1,2,compound_sensor_actuator_shift,1044,0.87500,0.77778,0.24682,0.30714,0.22222,0.07386,0.22222
gradient_boosted_failure_active,1,2,fixture_geometry_shift,1044,0.87500,0.00000,0.33877,0.37447,1.00000,0.04342,0.38889
gradient_boosted_failure_active,1,2,rare_mechanism_combo,1044,0.87500,0.44444,0.31217,0.38462,0.55556,0.06724,0.00000
gradient_boosted_failure_active,1,2,out_of_distribution_tail,1044,0.87500,0.22222,0.35768,0.54737,0.77778,0.09671,0.00000
gradient_boosted_failure_active,1,3,nominal_task_balance,1080,0.87500,1.00000,0.00000,0.00000,0.00000,0.02980,0.00000
gradient_boosted_failure_active,1,3,rare_slip_failures,1080,0.87500,1.00000,0.16574,0.00000,0.00000,0.08190,0.00000
gradient_boosted_failure_active,1,3,jammed_fixture_failures,1080,0.87500,0.00000,0.36798,0.44800,1.00000,0.10322,0.94444
gradient_boosted_failure_active,1,3,actuator_limit_failures,1080,0.87500,1.00000,0.08259,0.00000,0.00000,0.12427,0.00000
gradient_boosted_failure_active,1,3,combined_tail_stress,1080,0.87500,0.77778,0.36528,0.61431,0.22222,0.12893,0.11111
gradient_boosted_failure_active,1,3,compound_sensor_actuator_shift,1080,0.87500,0.77778,0.24343,0.30159,0.22222,0.08753,0.22222
gradient_boosted_failure_active,1,3,fixture_geometry_shift,1080,0.87500,0.00000,0.33983,0.37447,1.00000,0.04277,0.38889
gradient_boosted_failure_active,1,3,rare_mechanism_combo,1080,0.87500,0.44444,0.31527,0.40000,0.55556,0.08702,0.00000
gradient_boosted_failure_active,1,3,out_of_distribution_tail,1080,0.87500,0.22222,0.35553,0.54737,0.77778,0.08881,0.00000
gradient_boosted_failure_active,1,4,nominal_task_balance,1116,0.87500,1.00000,0.00000,0.00000,0.00000,0.03071,0.00000
gradient_boosted_failure_active,1,4,rare_slip_failures,1116,0.87500,1.00000,0.16344,0.00000,0.00000,0.07520,0.00000
gradient_boosted_failure_active,1,4,jammed_fixture_failures,1116,0.87500,0.00000,0.37098,0.44800,1.00000,0.10503,0.94444
gradient_boosted_failure_active,1,4,actuator_limit_failures,1116,0.87500,1.00000,0.07917,0.00000,0.00000,0.12213,0.00000
gradient_boosted_failure_active,1,4,combined_tail_stress,1116,0.87500,0.77778,0.36472,0.61431,0.22222,0.13672,0.11111
gradient_boosted_failure_active,1,4,compound_sensor_actuator_shift,1116,0.87500,0.77778,0.24562,0.28175,0.22222,0.08563,0.22222
gradient_boosted_failure_active,1,4,fixture_geometry_shift,1116,0.87500,0.00000,0.33972,0.37447,1.00000,0.04346,0.38889
gradient_boosted_failure_active,1,4,rare_mechanism_combo,1116,0.87500,0.44444,0.31795,0.40000,0.55556,0.09639,0.00000
gradient_boosted_failure_active,1,4,out_of_distribution_tail,1116,0.87500,0.22222,0.36078,0.54737,0.77778,0.09627,0.00000
gradient_boosted_failure_active,1,5,nominal_task_balance,1152,0.87500,1.00000,0.00000,0.00000,0.00000,0.03073,0.00000
gradient_boosted_failure_active,1,5,rare_slip_failures,1152,0.87500,1.00000,0.16063,0.00000,0.00000,0.08117,0.00000
gradient_boosted_failure_active,1,5,jammed_fixture_failures,1152,0.87500,0.00000,0.35979,0.40800,1.00000,0.09860,0.94444
gradient_boosted_failure_active,1,5,actuator_limit_failures,1152,0.87500,1.00000,0.09375,0.00000,0.00000,0.12023,0.00000
gradient_boosted_failure_active,1,5,combined_tail_stress,1152,0.87500,0.77778,0.36816,0.61431,0.22222,0.11434,0.11111
gradient_boosted_failure_active,1,5,compound_sensor_actuator_shift,1152,0.87500,0.77778,0.23736,0.25952,0.22222,0.10556,0.22222
gradient_boosted_failure_active,1,5,fixture_geometry_shift,1152,0.87500,0.00000,0.33897,0.37021,1.00000,0.04143,0.38889
gradient_boosted_failure_active,1,5,rare_mechanism_combo,1152,0.87500,0.44444,0.32040,0.40000,0.55556,0.10714,0.00000
gradient_boosted_failure_active,1,5,out_of_distribution_tail,1152,0.87500,0.22222,0.36504,0.54737,0.77778,0.10586,0.00000
random_forest_failure_active,1,0,nominal_task_balance,972,0.87500,1.00000,0.00000,0.00000,0.00000,0.02106,0.00000
random_forest_failure_active,1,0,rare_slip_failures,972,0.87500,1.00000,0.15417,0.00000,0.00000,0.08500,0.00000
random_forest_failure_active,1,0,jammed_fixture_failures,972,0.87500,0.00000,0.36840,0.44800,1.00000,0.11509,0.94444
random_forest_failure_active,1,0,actuator_limit_failures,972,0.87500,1.00000,0.10119,0.00000,0.00000,0.12964,0.00000
random_forest_failure_active,1,0,combined_tail_stress,972,0.87500,0.77778,0.36953,0.62483,0.22222,0.14845,0.11111
random_forest_failure_active,1,0,compound_sensor_actuator_shift,972,0.87500,0.77778,0.23439,0.31270,0.22222,0.07087,0.22222
random_forest_failure_active,1,0,fixture_geometry_shift,972,0.87500,0.00000,0.33874,0.37872,1.00000,0.04742,0.38889
random_forest_failure_active,1,0,rare_mechanism_combo,972,0.87500,0.44444,0.30760,0.40000,0.55556,0.09167,0.00000
random_forest_failure_active,1,0,out_of_distribution_tail,972,0.87500,0.22222,0.35183,0.54737,0.77778,0.09267,0.00000
random_forest_failure_active,1,1,nominal_task_balance,1008,0.87500,1.00000,0.00000,0.00000,0.00000,0.02660,0.00000
random_forest_failure_active,1,1,rare_slip_failures,1008,0.87500,1.00000,0.15417,0.00000,0.00000,0.09057,0.00000
random_forest_failure_active,1,1,jammed_fixture_failures,1008,0.87500,0.00000,0.36661,0.42800,1.00000,0.07376,0.94444
random_forest_failure_active,1,1,actuator_limit_failures,1008,0.87500,1.00000,0.10531,0.00000,0.00000,0.13624,0.00000
random_forest_failure_active,1,1,combined_tail_stress,1008,0.87500,0.77778,0.37039,0.61307,0.22222,0.14106,0.11111
random_forest_failure_active,1,1,compound_sensor_actuator_shift,1008,0.87500,0.77778,0.22713,0.32857,0.22222,0.12249,0.22222
random_forest_failure_active,1,1,fixture_geometry_shift,1008,0.87500,0.00000,0.33702,0.36596,1.00000,0.03902,0.38889
random_forest_failure_active,1,1,rare_mechanism_combo,1008,0.87500,0.44444,0.30607,0.40000,0.55556,0.08022,0.00000
random_forest_failure_active,1,1,out_of_distribution_tail,1008,0.87500,0.22222,0.35101,0.54737,0.77778,0.10673,0.00000
random_forest_failure_active,1,2,nominal_task_balance,1044,0.87500,1.00000,0.00000,0.00000,0.00000,0.01923,0.00000
random_forest_failure_active,1,2,rare_slip_failures,1044,0.87500,1.00000,0.14722,0.00000,0.00000,0.08698,0.00000
random_forest_failure_active,1,2,jammed_fixture_failures,1044,0.87500,0.00000,0.36818,0.43200,1.00000,0.06158,0.94444
random_forest_failure_active,1,2,actuator_limit_failures,1044,0.87500,1.00000,0.10531,0.00000,0.00000,0.13438,0.00000
random_forest_failure_active,1,2,combined_tail_stress,1044,0.87500,0.77778,0.37019,0.60254,0.22222,0.13658,0.11111
random_forest_failure_active,1,2,compound_sensor_actuator_shift,1044,0.87500,0.77778,0.22610,0.33889,0.22222,0.12003,0.22222
random_forest_failure_active,1,2,fixture_geometry_shift,1044,0.87500,0.00000,0.33622,0.36170,1.00000,0.03688,0.38889
random_forest_failure_active,1,2,rare_mechanism_combo,1044,0.87500,0.44444,0.30710,0.40000,0.55556,0.08259,0.00000
random_forest_failure_active,1,2,out_of_distribution_tail,1044,0.87500,0.22222,0.35068,0.54737,0.77778,0.09583,0.00000
random_forest_failure_active,1,3,nominal_task_balance,1080,0.87500,1.00000,0.00000,0.00000,0.00000,0.01764,0.00000
random_forest_failure_active,1,3,rare_slip_failures,1080,0.87500,1.00000,0.15417,0.00000,0.00000,0.09017,0.00000
random_forest_failure_active,1,3,jammed_fixture_failures,1080,0.87500,0.00000,0.37739,0.43365,1.00000,0.05852,0.94444
random_forest_failure_active,1,3,actuator_limit_failures,1080,0.87500,1.00000,0.10568,0.00000,0.00000,0.13092,0.00000
random_forest_failure_active,1,3,combined_tail_stress,1080,0.87500,0.77778,0.37872,0.60254,0.22222,0.11921,0.11111
random_forest_failure_active,1,3,compound_sensor_actuator_shift,1080,0.87500,0.77778,0.22681,0.32778,0.22222,0.11571,0.22222
random_forest_failure_active,1,3,fixture_geometry_shift,1080,0.87500,0.00000,0.33835,0.36170,1.00000,0.03595,0.38889
random_forest_failure_active,1,3,rare_mechanism_combo,1080,0.87500,0.44444,0.33874,0.50000,0.55556,0.07726,0.00000
random_forest_failure_active,1,3,out_of_distribution_tail,1080,0.87500,0.22222,0.35317,0.55789,0.77778,0.08971,0.00000
random_forest_failure_active,1,4,nominal_task_balance,1116,0.87500,1.00000,0.00000,0.00000,0.00000,0.01581,0.00000
random_forest_failure_active,1,4,rare_slip_failures,1116,0.87500,1.00000,0.14722,0.00000,0.00000,0.09464,0.00000
random_forest_failure_active,1,4,jammed_fixture_failures,1116,0.87500,0.00000,0.36655,0.38965,1.00000,0.05469,0.94444
random_forest_failure_active,1,4,actuator_limit_failures,1116,0.87500,1.00000,0.10568,0.00000,0.00000,0.13308,0.00000
random_forest_failure_active,1,4,combined_tail_stress,1116,0.87500,0.77778,0.37741,0.60254,0.22222,0.11433,0.11111
random_forest_failure_active,1,4,compound_sensor_actuator_shift,1116,0.87500,0.77778,0.22406,0.32381,0.22222,0.11733,0.22222
random_forest_failure_active,1,4,fixture_geometry_shift,1116,0.87500,0.00000,0.34397,0.56596,1.00000,0.03131,0.38889
random_forest_failure_active,1,4,rare_mechanism_combo,1116,0.87500,0.44444,0.33066,0.50000,0.55556,0.07464,0.00000
random_forest_failure_active,1,4,out_of_distribution_tail,1116,0.87500,0.22222,0.35255,0.55789,0.77778,0.08924,0.00000
random_forest_failure_active,1,5,nominal_task_balance,1152,0.87500,1.00000,0.00000,0.00000,0.00000,0.01688,0.00000
random_forest_failure_active,1,5,rare_slip_failures,1152,0.87500,1.00000,0.13141,0.00000,0.00000,0.09486,0.00000
random_forest_failure_active,1,5,jammed_fixture_failures,1152,0.87500,0.00000,0.37422,0.41600,1.00000,0.05214,0.94444
random_forest_failure_active,1,5,actuator_limit_failures,1152,0.87500,1.00000,0.08947,0.00000,0.00000,0.12186,0.00000
random_forest_failure_active,1,5,combined_tail_stress,1152,0.87500,0.77778,0.37346,0.60254,0.22222,0.10018,0.11111
random_forest_failure_active,1,5,compound_sensor_actuator_shift,1152,0.87500,0.77778,0.21514,0.30476,0.22222,0.11983,0.22222
random_forest_failure_active,1,5,fixture_geometry_shift,1152,0.87500,0.00000,0.34380,0.56170,1.00000,0.02904,0.38889
random_forest_failure_active,1,5,rare_mechanism_combo,1152,0.87500,0.44444,0.33262,0.48462,0.55556,0.09678,0.00000
random_forest_failure_active,1,5,out_of_distribution_tail,1152,0.87500,0.22222,0.35389,0.56842,0.77778,0.09386,0.00000
failure_stratified_engine,1,0,nominal_task_balance,972,0.87500,1.00000,0.00000,0.00000,0.00000,0.02106,0.00000
failure_stratified_engine,1,0,rare_slip_failures,972,0.87500,1.00000,0.15417,0.00000,0.00000,0.08500,0.00000
failure_stratified_engine,1,0,jammed_fixture_failures,972,0.87500,0.00000,0.36840,0.44800,1.00000,0.11509,0.94444
failure_stratified_engine,1,0,actuator_limit_failures,972,0.87500,1.00000,0.10119,0.00000,0.00000,0.12964,0.00000
failure_stratified_engine,1,0,combined_tail_stress,972,0.87500,0.77778,0.36953,0.62483,0.22222,0.14845,0.11111
failure_stratified_engine,1,0,compound_sensor_actuator_shift,972,0.87500,0.77778,0.23439,0.31270,0.22222,0.07087,0.22222
failure_stratified_engine,1,0,fixture_geometry_shift,972,0.87500,0.00000,0.33874,0.37872,1.00000,0.04742,0.38889
failure_stratified_engine,1,0,rare_mechanism_combo,972,0.87500,0.44444,0.30760,0.40000,0.55556,0.09167,0.00000
failure_stratified_engine,1,0,out_of_distribution_tail,972,0.87500,0.22222,0.35183,0.54737,0.77778,0.09267,0.00000
failure_stratified_engine,1,1,nominal_task_balance,1008,0.87500,1.00000,0.00000,0.00000,0.00000,0.02230,0.00000
failure_stratified_engine,1,1,rare_slip_failures,1008,0.87500,1.00000,0.15417,0.00000,0.00000,0.08480,0.00000
failure_stratified_engine,1,1,jammed_fixture_failures,1008,0.87500,0.00000,0.37010,0.44400,1.00000,0.10782,0.94444
failure_stratified_engine,1,1,actuator_limit_failures,1008,0.87500,1.00000,0.10315,0.00000,0.00000,0.11667,0.00000
failure_stratified_engine,1,1,combined_tail_stress,1008,0.87500,0.77778,0.35888,0.61431,0.22222,0.16439,0.11111
failure_stratified_engine,1,1,compound_sensor_actuator_shift,1008,0.87500,0.77778,0.23211,0.33492,0.22222,0.07138,0.22222
failure_stratified_engine,1,1,fixture_geometry_shift,1008,0.87500,0.00000,0.33810,0.37447,1.00000,0.04605,0.38889
failure_stratified_engine,1,1,rare_mechanism_combo,1008,0.87500,0.44444,0.30258,0.38462,0.55556,0.08147,0.00000
failure_stratified_engine,1,1,out_of_distribution_tail,1008,0.87500,0.22222,0.35089,0.53684,0.77778,0.12405,0.00000
failure_stratified_engine,1,2,nominal_task_balance,1044,0.87500,1.00000,0.00000,0.00000,0.00000,0.02332,0.00000
failure_stratified_engine,1,2,rare_slip_failures,1044,0.87500,1.00000,0.15417,0.00000,0.00000,0.09271,0.00000
failure_stratified_engine,1,2,jammed_fixture_failures,1044,0.87500,0.00000,0.36879,0.44000,1.00000,0.10228,0.94444
failure_stratified_engine,1,2,actuator_limit_failures,1044,0.87500,1.00000,0.11364,0.00000,0.00000,0.11311,0.00000
failure_stratified_engine,1,2,combined_tail_stress,1044,0.87500,0.77778,0.35621,0.62483,0.22222,0.17284,0.11111
failure_stratified_engine,1,2,compound_sensor_actuator_shift,1044,0.87500,0.77778,0.23623,0.34365,0.22222,0.07877,0.22222
failure_stratified_engine,1,2,fixture_geometry_shift,1044,0.87500,0.00000,0.33819,0.36596,1.00000,0.04436,0.38889
failure_stratified_engine,1,2,rare_mechanism_combo,1044,0.87500,0.44444,0.32597,0.60000,0.55556,0.07155,0.00000
failure_stratified_engine,1,2,out_of_distribution_tail,1044,0.87500,0.22222,0.34886,0.51579,0.77778,0.09256,0.00000
failure_stratified_engine,1,3,nominal_task_balance,1080,0.87500,1.00000,0.00000,0.00000,0.00000,0.01986,0.00000
failure_stratified_engine,1,3,rare_slip_failures,1080,0.87500,1.00000,0.15417,0.00000,0.00000,0.09465,0.00000
failure_stratified_engine,1,3,jammed_fixture_failures,1080,0.87500,0.00000,0.37743,0.43600,1.00000,0.11481,0.94444
failure_stratified_engine,1,3,actuator_limit_failures,1080,0.87500,1.00000,0.10390,0.00000,0.00000,0.10616,0.00000
failure_stratified_engine,1,3,combined_tail_stress,1080,0.87500,0.77778,0.35932,0.61307,0.22222,0.19099,0.11111
failure_stratified_engine,1,3,compound_sensor_actuator_shift,1080,0.87500,0.77778,0.23479,0.34365,0.22222,0.09354,0.22222
failure_stratified_engine,1,3,fixture_geometry_shift,1080,0.87500,0.00000,0.33935,0.37872,1.00000,0.04207,0.38889
failure_stratified_engine,1,3,rare_mechanism_combo,1080,0.87500,0.44444,0.33368,0.58462,0.55556,0.13702,0.00000
failure_stratified_engine,1,3,out_of_distribution_tail,1080,0.87500,0.22222,0.34696,0.50526,0.77778,0.09752,0.00000
failure_stratified_engine,1,4,nominal_task_balance,1116,0.87500,1.00000,0.00000,0.00000,0.00000,0.02024,0.00000
failure_stratified_engine,1,4,rare_slip_failures,1116,0.87500,1.00000,0.15417,0.00000,0.00000,0.09684,0.00000
failure_stratified_engine,1,4,jammed_fixture_failures,1116,0.87500,0.00000,0.37825,0.43529,1.00000,0.10511,0.94444
failure_stratified_engine,1,4,actuator_limit_failures,1116,0.87500,1.00000,0.08571,0.00000,0.00000,0.10476,0.00000
failure_stratified_engine,1,4,combined_tail_stress,1116,0.87500,0.77778,0.35813,0.59085,0.22222,0.18999,0.11111
failure_stratified_engine,1,4,compound_sensor_actuator_shift,1116,0.87500,0.77778,0.23377,0.32937,0.22222,0.07789,0.22222
failure_stratified_engine,1,4,fixture_geometry_shift,1116,0.87500,0.00000,0.33841,0.37021,1.00000,0.03831,0.38889
failure_stratified_engine,1,4,rare_mechanism_combo,1116,0.87500,0.44444,0.33428,0.58462,0.55556,0.12747,0.00000
failure_stratified_engine,1,4,out_of_distribution_tail,1116,0.87500,0.22222,0.35774,0.57895,0.77778,0.09426,0.00000
failure_stratified_engine,1,5,nominal_task_balance,1152,0.87500,1.00000,0.00000,0.00000,0.00000,0.02096,0.00000
failure_stratified_engine,1,5,rare_slip_failures,1152,0.87500,1.00000,0.15417,0.00000,0.00000,0.09134,0.00000
failure_stratified_engine,1,5,jammed_fixture_failures,1152,0.87500,0.00000,0.36986,0.39929,1.00000,0.11229,0.94444
failure_stratified_engine,1,5,actuator_limit_failures,1152,0.87500,1.00000,0.10390,0.00000,0.00000,0.10199,0.00000
failure_stratified_engine,1,5,combined_tail_stress,1152,0.87500,0.77778,0.36041,0.61261,0.22222,0.18601,0.11111
failure_stratified_engine,1,5,compound_sensor_actuator_shift,1152,0.87500,0.77778,0.23931,0.34048,0.22222,0.10188,0.22222
failure_stratified_engine,1,5,fixture_geometry_shift,1152,0.87500,0.00000,0.33853,0.37021,1.00000,0.04247,0.38889
failure_stratified_engine,1,5,rare_mechanism_combo,1152,0.87500,0.44444,0.33461,0.58462,0.55556,0.12610,0.00000
failure_stratified_engine,1,5,out_of_distribution_tail,1152,0.87500,0.22222,0.36249,0.58947,0.77778,0.09202,0.00000
failure_stratified_engine_v5,1,0,nominal_task_balance,972,0.87500,1.00000,0.00000,0.00000,0.00000,0.02106,0.00000
failure_stratified_engine_v5,1,0,rare_slip_failures,972,0.87500,1.00000,0.15417,0.00000,0.00000,0.08500,0.00000
failure_stratified_engine_v5,1,0,jammed_fixture_failures,972,0.87500,0.00000,0.36840,0.44800,1.00000,0.11509,0.94444
failure_stratified_engine_v5,1,0,actuator_limit_failures,972,0.87500,1.00000,0.10119,0.00000,0.00000,0.12964,0.00000
failure_stratified_engine_v5,1,0,combined_tail_stress,972,0.87500,0.77778,0.36953,0.62483,0.22222,0.14845,0.11111
failure_stratified_engine_v5,1,0,compound_sensor_actuator_shift,972,0.87500,0.77778,0.23439,0.31270,0.22222,0.07087,0.22222
failure_stratified_engine_v5,1,0,fixture_geometry_shift,972,0.87500,0.00000,0.33874,0.37872,1.00000,0.04742,0.38889
failure_stratified_engine_v5,1,0,rare_mechanism_combo,972,0.87500,0.44444,0.30760,0.40000,0.55556,0.09167,0.00000
failure_stratified_engine_v5,1,0,out_of_distribution_tail,972,0.87500,0.22222,0.35183,0.54737,0.77778,0.09267,0.00000
failure_stratified_engine_v5,1,1,nominal_task_balance,1008,0.87500,1.00000,0.00000,0.00000,0.00000,0.02733,0.00000
failure_stratified_engine_v5,1,1,rare_slip_failures,1008,0.87500,1.00000,0.16063,0.00000,0.00000,0.07806,0.00000
failure_stratified_engine_v5,1,1,jammed_fixture_failures,1008,0.87500,0.00000,0.38170,0.44800,1.00000,0.12259,0.94444
failure_stratified_engine_v5,1,1,actuator_limit_failures,1008,0.87500,1.00000,0.10119,0.00000,0.00000,0.12571,0.00000
failure_stratified_engine_v5,1,1,combined_tail_stress,1008,0.87500,0.77778,0.36367,0.62542,0.22222,0.12604,0.11111
failure_stratified_engine_v5,1,1,compound_sensor_actuator_shift,1008,0.87500,0.77778,0.23957,0.29048,0.22222,0.09271,0.22222
failure_stratified_engine_v5,1,1,fixture_geometry_shift,1008,0.87500,0.00000,0.33771,0.37872,1.00000,0.04435,0.38889
failure_stratified_engine_v5,1,1,rare_mechanism_combo,1008,0.87500,0.44444,0.31001,0.40000,0.55556,0.08903,0.00000
failure_stratified_engine_v5,1,1,out_of_distribution_tail,1008,0.87500,0.22222,0.35628,0.57895,0.77778,0.08902,0.00000
failure_stratified_engine_v5,1,2,nominal_task_balance,1044,0.87500,1.00000,0.00000,0.00000,0.00000,0.02178,0.00000
failure_stratified_engine_v5,1,2,rare_slip_failures,1044,0.87500,1.00000,0.16063,0.00000,0.00000,0.08544,0.00000
failure_stratified_engine_v5,1,2,jammed_fixture_failures,1044,0.87500,0.00000,0.36023,0.40800,1.00000,0.13163,0.94444
failure_stratified_engine_v5,1,2,actuator_limit_failures,1044,0.87500,1.00000,0.09762,0.00000,0.00000,0.12129,0.00000
failure_stratified_engine_v5,1,2,combined_tail_stress,1044,0.87500,0.77778,0.36143,0.63718,0.22222,0.13111,0.11111
failure_stratified_engine_v5,1,2,compound_sensor_actuator_shift,1044,0.87500,0.77778,0.24358,0.25397,0.22222,0.11893,0.22222
failure_stratified_engine_v5,1,2,fixture_geometry_shift,1044,0.87500,0.00000,0.33902,0.38298,1.00000,0.04734,0.38889
failure_stratified_engine_v5,1,2,rare_mechanism_combo,1044,0.87500,0.44444,0.31081,0.40000,0.55556,0.08930,0.00000
failure_stratified_engine_v5,1,2,out_of_distribution_tail,1044,0.87500,0.22222,0.36363,0.57895,0.77778,0.07191,0.00000
failure_stratified_engine_v5,1,3,nominal_task_balance,1080,0.87500,1.00000,0.00000,0.00000,0.00000,0.01026,0.00000
failure_stratified_engine_v5,1,3,rare_slip_failures,1080,0.87500,1.00000,0.16574,0.00000,0.00000,0.09159,0.00000
failure_stratified_engine_v5,1,3,jammed_fixture_failures,1080,0.87500,0.00000,0.35963,0.40800,1.00000,0.13587,0.94444
failure_stratified_engine_v5,1,3,actuator_limit_failures,1080,0.87500,1.00000,0.08957,0.00000,0.00000,0.11846,0.00000
failure_stratified_engine_v5,1,3,combined_tail_stress,1080,0.87500,0.77778,0.35389,0.64947,0.22222,0.14437,0.11111
failure_stratified_engine_v5,1,3,compound_sensor_actuator_shift,1080,0.87500,0.77778,0.25406,0.25952,0.22222,0.12603,0.22222
failure_stratified_engine_v5,1,3,fixture_geometry_shift,1080,0.87500,0.00000,0.33829,0.38298,1.00000,0.04733,0.38889
failure_stratified_engine_v5,1,3,rare_mechanism_combo,1080,0.87500,0.44444,0.33587,0.60000,0.55556,0.09123,0.00000
failure_stratified_engine_v5,1,3,out_of_distribution_tail,1080,0.87500,0.22222,0.36130,0.56842,0.77778,0.08640,0.00000
failure_stratified_engine_v5,1,4,nominal_task_balance,1116,0.87500,1.00000,0.00000,0.00000,0.00000,0.02083,0.00000
failure_stratified_engine_v5,1,4,rare_slip_failures,1116,0.87500,1.00000,0.16063,0.00000,0.00000,0.09536,0.00000
failure_stratified_engine_v5,1,4,jammed_fixture_failures,1116,0.87500,0.00000,0.37016,0.40800,1.00000,0.12863,0.94444
failure_stratified_engine_v5,1,4,actuator_limit_failures,1116,0.87500,1.00000,0.08957,0.00000,0.00000,0.11655,0.00000
failure_stratified_engine_v5,1,4,combined_tail_stress,1116,0.87500,0.77778,0.34980,0.62718,0.22222,0.13795,0.11111
failure_stratified_engine_v5,1,4,compound_sensor_actuator_shift,1116,0.87500,0.77778,0.25220,0.26508,0.22222,0.12512,0.22222
failure_stratified_engine_v5,1,4,fixture_geometry_shift,1116,0.87500,0.00000,0.33829,0.38298,1.00000,0.04839,0.38889
failure_stratified_engine_v5,1,4,rare_mechanism_combo,1116,0.87500,0.44444,0.33847,0.60000,0.55556,0.08117,0.00000
failure_stratified_engine_v5,1,4,out_of_distribution_tail,1116,0.87500,0.22222,0.35989,0.55789,0.77778,0.08877,0.00000
failure_stratified_engine_v5,1,5,nominal_task_balance,1152,0.87500,1.00000,0.00000,0.00000,0.00000,0.01098,0.00000
failure_stratified_engine_v5,1,5,rare_slip_failures,1152,0.87500,1.00000,0.16574,0.00000,0.00000,0.07893,0.00000
failure_stratified_engine_v5,1,5,jammed_fixture_failures,1152,0.87500,0.00000,0.37408,0.40800,1.00000,0.12559,0.94444
failure_stratified_engine_v5,1,5,actuator_limit_failures,1152,0.87500,1.00000,0.08957,0.00000,0.00000,0.11627,0.00000
failure_stratified_engine_v5,1,5,combined_tail_stress,1152,0.87500,0.77778,0.35770,0.65947,0.22222,0.15833,0.11111
failure_stratified_engine_v5,1,5,compound_sensor_actuator_shift,1152,0.87500,0.77778,0.23682,0.21746,0.22222,0.12022,0.22222
failure_stratified_engine_v5,1,5,fixture_geometry_shift,1152,0.87500,0.00000,0.33660,0.37642,1.00000,0.04795,0.38889
failure_stratified_engine_v5,1,5,rare_mechanism_combo,1152,0.87500,0.44444,0.34164,0.60000,0.55556,0.07566,0.00000
failure_stratified_engine_v5,1,5,out_of_distribution_tail,1152,0.87500,0.22222,0.36092,0.53684,0.77778,0.08796,0.00000
oracle_failure_strata,1,0,nominal_task_balance,972,0.87500,1.00000,0.00000,0.00000,0.00000,0.02106,0.00000
oracle_failure_strata,1,0,rare_slip_failures,972,0.87500,1.00000,0.15417,0.00000,0.00000,0.08500,0.00000
oracle_failure_strata,1,0,jammed_fixture_failures,972,0.87500,0.00000,0.36840,0.44800,1.00000,0.11509,0.94444
oracle_failure_strata,1,0,actuator_limit_failures,972,0.87500,1.00000,0.10119,0.00000,0.00000,0.12964,0.00000
oracle_failure_strata,1,0,combined_tail_stress,972,0.87500,0.77778,0.36953,0.62483,0.22222,0.14845,0.11111
oracle_failure_strata,1,0,compound_sensor_actuator_shift,972,0.87500,0.77778,0.23439,0.31270,0.22222,0.07087,0.22222
oracle_failure_strata,1,0,fixture_geometry_shift,972,0.87500,0.00000,0.33874,0.37872,1.00000,0.04742,0.38889
oracle_failure_strata,1,0,rare_mechanism_combo,972,0.87500,0.44444,0.30760,0.40000,0.55556,0.09167,0.00000
oracle_failure_strata,1,0,out_of_distribution_tail,972,0.87500,0.22222,0.35183,0.54737,0.77778,0.09267,0.00000
oracle_failure_strata,1,1,nominal_task_balance,1008,1.00000,1.00000,0.00000,0.00000,0.00000,0.01395,0.00000
oracle_failure_strata,1,1,rare_slip_failures,1008,1.00000,1.00000,0.13167,0.00000,0.00000,0.09321,0.00000
oracle_failure_strata,1,1,jammed_fixture_failures,1008,1.00000,0.00000,0.38284,0.46094,1.00000,0.11802,0.94444
oracle_failure_strata,1,1,actuator_limit_failures,1008,1.00000,1.00000,0.08947,0.00000,0.00000,0.12131,0.00000
oracle_failure_strata,1,1,combined_tail_stress,1008,1.00000,0.77778,0.35103,0.72594,0.22222,0.16572,0.11111
oracle_failure_strata,1,1,compound_sensor_actuator_shift,1008,1.00000,0.77778,0.28399,0.46905,0.22222,0.07509,0.22222
oracle_failure_strata,1,1,fixture_geometry_shift,1008,1.00000,0.00000,0.33832,0.36596,1.00000,0.05246,0.38889
oracle_failure_strata,1,1,rare_mechanism_combo,1008,1.00000,0.44444,0.30613,0.40000,0.55556,0.06652,0.00000
oracle_failure_strata,1,1,out_of_distribution_tail,1008,1.00000,0.22222,0.34263,0.50526,0.77778,0.08329,0.00000
oracle_failure_strata,1,2,nominal_task_balance,1044,1.00000,1.00000,0.00000,0.00000,0.00000,0.01335,0.00000
oracle_failure_strata,1,2,rare_slip_failures,1044,1.00000,1.00000,0.12384,0.00000,0.00000,0.09895,0.00000
oracle_failure_strata,1,2,jammed_fixture_failures,1044,1.00000,0.00000,0.38365,0.43059,1.00000,0.13154,0.94444
oracle_failure_strata,1,2,actuator_limit_failures,1044,1.00000,1.00000,0.06725,0.00000,0.00000,0.11967,0.00000
oracle_failure_strata,1,2,combined_tail_stress,1044,1.00000,0.77778,0.35674,0.68489,0.22222,0.16586,0.11111
oracle_failure_strata,1,2,compound_sensor_actuator_shift,1044,1.00000,0.77778,0.30812,0.55238,0.22222,0.06878,0.22222
oracle_failure_strata,1,2,fixture_geometry_shift,1044,1.00000,0.00000,0.33839,0.36596,1.00000,0.05548,0.38889
oracle_failure_strata,1,2,rare_mechanism_combo,1044,1.00000,0.44444,0.30140,0.40000,0.55556,0.07208,0.00000
oracle_failure_strata,1,2,out_of_distribution_tail,1044,1.00000,0.22222,0.34825,0.53684,0.77778,0.08438,0.00000
oracle_failure_strata,1,3,nominal_task_balance,1080,1.00000,1.00000,0.00000,0.00000,0.00000,0.02916,0.00000
oracle_failure_strata,1,3,rare_slip_failures,1080,1.00000,1.00000,0.19122,0.03333,0.00000,0.07806,0.00000
oracle_failure_strata,1,3,jammed_fixture_failures,1080,1.00000,0.00000,0.36096,0.40094,1.00000,0.12695,0.94444
oracle_failure_strata,1,3,actuator_limit_failures,1080,1.00000,1.00000,0.08712,0.00000,0.00000,0.11968,0.00000
oracle_failure_strata,1,3,combined_tail_stress,1080,1.00000,0.77778,0.36823,0.69666,0.22222,0.14367,0.11111
oracle_failure_strata,1,3,compound_sensor_actuator_shift,1080,1.00000,0.77778,0.28112,0.49429,0.22222,0.08806,0.22222
oracle_failure_strata,1,3,fixture_geometry_shift,1080,1.00000,0.00000,0.33887,0.36596,1.00000,0.06432,0.38889
oracle_failure_strata,1,3,rare_mechanism_combo,1080,1.00000,0.44444,0.29977,0.40000,0.55556,0.07660,0.00000
oracle_failure_strata,1,3,out_of_distribution_tail,1080,1.00000,0.22222,0.34586,0.54737,0.77778,0.08139,0.00000
oracle_failure_strata,1,4,nominal_task_balance,1116,1.00000,1.00000,0.00000,0.00000,0.00000,0.02679,0.00000
oracle_failure_strata,1,4,rare_slip_failures,1116,1.00000,1.00000,0.19122,0.03333,0.00000,0.07869,0.00000
oracle_failure_strata,1,4,jammed_fixture_failures,1116,1.00000,0.00000,0.36383,0.40094,1.00000,0.10463,0.94444
oracle_failure_strata,1,4,actuator_limit_failures,1116,1.00000,1.00000,0.09167,0.00000,0.00000,0.11868,0.00000
oracle_failure_strata,1,4,combined_tail_stress,1116,1.00000,0.77778,0.35941,0.66384,0.22222,0.13847,0.11111
oracle_failure_strata,1,4,compound_sensor_actuator_shift,1116,1.00000,0.77778,0.27176,0.45571,0.22222,0.07941,0.22222
oracle_failure_strata,1,4,fixture_geometry_shift,1116,1.00000,0.00000,0.33897,0.35745,1.00000,0.06079,0.38889
oracle_failure_strata,1,4,rare_mechanism_combo,1116,1.00000,0.44444,0.30424,0.40000,0.55556,0.06287,0.00000
oracle_failure_strata,1,4,out_of_distribution_tail,1116,1.00000,0.22222,0.34144,0.53684,0.77778,0.09157,0.00000
oracle_failure_strata,1,5,nominal_task_balance,1152,1.00000,1.00000,0.00000,0.00000,0.00000,0.02716,0.00000
oracle_failure_strata,1,5,rare_slip_failures,1152,1.00000,1.00000,0.19352,0.03333,0.00000,0.07906,0.00000
oracle_failure_strata,1,5,jammed_fixture_failures,1152,1.00000,0.00000,0.36083,0.40094,1.00000,0.09078,0.94444
oracle_failure_strata,1,5,actuator_limit_failures,1152,1.00000,1.00000,0.09167,0.00000,0.00000,0.11637,0.00000
oracle_failure_strata,1,5,combined_tail_stress,1152,1.00000,0.77778,0.36552,0.66103,0.22222,0.13078,0.11111
oracle_failure_strata,1,5,compound_sensor_actuator_shift,1152,1.00000,0.77778,0.26113,0.40667,0.22222,0.08147,0.22222
oracle_failure_strata,1,5,fixture_geometry_shift,1152,1.00000,0.00000,0.34010,0.35319,1.00000,0.05811,0.38889
oracle_failure_strata,1,5,rare_mechanism_combo,1152,1.00000,0.44444,0.30074,0.40000,0.55556,0.08160,0.00000
oracle_failure_strata,1,5,out_of_distribution_tail,1152,1.00000,0.22222,0.34147,0.53684,0.77778,0.10670,0.00000
greedy_oracle_success_upper,1,0,nominal_task_balance,972,0.87500,1.00000,0.00000,0.00000,0.00000,0.02106,0.00000
greedy_oracle_success_upper,1,0,rare_slip_failures,972,0.87500,1.00000,0.15417,0.00000,0.00000,0.08500,0.00000
greedy_oracle_success_upper,1,0,jammed_fixture_failures,972,0.87500,0.00000,0.36840,0.44800,1.00000,0.11509,0.94444
greedy_oracle_success_upper,1,0,actuator_limit_failures,972,0.87500,1.00000,0.10119,0.00000,0.00000,0.12964,0.00000
greedy_oracle_success_upper,1,0,combined_tail_stress,972,0.87500,0.77778,0.36953,0.62483,0.22222,0.14845,0.11111
greedy_oracle_success_upper,1,0,compound_sensor_actuator_shift,972,0.87500,0.77778,0.23439,0.31270,0.22222,0.07087,0.22222
greedy_oracle_success_upper,1,0,fixture_geometry_shift,972,0.87500,0.00000,0.33874,0.37872,1.00000,0.04742,0.38889
greedy_oracle_success_upper,1,0,rare_mechanism_combo,972,0.87500,0.44444,0.30760,0.40000,0.55556,0.09167,0.00000
greedy_oracle_success_upper,1,0,out_of_distribution_tail,972,0.87500,0.22222,0.35183,0.54737,0.77778,0.09267,0.00000
greedy_oracle_success_upper,1,1,nominal_task_balance,1008,0.87500,1.00000,0.00000,0.00000,0.00000,0.01325,0.00000
greedy_oracle_success_upper,1,1,rare_slip_failures,1008,0.87500,1.00000,0.12621,0.00000,0.00000,0.08848,0.00000
greedy_oracle_success_upper,1,1,jammed_fixture_failures,1008,0.87500,0.00000,0.36531,0.41694,1.00000,0.12917,0.94444
greedy_oracle_success_upper,1,1,actuator_limit_failures,1008,0.87500,1.00000,0.09545,0.00000,0.00000,0.12460,0.00000
greedy_oracle_success_upper,1,1,combined_tail_stress,1008,0.87500,0.77778,0.35040,0.62489,0.22222,0.15483,0.11111
greedy_oracle_success_upper,1,1,compound_sensor_actuator_shift,1008,0.87500,0.77778,0.29079,0.43889,0.22222,0.07935,0.22222
greedy_oracle_success_upper,1,1,fixture_geometry_shift,1008,0.87500,0.00000,0.33691,0.36596,1.00000,0.05014,0.38889
greedy_oracle_success_upper,1,1,rare_mechanism_combo,1008,0.87500,0.44444,0.30342,0.40000,0.55556,0.08664,0.00000
greedy_oracle_success_upper,1,1,out_of_distribution_tail,1008,0.87500,0.22222,0.36011,0.58947,0.77778,0.07783,0.00000
greedy_oracle_success_upper,1,2,nominal_task_balance,1044,0.87500,1.00000,0.00000,0.00000,0.00000,0.01336,0.00000
greedy_oracle_success_upper,1,2,rare_slip_failures,1044,0.87500,1.00000,0.11779,0.00000,0.00000,0.09840,0.00000
greedy_oracle_success_upper,1,2,jammed_fixture_failures,1044,0.87500,0.00000,0.36535,0.39059,1.00000,0.13066,0.94444
greedy_oracle_success_upper,1,2,actuator_limit_failures,1044,0.87500,1.00000,0.07190,0.00000,0.00000,0.11905,0.00000
greedy_oracle_success_upper,1,2,combined_tail_stress,1044,0.87500,0.77778,0.35164,0.67489,0.22222,0.14529,0.11111
greedy_oracle_success_upper,1,2,compound_sensor_actuator_shift,1044,0.87500,0.77778,0.31470,0.52381,0.22222,0.07734,0.22222
greedy_oracle_success_upper,1,2,fixture_geometry_shift,1044,0.87500,0.00000,0.33681,0.36596,1.00000,0.05575,0.38889
greedy_oracle_success_upper,1,2,rare_mechanism_combo,1044,0.87500,0.44444,0.30064,0.40000,0.55556,0.07416,0.00000
greedy_oracle_success_upper,1,2,out_of_distribution_tail,1044,0.87500,0.22222,0.35685,0.60000,0.77778,0.08280,0.00000
greedy_oracle_success_upper,1,3,nominal_task_balance,1080,0.87500,1.00000,0.00000,0.00000,0.00000,0.01784,0.00000
greedy_oracle_success_upper,1,3,rare_slip_failures,1080,0.87500,1.00000,0.09881,0.00000,0.00000,0.09733,0.00000
greedy_oracle_success_upper,1,3,jammed_fixture_failures,1080,0.87500,0.00000,0.35139,0.38094,1.00000,0.11482,0.94444
greedy_oracle_success_upper,1,3,actuator_limit_failures,1080,0.87500,1.00000,0.07537,0.00000,0.00000,0.11732,0.00000
greedy_oracle_success_upper,1,3,combined_tail_stress,1080,0.87500,0.77778,0.35970,0.66437,0.22222,0.14229,0.11111
greedy_oracle_success_upper,1,3,compound_sensor_actuator_shift,1080,0.87500,0.77778,0.29334,0.48381,0.22222,0.08412,0.22222
greedy_oracle_success_upper,1,3,fixture_geometry_shift,1080,0.87500,0.00000,0.33949,0.36596,1.00000,0.05324,0.38889
greedy_oracle_success_upper,1,3,rare_mechanism_combo,1080,0.87500,0.44444,0.30105,0.40000,0.55556,0.06878,0.00000
greedy_oracle_success_upper,1,3,out_of_distribution_tail,1080,0.87500,0.22222,0.35737,0.58947,0.77778,0.08324,0.00000
greedy_oracle_success_upper,1,4,nominal_task_balance,1116,0.87500,1.00000,0.00000,0.00000,0.00000,0.01969,0.00000
greedy_oracle_success_upper,1,4,rare_slip_failures,1116,0.87500,1.00000,0.12808,0.00000,0.00000,0.09471,0.00000
greedy_oracle_success_upper,1,4,jammed_fixture_failures,1116,0.87500,0.00000,0.34756,0.38094,1.00000,0.11949,0.94444
greedy_oracle_success_upper,1,4,actuator_limit_failures,1116,0.87500,1.00000,0.07812,0.00000,0.00000,0.11278,0.00000
greedy_oracle_success_upper,1,4,combined_tail_stress,1116,0.87500,0.77778,0.35605,0.63378,0.22222,0.14852,0.11111
greedy_oracle_success_upper,1,4,compound_sensor_actuator_shift,1116,0.87500,0.77778,0.28911,0.46524,0.22222,0.06603,0.22222
greedy_oracle_success_upper,1,4,fixture_geometry_shift,1116,0.87500,0.00000,0.33915,0.36596,1.00000,0.05107,0.38889
greedy_oracle_success_upper,1,4,rare_mechanism_combo,1116,0.87500,0.44444,0.30430,0.40000,0.55556,0.07120,0.00000
greedy_oracle_success_upper,1,4,out_of_distribution_tail,1116,0.87500,0.22222,0.36118,0.60000,0.77778,0.09063,0.00000
greedy_oracle_success_upper,1,5,nominal_task_balance,1152,0.87500,1.00000,0.00000,0.00000,0.00000,0.02111,0.00000
greedy_oracle_success_upper,1,5,rare_slip_failures,1152,0.87500,1.00000,0.14209,0.00000,0.00000,0.08707,0.00000
greedy_oracle_success_upper,1,5,jammed_fixture_failures,1152,0.87500,0.00000,0.34814,0.38329,1.00000,0.12338,0.94444
greedy_oracle_success_upper,1,5,actuator_limit_failures,1152,0.87500,1.00000,0.03125,0.00000,0.00000,0.10760,0.00000
greedy_oracle_success_upper,1,5,combined_tail_stress,1152,0.87500,0.77778,0.37004,0.67320,0.22222,0.13673,0.11111
greedy_oracle_success_upper,1,5,compound_sensor_actuator_shift,1152,0.87500,0.77778,0.29083,0.46524,0.22222,0.06687,0.22222
greedy_oracle_success_upper,1,5,fixture_geometry_shift,1152,0.87500,0.00000,0.34021,0.36596,1.00000,0.04751,0.38889
greedy_oracle_success_upper,1,5,rare_mechanism_combo,1152,0.87500,0.44444,0.30378,0.40000,0.55556,0.08129,0.00000
greedy_oracle_success_upper,1,5,out_of_distribution_tail,1152,0.87500,0.22222,0.35525,0.60000,0.77778,0.09761,0.00000
random_sampling,2,0,nominal_task_balance,972,0.87500,1.00000,0.00000,0.00000,0.00000,0.04553,0.00000
random_sampling,2,0,rare_slip_failures,972,0.87500,0.94444,0.26883,0.30667,0.05556,0.10009,0.00000
random_sampling,2,0,jammed_fixture_failures,972,0.87500,0.00000,0.39057,0.45473,1.00000,0.12757,0.94444
random_sampling,2,0,actuator_limit_failures,972,0.87500,1.00000,0.07519,0.00000,0.00000,0.11475,0.00000
random_sampling,2,0,combined_tail_stress,972,0.87500,0.61111,0.41820,0.63632,0.38889,0.11019,0.22222
random_sampling,2,0,compound_sensor_actuator_shift,972,0.87500,0.72222,0.26569,0.59905,0.27778,0.24470,0.22222
random_sampling,2,0,fixture_geometry_shift,972,0.87500,0.00000,0.36048,0.37826,1.00000,0.08463,0.11111
random_sampling,2,0,rare_mechanism_combo,972,0.87500,0.38889,0.33962,0.60000,0.61111,0.14205,0.00000
random_sampling,2,0,out_of_distribution_tail,972,0.87500,0.33333,0.29825,0.40000,0.66667,0.25329,0.00000
random_sampling,2,1,nominal_task_balance,1008,0.87500,1.00000,0.00000,0.00000,0.00000,0.04233,0.00000
random_sampling,2,1,rare_slip_failures,1008,0.87500,0.94444,0.26669,0.27810,0.05556,0.09295,0.00000
random_sampling,2,1,jammed_fixture_failures,1008,0.87500,0.00000,0.39477,0.45473,1.00000,0.12814,0.94444
random_sampling,2,1,actuator_limit_failures,1008,0.87500,1.00000,0.07519,0.00000,0.00000,0.11720,0.00000
random_sampling,2,1,combined_tail_stress,1008,0.87500,0.61111,0.41542,0.62762,0.38889,0.11074,0.22222
random_sampling,2,1,compound_sensor_actuator_shift,1008,0.87500,0.72222,0.26495,0.57905,0.27778,0.23786,0.22222
random_sampling,2,1,fixture_geometry_shift,1008,0.87500,0.00000,0.35864,0.38261,1.00000,0.07872,0.11111
random_sampling,2,1,rare_mechanism_combo,1008,0.87500,0.38889,0.34195,0.60000,0.61111,0.13697,0.00000
random_sampling,2,1,out_of_distribution_tail,1008,0.87500,0.33333,0.29997,0.40000,0.66667,0.24099,0.00000
random_sampling,2,2,nominal_task_balance,1044,0.87500,1.00000,0.00000,0.00000,0.00000,0.04110,0.00000
random_sampling,2,2,rare_slip_failures,1044,0.87500,0.94444,0.28897,0.30667,0.05556,0.10724,0.00000
random_sampling,2,2,jammed_fixture_failures,1044,0.87500,0.00000,0.39164,0.46045,1.00000,0.12708,0.94444
random_sampling,2,2,actuator_limit_failures,1044,0.87500,1.00000,0.07519,0.00000,0.00000,0.11793,0.00000
random_sampling,2,2,combined_tail_stress,1044,0.87500,0.61111,0.41125,0.61893,0.38889,0.10072,0.22222
random_sampling,2,2,compound_sensor_actuator_shift,1044,0.87500,0.72222,0.26850,0.58857,0.27778,0.25181,0.22222
random_sampling,2,2,fixture_geometry_shift,1044,0.87500,0.00000,0.35690,0.37826,1.00000,0.07938,0.11111
random_sampling,2,2,rare_mechanism_combo,1044,0.87500,0.38889,0.33481,0.59697,0.61111,0.13819,0.00000
random_sampling,2,2,out_of_distribution_tail,1044,0.87500,0.33333,0.30003,0.40000,0.66667,0.23842,0.00000
random_sampling,2,3,nominal_task_balance,1080,0.87500,1.00000,0.00000,0.00000,0.00000,0.04000,0.00000
random_sampling,2,3,rare_slip_failures,1080,0.87500,0.94444,0.25790,0.26667,0.05556,0.10126,0.00000
random_sampling,2,3,jammed_fixture_failures,1080,0.87500,0.00000,0.38989,0.44711,1.00000,0.13005,0.94444
random_sampling,2,3,actuator_limit_failures,1080,0.87500,1.00000,0.07519,0.00000,0.00000,0.12397,0.00000
random_sampling,2,3,combined_tail_stress,1080,0.87500,0.61111,0.41411,0.61893,0.38889,0.12525,0.22222
random_sampling,2,3,compound_sensor_actuator_shift,1080,0.87500,0.72222,0.25964,0.56952,0.27778,0.27192,0.22222
random_sampling,2,3,fixture_geometry_shift,1080,0.87500,0.00000,0.36071,0.38261,1.00000,0.07550,0.11111
random_sampling,2,3,rare_mechanism_combo,1080,0.87500,0.38889,0.33837,0.60000,0.61111,0.14043,0.00000
random_sampling,2,3,out_of_distribution_tail,1080,0.87500,0.33333,0.30377,0.40000,0.66667,0.22889,0.00000
random_sampling,2,4,nominal_task_balance,1116,0.87500,1.00000,0.00000,0.00000,0.00000,0.03873,0.00000
random_sampling,2,4,rare_slip_failures,1116,0.87500,0.94444,0.25685,0.26667,0.05556,0.11286,0.00000
random_sampling,2,4,jammed_fixture_failures,1116,0.87500,0.00000,0.37992,0.43378,1.00000,0.13156,0.94444
random_sampling,2,4,actuator_limit_failures,1116,0.87500,1.00000,0.05556,0.00000,0.00000,0.09946,0.00000
random_sampling,2,4,combined_tail_stress,1116,0.87500,0.61111,0.41529,0.62762,0.38889,0.10126,0.22222
random_sampling,2,4,compound_sensor_actuator_shift,1116,0.87500,0.72222,0.25421,0.56000,0.27778,0.24839,0.22222
random_sampling,2,4,fixture_geometry_shift,1116,0.87500,0.00000,0.36099,0.38261,1.00000,0.07078,0.11111
random_sampling,2,4,rare_mechanism_combo,1116,0.87500,0.38889,0.34061,0.60000,0.61111,0.13333,0.00000
random_sampling,2,4,out_of_distribution_tail,1116,0.87500,0.33333,0.30429,0.40000,0.66667,0.22917,0.00000
random_sampling,2,5,nominal_task_balance,1152,0.87500,1.00000,0.00000,0.00000,0.00000,0.04170,0.00000
random_sampling,2,5,rare_slip_failures,1152,0.87500,0.94444,0.26089,0.26667,0.05556,0.08685,0.00000
random_sampling,2,5,jammed_fixture_failures,1152,0.87500,0.00000,0.38587,0.44711,1.00000,0.12723,0.94444
random_sampling,2,5,actuator_limit_failures,1152,0.87500,1.00000,0.05556,0.00000,0.00000,0.10068,0.00000
random_sampling,2,5,combined_tail_stress,1152,0.87500,0.61111,0.41375,0.63632,0.38889,0.11408,0.22222
random_sampling,2,5,compound_sensor_actuator_shift,1152,0.87500,0.72222,0.26130,0.58000,0.27778,0.25556,0.22222
random_sampling,2,5,fixture_geometry_shift,1152,0.87500,0.00000,0.36040,0.38261,1.00000,0.07219,0.11111
random_sampling,2,5,rare_mechanism_combo,1152,0.87500,0.38889,0.33712,0.60000,0.61111,0.12656,0.00000
random_sampling,2,5,out_of_distribution_tail,1152,0.87500,0.33333,0.29963,0.40000,0.66667,0.22786,0.00000
task_label_stratification,2,0,nominal_task_balance,972,0.87500,1.00000,0.00000,0.00000,0.00000,0.04553,0.00000
task_label_stratification,2,0,rare_slip_failures,972,0.87500,0.94444,0.26883,0.30667,0.05556,0.10009,0.00000
task_label_stratification,2,0,jammed_fixture_failures,972,0.87500,0.00000,0.39057,0.45473,1.00000,0.12757,0.94444
task_label_stratification,2,0,actuator_limit_failures,972,0.87500,1.00000,0.07519,0.00000,0.00000,0.11475,0.00000
task_label_stratification,2,0,combined_tail_stress,972,0.87500,0.61111,0.41820,0.63632,0.38889,0.11019,0.22222
task_label_stratification,2,0,compound_sensor_actuator_shift,972,0.87500,0.72222,0.26569,0.59905,0.27778,0.24470,0.22222
task_label_stratification,2,0,fixture_geometry_shift,972,0.87500,0.00000,0.36048,0.37826,1.00000,0.08463,0.11111
task_label_stratification,2,0,rare_mechanism_combo,972,0.87500,0.38889,0.33962,0.60000,0.61111,0.14205,0.00000
task_label_stratification,2,0,out_of_distribution_tail,972,0.87500,0.33333,0.29825,0.40000,0.66667,0.25329,0.00000
task_label_stratification,2,1,nominal_task_balance,1008,0.87500,1.00000,0.00000,0.00000,0.00000,0.04610,0.00000
task_label_stratification,2,1,rare_slip_failures,1008,0.87500,0.94444,0.27404,0.30667,0.05556,0.07856,0.00000
task_label_stratification,2,1,jammed_fixture_failures,1008,0.87500,0.00000,0.40032,0.47569,1.00000,0.12935,0.94444
task_label_stratification,2,1,actuator_limit_failures,1008,0.87500,1.00000,0.07519,0.00000,0.00000,0.12424,0.00000
task_label_stratification,2,1,combined_tail_stress,1008,0.87500,0.61111,0.41228,0.63592,0.38889,0.11224,0.22222
task_label_stratification,2,1,compound_sensor_actuator_shift,1008,0.87500,0.72222,0.27029,0.62857,0.27778,0.22149,0.22222
task_label_stratification,2,1,fixture_geometry_shift,1008,0.87500,0.00000,0.36113,0.37826,1.00000,0.08915,0.11111
task_label_stratification,2,1,rare_mechanism_combo,1008,0.87500,0.38889,0.34002,0.59697,0.61111,0.16122,0.00000
task_label_stratification,2,1,out_of_distribution_tail,1008,0.87500,0.33333,0.29936,0.40000,0.66667,0.22974,0.00000
task_label_stratification,2,2,nominal_task_balance,1044,0.87500,1.00000,0.00000,0.00000,0.00000,0.04529,0.00000
task_label_stratification,2,2,rare_slip_failures,1044,0.87500,0.94444,0.27270,0.30667,0.05556,0.08037,0.00000
task_label_stratification,2,2,jammed_fixture_failures,1044,0.87500,0.00000,0.40525,0.47569,1.00000,0.12677,0.94444
task_label_stratification,2,2,actuator_limit_failures,1044,0.87500,1.00000,0.07519,0.00000,0.00000,0.12152,0.00000
task_label_stratification,2,2,combined_tail_stress,1044,0.87500,0.61111,0.40470,0.63592,0.38889,0.11483,0.22222
task_label_stratification,2,2,compound_sensor_actuator_shift,1044,0.87500,0.72222,0.26994,0.61905,0.27778,0.21349,0.22222
task_label_stratification,2,2,fixture_geometry_shift,1044,0.87500,0.00000,0.35861,0.37391,1.00000,0.08567,0.11111
task_label_stratification,2,2,rare_mechanism_combo,1044,0.87500,0.38889,0.33758,0.59697,0.61111,0.15750,0.00000
task_label_stratification,2,2,out_of_distribution_tail,1044,0.87500,0.33333,0.30124,0.40000,0.66667,0.23254,0.00000
task_label_stratification,2,3,nominal_task_balance,1080,0.87500,1.00000,0.00000,0.00000,0.00000,0.04406,0.00000
task_label_stratification,2,3,rare_slip_failures,1080,0.87500,0.94444,0.26689,0.27810,0.05556,0.08349,0.00000
task_label_stratification,2,3,jammed_fixture_failures,1080,0.87500,0.00000,0.40833,0.47569,1.00000,0.12561,0.94444
task_label_stratification,2,3,actuator_limit_failures,1080,0.87500,1.00000,0.07519,0.00000,0.00000,0.10860,0.00000
task_label_stratification,2,3,combined_tail_stress,1080,0.87500,0.61111,0.40443,0.63592,0.38889,0.11722,0.22222
task_label_stratification,2,3,compound_sensor_actuator_shift,1080,0.87500,0.72222,0.26305,0.61905,0.27778,0.23819,0.22222
task_label_stratification,2,3,fixture_geometry_shift,1080,0.87500,0.00000,0.35772,0.37391,1.00000,0.08073,0.11111
task_label_stratification,2,3,rare_mechanism_combo,1080,0.87500,0.38889,0.33755,0.60000,0.61111,0.14656,0.00000
task_label_stratification,2,3,out_of_distribution_tail,1080,0.87500,0.33333,0.29936,0.40000,0.66667,0.22766,0.00000
task_label_stratification,2,4,nominal_task_balance,1116,0.87500,1.00000,0.00000,0.00000,0.00000,0.04032,0.00000
task_label_stratification,2,4,rare_slip_failures,1116,0.87500,0.94444,0.26131,0.27810,0.05556,0.07179,0.00000
task_label_stratification,2,4,jammed_fixture_failures,1116,0.87500,0.00000,0.40060,0.48140,1.00000,0.12415,0.94444
task_label_stratification,2,4,actuator_limit_failures,1116,0.87500,1.00000,0.07697,0.00000,0.00000,0.10510,0.00000
task_label_stratification,2,4,combined_tail_stress,1116,0.87500,0.61111,0.40431,0.64502,0.38889,0.11835,0.22222
task_label_stratification,2,4,compound_sensor_actuator_shift,1116,0.87500,0.72222,0.26675,0.60857,0.27778,0.24430,0.22222
task_label_stratification,2,4,fixture_geometry_shift,1116,0.87500,0.00000,0.35770,0.37391,1.00000,0.07968,0.11111
task_label_stratification,2,4,rare_mechanism_combo,1116,0.87500,0.38889,0.33588,0.60000,0.61111,0.15080,0.00000
task_label_stratification,2,4,out_of_distribution_tail,1116,0.87500,0.33333,0.29766,0.40000,0.66667,0.22916,0.00000
task_label_stratification,2,5,nominal_task_balance,1152,0.87500,1.00000,0.00000,0.00000,0.00000,0.03857,0.00000
task_label_stratification,2,5,rare_slip_failures,1152,0.87500,0.94444,0.27336,0.30667,0.05556,0.09798,0.00000
task_label_stratification,2,5,jammed_fixture_failures,1152,0.87500,0.00000,0.40183,0.48140,1.00000,0.11980,0.94444
task_label_stratification,2,5,actuator_limit_failures,1152,0.87500,1.00000,0.07697,0.00000,0.00000,0.10499,0.00000
task_label_stratification,2,5,combined_tail_stress,1152,0.87500,0.61111,0.40166,0.64502,0.38889,0.10808,0.22222
task_label_stratification,2,5,compound_sensor_actuator_shift,1152,0.87500,0.72222,0.26273,0.58857,0.27778,0.25114,0.22222
task_label_stratification,2,5,fixture_geometry_shift,1152,0.87500,0.00000,0.35836,0.37391,1.00000,0.07545,0.11111
task_label_stratification,2,5,rare_mechanism_combo,1152,0.87500,0.38889,0.33396,0.60000,0.61111,0.14451,0.00000
task_label_stratification,2,5,out_of_distribution_tail,1152,0.87500,0.33333,0.29638,0.40000,0.66667,0.22994,0.00000
state_diversity_coreset,2,0,nominal_task_balance,972,0.87500,1.00000,0.00000,0.00000,0.00000,0.04553,0.00000
state_diversity_coreset,2,0,rare_slip_failures,972,0.87500,0.94444,0.26883,0.30667,0.05556,0.10009,0.00000
state_diversity_coreset,2,0,jammed_fixture_failures,972,0.87500,0.00000,0.39057,0.45473,1.00000,0.12757,0.94444
state_diversity_coreset,2,0,actuator_limit_failures,972,0.87500,1.00000,0.07519,0.00000,0.00000,0.11475,0.00000
state_diversity_coreset,2,0,combined_tail_stress,972,0.87500,0.61111,0.41820,0.63632,0.38889,0.11019,0.22222
state_diversity_coreset,2,0,compound_sensor_actuator_shift,972,0.87500,0.72222,0.26569,0.59905,0.27778,0.24470,0.22222
state_diversity_coreset,2,0,fixture_geometry_shift,972,0.87500,0.00000,0.36048,0.37826,1.00000,0.08463,0.11111
state_diversity_coreset,2,0,rare_mechanism_combo,972,0.87500,0.38889,0.33962,0.60000,0.61111,0.14205,0.00000
state_diversity_coreset,2,0,out_of_distribution_tail,972,0.87500,0.33333,0.29825,0.40000,0.66667,0.25329,0.00000
state_diversity_coreset,2,1,nominal_task_balance,1008,1.00000,1.00000,0.00000,0.00000,0.00000,0.04477,0.00000
state_diversity_coreset,2,1,rare_slip_failures,1008,1.00000,0.94444,0.24251,0.26667,0.05556,0.09476,0.00000
state_diversity_coreset,2,1,jammed_fixture_failures,1008,1.00000,0.00000,0.41161,0.68521,1.00000,0.12943,0.94444
state_diversity_coreset,2,1,actuator_limit_failures,1008,1.00000,1.00000,0.08295,0.00000,0.00000,0.11629,0.00000
state_diversity_coreset,2,1,combined_tail_stress,1008,1.00000,0.61111,0.40196,0.61651,0.38889,0.10302,0.22222
state_diversity_coreset,2,1,compound_sensor_actuator_shift,1008,1.00000,0.72222,0.25641,0.60952,0.27778,0.24927,0.22222
state_diversity_coreset,2,1,fixture_geometry_shift,1008,1.00000,0.00000,0.35662,0.37391,1.00000,0.08497,0.11111
state_diversity_coreset,2,1,rare_mechanism_combo,1008,1.00000,0.38889,0.32297,0.58571,0.61111,0.13909,0.00000
state_diversity_coreset,2,1,out_of_distribution_tail,1008,1.00000,0.33333,0.30163,0.41333,0.66667,0.23032,0.00000
state_diversity_coreset,2,2,nominal_task_balance,1044,1.00000,1.00000,0.00000,0.00000,0.00000,0.04530,0.00000
state_diversity_coreset,2,2,rare_slip_failures,1044,1.00000,0.94444,0.24650,0.26667,0.05556,0.12218,0.00000
state_diversity_coreset,2,2,jammed_fixture_failures,1044,1.00000,0.00000,0.40183,0.64711,1.00000,0.13671,0.94444
state_diversity_coreset,2,2,actuator_limit_failures,1044,1.00000,1.00000,0.09382,0.00000,0.00000,0.12184,0.00000
state_diversity_coreset,2,2,combined_tail_stress,1044,1.00000,0.61111,0.39295,0.63188,0.38889,0.09901,0.22222
state_diversity_coreset,2,2,compound_sensor_actuator_shift,1044,1.00000,0.72222,0.25477,0.58952,0.27778,0.21447,0.22222
state_diversity_coreset,2,2,fixture_geometry_shift,1044,1.00000,0.00000,0.35265,0.37391,1.00000,0.09607,0.11111
state_diversity_coreset,2,2,rare_mechanism_combo,1044,1.00000,0.38889,0.32345,0.60000,0.61111,0.13778,0.00000
state_diversity_coreset,2,2,out_of_distribution_tail,1044,1.00000,0.33333,0.31576,0.48000,0.66667,0.23949,0.00000
state_diversity_coreset,2,3,nominal_task_balance,1080,1.00000,1.00000,0.00000,0.00000,0.00000,0.05231,0.00000
state_diversity_coreset,2,3,rare_slip_failures,1080,1.00000,0.94444,0.22836,0.23810,0.05556,0.12503,0.00000
state_diversity_coreset,2,3,jammed_fixture_failures,1080,1.00000,0.00000,0.40129,0.65473,1.00000,0.14154,0.94444
state_diversity_coreset,2,3,actuator_limit_failures,1080,1.00000,1.00000,0.09754,0.00000,0.00000,0.13936,0.00000
state_diversity_coreset,2,3,combined_tail_stress,1080,1.00000,0.61111,0.39728,0.60580,0.38889,0.12058,0.22222
state_diversity_coreset,2,3,compound_sensor_actuator_shift,1080,1.00000,0.72222,0.25436,0.58952,0.27778,0.21611,0.22222
state_diversity_coreset,2,3,fixture_geometry_shift,1080,1.00000,0.00000,0.35349,0.36957,1.00000,0.09441,0.11111
state_diversity_coreset,2,3,rare_mechanism_combo,1080,1.00000,0.38889,0.32106,0.60000,0.61111,0.13432,0.00000
state_diversity_coreset,2,3,out_of_distribution_tail,1080,1.00000,0.33333,0.31095,0.45333,0.66667,0.24630,0.00000
state_diversity_coreset,2,4,nominal_task_balance,1116,1.00000,1.00000,0.00000,0.00000,0.00000,0.04958,0.00000
state_diversity_coreset,2,4,rare_slip_failures,1116,1.00000,0.94444,0.22904,0.23810,0.05556,0.12828,0.00000
state_diversity_coreset,2,4,jammed_fixture_failures,1116,1.00000,0.00000,0.40268,0.67378,1.00000,0.14846,0.94444
state_diversity_coreset,2,4,actuator_limit_failures,1116,1.00000,1.00000,0.08379,0.00000,0.00000,0.11784,0.00000
state_diversity_coreset,2,4,combined_tail_stress,1116,1.00000,0.61111,0.37890,0.58841,0.38889,0.09555,0.22222
state_diversity_coreset,2,4,compound_sensor_actuator_shift,1116,1.00000,0.72222,0.25153,0.58952,0.27778,0.20294,0.22222
state_diversity_coreset,2,4,fixture_geometry_shift,1116,1.00000,0.00000,0.35299,0.36957,1.00000,0.09762,0.11111
state_diversity_coreset,2,4,rare_mechanism_combo,1116,1.00000,0.38889,0.32453,0.60000,0.61111,0.13940,0.00000
state_diversity_coreset,2,4,out_of_distribution_tail,1116,1.00000,0.33333,0.30426,0.44000,0.66667,0.23706,0.00000
state_diversity_coreset,2,5,nominal_task_balance,1152,1.00000,1.00000,0.00000,0.00000,0.00000,0.05073,0.00000
state_diversity_coreset,2,5,rare_slip_failures,1152,1.00000,0.94444,0.22884,0.23810,0.05556,0.08780,0.00000
state_diversity_coreset,2,5,jammed_fixture_failures,1152,1.00000,0.00000,0.40249,0.66807,1.00000,0.14643,0.94444
state_diversity_coreset,2,5,actuator_limit_failures,1152,1.00000,1.00000,0.08617,0.00000,0.00000,0.11928,0.00000
state_diversity_coreset,2,5,combined_tail_stress,1152,1.00000,0.61111,0.38273,0.59710,0.38889,0.11431,0.22222
state_diversity_coreset,2,5,compound_sensor_actuator_shift,1152,1.00000,0.72222,0.25332,0.59905,0.27778,0.20712,0.22222
state_diversity_coreset,2,5,fixture_geometry_shift,1152,1.00000,0.00000,0.35334,0.37391,1.00000,0.09784,0.11111
state_diversity_coreset,2,5,rare_mechanism_combo,1152,1.00000,0.38889,0.32279,0.60000,0.61111,0.15054,0.00000
state_diversity_coreset,2,5,out_of_distribution_tail,1152,1.00000,0.33333,0.31584,0.46667,0.66667,0.24088,0.00000
uncertainty_sampling,2,0,nominal_task_balance,972,0.87500,1.00000,0.00000,0.00000,0.00000,0.04553,0.00000
uncertainty_sampling,2,0,rare_slip_failures,972,0.87500,0.94444,0.26883,0.30667,0.05556,0.10009,0.00000
uncertainty_sampling,2,0,jammed_fixture_failures,972,0.87500,0.00000,0.39057,0.45473,1.00000,0.12757,0.94444
uncertainty_sampling,2,0,actuator_limit_failures,972,0.87500,1.00000,0.07519,0.00000,0.00000,0.11475,0.00000
uncertainty_sampling,2,0,combined_tail_stress,972,0.87500,0.61111,0.41820,0.63632,0.38889,0.11019,0.22222
uncertainty_sampling,2,0,compound_sensor_actuator_shift,972,0.87500,0.72222,0.26569,0.59905,0.27778,0.24470,0.22222
uncertainty_sampling,2,0,fixture_geometry_shift,972,0.87500,0.00000,0.36048,0.37826,1.00000,0.08463,0.11111
uncertainty_sampling,2,0,rare_mechanism_combo,972,0.87500,0.38889,0.33962,0.60000,0.61111,0.14205,0.00000
uncertainty_sampling,2,0,out_of_distribution_tail,972,0.87500,0.33333,0.29825,0.40000,0.66667,0.25329,0.00000
uncertainty_sampling,2,1,nominal_task_balance,1008,0.87500,1.00000,0.00000,0.00000,0.00000,0.04431,0.00000
uncertainty_sampling,2,1,rare_slip_failures,1008,0.87500,0.94444,0.27121,0.30667,0.05556,0.09113,0.00000
uncertainty_sampling,2,1,jammed_fixture_failures,1008,0.87500,0.00000,0.40490,0.46807,1.00000,0.12813,0.94444
uncertainty_sampling,2,1,actuator_limit_failures,1008,0.87500,1.00000,0.07519,0.00000,0.00000,0.11614,0.00000
uncertainty_sampling,2,1,combined_tail_stress,1008,0.87500,0.61111,0.41163,0.62762,0.38889,0.10640,0.22222
uncertainty_sampling,2,1,compound_sensor_actuator_shift,1008,0.87500,0.72222,0.25123,0.54000,0.27778,0.25079,0.22222
uncertainty_sampling,2,1,fixture_geometry_shift,1008,0.87500,0.00000,0.35939,0.37826,1.00000,0.08616,0.11111
uncertainty_sampling,2,1,rare_mechanism_combo,1008,0.87500,0.38889,0.34125,0.60000,0.61111,0.13680,0.00000
uncertainty_sampling,2,1,out_of_distribution_tail,1008,0.87500,0.33333,0.29705,0.40000,0.66667,0.22294,0.00000
uncertainty_sampling,2,2,nominal_task_balance,1044,0.87500,1.00000,0.00000,0.00000,0.00000,0.04763,0.00000
uncertainty_sampling,2,2,rare_slip_failures,1044,0.87500,0.94444,0.25958,0.28667,0.05556,0.08195,0.00000
uncertainty_sampling,2,2,jammed_fixture_failures,1044,0.87500,0.00000,0.39664,0.45473,1.00000,0.13120,0.94444
uncertainty_sampling,2,2,actuator_limit_failures,1044,0.87500,1.00000,0.07895,0.00000,0.00000,0.12022,0.00000
uncertainty_sampling,2,2,combined_tail_stress,1044,0.87500,0.61111,0.41270,0.63632,0.38889,0.12754,0.22222
uncertainty_sampling,2,2,compound_sensor_actuator_shift,1044,0.87500,0.72222,0.25362,0.55048,0.27778,0.25571,0.22222
uncertainty_sampling,2,2,fixture_geometry_shift,1044,0.87500,0.00000,0.35939,0.37826,1.00000,0.08593,0.11111
uncertainty_sampling,2,2,rare_mechanism_combo,1044,0.87500,0.38889,0.33507,0.55714,0.61111,0.13204,0.00000
uncertainty_sampling,2,2,out_of_distribution_tail,1044,0.87500,0.33333,0.30875,0.44000,0.66667,0.22966,0.00000
uncertainty_sampling,2,3,nominal_task_balance,1080,0.87500,1.00000,0.00000,0.00000,0.00000,0.04811,0.00000
uncertainty_sampling,2,3,rare_slip_failures,1080,0.87500,0.94444,0.25841,0.30000,0.05556,0.07630,0.00000
uncertainty_sampling,2,3,jammed_fixture_failures,1080,0.87500,0.00000,0.39572,0.45473,1.00000,0.13528,0.94444
uncertainty_sampling,2,3,actuator_limit_failures,1080,0.87500,1.00000,0.08114,0.00000,0.00000,0.11674,0.00000
uncertainty_sampling,2,3,combined_tail_stress,1080,0.87500,0.61111,0.41012,0.64502,0.38889,0.13246,0.22222
uncertainty_sampling,2,3,compound_sensor_actuator_shift,1080,0.87500,0.72222,0.25424,0.57048,0.27778,0.24494,0.22222
uncertainty_sampling,2,3,fixture_geometry_shift,1080,0.87500,0.00000,0.35688,0.37826,1.00000,0.08289,0.11111
uncertainty_sampling,2,3,rare_mechanism_combo,1080,0.87500,0.38889,0.33770,0.60000,0.61111,0.13609,0.00000
uncertainty_sampling,2,3,out_of_distribution_tail,1080,0.87500,0.33333,0.31490,0.44000,0.66667,0.21531,0.00000
uncertainty_sampling,2,4,nominal_task_balance,1116,0.87500,1.00000,0.00000,0.00000,0.00000,0.04622,0.00000
uncertainty_sampling,2,4,rare_slip_failures,1116,0.87500,0.94444,0.25959,0.30000,0.05556,0.06099,0.00000
uncertainty_sampling,2,4,jammed_fixture_failures,1116,0.87500,0.00000,0.38720,0.43569,1.00000,0.14110,0.94444
uncertainty_sampling,2,4,actuator_limit_failures,1116,0.87500,1.00000,0.05882,0.00000,0.00000,0.11535,0.00000
uncertainty_sampling,2,4,combined_tail_stress,1116,0.87500,0.61111,0.40547,0.64502,0.38889,0.12570,0.22222
uncertainty_sampling,2,4,compound_sensor_actuator_shift,1116,0.87500,0.72222,0.24844,0.53048,0.27778,0.23254,0.22222
uncertainty_sampling,2,4,fixture_geometry_shift,1116,0.87500,0.00000,0.35669,0.37826,1.00000,0.08491,0.11111
uncertainty_sampling,2,4,rare_mechanism_combo,1116,0.87500,0.38889,0.33553,0.60000,0.61111,0.13435,0.00000
uncertainty_sampling,2,4,out_of_distribution_tail,1116,0.87500,0.33333,0.31864,0.45333,0.66667,0.18094,0.00000
uncertainty_sampling,2,5,nominal_task_balance,1152,0.87500,1.00000,0.00000,0.00000,0.00000,0.04654,0.00000
uncertainty_sampling,2,5,rare_slip_failures,1152,0.87500,0.94444,0.25959,0.30000,0.05556,0.06440,0.00000
uncertainty_sampling,2,5,jammed_fixture_failures,1152,0.87500,0.00000,0.38621,0.42235,1.00000,0.14825,0.94444
uncertainty_sampling,2,5,actuator_limit_failures,1152,0.87500,1.00000,0.04727,0.00000,0.00000,0.09750,0.00000
uncertainty_sampling,2,5,combined_tail_stress,1152,0.87500,0.61111,0.40637,0.64502,0.38889,0.12681,0.22222
uncertainty_sampling,2,5,compound_sensor_actuator_shift,1152,0.87500,0.72222,0.24940,0.53048,0.27778,0.26147,0.22222
uncertainty_sampling,2,5,fixture_geometry_shift,1152,0.87500,0.00000,0.35847,0.37826,1.00000,0.08692,0.11111
uncertainty_sampling,2,5,rare_mechanism_combo,1152,0.87500,0.38889,0.33220,0.60000,0.61111,0.12688,0.00000
uncertainty_sampling,2,5,out_of_distribution_tail,1152,0.87500,0.33333,0.32155,0.45333,0.66667,0.18391,0.00000
failure_prediction_active_learning,2,0,nominal_task_balance,972,0.87500,1.00000,0.00000,0.00000,0.00000,0.04553,0.00000
failure_prediction_active_learning,2,0,rare_slip_failures,972,0.87500,0.94444,0.26883,0.30667,0.05556,0.10009,0.00000
failure_prediction_active_learning,2,0,jammed_fixture_failures,972,0.87500,0.00000,0.39057,0.45473,1.00000,0.12757,0.94444
failure_prediction_active_learning,2,0,actuator_limit_failures,972,0.87500,1.00000,0.07519,0.00000,0.00000,0.11475,0.00000
failure_prediction_active_learning,2,0,combined_tail_stress,972,0.87500,0.61111,0.41820,0.63632,0.38889,0.11019,0.22222
failure_prediction_active_learning,2,0,compound_sensor_actuator_shift,972,0.87500,0.72222,0.26569,0.59905,0.27778,0.24470,0.22222
failure_prediction_active_learning,2,0,fixture_geometry_shift,972,0.87500,0.00000,0.36048,0.37826,1.00000,0.08463,0.11111
failure_prediction_active_learning,2,0,rare_mechanism_combo,972,0.87500,0.38889,0.33962,0.60000,0.61111,0.14205,0.00000
failure_prediction_active_learning,2,0,out_of_distribution_tail,972,0.87500,0.33333,0.29825,0.40000,0.66667,0.25329,0.00000
failure_prediction_active_learning,2,1,nominal_task_balance,1008,0.87500,1.00000,0.00000,0.00000,0.00000,0.04334,0.00000
failure_prediction_active_learning,2,1,rare_slip_failures,1008,0.87500,0.94444,0.27176,0.30667,0.05556,0.11444,0.00000
failure_prediction_active_learning,2,1,jammed_fixture_failures,1008,0.87500,0.00000,0.39262,0.45473,1.00000,0.13535,0.94444
failure_prediction_active_learning,2,1,actuator_limit_failures,1008,0.87500,1.00000,0.05903,0.00000,0.00000,0.11364,0.00000
failure_prediction_active_learning,2,1,combined_tail_stress,1008,0.87500,0.61111,0.41905,0.61893,0.38889,0.09650,0.22222
failure_prediction_active_learning,2,1,compound_sensor_actuator_shift,1008,0.87500,0.72222,0.26442,0.58857,0.27778,0.23680,0.22222
failure_prediction_active_learning,2,1,fixture_geometry_shift,1008,0.87500,0.00000,0.35409,0.38261,1.00000,0.09836,0.11111
failure_prediction_active_learning,2,1,rare_mechanism_combo,1008,0.87500,0.38889,0.34033,0.58571,0.61111,0.15661,0.00000
failure_prediction_active_learning,2,1,out_of_distribution_tail,1008,0.87500,0.33333,0.29997,0.40000,0.66667,0.22972,0.00000
failure_prediction_active_learning,2,2,nominal_task_balance,1044,0.87500,1.00000,0.00000,0.00000,0.00000,0.03945,0.00000
failure_prediction_active_learning,2,2,rare_slip_failures,1044,0.87500,0.94444,0.27091,0.30667,0.05556,0.11060,0.00000
failure_prediction_active_learning,2,2,jammed_fixture_failures,1044,0.87500,0.00000,0.39511,0.45042,1.00000,0.14667,0.94444
failure_prediction_active_learning,2,2,actuator_limit_failures,1044,0.87500,1.00000,0.06469,0.00000,0.00000,0.11328,0.00000
failure_prediction_active_learning,2,2,combined_tail_stress,1044,0.87500,0.61111,0.41330,0.60154,0.38889,0.08199,0.22222
failure_prediction_active_learning,2,2,compound_sensor_actuator_shift,1044,0.87500,0.72222,0.24777,0.52952,0.27778,0.23034,0.22222
failure_prediction_active_learning,2,2,fixture_geometry_shift,1044,0.87500,0.00000,0.34737,0.39130,1.00000,0.11753,0.11111
failure_prediction_active_learning,2,2,rare_mechanism_combo,1044,0.87500,0.38889,0.33781,0.57143,0.61111,0.16897,0.00000
failure_prediction_active_learning,2,2,out_of_distribution_tail,1044,0.87500,0.33333,0.29798,0.40000,0.66667,0.25174,0.00000
failure_prediction_active_learning,2,3,nominal_task_balance,1080,0.87500,1.00000,0.00000,0.00000,0.00000,0.03662,0.00000
failure_prediction_active_learning,2,3,rare_slip_failures,1080,0.87500,0.94444,0.25693,0.28667,0.05556,0.10735,0.00000
failure_prediction_active_learning,2,3,jammed_fixture_failures,1080,0.87500,0.00000,0.40416,0.46947,1.00000,0.14796,0.94444
failure_prediction_active_learning,2,3,actuator_limit_failures,1080,0.87500,1.00000,0.04701,0.00000,0.00000,0.10850,0.00000
failure_prediction_active_learning,2,3,combined_tail_stress,1080,0.87500,0.61111,0.41312,0.60154,0.38889,0.07341,0.22222
failure_prediction_active_learning,2,3,compound_sensor_actuator_shift,1080,0.87500,0.72222,0.25201,0.53905,0.27778,0.24397,0.22222
failure_prediction_active_learning,2,3,fixture_geometry_shift,1080,0.87500,0.00000,0.34257,0.39130,1.00000,0.12050,0.11111
failure_prediction_active_learning,2,3,rare_mechanism_combo,1080,0.87500,0.38889,0.33463,0.55714,0.61111,0.18136,0.00000
failure_prediction_active_learning,2,3,out_of_distribution_tail,1080,0.87500,0.33333,0.29609,0.40000,0.66667,0.25961,0.00000
failure_prediction_active_learning,2,4,nominal_task_balance,1116,0.87500,1.00000,0.00000,0.00000,0.00000,0.03492,0.00000
failure_prediction_active_learning,2,4,rare_slip_failures,1116,0.87500,0.94444,0.24231,0.26667,0.05556,0.12761,0.00000
failure_prediction_active_learning,2,4,jammed_fixture_failures,1116,0.87500,0.00000,0.39983,0.45613,1.00000,0.14927,0.94444
failure_prediction_active_learning,2,4,actuator_limit_failures,1116,0.87500,1.00000,0.00000,0.00000,0.00000,0.10430,0.00000
failure_prediction_active_learning,2,4,combined_tail_stress,1116,0.87500,0.61111,0.40899,0.58415,0.38889,0.06547,0.22222
failure_prediction_active_learning,2,4,compound_sensor_actuator_shift,1116,0.87500,0.72222,0.25984,0.56857,0.27778,0.25287,0.22222
failure_prediction_active_learning,2,4,fixture_geometry_shift,1116,0.87500,0.00000,0.34610,0.38696,1.00000,0.12031,0.11111
failure_prediction_active_learning,2,4,rare_mechanism_combo,1116,0.87500,0.38889,0.33230,0.54286,0.61111,0.19008,0.00000
failure_prediction_active_learning,2,4,out_of_distribution_tail,1116,0.87500,0.33333,0.29705,0.40000,0.66667,0.27254,0.00000
failure_prediction_active_learning,2,5,nominal_task_balance,1152,0.87500,1.00000,0.00000,0.00000,0.00000,0.03281,0.00000
failure_prediction_active_learning,2,5,rare_slip_failures,1152,0.87500,0.94444,0.25819,0.26667,0.05556,0.10869,0.00000
failure_prediction_active_learning,2,5,jammed_fixture_failures,1152,0.87500,0.00000,0.38597,0.44039,1.00000,0.15335,0.94444
failure_prediction_active_learning,2,5,actuator_limit_failures,1152,0.87500,1.00000,0.00000,0.00000,0.00000,0.10053,0.00000
failure_prediction_active_learning,2,5,combined_tail_stress,1152,0.87500,0.61111,0.41201,0.58415,0.38889,0.08368,0.22222
failure_prediction_active_learning,2,5,compound_sensor_actuator_shift,1152,0.87500,0.72222,0.25867,0.54857,0.27778,0.24913,0.22222
failure_prediction_active_learning,2,5,fixture_geometry_shift,1152,0.87500,0.00000,0.34675,0.38696,1.00000,0.12843,0.11111
failure_prediction_active_learning,2,5,rare_mechanism_combo,1152,0.87500,0.38889,0.33773,0.54286,0.61111,0.19840,0.00000
failure_prediction_active_learning,2,5,out_of_distribution_tail,1152,0.87500,0.33333,0.29464,0.40000,0.66667,0.28445,0.00000
calibrated_failure_risk,2,0,nominal_task_balance,972,0.87500,1.00000,0.00000,0.00000,0.00000,0.04553,0.00000
calibrated_failure_risk,2,0,rare_slip_failures,972,0.87500,0.94444,0.26883,0.30667,0.05556,0.10009,0.00000
calibrated_failure_risk,2,0,jammed_fixture_failures,972,0.87500,0.00000,0.39057,0.45473,1.00000,0.12757,0.94444
calibrated_failure_risk,2,0,actuator_limit_failures,972,0.87500,1.00000,0.07519,0.00000,0.00000,0.11475,0.00000
calibrated_failure_risk,2,0,combined_tail_stress,972,0.87500,0.61111,0.41820,0.63632,0.38889,0.11019,0.22222
calibrated_failure_risk,2,0,compound_sensor_actuator_shift,972,0.87500,0.72222,0.26569,0.59905,0.27778,0.24470,0.22222
calibrated_failure_risk,2,0,fixture_geometry_shift,972,0.87500,0.00000,0.36048,0.37826,1.00000,0.08463,0.11111
calibrated_failure_risk,2,0,rare_mechanism_combo,972,0.87500,0.38889,0.33962,0.60000,0.61111,0.14205,0.00000
calibrated_failure_risk,2,0,out_of_distribution_tail,972,0.87500,0.33333,0.29825,0.40000,0.66667,0.25329,0.00000
calibrated_failure_risk,2,1,nominal_task_balance,1008,0.87500,1.00000,0.00000,0.00000,0.00000,0.04301,0.00000
calibrated_failure_risk,2,1,rare_slip_failures,1008,0.87500,0.94444,0.26948,0.30667,0.05556,0.11434,0.00000
calibrated_failure_risk,2,1,jammed_fixture_failures,1008,0.87500,0.00000,0.39318,0.45473,1.00000,0.13524,0.94444
calibrated_failure_risk,2,1,actuator_limit_failures,1008,0.87500,1.00000,0.04608,0.00000,0.00000,0.11584,0.00000
calibrated_failure_risk,2,1,combined_tail_stress,1008,0.87500,0.61111,0.41202,0.61023,0.38889,0.09690,0.22222
calibrated_failure_risk,2,1,compound_sensor_actuator_shift,1008,0.87500,0.72222,0.26486,0.56857,0.27778,0.23705,0.22222
calibrated_failure_risk,2,1,fixture_geometry_shift,1008,0.87500,0.00000,0.35539,0.39130,1.00000,0.09819,0.11111
calibrated_failure_risk,2,1,rare_mechanism_combo,1008,0.87500,0.38889,0.34134,0.58571,0.61111,0.15687,0.00000
calibrated_failure_risk,2,1,out_of_distribution_tail,1008,0.87500,0.33333,0.30160,0.40000,0.66667,0.22943,0.00000
calibrated_failure_risk,2,2,nominal_task_balance,1044,0.87500,1.00000,0.00000,0.00000,0.00000,0.04008,0.00000
calibrated_failure_risk,2,2,rare_slip_failures,1044,0.87500,0.94444,0.25918,0.28667,0.05556,0.11145,0.00000
calibrated_failure_risk,2,2,jammed_fixture_failures,1044,0.87500,0.00000,0.39464,0.44140,1.00000,0.14123,0.94444
calibrated_failure_risk,2,2,actuator_limit_failures,1044,0.87500,1.00000,0.06469,0.00000,0.00000,0.10374,0.00000
calibrated_failure_risk,2,2,combined_tail_stress,1044,0.87500,0.61111,0.41301,0.60154,0.38889,0.09202,0.22222
calibrated_failure_risk,2,2,compound_sensor_actuator_shift,1044,0.87500,0.72222,0.25540,0.53905,0.27778,0.22622,0.22222
calibrated_failure_risk,2,2,fixture_geometry_shift,1044,0.87500,0.00000,0.34933,0.39130,1.00000,0.11734,0.11111
calibrated_failure_risk,2,2,rare_mechanism_combo,1044,0.87500,0.38889,0.33590,0.57143,0.61111,0.17139,0.00000
calibrated_failure_risk,2,2,out_of_distribution_tail,1044,0.87500,0.33333,0.29847,0.40000,0.66667,0.23825,0.00000
calibrated_failure_risk,2,3,nominal_task_balance,1080,0.87500,1.00000,0.00000,0.00000,0.00000,0.03706,0.00000
calibrated_failure_risk,2,3,rare_slip_failures,1080,0.87500,0.94444,0.24426,0.26667,0.05556,0.10231,0.00000
calibrated_failure_risk,2,3,jammed_fixture_failures,1080,0.87500,0.00000,0.39321,0.45042,1.00000,0.14964,0.94444
calibrated_failure_risk,2,3,actuator_limit_failures,1080,0.87500,1.00000,0.04701,0.00000,0.00000,0.10822,0.00000
calibrated_failure_risk,2,3,combined_tail_stress,1080,0.87500,0.61111,0.41524,0.61023,0.38889,0.07311,0.22222
calibrated_failure_risk,2,3,compound_sensor_actuator_shift,1080,0.87500,0.72222,0.25670,0.53905,0.27778,0.24388,0.22222
calibrated_failure_risk,2,3,fixture_geometry_shift,1080,0.87500,0.00000,0.34001,0.39130,1.00000,0.12187,0.11111
calibrated_failure_risk,2,3,rare_mechanism_combo,1080,0.87500,0.38889,0.33360,0.55714,0.61111,0.17999,0.00000
calibrated_failure_risk,2,3,out_of_distribution_tail,1080,0.87500,0.33333,0.29586,0.40000,0.66667,0.25702,0.00000
calibrated_failure_risk,2,4,nominal_task_balance,1116,0.87500,1.00000,0.00000,0.00000,0.00000,0.03493,0.00000
calibrated_failure_risk,2,4,rare_slip_failures,1116,0.87500,0.94444,0.25223,0.26667,0.05556,0.12699,0.00000
calibrated_failure_risk,2,4,jammed_fixture_failures,1116,0.87500,0.00000,0.39724,0.45613,1.00000,0.15177,0.94444
calibrated_failure_risk,2,4,actuator_limit_failures,1116,0.87500,1.00000,0.00000,0.00000,0.00000,0.10369,0.00000
calibrated_failure_risk,2,4,combined_tail_stress,1116,0.87500,0.61111,0.40987,0.60154,0.38889,0.08138,0.22222
calibrated_failure_risk,2,4,compound_sensor_actuator_shift,1116,0.87500,0.72222,0.25015,0.54952,0.27778,0.25340,0.22222
calibrated_failure_risk,2,4,fixture_geometry_shift,1116,0.87500,0.00000,0.34126,0.39130,1.00000,0.12394,0.11111
calibrated_failure_risk,2,4,rare_mechanism_combo,1116,0.87500,0.38889,0.33830,0.55714,0.61111,0.18941,0.00000
calibrated_failure_risk,2,4,out_of_distribution_tail,1116,0.87500,0.33333,0.29857,0.40000,0.66667,0.26919,0.00000
calibrated_failure_risk,2,5,nominal_task_balance,1152,0.87500,1.00000,0.00000,0.00000,0.00000,0.03378,0.00000
calibrated_failure_risk,2,5,rare_slip_failures,1152,0.87500,0.94444,0.25221,0.26667,0.05556,0.10779,0.00000
calibrated_failure_risk,2,5,jammed_fixture_failures,1152,0.87500,0.00000,0.38871,0.44280,1.00000,0.15297,0.94444
calibrated_failure_risk,2,5,actuator_limit_failures,1152,0.87500,1.00000,0.00000,0.00000,0.00000,0.09782,0.00000
calibrated_failure_risk,2,5,combined_tail_stress,1152,0.87500,0.61111,0.41230,0.60154,0.38889,0.08134,0.22222
calibrated_failure_risk,2,5,compound_sensor_actuator_shift,1152,0.87500,0.72222,0.26293,0.56857,0.27778,0.21826,0.22222
calibrated_failure_risk,2,5,fixture_geometry_shift,1152,0.87500,0.00000,0.34115,0.39130,1.00000,0.12320,0.11111
calibrated_failure_risk,2,5,rare_mechanism_combo,1152,0.87500,0.38889,0.33856,0.54286,0.61111,0.19431,0.00000
calibrated_failure_risk,2,5,out_of_distribution_tail,1152,0.87500,0.33333,0.29940,0.40000,0.66667,0.27673,0.00000
tail_risk_active_learning,2,0,nominal_task_balance,972,0.87500,1.00000,0.00000,0.00000,0.00000,0.04553,0.00000
tail_risk_active_learning,2,0,rare_slip_failures,972,0.87500,0.94444,0.26883,0.30667,0.05556,0.10009,0.00000
tail_risk_active_learning,2,0,jammed_fixture_failures,972,0.87500,0.00000,0.39057,0.45473,1.00000,0.12757,0.94444
tail_risk_active_learning,2,0,actuator_limit_failures,972,0.87500,1.00000,0.07519,0.00000,0.00000,0.11475,0.00000
tail_risk_active_learning,2,0,combined_tail_stress,972,0.87500,0.61111,0.41820,0.63632,0.38889,0.11019,0.22222
tail_risk_active_learning,2,0,compound_sensor_actuator_shift,972,0.87500,0.72222,0.26569,0.59905,0.27778,0.24470,0.22222
tail_risk_active_learning,2,0,fixture_geometry_shift,972,0.87500,0.00000,0.36048,0.37826,1.00000,0.08463,0.11111
tail_risk_active_learning,2,0,rare_mechanism_combo,972,0.87500,0.38889,0.33962,0.60000,0.61111,0.14205,0.00000
tail_risk_active_learning,2,0,out_of_distribution_tail,972,0.87500,0.33333,0.29825,0.40000,0.66667,0.25329,0.00000
tail_risk_active_learning,2,1,nominal_task_balance,1008,0.87500,1.00000,0.00000,0.00000,0.00000,0.04394,0.00000
tail_risk_active_learning,2,1,rare_slip_failures,1008,0.87500,0.94444,0.27161,0.30667,0.05556,0.09715,0.00000
tail_risk_active_learning,2,1,jammed_fixture_failures,1008,0.87500,0.00000,0.39082,0.46807,1.00000,0.13253,0.94444
tail_risk_active_learning,2,1,actuator_limit_failures,1008,0.87500,1.00000,0.06725,0.00000,0.00000,0.11694,0.00000
tail_risk_active_learning,2,1,combined_tail_stress,1008,0.87500,0.61111,0.41333,0.62521,0.38889,0.09878,0.22222
tail_risk_active_learning,2,1,compound_sensor_actuator_shift,1008,0.87500,0.72222,0.26765,0.59905,0.27778,0.23919,0.22222
tail_risk_active_learning,2,1,fixture_geometry_shift,1008,0.87500,0.00000,0.35733,0.37826,1.00000,0.08934,0.11111
tail_risk_active_learning,2,1,rare_mechanism_combo,1008,0.87500,0.38889,0.33849,0.59394,0.61111,0.15321,0.00000
tail_risk_active_learning,2,1,out_of_distribution_tail,1008,0.87500,0.33333,0.30189,0.40000,0.66667,0.23115,0.00000
tail_risk_active_learning,2,2,nominal_task_balance,1044,0.87500,1.00000,0.00000,0.00000,0.00000,0.04564,0.00000
tail_risk_active_learning,2,2,rare_slip_failures,1044,0.87500,0.94444,0.26923,0.30667,0.05556,0.09091,0.00000
tail_risk_active_learning,2,2,jammed_fixture_failures,1044,0.87500,0.00000,0.38660,0.48140,1.00000,0.14495,0.94444
tail_risk_active_learning,2,2,actuator_limit_failures,1044,0.87500,1.00000,0.06579,0.00000,0.00000,0.12571,0.00000
tail_risk_active_learning,2,2,combined_tail_stress,1044,0.87500,0.61111,0.40077,0.61410,0.38889,0.09746,0.22222
tail_risk_active_learning,2,2,compound_sensor_actuator_shift,1044,0.87500,0.72222,0.26942,0.60857,0.27778,0.24028,0.22222
tail_risk_active_learning,2,2,fixture_geometry_shift,1044,0.87500,0.00000,0.35801,0.38261,1.00000,0.09058,0.11111
tail_risk_active_learning,2,2,rare_mechanism_combo,1044,0.87500,0.38889,0.33535,0.59091,0.61111,0.15533,0.00000
tail_risk_active_learning,2,2,out_of_distribution_tail,1044,0.87500,0.33333,0.30054,0.40000,0.66667,0.28960,0.00000
tail_risk_active_learning,2,3,nominal_task_balance,1080,0.87500,1.00000,0.00000,0.00000,0.00000,0.04432,0.00000
tail_risk_active_learning,2,3,rare_slip_failures,1080,0.87500,0.94444,0.25603,0.28667,0.05556,0.09766,0.00000
tail_risk_active_learning,2,3,jammed_fixture_failures,1080,0.87500,0.00000,0.38971,0.49473,1.00000,0.14881,0.94444
tail_risk_active_learning,2,3,actuator_limit_failures,1080,0.87500,1.00000,0.06725,0.00000,0.00000,0.12278,0.00000
tail_risk_active_learning,2,3,combined_tail_stress,1080,0.87500,0.61111,0.40204,0.61410,0.38889,0.08850,0.22222
tail_risk_active_learning,2,3,compound_sensor_actuator_shift,1080,0.87500,0.72222,0.26936,0.60762,0.27778,0.23744,0.22222
tail_risk_active_learning,2,3,fixture_geometry_shift,1080,0.87500,0.00000,0.35801,0.38261,1.00000,0.09612,0.11111
tail_risk_active_learning,2,3,rare_mechanism_combo,1080,0.87500,0.38889,0.33585,0.50519,0.61111,0.17400,0.00000
tail_risk_active_learning,2,3,out_of_distribution_tail,1080,0.87500,0.33333,0.30226,0.40000,0.66667,0.30596,0.00000
tail_risk_active_learning,2,4,nominal_task_balance,1116,0.87500,1.00000,0.00000,0.00000,0.00000,0.04416,0.00000
tail_risk_active_learning,2,4,rare_slip_failures,1116,0.87500,0.94444,0.26346,0.32000,0.05556,0.09352,0.00000
tail_risk_active_learning,2,4,jammed_fixture_failures,1116,0.87500,0.00000,0.39166,0.49473,1.00000,0.15946,0.94444
tail_risk_active_learning,2,4,actuator_limit_failures,1116,0.87500,1.00000,0.08730,0.00000,0.00000,0.11978,0.00000
tail_risk_active_learning,2,4,combined_tail_stress,1116,0.87500,0.61111,0.39943,0.62279,0.38889,0.08970,0.22222
tail_risk_active_learning,2,4,compound_sensor_actuator_shift,1116,0.87500,0.72222,0.28309,0.65619,0.27778,0.23370,0.22222
tail_risk_active_learning,2,4,fixture_geometry_shift,1116,0.87500,0.00000,0.35801,0.38261,1.00000,0.09789,0.11111
tail_risk_active_learning,2,4,rare_mechanism_combo,1116,0.87500,0.38889,0.33729,0.50519,0.61111,0.16964,0.00000
tail_risk_active_learning,2,4,out_of_distribution_tail,1116,0.87500,0.33333,0.29280,0.40000,0.66667,0.32447,0.00000
tail_risk_active_learning,2,5,nominal_task_balance,1152,0.87500,1.00000,0.00000,0.00000,0.00000,0.04303,0.00000
tail_risk_active_learning,2,5,rare_slip_failures,1152,0.87500,0.94444,0.26369,0.32000,0.05556,0.08429,0.00000
tail_risk_active_learning,2,5,jammed_fixture_failures,1152,0.87500,0.00000,0.38478,0.48140,1.00000,0.16313,0.94444
tail_risk_active_learning,2,5,actuator_limit_failures,1152,0.87500,1.00000,0.08571,0.00000,0.00000,0.11184,0.00000
tail_risk_active_learning,2,5,combined_tail_stress,1152,0.87500,0.61111,0.40424,0.62279,0.38889,0.08826,0.22222
tail_risk_active_learning,2,5,compound_sensor_actuator_shift,1152,0.87500,0.72222,0.28815,0.63619,0.27778,0.21177,0.22222
tail_risk_active_learning,2,5,fixture_geometry_shift,1152,0.87500,0.00000,0.35347,0.38261,1.00000,0.10196,0.11111
tail_risk_active_learning,2,5,rare_mechanism_combo,1152,0.87500,0.38889,0.33695,0.51948,0.61111,0.17589,0.00000
tail_risk_active_learning,2,5,out_of_distribution_tail,1152,0.87500,0.33333,0.29598,0.40000,0.66667,0.31467,0.00000
hybrid_diversity_risk,2,0,nominal_task_balance,972,0.87500,1.00000,0.00000,0.00000,0.00000,0.04553,0.00000
hybrid_diversity_risk,2,0,rare_slip_failures,972,0.87500,0.94444,0.26883,0.30667,0.05556,0.10009,0.00000
hybrid_diversity_risk,2,0,jammed_fixture_failures,972,0.87500,0.00000,0.39057,0.45473,1.00000,0.12757,0.94444
hybrid_diversity_risk,2,0,actuator_limit_failures,972,0.87500,1.00000,0.07519,0.00000,0.00000,0.11475,0.00000
hybrid_diversity_risk,2,0,combined_tail_stress,972,0.87500,0.61111,0.41820,0.63632,0.38889,0.11019,0.22222
hybrid_diversity_risk,2,0,compound_sensor_actuator_shift,972,0.87500,0.72222,0.26569,0.59905,0.27778,0.24470,0.22222
hybrid_diversity_risk,2,0,fixture_geometry_shift,972,0.87500,0.00000,0.36048,0.37826,1.00000,0.08463,0.11111
hybrid_diversity_risk,2,0,rare_mechanism_combo,972,0.87500,0.38889,0.33962,0.60000,0.61111,0.14205,0.00000
hybrid_diversity_risk,2,0,out_of_distribution_tail,972,0.87500,0.33333,0.29825,0.40000,0.66667,0.25329,0.00000
hybrid_diversity_risk,2,1,nominal_task_balance,1008,0.87500,1.00000,0.00000,0.00000,0.00000,0.05037,0.00000
hybrid_diversity_risk,2,1,rare_slip_failures,1008,0.87500,0.94444,0.27033,0.30667,0.05556,0.09481,0.00000
hybrid_diversity_risk,2,1,jammed_fixture_failures,1008,0.87500,0.00000,0.38956,0.44140,1.00000,0.13601,0.94444
hybrid_diversity_risk,2,1,actuator_limit_failures,1008,0.87500,1.00000,0.07321,0.00000,0.00000,0.10830,0.00000
hybrid_diversity_risk,2,1,combined_tail_stress,1008,0.87500,0.61111,0.40359,0.62279,0.38889,0.10124,0.22222
hybrid_diversity_risk,2,1,compound_sensor_actuator_shift,1008,0.87500,0.72222,0.27123,0.57905,0.27778,0.20434,0.22222
hybrid_diversity_risk,2,1,fixture_geometry_shift,1008,0.87500,0.00000,0.35688,0.37826,1.00000,0.08915,0.11111
hybrid_diversity_risk,2,1,rare_mechanism_combo,1008,0.87500,0.38889,0.33826,0.57143,0.61111,0.14167,0.00000
hybrid_diversity_risk,2,1,out_of_distribution_tail,1008,0.87500,0.33333,0.30679,0.41333,0.66667,0.24314,0.00000
hybrid_diversity_risk,2,2,nominal_task_balance,1044,1.00000,1.00000,0.00000,0.00000,0.00000,0.05221,0.00000
hybrid_diversity_risk,2,2,rare_slip_failures,1044,1.00000,0.94444,0.27108,0.30667,0.05556,0.10464,0.00000
hybrid_diversity_risk,2,2,jammed_fixture_failures,1044,1.00000,0.00000,0.39104,0.44140,1.00000,0.14494,0.94444
hybrid_diversity_risk,2,2,actuator_limit_failures,1044,1.00000,1.00000,0.07393,0.00000,0.00000,0.11326,0.00000
hybrid_diversity_risk,2,2,combined_tail_stress,1044,1.00000,0.61111,0.39931,0.62279,0.38889,0.10566,0.22222
hybrid_diversity_risk,2,2,compound_sensor_actuator_shift,1044,1.00000,0.72222,0.27763,0.62857,0.27778,0.20949,0.22222
hybrid_diversity_risk,2,2,fixture_geometry_shift,1044,1.00000,0.00000,0.35821,0.38261,1.00000,0.09350,0.11111
hybrid_diversity_risk,2,2,rare_mechanism_combo,1044,1.00000,0.38889,0.33850,0.60000,0.61111,0.13557,0.00000
hybrid_diversity_risk,2,2,out_of_distribution_tail,1044,1.00000,0.33333,0.30568,0.40000,0.66667,0.27676,0.00000
hybrid_diversity_risk,2,3,nominal_task_balance,1080,1.00000,1.00000,0.00000,0.00000,0.00000,0.05382,0.00000
hybrid_diversity_risk,2,3,rare_slip_failures,1080,1.00000,0.94444,0.27393,0.32000,0.05556,0.09682,0.00000
hybrid_diversity_risk,2,3,jammed_fixture_failures,1080,1.00000,0.00000,0.38944,0.44140,1.00000,0.15012,0.94444
hybrid_diversity_risk,2,3,actuator_limit_failures,1080,1.00000,1.00000,0.07393,0.00000,0.00000,0.10972,0.00000
hybrid_diversity_risk,2,3,combined_tail_stress,1080,1.00000,0.61111,0.39572,0.62279,0.38889,0.09643,0.22222
hybrid_diversity_risk,2,3,compound_sensor_actuator_shift,1080,1.00000,0.72222,0.28142,0.63810,0.27778,0.18555,0.22222
hybrid_diversity_risk,2,3,fixture_geometry_shift,1080,1.00000,0.00000,0.35756,0.38261,1.00000,0.09668,0.11111
hybrid_diversity_risk,2,3,rare_mechanism_combo,1080,1.00000,0.38889,0.33506,0.59697,0.61111,0.13288,0.00000
hybrid_diversity_risk,2,3,out_of_distribution_tail,1080,1.00000,0.33333,0.30054,0.40000,0.66667,0.27253,0.00000
hybrid_diversity_risk,2,4,nominal_task_balance,1116,1.00000,1.00000,0.00000,0.00000,0.00000,0.05507,0.00000
hybrid_diversity_risk,2,4,rare_slip_failures,1116,1.00000,0.94444,0.26902,0.32000,0.05556,0.10888,0.00000
hybrid_diversity_risk,2,4,jammed_fixture_failures,1116,1.00000,0.00000,0.39779,0.45473,1.00000,0.15648,0.94444
hybrid_diversity_risk,2,4,actuator_limit_failures,1116,1.00000,1.00000,0.07323,0.00000,0.00000,0.10761,0.00000
hybrid_diversity_risk,2,4,combined_tail_stress,1116,1.00000,0.61111,0.39272,0.62279,0.38889,0.09417,0.22222
hybrid_diversity_risk,2,4,compound_sensor_actuator_shift,1116,1.00000,0.72222,0.29761,0.67619,0.27778,0.18639,0.22222
hybrid_diversity_risk,2,4,fixture_geometry_shift,1116,1.00000,0.00000,0.35756,0.38261,1.00000,0.09867,0.11111
hybrid_diversity_risk,2,4,rare_mechanism_combo,1116,1.00000,0.38889,0.33670,0.59394,0.61111,0.13256,0.00000
hybrid_diversity_risk,2,4,out_of_distribution_tail,1116,1.00000,0.33333,0.30393,0.40000,0.66667,0.28371,0.00000
hybrid_diversity_risk,2,5,nominal_task_balance,1152,1.00000,1.00000,0.00000,0.00000,0.00000,0.05447,0.00000
hybrid_diversity_risk,2,5,rare_slip_failures,1152,1.00000,0.94444,0.27971,0.34000,0.05556,0.09903,0.00000
hybrid_diversity_risk,2,5,jammed_fixture_failures,1152,1.00000,0.00000,0.39311,0.44140,1.00000,0.16307,0.94444
hybrid_diversity_risk,2,5,actuator_limit_failures,1152,1.00000,1.00000,0.07487,0.00000,0.00000,0.10667,0.00000
hybrid_diversity_risk,2,5,combined_tail_stress,1152,1.00000,0.61111,0.39272,0.62279,0.38889,0.09419,0.22222
hybrid_diversity_risk,2,5,compound_sensor_actuator_shift,1152,1.00000,0.72222,0.29895,0.67619,0.27778,0.17035,0.22222
hybrid_diversity_risk,2,5,fixture_geometry_shift,1152,1.00000,0.00000,0.35630,0.38261,1.00000,0.10112,0.11111
hybrid_diversity_risk,2,5,rare_mechanism_combo,1152,1.00000,0.38889,0.33423,0.57965,0.61111,0.13806,0.00000
hybrid_diversity_risk,2,5,out_of_distribution_tail,1152,1.00000,0.33333,0.30393,0.40000,0.66667,0.28761,0.00000
balanced_failure_replay,2,0,nominal_task_balance,972,0.87500,1.00000,0.00000,0.00000,0.00000,0.04553,0.00000
balanced_failure_replay,2,0,rare_slip_failures,972,0.87500,0.94444,0.26883,0.30667,0.05556,0.10009,0.00000
balanced_failure_replay,2,0,jammed_fixture_failures,972,0.87500,0.00000,0.39057,0.45473,1.00000,0.12757,0.94444
balanced_failure_replay,2,0,actuator_limit_failures,972,0.87500,1.00000,0.07519,0.00000,0.00000,0.11475,0.00000
balanced_failure_replay,2,0,combined_tail_stress,972,0.87500,0.61111,0.41820,0.63632,0.38889,0.11019,0.22222
balanced_failure_replay,2,0,compound_sensor_actuator_shift,972,0.87500,0.72222,0.26569,0.59905,0.27778,0.24470,0.22222
balanced_failure_replay,2,0,fixture_geometry_shift,972,0.87500,0.00000,0.36048,0.37826,1.00000,0.08463,0.11111
balanced_failure_replay,2,0,rare_mechanism_combo,972,0.87500,0.38889,0.33962,0.60000,0.61111,0.14205,0.00000
balanced_failure_replay,2,0,out_of_distribution_tail,972,0.87500,0.33333,0.29825,0.40000,0.66667,0.25329,0.00000
balanced_failure_replay,2,1,nominal_task_balance,1008,0.87500,1.00000,0.00000,0.00000,0.00000,0.04849,0.00000
balanced_failure_replay,2,1,rare_slip_failures,1008,0.87500,0.94444,0.27040,0.30667,0.05556,0.05522,0.00000
balanced_failure_replay,2,1,jammed_fixture_failures,1008,0.87500,0.00000,0.38619,0.42807,1.00000,0.13669,0.94444
balanced_failure_replay,2,1,actuator_limit_failures,1008,0.87500,1.00000,0.07519,0.00000,0.00000,0.11367,0.00000
balanced_failure_replay,2,1,combined_tail_stress,1008,0.87500,0.61111,0.40756,0.63390,0.38889,0.10655,0.22222
balanced_failure_replay,2,1,compound_sensor_actuator_shift,1008,0.87500,0.72222,0.26963,0.59905,0.27778,0.21891,0.22222
balanced_failure_replay,2,1,fixture_geometry_shift,1008,0.87500,0.00000,0.35847,0.37826,1.00000,0.08683,0.11111
balanced_failure_replay,2,1,rare_mechanism_combo,1008,0.87500,0.38889,0.33795,0.55714,0.61111,0.12556,0.00000
balanced_failure_replay,2,1,out_of_distribution_tail,1008,0.87500,0.33333,0.32314,0.46667,0.66667,0.20201,0.00000
balanced_failure_replay,2,2,nominal_task_balance,1044,0.87500,1.00000,0.00000,0.00000,0.00000,0.05118,0.00000
balanced_failure_replay,2,2,rare_slip_failures,1044,0.87500,0.94444,0.26992,0.30667,0.05556,0.05188,0.00000
balanced_failure_replay,2,2,jammed_fixture_failures,1044,0.87500,0.00000,0.38812,0.42807,1.00000,0.14280,0.94444
balanced_failure_replay,2,2,actuator_limit_failures,1044,0.87500,1.00000,0.09545,0.00000,0.00000,0.11027,0.00000
balanced_failure_replay,2,2,combined_tail_stress,1044,0.87500,0.61111,0.40122,0.62279,0.38889,0.10142,0.22222
balanced_failure_replay,2,2,compound_sensor_actuator_shift,1044,0.87500,0.72222,0.27125,0.60857,0.27778,0.23627,0.22222
balanced_failure_replay,2,2,fixture_geometry_shift,1044,0.87500,0.00000,0.35756,0.38261,1.00000,0.09078,0.11111
balanced_failure_replay,2,2,rare_mechanism_combo,1044,0.87500,0.38889,0.33686,0.58571,0.61111,0.13314,0.00000
balanced_failure_replay,2,2,out_of_distribution_tail,1044,0.87500,0.33333,0.32466,0.45333,0.66667,0.19858,0.00000
balanced_failure_replay,2,3,nominal_task_balance,1080,0.87500,1.00000,0.00000,0.00000,0.00000,0.05172,0.00000
balanced_failure_replay,2,3,rare_slip_failures,1080,0.87500,0.94444,0.26622,0.30667,0.05556,0.05030,0.00000
balanced_failure_replay,2,3,jammed_fixture_failures,1080,0.87500,0.00000,0.38797,0.42807,1.00000,0.14253,0.94444
balanced_failure_replay,2,3,actuator_limit_failures,1080,0.87500,1.00000,0.08750,0.00000,0.00000,0.11060,0.00000
balanced_failure_replay,2,3,combined_tail_stress,1080,0.87500,0.61111,0.40238,0.62279,0.38889,0.10038,0.22222
balanced_failure_replay,2,3,compound_sensor_actuator_shift,1080,0.87500,0.72222,0.27480,0.61810,0.27778,0.23906,0.22222
balanced_failure_replay,2,3,fixture_geometry_shift,1080,0.87500,0.00000,0.35990,0.37748,1.00000,0.09003,0.11111
balanced_failure_replay,2,3,rare_mechanism_combo,1080,0.87500,0.38889,0.33531,0.54286,0.61111,0.13364,0.00000
balanced_failure_replay,2,3,out_of_distribution_tail,1080,0.87500,0.33333,0.32713,0.46667,0.66667,0.20944,0.00000
balanced_failure_replay,2,4,nominal_task_balance,1116,0.87500,1.00000,0.00000,0.00000,0.00000,0.05059,0.00000
balanced_failure_replay,2,4,rare_slip_failures,1116,0.87500,0.94444,0.27116,0.30667,0.05556,0.06397,0.00000
balanced_failure_replay,2,4,jammed_fixture_failures,1116,0.87500,0.00000,0.38957,0.44140,1.00000,0.14364,0.94444
balanced_failure_replay,2,4,actuator_limit_failures,1116,0.87500,1.00000,0.08750,0.00000,0.00000,0.10740,0.00000
balanced_failure_replay,2,4,combined_tail_stress,1116,0.87500,0.61111,0.40501,0.63390,0.38889,0.10166,0.22222
balanced_failure_replay,2,4,compound_sensor_actuator_shift,1116,0.87500,0.72222,0.27889,0.61714,0.27778,0.25264,0.22222
balanced_failure_replay,2,4,fixture_geometry_shift,1116,0.87500,0.00000,0.35549,0.37748,1.00000,0.09069,0.11111
balanced_failure_replay,2,4,rare_mechanism_combo,1116,0.87500,0.38889,0.34163,0.54286,0.61111,0.12170,0.00000
balanced_failure_replay,2,4,out_of_distribution_tail,1116,0.87500,0.33333,0.32823,0.46667,0.66667,0.21704,0.00000
balanced_failure_replay,2,5,nominal_task_balance,1152,0.87500,1.00000,0.00000,0.00000,0.00000,0.05305,0.00000
balanced_failure_replay,2,5,rare_slip_failures,1152,0.87500,0.94444,0.27405,0.30667,0.05556,0.08120,0.00000
balanced_failure_replay,2,5,jammed_fixture_failures,1152,0.87500,0.00000,0.38519,0.42807,1.00000,0.14402,0.94444
balanced_failure_replay,2,5,actuator_limit_failures,1152,0.87500,1.00000,0.08750,0.00000,0.00000,0.10410,0.00000
balanced_failure_replay,2,5,combined_tail_stress,1152,0.87500,0.61111,0.40373,0.62521,0.38889,0.10346,0.22222
balanced_failure_replay,2,5,compound_sensor_actuator_shift,1152,0.87500,0.72222,0.27474,0.58762,0.27778,0.23487,0.22222
balanced_failure_replay,2,5,fixture_geometry_shift,1152,0.87500,0.00000,0.35708,0.37748,1.00000,0.09428,0.11111
balanced_failure_replay,2,5,rare_mechanism_combo,1152,0.87500,0.38889,0.33689,0.54286,0.61111,0.12659,0.00000
balanced_failure_replay,2,5,out_of_distribution_tail,1152,0.87500,0.33333,0.33678,0.52000,0.66667,0.21650,0.00000
gradient_boosted_failure_active,2,0,nominal_task_balance,972,0.87500,1.00000,0.00000,0.00000,0.00000,0.04553,0.00000
gradient_boosted_failure_active,2,0,rare_slip_failures,972,0.87500,0.94444,0.26883,0.30667,0.05556,0.10009,0.00000
gradient_boosted_failure_active,2,0,jammed_fixture_failures,972,0.87500,0.00000,0.39057,0.45473,1.00000,0.12757,0.94444
gradient_boosted_failure_active,2,0,actuator_limit_failures,972,0.87500,1.00000,0.07519,0.00000,0.00000,0.11475,0.00000
gradient_boosted_failure_active,2,0,combined_tail_stress,972,0.87500,0.61111,0.41820,0.63632,0.38889,0.11019,0.22222
gradient_boosted_failure_active,2,0,compound_sensor_actuator_shift,972,0.87500,0.72222,0.26569,0.59905,0.27778,0.24470,0.22222
gradient_boosted_failure_active,2,0,fixture_geometry_shift,972,0.87500,0.00000,0.36048,0.37826,1.00000,0.08463,0.11111
gradient_boosted_failure_active,2,0,rare_mechanism_combo,972,0.87500,0.38889,0.33962,0.60000,0.61111,0.14205,0.00000
gradient_boosted_failure_active,2,0,out_of_distribution_tail,972,0.87500,0.33333,0.29825,0.40000,0.66667,0.25329,0.00000
gradient_boosted_failure_active,2,1,nominal_task_balance,1008,0.87500,1.00000,0.00000,0.00000,0.00000,0.04641,0.00000
gradient_boosted_failure_active,2,1,rare_slip_failures,1008,0.87500,0.94444,0.26914,0.30667,0.05556,0.08101,0.00000
gradient_boosted_failure_active,2,1,jammed_fixture_failures,1008,0.87500,0.00000,0.38430,0.42807,1.00000,0.13852,0.94444
gradient_boosted_failure_active,2,1,actuator_limit_failures,1008,0.87500,1.00000,0.08947,0.00000,0.00000,0.11185,0.00000
gradient_boosted_failure_active,2,1,combined_tail_stress,1008,0.87500,0.61111,0.40586,0.62279,0.38889,0.09817,0.22222
gradient_boosted_failure_active,2,1,compound_sensor_actuator_shift,1008,0.87500,0.72222,0.26981,0.55905,0.27778,0.22119,0.22222
gradient_boosted_failure_active,2,1,fixture_geometry_shift,1008,0.87500,0.00000,0.35688,0.37826,1.00000,0.08967,0.11111
gradient_boosted_failure_active,2,1,rare_mechanism_combo,1008,0.87500,0.38889,0.33530,0.55108,0.61111,0.14912,0.00000
gradient_boosted_failure_active,2,1,out_of_distribution_tail,1008,0.87500,0.33333,0.33118,0.52000,0.66667,0.17936,0.00000
gradient_boosted_failure_active,2,2,nominal_task_balance,1044,0.87500,1.00000,0.00000,0.00000,0.00000,0.04640,0.00000
gradient_boosted_failure_active,2,2,rare_slip_failures,1044,0.87500,0.94444,0.26196,0.28667,0.05556,0.09358,0.00000
gradient_boosted_failure_active,2,2,jammed_fixture_failures,1044,0.87500,0.00000,0.38637,0.42235,1.00000,0.14857,0.94444
gradient_boosted_failure_active,2,2,actuator_limit_failures,1044,0.87500,1.00000,0.08947,0.00000,0.00000,0.10283,0.00000
gradient_boosted_failure_active,2,2,combined_tail_stress,1044,0.87500,0.61111,0.39428,0.63149,0.38889,0.10112,0.22222
gradient_boosted_failure_active,2,2,compound_sensor_actuator_shift,1044,0.87500,0.72222,0.27669,0.59810,0.27778,0.24696,0.22222
gradient_boosted_failure_active,2,2,fixture_geometry_shift,1044,0.87500,0.00000,0.35738,0.38261,1.00000,0.09608,0.11111
gradient_boosted_failure_active,2,2,rare_mechanism_combo,1044,0.87500,0.38889,0.33484,0.54286,0.61111,0.12390,0.00000
gradient_boosted_failure_active,2,2,out_of_distribution_tail,1044,0.87500,0.33333,0.33376,0.54667,0.66667,0.16645,0.00000
gradient_boosted_failure_active,2,3,nominal_task_balance,1080,0.87500,1.00000,0.00000,0.00000,0.00000,0.04420,0.00000
gradient_boosted_failure_active,2,3,rare_slip_failures,1080,0.87500,0.94444,0.26196,0.28667,0.05556,0.06695,0.00000
gradient_boosted_failure_active,2,3,jammed_fixture_failures,1080,0.87500,0.00000,0.37970,0.42235,1.00000,0.14698,0.94444
gradient_boosted_failure_active,2,3,actuator_limit_failures,1080,0.87500,1.00000,0.08947,0.00000,0.00000,0.11397,0.00000
gradient_boosted_failure_active,2,3,combined_tail_stress,1080,0.87500,0.61111,0.39219,0.63149,0.38889,0.11408,0.22222
gradient_boosted_failure_active,2,3,compound_sensor_actuator_shift,1080,0.87500,0.72222,0.27723,0.59810,0.27778,0.24909,0.22222
gradient_boosted_failure_active,2,3,fixture_geometry_shift,1080,0.87500,0.00000,0.35767,0.37748,1.00000,0.09663,0.11111
gradient_boosted_failure_active,2,3,rare_mechanism_combo,1080,0.87500,0.38889,0.33272,0.51429,0.61111,0.10075,0.00000
gradient_boosted_failure_active,2,3,out_of_distribution_tail,1080,0.87500,0.33333,0.33416,0.53333,0.66667,0.17733,0.00000
gradient_boosted_failure_active,2,4,nominal_task_balance,1116,0.87500,1.00000,0.00000,0.00000,0.00000,0.04272,0.00000
gradient_boosted_failure_active,2,4,rare_slip_failures,1116,0.87500,0.94444,0.25758,0.28667,0.05556,0.07938,0.00000
gradient_boosted_failure_active,2,4,jammed_fixture_failures,1116,0.87500,0.00000,0.38025,0.42235,1.00000,0.15536,0.94444
gradient_boosted_failure_active,2,4,actuator_limit_failures,1116,0.87500,1.00000,0.08947,0.00000,0.00000,0.10317,0.00000
gradient_boosted_failure_active,2,4,combined_tail_stress,1116,0.87500,0.61111,0.39237,0.61410,0.38889,0.11066,0.22222
gradient_boosted_failure_active,2,4,compound_sensor_actuator_shift,1116,0.87500,0.72222,0.28403,0.62762,0.27778,0.24111,0.22222
gradient_boosted_failure_active,2,4,fixture_geometry_shift,1116,0.87500,0.00000,0.35687,0.37748,1.00000,0.09758,0.11111
gradient_boosted_failure_active,2,4,rare_mechanism_combo,1116,0.87500,0.38889,0.33272,0.52857,0.61111,0.13319,0.00000
gradient_boosted_failure_active,2,4,out_of_distribution_tail,1116,0.87500,0.33333,0.33794,0.53333,0.66667,0.17286,0.00000
gradient_boosted_failure_active,2,5,nominal_task_balance,1152,0.87500,1.00000,0.00000,0.00000,0.00000,0.04427,0.00000
gradient_boosted_failure_active,2,5,rare_slip_failures,1152,0.87500,0.94444,0.24287,0.26667,0.05556,0.07096,0.00000
gradient_boosted_failure_active,2,5,jammed_fixture_failures,1152,0.87500,0.00000,0.38025,0.42235,1.00000,0.14857,0.94444
gradient_boosted_failure_active,2,5,actuator_limit_failures,1152,0.87500,1.00000,0.08947,0.00000,0.00000,0.10104,0.00000
gradient_boosted_failure_active,2,5,combined_tail_stress,1152,0.87500,0.61111,0.39303,0.60540,0.38889,0.11490,0.22222
gradient_boosted_failure_active,2,5,compound_sensor_actuator_shift,1152,0.87500,0.72222,0.28611,0.61714,0.27778,0.23892,0.22222
gradient_boosted_failure_active,2,5,fixture_geometry_shift,1152,0.87500,0.00000,0.35687,0.37748,1.00000,0.10442,0.11111
gradient_boosted_failure_active,2,5,rare_mechanism_combo,1152,0.87500,0.38889,0.33581,0.54286,0.61111,0.11886,0.00000
gradient_boosted_failure_active,2,5,out_of_distribution_tail,1152,0.87500,0.33333,0.33776,0.52000,0.66667,0.18063,0.00000
random_forest_failure_active,2,0,nominal_task_balance,972,0.87500,1.00000,0.00000,0.00000,0.00000,0.04553,0.00000
random_forest_failure_active,2,0,rare_slip_failures,972,0.87500,0.94444,0.26883,0.30667,0.05556,0.10009,0.00000
random_forest_failure_active,2,0,jammed_fixture_failures,972,0.87500,0.00000,0.39057,0.45473,1.00000,0.12757,0.94444
random_forest_failure_active,2,0,actuator_limit_failures,972,0.87500,1.00000,0.07519,0.00000,0.00000,0.11475,0.00000
random_forest_failure_active,2,0,combined_tail_stress,972,0.87500,0.61111,0.41820,0.63632,0.38889,0.11019,0.22222
random_forest_failure_active,2,0,compound_sensor_actuator_shift,972,0.87500,0.72222,0.26569,0.59905,0.27778,0.24470,0.22222
random_forest_failure_active,2,0,fixture_geometry_shift,972,0.87500,0.00000,0.36048,0.37826,1.00000,0.08463,0.11111
random_forest_failure_active,2,0,rare_mechanism_combo,972,0.87500,0.38889,0.33962,0.60000,0.61111,0.14205,0.00000
random_forest_failure_active,2,0,out_of_distribution_tail,972,0.87500,0.33333,0.29825,0.40000,0.66667,0.25329,0.00000
random_forest_failure_active,2,1,nominal_task_balance,1008,0.87500,1.00000,0.00000,0.00000,0.00000,0.04735,0.00000
random_forest_failure_active,2,1,rare_slip_failures,1008,0.87500,0.94444,0.27125,0.30667,0.05556,0.09993,0.00000
random_forest_failure_active,2,1,jammed_fixture_failures,1008,0.87500,0.00000,0.39913,0.42807,1.00000,0.11940,0.94444
random_forest_failure_active,2,1,actuator_limit_failures,1008,0.87500,1.00000,0.09762,0.00000,0.00000,0.12859,0.00000
random_forest_failure_active,2,1,combined_tail_stress,1008,0.87500,0.61111,0.41001,0.61651,0.38889,0.10161,0.22222
random_forest_failure_active,2,1,compound_sensor_actuator_shift,1008,0.87500,0.72222,0.25222,0.56952,0.27778,0.23193,0.22222
random_forest_failure_active,2,1,fixture_geometry_shift,1008,0.87500,0.00000,0.35912,0.37826,1.00000,0.08785,0.11111
random_forest_failure_active,2,1,rare_mechanism_combo,1008,0.87500,0.38889,0.33409,0.56537,0.61111,0.15906,0.00000
random_forest_failure_active,2,1,out_of_distribution_tail,1008,0.87500,0.33333,0.32298,0.52000,0.66667,0.20719,0.00000
random_forest_failure_active,2,2,nominal_task_balance,1044,0.87500,1.00000,0.00000,0.00000,0.00000,0.04628,0.00000
random_forest_failure_active,2,2,rare_slip_failures,1044,0.87500,0.94444,0.26999,0.28667,0.05556,0.08091,0.00000
random_forest_failure_active,2,2,jammed_fixture_failures,1044,0.87500,0.00000,0.39267,0.42807,1.00000,0.10868,0.94444
random_forest_failure_active,2,2,actuator_limit_failures,1044,0.87500,1.00000,0.09762,0.00000,0.00000,0.11457,0.00000
random_forest_failure_active,2,2,combined_tail_stress,1044,0.87500,0.61111,0.40596,0.62279,0.38889,0.09945,0.22222
random_forest_failure_active,2,2,compound_sensor_actuator_shift,1044,0.87500,0.72222,0.25745,0.55905,0.27778,0.25591,0.22222
random_forest_failure_active,2,2,fixture_geometry_shift,1044,0.87500,0.00000,0.36068,0.37826,1.00000,0.08393,0.11111
random_forest_failure_active,2,2,rare_mechanism_combo,1044,0.87500,0.38889,0.33242,0.55108,0.61111,0.17801,0.00000
random_forest_failure_active,2,2,out_of_distribution_tail,1044,0.87500,0.33333,0.32949,0.52000,0.66667,0.21009,0.00000
random_forest_failure_active,2,3,nominal_task_balance,1080,0.87500,1.00000,0.00000,0.00000,0.00000,0.04392,0.00000
random_forest_failure_active,2,3,rare_slip_failures,1080,0.87500,0.94444,0.25097,0.23810,0.05556,0.06420,0.00000
random_forest_failure_active,2,3,jammed_fixture_failures,1080,0.87500,0.00000,0.39853,0.42235,1.00000,0.09941,0.94444
random_forest_failure_active,2,3,actuator_limit_failures,1080,0.87500,1.00000,0.08709,0.00000,0.00000,0.10939,0.00000
random_forest_failure_active,2,3,combined_tail_stress,1080,0.87500,0.61111,0.41310,0.62481,0.38889,0.10095,0.22222
random_forest_failure_active,2,3,compound_sensor_actuator_shift,1080,0.87500,0.72222,0.24826,0.54000,0.27778,0.23151,0.22222
random_forest_failure_active,2,3,fixture_geometry_shift,1080,0.87500,0.00000,0.36065,0.37391,1.00000,0.07713,0.11111
random_forest_failure_active,2,3,rare_mechanism_combo,1080,0.87500,0.38889,0.33198,0.55714,0.61111,0.18999,0.00000
random_forest_failure_active,2,3,out_of_distribution_tail,1080,0.87500,0.33333,0.32880,0.53333,0.66667,0.21173,0.00000
random_forest_failure_active,2,4,nominal_task_balance,1116,0.87500,1.00000,0.00000,0.00000,0.00000,0.04228,0.00000
random_forest_failure_active,2,4,rare_slip_failures,1116,0.87500,0.94444,0.23601,0.18095,0.05556,0.07398,0.00000
random_forest_failure_active,2,4,jammed_fixture_failures,1116,0.87500,0.00000,0.39500,0.41473,1.00000,0.09227,0.94444
random_forest_failure_active,2,4,actuator_limit_failures,1116,0.87500,1.00000,0.07540,0.00000,0.00000,0.11110,0.00000
random_forest_failure_active,2,4,combined_tail_stress,1116,0.87500,0.61111,0.40709,0.61370,0.38889,0.10242,0.22222
random_forest_failure_active,2,4,compound_sensor_actuator_shift,1116,0.87500,0.72222,0.25105,0.54000,0.27778,0.23093,0.22222
random_forest_failure_active,2,4,fixture_geometry_shift,1116,0.87500,0.00000,0.35972,0.37391,1.00000,0.07233,0.11111
random_forest_failure_active,2,4,rare_mechanism_combo,1116,0.87500,0.38889,0.32911,0.57143,0.61111,0.20249,0.00000
random_forest_failure_active,2,4,out_of_distribution_tail,1116,0.87500,0.33333,0.32851,0.54667,0.66667,0.20798,0.00000
random_forest_failure_active,2,5,nominal_task_balance,1152,0.87500,1.00000,0.00000,0.00000,0.00000,0.04026,0.00000
random_forest_failure_active,2,5,rare_slip_failures,1152,0.87500,0.94444,0.24150,0.18095,0.05556,0.10093,0.00000
random_forest_failure_active,2,5,jammed_fixture_failures,1152,0.87500,0.00000,0.39143,0.39569,1.00000,0.08856,0.94444
random_forest_failure_active,2,5,actuator_limit_failures,1152,0.87500,1.00000,0.07703,0.00000,0.00000,0.09994,0.00000
random_forest_failure_active,2,5,combined_tail_stress,1152,0.87500,0.61111,0.41467,0.62723,0.38889,0.09624,0.22222
random_forest_failure_active,2,5,compound_sensor_actuator_shift,1152,0.87500,0.72222,0.25970,0.54952,0.27778,0.23447,0.22222
random_forest_failure_active,2,5,fixture_geometry_shift,1152,0.87500,0.00000,0.36101,0.37391,1.00000,0.06950,0.11111
random_forest_failure_active,2,5,rare_mechanism_combo,1152,0.87500,0.38889,0.32554,0.57143,0.61111,0.21217,0.00000
random_forest_failure_active,2,5,out_of_distribution_tail,1152,0.87500,0.33333,0.32755,0.54667,0.66667,0.19585,0.00000
failure_stratified_engine,2,0,nominal_task_balance,972,0.87500,1.00000,0.00000,0.00000,0.00000,0.04553,0.00000
failure_stratified_engine,2,0,rare_slip_failures,972,0.87500,0.94444,0.26883,0.30667,0.05556,0.10009,0.00000
failure_stratified_engine,2,0,jammed_fixture_failures,972,0.87500,0.00000,0.39057,0.45473,1.00000,0.12757,0.94444
failure_stratified_engine,2,0,actuator_limit_failures,972,0.87500,1.00000,0.07519,0.00000,0.00000,0.11475,0.00000
failure_stratified_engine,2,0,combined_tail_stress,972,0.87500,0.61111,0.41820,0.63632,0.38889,0.11019,0.22222
failure_stratified_engine,2,0,compound_sensor_actuator_shift,972,0.87500,0.72222,0.26569,0.59905,0.27778,0.24470,0.22222
failure_stratified_engine,2,0,fixture_geometry_shift,972,0.87500,0.00000,0.36048,0.37826,1.00000,0.08463,0.11111
failure_stratified_engine,2,0,rare_mechanism_combo,972,0.87500,0.38889,0.33962,0.60000,0.61111,0.14205,0.00000
failure_stratified_engine,2,0,out_of_distribution_tail,972,0.87500,0.33333,0.29825,0.40000,0.66667,0.25329,0.00000
failure_stratified_engine,2,1,nominal_task_balance,1008,0.87500,1.00000,0.00000,0.00000,0.00000,0.04153,0.00000
failure_stratified_engine,2,1,rare_slip_failures,1008,0.87500,0.94444,0.27285,0.30667,0.05556,0.09609,0.00000
failure_stratified_engine,2,1,jammed_fixture_failures,1008,0.87500,0.00000,0.39421,0.44902,1.00000,0.13011,0.94444
failure_stratified_engine,2,1,actuator_limit_failures,1008,0.87500,1.00000,0.08493,0.00000,0.00000,0.10088,0.00000
failure_stratified_engine,2,1,combined_tail_stress,1008,0.87500,0.61111,0.40219,0.59912,0.38889,0.12840,0.22222
failure_stratified_engine,2,1,compound_sensor_actuator_shift,1008,0.87500,0.72222,0.26655,0.61905,0.27778,0.23330,0.22222
failure_stratified_engine,2,1,fixture_geometry_shift,1008,0.87500,0.00000,0.36113,0.37826,1.00000,0.08755,0.11111
failure_stratified_engine,2,1,rare_mechanism_combo,1008,0.87500,0.38889,0.33834,0.60000,0.61111,0.13470,0.00000
failure_stratified_engine,2,1,out_of_distribution_tail,1008,0.87500,0.33333,0.29878,0.40000,0.66667,0.21651,0.00000
failure_stratified_engine,2,2,nominal_task_balance,1044,0.87500,1.00000,0.00000,0.00000,0.00000,0.03809,0.00000
failure_stratified_engine,2,2,rare_slip_failures,1044,0.87500,0.94444,0.24985,0.26667,0.05556,0.06087,0.00000
failure_stratified_engine,2,2,jammed_fixture_failures,1044,0.87500,0.00000,0.38724,0.41182,1.00000,0.14171,0.94444
failure_stratified_engine,2,2,actuator_limit_failures,1044,0.87500,1.00000,0.08493,0.00000,0.00000,0.10884,0.00000
failure_stratified_engine,2,2,combined_tail_stress,1044,0.87500,0.61111,0.40190,0.60782,0.38889,0.13887,0.22222
failure_stratified_engine,2,2,compound_sensor_actuator_shift,1044,0.87500,0.72222,0.27810,0.67619,0.27778,0.21874,0.22222
failure_stratified_engine,2,2,fixture_geometry_shift,1044,0.87500,0.00000,0.35978,0.37826,1.00000,0.09310,0.11111
failure_stratified_engine,2,2,rare_mechanism_combo,1044,0.87500,0.38889,0.33437,0.60000,0.61111,0.13297,0.00000
failure_stratified_engine,2,2,out_of_distribution_tail,1044,0.87500,0.33333,0.30446,0.44000,0.66667,0.21878,0.00000
failure_stratified_engine,2,3,nominal_task_balance,1080,0.87500,1.00000,0.00000,0.00000,0.00000,0.03730,0.00000
failure_stratified_engine,2,3,rare_slip_failures,1080,0.87500,0.94444,0.25573,0.26667,0.05556,0.07573,0.00000
failure_stratified_engine,2,3,jammed_fixture_failures,1080,0.87500,0.00000,0.39355,0.40851,1.00000,0.15008,0.94444
failure_stratified_engine,2,3,actuator_limit_failures,1080,0.87500,1.00000,0.07323,0.00000,0.00000,0.10979,0.00000
failure_stratified_engine,2,3,combined_tail_stress,1080,0.87500,0.61111,0.40480,0.59043,0.38889,0.14946,0.22222
failure_stratified_engine,2,3,compound_sensor_actuator_shift,1080,0.87500,0.72222,0.30391,0.79429,0.27778,0.18132,0.22222
failure_stratified_engine,2,3,fixture_geometry_shift,1080,0.87500,0.00000,0.35849,0.37826,1.00000,0.10086,0.11111
failure_stratified_engine,2,3,rare_mechanism_combo,1080,0.87500,0.38889,0.33507,0.60000,0.61111,0.12506,0.00000
failure_stratified_engine,2,3,out_of_distribution_tail,1080,0.87500,0.33333,0.29616,0.42667,0.66667,0.21263,0.00000
failure_stratified_engine,2,4,nominal_task_balance,1116,0.87500,1.00000,0.00000,0.00000,0.00000,0.03803,0.00000
failure_stratified_engine,2,4,rare_slip_failures,1116,0.87500,0.94444,0.25676,0.23810,0.05556,0.06667,0.00000
failure_stratified_engine,2,4,jammed_fixture_failures,1116,0.87500,0.00000,0.39563,0.40610,1.00000,0.15424,0.94444
failure_stratified_engine,2,4,actuator_limit_failures,1116,0.87500,1.00000,0.07323,0.00000,0.00000,0.10128,0.00000
failure_stratified_engine,2,4,combined_tail_stress,1116,0.87500,0.61111,0.39740,0.58801,0.38889,0.16223,0.22222
failure_stratified_engine,2,4,compound_sensor_actuator_shift,1116,0.87500,0.72222,0.31164,0.80381,0.27778,0.24993,0.22222
failure_stratified_engine,2,4,fixture_geometry_shift,1116,0.87500,0.00000,0.35895,0.37391,1.00000,0.11289,0.11111
failure_stratified_engine,2,4,rare_mechanism_combo,1116,0.87500,0.38889,0.32867,0.57143,0.61111,0.11848,0.00000
failure_stratified_engine,2,4,out_of_distribution_tail,1116,0.87500,0.33333,0.29952,0.44000,0.66667,0.23031,0.00000
failure_stratified_engine,2,5,nominal_task_balance,1152,0.87500,1.00000,0.00000,0.00000,0.00000,0.03809,0.00000
failure_stratified_engine,2,5,rare_slip_failures,1152,0.87500,0.94444,0.25120,0.20952,0.05556,0.08633,0.00000
failure_stratified_engine,2,5,jammed_fixture_failures,1152,0.87500,0.00000,0.38740,0.38706,1.00000,0.16419,0.94444
failure_stratified_engine,2,5,actuator_limit_failures,1152,0.87500,1.00000,0.06016,0.00000,0.00000,0.12541,0.00000
failure_stratified_engine,2,5,combined_tail_stress,1152,0.87500,0.61111,0.39830,0.60540,0.38889,0.16326,0.22222
failure_stratified_engine,2,5,compound_sensor_actuator_shift,1152,0.87500,0.72222,0.31111,0.82286,0.27778,0.25325,0.22222
failure_stratified_engine,2,5,fixture_geometry_shift,1152,0.87500,0.00000,0.35540,0.36444,1.00000,0.12085,0.11111
failure_stratified_engine,2,5,rare_mechanism_combo,1152,0.87500,0.38889,0.32885,0.57143,0.61111,0.13922,0.00000
failure_stratified_engine,2,5,out_of_distribution_tail,1152,0.87500,0.33333,0.30847,0.46667,0.66667,0.20890,0.00000
failure_stratified_engine_v5,2,0,nominal_task_balance,972,0.87500,1.00000,0.00000,0.00000,0.00000,0.04553,0.00000
failure_stratified_engine_v5,2,0,rare_slip_failures,972,0.87500,0.94444,0.26883,0.30667,0.05556,0.10009,0.00000
failure_stratified_engine_v5,2,0,jammed_fixture_failures,972,0.87500,0.00000,0.39057,0.45473,1.00000,0.12757,0.94444
failure_stratified_engine_v5,2,0,actuator_limit_failures,972,0.87500,1.00000,0.07519,0.00000,0.00000,0.11475,0.00000
failure_stratified_engine_v5,2,0,combined_tail_stress,972,0.87500,0.61111,0.41820,0.63632,0.38889,0.11019,0.22222
failure_stratified_engine_v5,2,0,compound_sensor_actuator_shift,972,0.87500,0.72222,0.26569,0.59905,0.27778,0.24470,0.22222
failure_stratified_engine_v5,2,0,fixture_geometry_shift,972,0.87500,0.00000,0.36048,0.37826,1.00000,0.08463,0.11111
failure_stratified_engine_v5,2,0,rare_mechanism_combo,972,0.87500,0.38889,0.33962,0.60000,0.61111,0.14205,0.00000
failure_stratified_engine_v5,2,0,out_of_distribution_tail,972,0.87500,0.33333,0.29825,0.40000,0.66667,0.25329,0.00000
failure_stratified_engine_v5,2,1,nominal_task_balance,1008,1.00000,1.00000,0.00000,0.00000,0.00000,0.04961,0.00000
failure_stratified_engine_v5,2,1,rare_slip_failures,1008,1.00000,0.94444,0.27164,0.30667,0.05556,0.07191,0.00000
failure_stratified_engine_v5,2,1,jammed_fixture_failures,1008,1.00000,0.00000,0.38353,0.42807,1.00000,0.13606,0.94444
failure_stratified_engine_v5,2,1,actuator_limit_failures,1008,1.00000,1.00000,0.07321,0.00000,0.00000,0.11445,0.00000
failure_stratified_engine_v5,2,1,combined_tail_stress,1008,1.00000,0.61111,0.39556,0.61410,0.38889,0.10616,0.22222
failure_stratified_engine_v5,2,1,compound_sensor_actuator_shift,1008,1.00000,0.72222,0.26465,0.58952,0.27778,0.22061,0.22222
failure_stratified_engine_v5,2,1,fixture_geometry_shift,1008,1.00000,0.00000,0.35960,0.38261,1.00000,0.09031,0.11111
failure_stratified_engine_v5,2,1,rare_mechanism_combo,1008,1.00000,0.38889,0.33235,0.59697,0.61111,0.13875,0.00000
failure_stratified_engine_v5,2,1,out_of_distribution_tail,1008,1.00000,0.33333,0.31265,0.42667,0.66667,0.19902,0.00000
failure_stratified_engine_v5,2,2,nominal_task_balance,1044,1.00000,1.00000,0.00000,0.00000,0.00000,0.05031,0.00000
failure_stratified_engine_v5,2,2,rare_slip_failures,1044,1.00000,0.94444,0.26324,0.28667,0.05556,0.07915,0.00000
failure_stratified_engine_v5,2,2,jammed_fixture_failures,1044,1.00000,0.00000,0.38680,0.42807,1.00000,0.13989,0.94444
failure_stratified_engine_v5,2,2,actuator_limit_failures,1044,1.00000,1.00000,0.08333,0.00000,0.00000,0.11187,0.00000
failure_stratified_engine_v5,2,2,combined_tail_stress,1044,1.00000,0.61111,0.40966,0.63632,0.38889,0.10338,0.22222
failure_stratified_engine_v5,2,2,compound_sensor_actuator_shift,1044,1.00000,0.72222,0.26567,0.57905,0.27778,0.25541,0.22222
failure_stratified_engine_v5,2,2,fixture_geometry_shift,1044,1.00000,0.00000,0.36141,0.37826,1.00000,0.09376,0.11111
failure_stratified_engine_v5,2,2,rare_mechanism_combo,1044,1.00000,0.38889,0.33615,0.60000,0.61111,0.15708,0.00000
failure_stratified_engine_v5,2,2,out_of_distribution_tail,1044,1.00000,0.33333,0.30880,0.41333,0.66667,0.19416,0.00000
failure_stratified_engine_v5,2,3,nominal_task_balance,1080,1.00000,1.00000,0.00000,0.00000,0.00000,0.05549,0.00000
failure_stratified_engine_v5,2,3,rare_slip_failures,1080,1.00000,0.94444,0.25536,0.28667,0.05556,0.08267,0.00000
failure_stratified_engine_v5,2,3,jammed_fixture_failures,1080,1.00000,0.00000,0.38142,0.41473,1.00000,0.14265,0.94444
failure_stratified_engine_v5,2,3,actuator_limit_failures,1080,1.00000,1.00000,0.09524,0.00000,0.00000,0.10823,0.00000
failure_stratified_engine_v5,2,3,combined_tail_stress,1080,1.00000,0.61111,0.39714,0.62279,0.38889,0.10480,0.22222
failure_stratified_engine_v5,2,3,compound_sensor_actuator_shift,1080,1.00000,0.72222,0.26160,0.56952,0.27778,0.21513,0.22222
failure_stratified_engine_v5,2,3,fixture_geometry_shift,1080,1.00000,0.00000,0.36162,0.38261,1.00000,0.09697,0.11111
failure_stratified_engine_v5,2,3,rare_mechanism_combo,1080,1.00000,0.38889,0.33348,0.60000,0.61111,0.14644,0.00000
failure_stratified_engine_v5,2,3,out_of_distribution_tail,1080,1.00000,0.33333,0.31052,0.41333,0.66667,0.21762,0.00000
failure_stratified_engine_v5,2,4,nominal_task_balance,1116,1.00000,1.00000,0.00000,0.00000,0.00000,0.05533,0.00000
failure_stratified_engine_v5,2,4,rare_slip_failures,1116,1.00000,0.94444,0.23968,0.26667,0.05556,0.07302,0.00000
failure_stratified_engine_v5,2,4,jammed_fixture_failures,1116,1.00000,0.00000,0.38388,0.41473,1.00000,0.14794,0.94444
failure_stratified_engine_v5,2,4,actuator_limit_failures,1116,1.00000,1.00000,0.09524,0.00000,0.00000,0.09795,0.00000
failure_stratified_engine_v5,2,4,combined_tail_stress,1116,1.00000,0.61111,0.39541,0.61410,0.38889,0.11143,0.22222
failure_stratified_engine_v5,2,4,compound_sensor_actuator_shift,1116,1.00000,0.72222,0.25430,0.50095,0.27778,0.20281,0.22222
failure_stratified_engine_v5,2,4,fixture_geometry_shift,1116,1.00000,0.00000,0.35945,0.38261,1.00000,0.09790,0.11111
failure_stratified_engine_v5,2,4,rare_mechanism_combo,1116,1.00000,0.38889,0.33160,0.59697,0.61111,0.14432,0.00000
failure_stratified_engine_v5,2,4,out_of_distribution_tail,1116,1.00000,0.33333,0.31280,0.40000,0.66667,0.19599,0.00000
failure_stratified_engine_v5,2,5,nominal_task_balance,1152,1.00000,1.00000,0.00000,0.00000,0.00000,0.05602,0.00000
failure_stratified_engine_v5,2,5,rare_slip_failures,1152,1.00000,0.94444,0.23690,0.26667,0.05556,0.06411,0.00000
failure_stratified_engine_v5,2,5,jammed_fixture_failures,1152,1.00000,0.00000,0.38306,0.41473,1.00000,0.15180,0.94444
failure_stratified_engine_v5,2,5,actuator_limit_failures,1152,1.00000,1.00000,0.10227,0.00000,0.00000,0.09709,0.00000
failure_stratified_engine_v5,2,5,combined_tail_stress,1152,1.00000,0.61111,0.39712,0.63149,0.38889,0.10160,0.22222
failure_stratified_engine_v5,2,5,compound_sensor_actuator_shift,1152,1.00000,0.72222,0.27116,0.52952,0.27778,0.19057,0.22222
failure_stratified_engine_v5,2,5,fixture_geometry_shift,1152,1.00000,0.00000,0.36258,0.37748,1.00000,0.09709,0.11111
failure_stratified_engine_v5,2,5,rare_mechanism_combo,1152,1.00000,0.38889,0.33080,0.59697,0.61111,0.14976,0.00000
failure_stratified_engine_v5,2,5,out_of_distribution_tail,1152,1.00000,0.33333,0.31150,0.40000,0.66667,0.18769,0.00000
oracle_failure_strata,2,0,nominal_task_balance,972,0.87500,1.00000,0.00000,0.00000,0.00000,0.04553,0.00000
oracle_failure_strata,2,0,rare_slip_failures,972,0.87500,0.94444,0.26883,0.30667,0.05556,0.10009,0.00000
oracle_failure_strata,2,0,jammed_fixture_failures,972,0.87500,0.00000,0.39057,0.45473,1.00000,0.12757,0.94444
oracle_failure_strata,2,0,actuator_limit_failures,972,0.87500,1.00000,0.07519,0.00000,0.00000,0.11475,0.00000
oracle_failure_strata,2,0,combined_tail_stress,972,0.87500,0.61111,0.41820,0.63632,0.38889,0.11019,0.22222
oracle_failure_strata,2,0,compound_sensor_actuator_shift,972,0.87500,0.72222,0.26569,0.59905,0.27778,0.24470,0.22222
oracle_failure_strata,2,0,fixture_geometry_shift,972,0.87500,0.00000,0.36048,0.37826,1.00000,0.08463,0.11111
oracle_failure_strata,2,0,rare_mechanism_combo,972,0.87500,0.38889,0.33962,0.60000,0.61111,0.14205,0.00000
oracle_failure_strata,2,0,out_of_distribution_tail,972,0.87500,0.33333,0.29825,0.40000,0.66667,0.25329,0.00000
oracle_failure_strata,2,1,nominal_task_balance,1008,1.00000,1.00000,0.00000,0.00000,0.00000,0.03997,0.00000
oracle_failure_strata,2,1,rare_slip_failures,1008,1.00000,0.94444,0.27270,0.30667,0.05556,0.10607,0.00000
oracle_failure_strata,2,1,jammed_fixture_failures,1008,1.00000,0.00000,0.40108,0.49092,1.00000,0.12499,0.94444
oracle_failure_strata,2,1,actuator_limit_failures,1008,1.00000,1.00000,0.07519,0.00000,0.00000,0.10859,0.00000
oracle_failure_strata,2,1,combined_tail_stress,1008,1.00000,0.61111,0.38619,0.69816,0.38889,0.13291,0.22222
oracle_failure_strata,2,1,compound_sensor_actuator_shift,1008,1.00000,0.72222,0.27379,0.70952,0.27778,0.27275,0.22222
oracle_failure_strata,2,1,fixture_geometry_shift,1008,1.00000,0.00000,0.35803,0.37391,1.00000,0.08844,0.11111
oracle_failure_strata,2,1,rare_mechanism_combo,1008,1.00000,0.38889,0.33415,0.58571,0.61111,0.15217,0.00000
oracle_failure_strata,2,1,out_of_distribution_tail,1008,1.00000,0.33333,0.29377,0.40000,0.66667,0.23963,0.00000
oracle_failure_strata,2,2,nominal_task_balance,1044,1.00000,1.00000,0.00000,0.00000,0.00000,0.04738,0.00000
oracle_failure_strata,2,2,rare_slip_failures,1044,1.00000,0.94444,0.25575,0.19238,0.05556,0.11479,0.00000
oracle_failure_strata,2,2,jammed_fixture_failures,1044,1.00000,0.00000,0.40269,0.47468,1.00000,0.15240,0.94444
oracle_failure_strata,2,2,actuator_limit_failures,1044,1.00000,1.00000,0.08493,0.00000,0.00000,0.10892,0.00000
oracle_failure_strata,2,2,combined_tail_stress,1044,1.00000,0.61111,0.39072,0.69372,0.38889,0.13336,0.22222
oracle_failure_strata,2,2,compound_sensor_actuator_shift,1044,1.00000,0.72222,0.30094,0.84286,0.27778,0.24849,0.22222
oracle_failure_strata,2,2,fixture_geometry_shift,1044,1.00000,0.00000,0.35803,0.36444,1.00000,0.11377,0.11111
oracle_failure_strata,2,2,rare_mechanism_combo,1044,1.00000,0.38889,0.32492,0.55714,0.61111,0.14031,0.00000
oracle_failure_strata,2,2,out_of_distribution_tail,1044,1.00000,0.33333,0.29258,0.40000,0.66667,0.24653,0.00000
oracle_failure_strata,2,3,nominal_task_balance,1080,1.00000,1.00000,0.00000,0.00000,0.00000,0.04612,0.00000
oracle_failure_strata,2,3,rare_slip_failures,1080,1.00000,0.94444,0.23435,0.15238,0.05556,0.13561,0.00000
oracle_failure_strata,2,3,jammed_fixture_failures,1080,1.00000,0.00000,0.39684,0.43989,1.00000,0.15967,0.94444
oracle_failure_strata,2,3,actuator_limit_failures,1080,1.00000,1.00000,0.05042,0.00000,0.00000,0.10721,0.00000
oracle_failure_strata,2,3,combined_tail_stress,1080,1.00000,0.61111,0.38961,0.66280,0.38889,0.12863,0.22222
oracle_failure_strata,2,3,compound_sensor_actuator_shift,1080,1.00000,0.72222,0.30614,0.83238,0.27778,0.27040,0.22222
oracle_failure_strata,2,3,fixture_geometry_shift,1080,1.00000,0.00000,0.35628,0.36444,1.00000,0.11563,0.11111
oracle_failure_strata,2,3,rare_mechanism_combo,1080,1.00000,0.38889,0.41099,0.70000,0.61111,0.11791,0.00000
oracle_failure_strata,2,3,out_of_distribution_tail,1080,1.00000,0.33333,0.28720,0.40000,0.66667,0.27530,0.00000
oracle_failure_strata,2,4,nominal_task_balance,1116,1.00000,1.00000,0.00000,0.00000,0.00000,0.05912,0.00000
oracle_failure_strata,2,4,rare_slip_failures,1116,1.00000,0.94444,0.26249,0.28952,0.05556,0.08854,0.00000
oracle_failure_strata,2,4,jammed_fixture_failures,1116,1.00000,0.00000,0.40610,0.48750,1.00000,0.15165,0.94444
oracle_failure_strata,2,4,actuator_limit_failures,1116,1.00000,1.00000,0.06232,0.00000,0.00000,0.11197,0.00000
oracle_failure_strata,2,4,combined_tail_stress,1116,1.00000,0.61111,0.38628,0.62174,0.38889,0.12480,0.22222
oracle_failure_strata,2,4,compound_sensor_actuator_shift,1116,1.00000,0.72222,0.30134,0.79238,0.27778,0.31912,0.22222
oracle_failure_strata,2,4,fixture_geometry_shift,1116,1.00000,0.00000,0.35829,0.34905,1.00000,0.12417,0.11111
oracle_failure_strata,2,4,rare_mechanism_combo,1116,1.00000,0.38889,0.40608,0.65714,0.61111,0.12897,0.00000
oracle_failure_strata,2,4,out_of_distribution_tail,1116,1.00000,0.33333,0.29351,0.41333,0.66667,0.28460,0.00000
oracle_failure_strata,2,5,nominal_task_balance,1152,1.00000,1.00000,0.00000,0.00000,0.00000,0.05576,0.00000
oracle_failure_strata,2,5,rare_slip_failures,1152,1.00000,0.94444,0.26450,0.26095,0.05556,0.10025,0.00000
oracle_failure_strata,2,5,jammed_fixture_failures,1152,1.00000,0.00000,0.41927,0.68610,1.00000,0.13592,0.94444
oracle_failure_strata,2,5,actuator_limit_failures,1152,1.00000,1.00000,0.06232,0.00000,0.00000,0.10695,0.00000
oracle_failure_strata,2,5,combined_tail_stress,1152,1.00000,0.61111,0.39577,0.63527,0.38889,0.12202,0.22222
oracle_failure_strata,2,5,compound_sensor_actuator_shift,1152,1.00000,0.72222,0.29489,0.79238,0.27778,0.32137,0.22222
oracle_failure_strata,2,5,fixture_geometry_shift,1152,1.00000,0.00000,0.35850,0.34392,1.00000,0.12096,0.11111
oracle_failure_strata,2,5,rare_mechanism_combo,1152,1.00000,0.38889,0.32080,0.58571,0.61111,0.15133,0.00000
oracle_failure_strata,2,5,out_of_distribution_tail,1152,1.00000,0.33333,0.28941,0.41333,0.66667,0.29770,0.00000
greedy_oracle_success_upper,2,0,nominal_task_balance,972,0.87500,1.00000,0.00000,0.00000,0.00000,0.04553,0.00000
greedy_oracle_success_upper,2,0,rare_slip_failures,972,0.87500,0.94444,0.26883,0.30667,0.05556,0.10009,0.00000
greedy_oracle_success_upper,2,0,jammed_fixture_failures,972,0.87500,0.00000,0.39057,0.45473,1.00000,0.12757,0.94444
greedy_oracle_success_upper,2,0,actuator_limit_failures,972,0.87500,1.00000,0.07519,0.00000,0.00000,0.11475,0.00000
greedy_oracle_success_upper,2,0,combined_tail_stress,972,0.87500,0.61111,0.41820,0.63632,0.38889,0.11019,0.22222
greedy_oracle_success_upper,2,0,compound_sensor_actuator_shift,972,0.87500,0.72222,0.26569,0.59905,0.27778,0.24470,0.22222
greedy_oracle_success_upper,2,0,fixture_geometry_shift,972,0.87500,0.00000,0.36048,0.37826,1.00000,0.08463,0.11111
greedy_oracle_success_upper,2,0,rare_mechanism_combo,972,0.87500,0.38889,0.33962,0.60000,0.61111,0.14205,0.00000
greedy_oracle_success_upper,2,0,out_of_distribution_tail,972,0.87500,0.33333,0.29825,0.40000,0.66667,0.25329,0.00000
greedy_oracle_success_upper,2,1,nominal_task_balance,1008,0.87500,1.00000,0.00000,0.00000,0.00000,0.04821,0.00000
greedy_oracle_success_upper,2,1,rare_slip_failures,1008,0.87500,0.94444,0.24385,0.20095,0.05556,0.12454,0.00000
greedy_oracle_success_upper,2,1,jammed_fixture_failures,1008,0.87500,0.00000,0.38611,0.43849,1.00000,0.14982,0.94444
greedy_oracle_success_upper,2,1,actuator_limit_failures,1008,0.87500,1.00000,0.07697,0.00000,0.00000,0.11246,0.00000
greedy_oracle_success_upper,2,1,combined_tail_stress,1008,0.87500,0.61111,0.40343,0.62521,0.38889,0.10864,0.22222
greedy_oracle_success_upper,2,1,compound_sensor_actuator_shift,1008,0.87500,0.72222,0.29400,0.76381,0.27778,0.23994,0.22222
greedy_oracle_success_upper,2,1,fixture_geometry_shift,1008,0.87500,0.00000,0.35675,0.37391,1.00000,0.09811,0.11111
greedy_oracle_success_upper,2,1,rare_mechanism_combo,1008,0.87500,0.38889,0.33127,0.55411,0.61111,0.13510,0.00000
greedy_oracle_success_upper,2,1,out_of_distribution_tail,1008,0.87500,0.33333,0.30397,0.42667,0.66667,0.23586,0.00000
greedy_oracle_success_upper,2,2,nominal_task_balance,1044,0.87500,1.00000,0.00000,0.00000,0.00000,0.04488,0.00000
greedy_oracle_success_upper,2,2,rare_slip_failures,1044,0.87500,0.94444,0.26176,0.22952,0.05556,0.11707,0.00000
greedy_oracle_success_upper,2,2,jammed_fixture_failures,1044,0.87500,0.00000,0.39161,0.44039,1.00000,0.14884,0.94444
greedy_oracle_success_upper,2,2,actuator_limit_failures,1044,0.87500,1.00000,0.06349,0.00000,0.00000,0.11009,0.00000
greedy_oracle_success_upper,2,2,combined_tail_stress,1044,0.87500,0.61111,0.38426,0.61893,0.38889,0.12201,0.22222
greedy_oracle_success_upper,2,2,compound_sensor_actuator_shift,1044,0.87500,0.72222,0.27809,0.68381,0.27778,0.25462,0.22222
greedy_oracle_success_upper,2,2,fixture_geometry_shift,1044,0.87500,0.00000,0.35600,0.36444,1.00000,0.10338,0.11111
greedy_oracle_success_upper,2,2,rare_mechanism_combo,1044,0.87500,0.38889,0.32604,0.55714,0.61111,0.12853,0.00000
greedy_oracle_success_upper,2,2,out_of_distribution_tail,1044,0.87500,0.33333,0.29803,0.42667,0.66667,0.23809,0.00000
greedy_oracle_success_upper,2,3,nominal_task_balance,1080,0.87500,1.00000,0.00000,0.00000,0.00000,0.04496,0.00000
greedy_oracle_success_upper,2,3,rare_slip_failures,1080,0.87500,0.94444,0.24438,0.18095,0.05556,0.13851,0.00000
greedy_oracle_success_upper,2,3,jammed_fixture_failures,1080,0.87500,0.00000,0.40150,0.45893,1.00000,0.15812,0.94444
greedy_oracle_success_upper,2,3,actuator_limit_failures,1080,0.87500,1.00000,0.05042,0.00000,0.00000,0.10666,0.00000
greedy_oracle_success_upper,2,3,combined_tail_stress,1080,0.87500,0.61111,0.39278,0.66522,0.38889,0.12613,0.22222
greedy_oracle_success_upper,2,3,compound_sensor_actuator_shift,1080,0.87500,0.72222,0.30168,0.81238,0.27778,0.27694,0.22222
greedy_oracle_success_upper,2,3,fixture_geometry_shift,1080,0.87500,0.00000,0.35560,0.36444,1.00000,0.11309,0.11111
greedy_oracle_success_upper,2,3,rare_mechanism_combo,1080,0.87500,0.38889,0.32043,0.57143,0.61111,0.11978,0.00000
greedy_oracle_success_upper,2,3,out_of_distribution_tail,1080,0.87500,0.33333,0.29672,0.42667,0.66667,0.27331,0.00000
greedy_oracle_success_upper,2,4,nominal_task_balance,1116,1.00000,1.00000,0.00000,0.00000,0.00000,0.04578,0.00000
greedy_oracle_success_upper,2,4,rare_slip_failures,1116,1.00000,0.94444,0.23466,0.20952,0.05556,0.12195,0.00000
greedy_oracle_success_upper,2,4,jammed_fixture_failures,1116,1.00000,0.00000,0.40402,0.45322,1.00000,0.16224,0.94444
greedy_oracle_success_upper,2,4,actuator_limit_failures,1116,1.00000,1.00000,0.06324,0.00000,0.00000,0.11004,0.00000
greedy_oracle_success_upper,2,4,combined_tail_stress,1116,1.00000,0.61111,0.38652,0.62802,0.38889,0.12111,0.22222
greedy_oracle_success_upper,2,4,compound_sensor_actuator_shift,1116,1.00000,0.72222,0.30044,0.81238,0.27778,0.27685,0.22222
greedy_oracle_success_upper,2,4,fixture_geometry_shift,1116,1.00000,0.00000,0.35697,0.36444,1.00000,0.11255,0.11111
greedy_oracle_success_upper,2,4,rare_mechanism_combo,1116,1.00000,0.38889,0.40458,0.67143,0.61111,0.11168,0.00000
greedy_oracle_success_upper,2,4,out_of_distribution_tail,1116,1.00000,0.33333,0.29825,0.42667,0.66667,0.28656,0.00000
greedy_oracle_success_upper,2,5,nominal_task_balance,1152,1.00000,1.00000,0.00000,0.00000,0.00000,0.04451,0.00000
greedy_oracle_success_upper,2,5,rare_slip_failures,1152,1.00000,0.94444,0.23172,0.20952,0.05556,0.13348,0.00000
greedy_oracle_success_upper,2,5,jammed_fixture_failures,1152,1.00000,0.00000,0.40926,0.46134,1.00000,0.16202,0.94444
greedy_oracle_success_upper,2,5,actuator_limit_failures,1152,1.00000,1.00000,0.05614,0.00000,0.00000,0.10672,0.00000
greedy_oracle_success_upper,2,5,combined_tail_stress,1152,1.00000,0.61111,0.38681,0.61932,0.38889,0.11584,0.22222
greedy_oracle_success_upper,2,5,compound_sensor_actuator_shift,1152,1.00000,0.72222,0.29953,0.81238,0.27778,0.26970,0.22222
greedy_oracle_success_upper,2,5,fixture_geometry_shift,1152,1.00000,0.00000,0.35948,0.36444,1.00000,0.10850,0.11111
greedy_oracle_success_upper,2,5,rare_mechanism_combo,1152,1.00000,0.38889,0.32480,0.55714,0.61111,0.10261,0.00000
greedy_oracle_success_upper,2,5,out_of_distribution_tail,1152,1.00000,0.33333,0.29407,0.41333,0.66667,0.29290,0.00000
random_sampling,3,0,nominal_task_balance,972,1.00000,1.00000,0.00000,0.00000,0.00000,0.05742,0.00000
random_sampling,3,0,rare_slip_failures,972,1.00000,1.00000,0.14782,0.00000,0.00000,0.10436,0.00000
random_sampling,3,0,jammed_fixture_failures,972,1.00000,0.00000,0.39041,0.56329,1.00000,0.16840,1.00000
random_sampling,3,0,actuator_limit_failures,972,1.00000,1.00000,0.03137,0.00000,0.00000,0.04243,0.00000
random_sampling,3,0,combined_tail_stress,972,1.00000,0.66667,0.31880,0.51770,0.33333,0.08334,0.27778
random_sampling,3,0,compound_sensor_actuator_shift,972,1.00000,0.66667,0.23811,0.38412,0.33333,0.23653,0.11111
random_sampling,3,0,fixture_geometry_shift,972,1.00000,0.00000,0.34260,0.39375,1.00000,0.00253,0.11111
random_sampling,3,0,rare_mechanism_combo,972,1.00000,0.66667,0.51826,0.70000,0.33333,0.13491,0.00000
random_sampling,3,0,out_of_distribution_tail,972,1.00000,0.61111,0.29455,0.60000,0.38889,0.34904,0.00000
random_sampling,3,1,nominal_task_balance,1008,1.00000,1.00000,0.00000,0.00000,0.00000,0.05686,0.00000
random_sampling,3,1,rare_slip_failures,1008,1.00000,1.00000,0.15231,0.00000,0.00000,0.10545,0.00000
random_sampling,3,1,jammed_fixture_failures,1008,1.00000,0.00000,0.40446,0.58166,1.00000,0.16571,1.00000
random_sampling,3,1,actuator_limit_failures,1008,1.00000,1.00000,0.03137,0.00000,0.00000,0.03648,0.00000
random_sampling,3,1,combined_tail_stress,1008,1.00000,0.66667,0.33014,0.54641,0.33333,0.09689,0.27778
random_sampling,3,1,compound_sensor_actuator_shift,1008,1.00000,0.66667,0.26099,0.40926,0.33333,0.20926,0.11111
random_sampling,3,1,fixture_geometry_shift,1008,1.00000,0.00000,0.34144,0.38125,1.00000,0.00180,0.11111
random_sampling,3,1,rare_mechanism_combo,1008,1.00000,0.66667,0.51984,0.70000,0.33333,0.13366,0.00000
random_sampling,3,1,out_of_distribution_tail,1008,1.00000,0.61111,0.29600,0.60000,0.38889,0.30830,0.00000
random_sampling,3,2,nominal_task_balance,1044,1.00000,1.00000,0.00000,0.00000,0.00000,0.05959,0.00000
random_sampling,3,2,rare_slip_failures,1044,1.00000,1.00000,0.15000,0.00000,0.00000,0.09629,0.00000
random_sampling,3,2,jammed_fixture_failures,1044,1.00000,0.00000,0.37831,0.35944,1.00000,0.17204,1.00000
random_sampling,3,2,actuator_limit_failures,1044,1.00000,1.00000,0.03256,0.00000,0.00000,0.03075,0.00000
random_sampling,3,2,combined_tail_stress,1044,1.00000,0.66667,0.32569,0.53589,0.33333,0.08042,0.27778
random_sampling,3,2,compound_sensor_actuator_shift,1044,1.00000,0.66667,0.25616,0.39676,0.33333,0.19379,0.11111
random_sampling,3,2,fixture_geometry_shift,1044,1.00000,0.00000,0.34351,0.38750,1.00000,0.00124,0.11111
random_sampling,3,2,rare_mechanism_combo,1044,1.00000,0.66667,0.51879,0.68571,0.33333,0.14315,0.00000
random_sampling,3,2,out_of_distribution_tail,1044,1.00000,0.61111,0.29715,0.58571,0.38889,0.29728,0.00000
random_sampling,3,3,nominal_task_balance,1080,1.00000,1.00000,0.00000,0.00000,0.00000,0.05808,0.00000
random_sampling,3,3,rare_slip_failures,1080,1.00000,1.00000,0.14782,0.00000,0.00000,0.09330,0.00000
random_sampling,3,3,jammed_fixture_failures,1080,1.00000,0.00000,0.42179,0.44833,1.00000,0.16656,1.00000
random_sampling,3,3,actuator_limit_failures,1080,1.00000,1.00000,0.03256,0.00000,0.00000,0.03324,0.00000
random_sampling,3,3,combined_tail_stress,1080,1.00000,0.66667,0.32737,0.54641,0.33333,0.08537,0.27778
random_sampling,3,3,compound_sensor_actuator_shift,1080,1.00000,0.66667,0.25753,0.39965,0.33333,0.19279,0.11111
random_sampling,3,3,fixture_geometry_shift,1080,1.00000,0.00000,0.34276,0.38125,1.00000,0.00133,0.11111
random_sampling,3,3,rare_mechanism_combo,1080,1.00000,0.66667,0.39606,0.50000,0.33333,0.14030,0.00000
random_sampling,3,3,out_of_distribution_tail,1080,1.00000,0.61111,0.29558,0.57143,0.38889,0.29028,0.00000
random_sampling,3,4,nominal_task_balance,1116,1.00000,1.00000,0.00000,0.00000,0.00000,0.05627,0.00000
random_sampling,3,4,rare_slip_failures,1116,1.00000,1.00000,0.14286,0.00000,0.00000,0.08834,0.00000
random_sampling,3,4,jammed_fixture_failures,1116,1.00000,0.00000,0.41957,0.42453,1.00000,0.16647,1.00000
random_sampling,3,4,actuator_limit_failures,1116,1.00000,1.00000,0.03256,0.00000,0.00000,0.05545,0.00000
random_sampling,3,4,combined_tail_stress,1116,1.00000,0.66667,0.32183,0.53445,0.33333,0.09404,0.27778
random_sampling,3,4,compound_sensor_actuator_shift,1116,1.00000,0.66667,0.25611,0.40666,0.33333,0.18512,0.11111
random_sampling,3,4,fixture_geometry_shift,1116,1.00000,0.00000,0.34321,0.38285,1.00000,0.00234,0.11111
random_sampling,3,4,rare_mechanism_combo,1116,1.00000,0.66667,0.48027,0.70000,0.33333,0.13863,0.00000
random_sampling,3,4,out_of_distribution_tail,1116,1.00000,0.61111,0.29588,0.57143,0.38889,0.29504,0.00000
random_sampling,3,5,nominal_task_balance,1152,1.00000,1.00000,0.00000,0.00000,0.00000,0.05701,0.00000
random_sampling,3,5,rare_slip_failures,1152,1.00000,1.00000,0.14286,0.00000,0.00000,0.08757,0.00000
random_sampling,3,5,jammed_fixture_failures,1152,1.00000,0.00000,0.43314,0.46059,1.00000,0.16320,1.00000
random_sampling,3,5,actuator_limit_failures,1152,1.00000,1.00000,0.03256,0.00000,0.00000,0.05255,0.00000
random_sampling,3,5,combined_tail_stress,1152,1.00000,0.66667,0.32527,0.56172,0.33333,0.09979,0.27778
random_sampling,3,5,compound_sensor_actuator_shift,1152,1.00000,0.66667,0.26447,0.42280,0.33333,0.17459,0.11111
random_sampling,3,5,fixture_geometry_shift,1152,1.00000,0.00000,0.34164,0.37660,1.00000,0.00340,0.11111
random_sampling,3,5,rare_mechanism_combo,1152,1.00000,0.66667,0.46055,0.70000,0.33333,0.12780,0.00000
random_sampling,3,5,out_of_distribution_tail,1152,1.00000,0.61111,0.29868,0.57143,0.38889,0.29560,0.00000
task_label_stratification,3,0,nominal_task_balance,972,1.00000,1.00000,0.00000,0.00000,0.00000,0.05742,0.00000
task_label_stratification,3,0,rare_slip_failures,972,1.00000,1.00000,0.14782,0.00000,0.00000,0.10436,0.00000
task_label_stratification,3,0,jammed_fixture_failures,972,1.00000,0.00000,0.39041,0.56329,1.00000,0.16840,1.00000
task_label_stratification,3,0,actuator_limit_failures,972,1.00000,1.00000,0.03137,0.00000,0.00000,0.04243,0.00000
task_label_stratification,3,0,combined_tail_stress,972,1.00000,0.66667,0.31880,0.51770,0.33333,0.08334,0.27778
task_label_stratification,3,0,compound_sensor_actuator_shift,972,1.00000,0.66667,0.23811,0.38412,0.33333,0.23653,0.11111
task_label_stratification,3,0,fixture_geometry_shift,972,1.00000,0.00000,0.34260,0.39375,1.00000,0.00253,0.11111
task_label_stratification,3,0,rare_mechanism_combo,972,1.00000,0.66667,0.51826,0.70000,0.33333,0.13491,0.00000
task_label_stratification,3,0,out_of_distribution_tail,972,1.00000,0.61111,0.29455,0.60000,0.38889,0.34904,0.00000
task_label_stratification,3,1,nominal_task_balance,1008,1.00000,1.00000,0.00000,0.00000,0.00000,0.05757,0.00000
task_label_stratification,3,1,rare_slip_failures,1008,1.00000,1.00000,0.15000,0.00000,0.00000,0.08892,0.00000
task_label_stratification,3,1,jammed_fixture_failures,1008,1.00000,0.00000,0.40717,0.58009,1.00000,0.16303,1.00000
task_label_stratification,3,1,actuator_limit_failures,1008,1.00000,1.00000,0.03137,0.00000,0.00000,0.03890,0.00000
task_label_stratification,3,1,combined_tail_stress,1008,1.00000,0.66667,0.32034,0.52823,0.33333,0.09388,0.27778
task_label_stratification,3,1,compound_sensor_actuator_shift,1008,1.00000,0.66667,0.25182,0.39890,0.33333,0.21726,0.11111
task_label_stratification,3,1,fixture_geometry_shift,1008,1.00000,0.00000,0.34107,0.38750,1.00000,0.00131,0.11111
task_label_stratification,3,1,rare_mechanism_combo,1008,1.00000,0.66667,0.39560,0.50000,0.33333,0.14305,0.00000
task_label_stratification,3,1,out_of_distribution_tail,1008,1.00000,0.61111,0.29268,0.58571,0.38889,0.32727,0.00000
task_label_stratification,3,2,nominal_task_balance,1044,1.00000,1.00000,0.00000,0.00000,0.00000,0.05621,0.00000
task_label_stratification,3,2,rare_slip_failures,1044,1.00000,1.00000,0.14782,0.00000,0.00000,0.10432,0.00000
task_label_stratification,3,2,jammed_fixture_failures,1044,1.00000,0.00000,0.41687,0.41999,1.00000,0.15608,1.00000
task_label_stratification,3,2,actuator_limit_failures,1044,1.00000,1.00000,0.03137,0.00000,0.00000,0.03680,0.00000
task_label_stratification,3,2,combined_tail_stress,1044,1.00000,0.66667,0.32649,0.53589,0.33333,0.10326,0.27778
task_label_stratification,3,2,compound_sensor_actuator_shift,1044,1.00000,0.66667,0.24276,0.37176,0.33333,0.21554,0.11111
task_label_stratification,3,2,fixture_geometry_shift,1044,1.00000,0.00000,0.34104,0.38125,1.00000,0.00031,0.11111
task_label_stratification,3,2,rare_mechanism_combo,1044,1.00000,0.66667,0.39546,0.50000,0.33333,0.12927,0.00000
task_label_stratification,3,2,out_of_distribution_tail,1044,1.00000,0.61111,0.29647,0.60000,0.38889,0.29741,0.00000
task_label_stratification,3,3,nominal_task_balance,1080,1.00000,1.00000,0.00000,0.00000,0.00000,0.05537,0.00000
task_label_stratification,3,3,rare_slip_failures,1080,1.00000,1.00000,0.14575,0.00000,0.00000,0.10718,0.00000
task_label_stratification,3,3,jammed_fixture_failures,1080,1.00000,0.00000,0.43838,0.48666,1.00000,0.15674,1.00000
task_label_stratification,3,3,actuator_limit_failures,1080,1.00000,1.00000,0.03137,0.00000,0.00000,0.03891,0.00000
task_label_stratification,3,3,combined_tail_stress,1080,1.00000,0.66667,0.32845,0.53589,0.33333,0.10784,0.27778
task_label_stratification,3,3,compound_sensor_actuator_shift,1080,1.00000,0.66667,0.25342,0.37465,0.33333,0.20887,0.11111
task_label_stratification,3,3,fixture_geometry_shift,1080,1.00000,0.00000,0.33767,0.38750,1.00000,0.00079,0.11111
task_label_stratification,3,3,rare_mechanism_combo,1080,1.00000,0.66667,0.39626,0.50000,0.33333,0.12252,0.00000
task_label_stratification,3,3,out_of_distribution_tail,1080,1.00000,0.61111,0.29311,0.57143,0.38889,0.29915,0.00000
task_label_stratification,3,4,nominal_task_balance,1116,1.00000,1.00000,0.00000,0.00000,0.00000,0.05741,0.00000
task_label_stratification,3,4,rare_slip_failures,1116,1.00000,1.00000,0.14575,0.00000,0.00000,0.10572,0.00000
task_label_stratification,3,4,jammed_fixture_failures,1116,1.00000,0.00000,0.42482,0.44833,1.00000,0.15548,1.00000
task_label_stratification,3,4,actuator_limit_failures,1116,1.00000,1.00000,0.03137,0.00000,0.00000,0.03910,0.00000
task_label_stratification,3,4,combined_tail_stress,1116,1.00000,0.66667,0.33507,0.56316,0.33333,0.10520,0.27778
task_label_stratification,3,4,compound_sensor_actuator_shift,1116,1.00000,0.66667,0.25966,0.38440,0.33333,0.19832,0.11111
task_label_stratification,3,4,fixture_geometry_shift,1116,1.00000,0.00000,0.34077,0.39375,1.00000,0.00044,0.11111
task_label_stratification,3,4,rare_mechanism_combo,1116,1.00000,0.66667,0.39709,0.50000,0.33333,0.11789,0.00000
task_label_stratification,3,4,out_of_distribution_tail,1116,1.00000,0.61111,0.29659,0.57143,0.38889,0.31311,0.00000
task_label_stratification,3,5,nominal_task_balance,1152,1.00000,1.00000,0.00000,0.00000,0.00000,0.05855,0.00000
task_label_stratification,3,5,rare_slip_failures,1152,1.00000,1.00000,0.14575,0.00000,0.00000,0.10727,0.00000
task_label_stratification,3,5,jammed_fixture_failures,1152,1.00000,0.00000,0.44674,0.49505,1.00000,0.15678,1.00000
task_label_stratification,3,5,actuator_limit_failures,1152,1.00000,1.00000,0.03137,0.00000,0.00000,0.03016,0.00000
task_label_stratification,3,5,combined_tail_stress,1152,1.00000,0.66667,0.33388,0.55263,0.33333,0.09989,0.27778
task_label_stratification,3,5,compound_sensor_actuator_shift,1152,1.00000,0.66667,0.25715,0.38440,0.33333,0.20041,0.11111
task_label_stratification,3,5,fixture_geometry_shift,1152,1.00000,0.00000,0.34359,0.40000,1.00000,0.00030,0.11111
task_label_stratification,3,5,rare_mechanism_combo,1152,1.00000,0.66667,0.31381,0.40000,0.33333,0.12899,0.00000
task_label_stratification,3,5,out_of_distribution_tail,1152,1.00000,0.61111,0.29685,0.57143,0.38889,0.31348,0.00000
state_diversity_coreset,3,0,nominal_task_balance,972,1.00000,1.00000,0.00000,0.00000,0.00000,0.05742,0.00000
state_diversity_coreset,3,0,rare_slip_failures,972,1.00000,1.00000,0.14782,0.00000,0.00000,0.10436,0.00000
state_diversity_coreset,3,0,jammed_fixture_failures,972,1.00000,0.00000,0.39041,0.56329,1.00000,0.16840,1.00000
state_diversity_coreset,3,0,actuator_limit_failures,972,1.00000,1.00000,0.03137,0.00000,0.00000,0.04243,0.00000
state_diversity_coreset,3,0,combined_tail_stress,972,1.00000,0.66667,0.31880,0.51770,0.33333,0.08334,0.27778
state_diversity_coreset,3,0,compound_sensor_actuator_shift,972,1.00000,0.66667,0.23811,0.38412,0.33333,0.23653,0.11111
state_diversity_coreset,3,0,fixture_geometry_shift,972,1.00000,0.00000,0.34260,0.39375,1.00000,0.00253,0.11111
state_diversity_coreset,3,0,rare_mechanism_combo,972,1.00000,0.66667,0.51826,0.70000,0.33333,0.13491,0.00000
state_diversity_coreset,3,0,out_of_distribution_tail,972,1.00000,0.61111,0.29455,0.60000,0.38889,0.34904,0.00000
state_diversity_coreset,3,1,nominal_task_balance,1008,1.00000,1.00000,0.00000,0.00000,0.00000,0.05709,0.00000
state_diversity_coreset,3,1,rare_slip_failures,1008,1.00000,1.00000,0.14639,0.00000,0.00000,0.10858,0.00000
state_diversity_coreset,3,1,jammed_fixture_failures,1008,1.00000,0.00000,0.45313,0.51884,1.00000,0.16635,1.00000
state_diversity_coreset,3,1,actuator_limit_failures,1008,1.00000,1.00000,0.07026,0.00000,0.00000,0.03332,0.00000
state_diversity_coreset,3,1,combined_tail_stress,1008,1.00000,0.66667,0.32614,0.54641,0.33333,0.07823,0.27778
state_diversity_coreset,3,1,compound_sensor_actuator_shift,1008,1.00000,0.66667,0.24598,0.40267,0.33333,0.22270,0.11111
state_diversity_coreset,3,1,fixture_geometry_shift,1008,1.00000,0.00000,0.34332,0.40000,1.00000,0.00034,0.11111
state_diversity_coreset,3,1,rare_mechanism_combo,1008,1.00000,0.66667,0.39490,0.50000,0.33333,0.12422,0.00000
state_diversity_coreset,3,1,out_of_distribution_tail,1008,1.00000,0.61111,0.28735,0.58182,0.38889,0.35218,0.00000
state_diversity_coreset,3,2,nominal_task_balance,1044,1.00000,1.00000,0.00000,0.00000,0.00000,0.06298,0.00000
state_diversity_coreset,3,2,rare_slip_failures,1044,1.00000,1.00000,0.15432,0.00000,0.00000,0.10798,0.00000
state_diversity_coreset,3,2,jammed_fixture_failures,1044,1.00000,0.00000,0.44339,0.49662,1.00000,0.17105,1.00000
state_diversity_coreset,3,2,actuator_limit_failures,1044,1.00000,1.00000,0.06016,0.00000,0.00000,0.03884,0.00000
state_diversity_coreset,3,2,combined_tail_stress,1044,1.00000,0.66667,0.32039,0.55223,0.33333,0.07854,0.27778
state_diversity_coreset,3,2,compound_sensor_actuator_shift,1044,1.00000,0.66667,0.27831,0.49320,0.33333,0.18168,0.11111
state_diversity_coreset,3,2,fixture_geometry_shift,1044,1.00000,0.00000,0.34294,0.39535,1.00000,0.00363,0.11111
state_diversity_coreset,3,2,rare_mechanism_combo,1044,1.00000,0.66667,0.37106,0.48571,0.33333,0.13469,0.00000
state_diversity_coreset,3,2,out_of_distribution_tail,1044,1.00000,0.61111,0.29480,0.58182,0.38889,0.35617,0.00000
state_diversity_coreset,3,3,nominal_task_balance,1080,1.00000,1.00000,0.00000,0.00000,0.00000,0.06456,0.00000
state_diversity_coreset,3,3,rare_slip_failures,1080,1.00000,1.00000,0.14236,0.00000,0.00000,0.09948,0.00000
state_diversity_coreset,3,3,jammed_fixture_failures,1080,1.00000,0.00000,0.43410,0.49277,1.00000,0.17210,1.00000
state_diversity_coreset,3,3,actuator_limit_failures,1080,1.00000,1.00000,0.06734,0.00000,0.00000,0.04926,0.00000
state_diversity_coreset,3,3,combined_tail_stress,1080,1.00000,0.66667,0.32402,0.55913,0.33333,0.08674,0.27778
state_diversity_coreset,3,3,compound_sensor_actuator_shift,1080,1.00000,0.66667,0.31900,0.70801,0.33333,0.15735,0.11111
state_diversity_coreset,3,3,fixture_geometry_shift,1080,1.00000,0.00000,0.33946,0.39070,1.00000,0.00685,0.11111
state_diversity_coreset,3,3,rare_mechanism_combo,1080,1.00000,0.66667,0.30912,0.38571,0.33333,0.13408,0.00000
state_diversity_coreset,3,3,out_of_distribution_tail,1080,1.00000,0.61111,0.29627,0.60000,0.38889,0.29402,0.00000
state_diversity_coreset,3,4,nominal_task_balance,1116,1.00000,1.00000,0.00000,0.00000,0.00000,0.06081,0.00000
state_diversity_coreset,3,4,rare_slip_failures,1116,1.00000,1.00000,0.14752,0.00000,0.00000,0.11968,0.00000
state_diversity_coreset,3,4,jammed_fixture_failures,1116,1.00000,0.00000,0.42341,0.47282,1.00000,0.19348,1.00000
state_diversity_coreset,3,4,actuator_limit_failures,1116,1.00000,1.00000,0.06734,0.00000,0.00000,0.04423,0.00000
state_diversity_coreset,3,4,combined_tail_stress,1116,1.00000,0.66667,0.32188,0.54171,0.33333,0.07633,0.27778
state_diversity_coreset,3,4,compound_sensor_actuator_shift,1116,1.00000,0.66667,0.32320,0.72340,0.33333,0.15704,0.11111
state_diversity_coreset,3,4,fixture_geometry_shift,1116,1.00000,0.00000,0.33932,0.38605,1.00000,0.01524,0.11111
state_diversity_coreset,3,4,rare_mechanism_combo,1116,1.00000,0.66667,0.35415,0.48571,0.33333,0.15352,0.00000
state_diversity_coreset,3,4,out_of_distribution_tail,1116,1.00000,0.61111,0.29613,0.60000,0.38889,0.28588,0.00000
state_diversity_coreset,3,5,nominal_task_balance,1152,1.00000,1.00000,0.00000,0.00000,0.00000,0.06674,0.00000
state_diversity_coreset,3,5,rare_slip_failures,1152,1.00000,1.00000,0.15476,0.00000,0.00000,0.11820,0.00000
state_diversity_coreset,3,5,jammed_fixture_failures,1152,1.00000,0.00000,0.41567,0.47282,1.00000,0.19162,1.00000
state_diversity_coreset,3,5,actuator_limit_failures,1152,1.00000,1.00000,0.07026,0.00000,0.00000,0.04871,0.00000
state_diversity_coreset,3,5,combined_tail_stress,1152,1.00000,0.66667,0.31211,0.54019,0.33333,0.07795,0.27778
state_diversity_coreset,3,5,compound_sensor_actuator_shift,1152,1.00000,0.66667,0.32208,0.70128,0.33333,0.13468,0.11111
state_diversity_coreset,3,5,fixture_geometry_shift,1152,1.00000,0.00000,0.33841,0.38605,1.00000,0.02379,0.11111
state_diversity_coreset,3,5,rare_mechanism_combo,1152,1.00000,0.66667,0.31178,0.38571,0.33333,0.15405,0.00000
state_diversity_coreset,3,5,out_of_distribution_tail,1152,1.00000,0.61111,0.29930,0.58571,0.38889,0.28550,0.00000
uncertainty_sampling,3,0,nominal_task_balance,972,1.00000,1.00000,0.00000,0.00000,0.00000,0.05742,0.00000
uncertainty_sampling,3,0,rare_slip_failures,972,1.00000,1.00000,0.14782,0.00000,0.00000,0.10436,0.00000
uncertainty_sampling,3,0,jammed_fixture_failures,972,1.00000,0.00000,0.39041,0.56329,1.00000,0.16840,1.00000
uncertainty_sampling,3,0,actuator_limit_failures,972,1.00000,1.00000,0.03137,0.00000,0.00000,0.04243,0.00000
uncertainty_sampling,3,0,combined_tail_stress,972,1.00000,0.66667,0.31880,0.51770,0.33333,0.08334,0.27778
uncertainty_sampling,3,0,compound_sensor_actuator_shift,972,1.00000,0.66667,0.23811,0.38412,0.33333,0.23653,0.11111
uncertainty_sampling,3,0,fixture_geometry_shift,972,1.00000,0.00000,0.34260,0.39375,1.00000,0.00253,0.11111
uncertainty_sampling,3,0,rare_mechanism_combo,972,1.00000,0.66667,0.51826,0.70000,0.33333,0.13491,0.00000
uncertainty_sampling,3,0,out_of_distribution_tail,972,1.00000,0.61111,0.29455,0.60000,0.38889,0.34904,0.00000
uncertainty_sampling,3,1,nominal_task_balance,1008,1.00000,1.00000,0.00000,0.00000,0.00000,0.05949,0.00000
uncertainty_sampling,3,1,rare_slip_failures,1008,1.00000,1.00000,0.14782,0.00000,0.00000,0.09778,0.00000
uncertainty_sampling,3,1,jammed_fixture_failures,1008,1.00000,0.00000,0.38882,0.55944,1.00000,0.17611,1.00000
uncertainty_sampling,3,1,actuator_limit_failures,1008,1.00000,1.00000,0.01471,0.00000,0.00000,0.04066,0.00000
uncertainty_sampling,3,1,combined_tail_stress,1008,1.00000,0.66667,0.31659,0.51005,0.33333,0.06292,0.27778
uncertainty_sampling,3,1,compound_sensor_actuator_shift,1008,1.00000,0.66667,0.24468,0.37650,0.33333,0.22440,0.11111
uncertainty_sampling,3,1,fixture_geometry_shift,1008,1.00000,0.00000,0.34057,0.38750,1.00000,0.00215,0.11111
uncertainty_sampling,3,1,rare_mechanism_combo,1008,1.00000,0.66667,0.52219,0.70000,0.33333,0.14042,0.00000
uncertainty_sampling,3,1,out_of_distribution_tail,1008,1.00000,0.61111,0.29282,0.60000,0.38889,0.34368,0.00000
uncertainty_sampling,3,2,nominal_task_balance,1044,1.00000,1.00000,0.00000,0.00000,0.00000,0.05823,0.00000
uncertainty_sampling,3,2,rare_slip_failures,1044,1.00000,1.00000,0.14782,0.00000,0.00000,0.08898,0.00000
uncertainty_sampling,3,2,jammed_fixture_failures,1044,1.00000,0.00000,0.39124,0.56399,1.00000,0.17718,1.00000
uncertainty_sampling,3,2,actuator_limit_failures,1044,1.00000,1.00000,0.03256,0.00000,0.00000,0.02690,0.00000
uncertainty_sampling,3,2,combined_tail_stress,1044,1.00000,0.66667,0.32828,0.52679,0.33333,0.07212,0.27778
uncertainty_sampling,3,2,compound_sensor_actuator_shift,1044,1.00000,0.66667,0.23046,0.31585,0.33333,0.21807,0.11111
uncertainty_sampling,3,2,fixture_geometry_shift,1044,1.00000,0.00000,0.34007,0.38750,1.00000,0.00236,0.11111
uncertainty_sampling,3,2,rare_mechanism_combo,1044,1.00000,0.66667,0.39229,0.50000,0.33333,0.14723,0.00000
uncertainty_sampling,3,2,out_of_distribution_tail,1044,1.00000,0.61111,0.29197,0.60000,0.38889,0.37142,0.00000
uncertainty_sampling,3,3,nominal_task_balance,1080,1.00000,1.00000,0.00000,0.00000,0.00000,0.05843,0.00000
uncertainty_sampling,3,3,rare_slip_failures,1080,1.00000,1.00000,0.14286,0.00000,0.00000,0.11716,0.00000
uncertainty_sampling,3,3,jammed_fixture_failures,1080,1.00000,0.00000,0.39029,0.55787,1.00000,0.18243,1.00000
uncertainty_sampling,3,3,actuator_limit_failures,1080,1.00000,1.00000,0.03137,0.00000,0.00000,0.02584,0.00000
uncertainty_sampling,3,3,combined_tail_stress,1080,1.00000,0.66667,0.33230,0.52823,0.33333,0.07381,0.27778
uncertainty_sampling,3,3,compound_sensor_actuator_shift,1080,1.00000,0.66667,0.23256,0.30549,0.33333,0.22886,0.11111
uncertainty_sampling,3,3,fixture_geometry_shift,1080,1.00000,0.00000,0.34126,0.38125,1.00000,0.00025,0.11111
uncertainty_sampling,3,3,rare_mechanism_combo,1080,1.00000,0.66667,0.39626,0.50000,0.33333,0.15389,0.00000
uncertainty_sampling,3,3,out_of_distribution_tail,1080,1.00000,0.61111,0.28868,0.60000,0.38889,0.37474,0.00000
uncertainty_sampling,3,4,nominal_task_balance,1116,1.00000,1.00000,0.00000,0.00000,0.00000,0.05930,0.00000
uncertainty_sampling,3,4,rare_slip_failures,1116,1.00000,1.00000,0.14286,0.00000,0.00000,0.09199,0.00000
uncertainty_sampling,3,4,jammed_fixture_failures,1116,1.00000,0.00000,0.40785,0.58394,1.00000,0.18088,1.00000
uncertainty_sampling,3,4,actuator_limit_failures,1116,1.00000,1.00000,0.03056,0.00000,0.00000,0.03640,0.00000
uncertainty_sampling,3,4,combined_tail_stress,1116,1.00000,0.66667,0.34444,0.53664,0.33333,0.06516,0.27778
uncertainty_sampling,3,4,compound_sensor_actuator_shift,1116,1.00000,0.66667,0.23416,0.29573,0.33333,0.22634,0.11111
uncertainty_sampling,3,4,fixture_geometry_shift,1116,1.00000,0.00000,0.34292,0.38125,1.00000,0.00062,0.11111
uncertainty_sampling,3,4,rare_mechanism_combo,1116,1.00000,0.66667,0.40031,0.50000,0.33333,0.14644,0.00000
uncertainty_sampling,3,4,out_of_distribution_tail,1116,1.00000,0.61111,0.28830,0.60000,0.38889,0.37461,0.00000
uncertainty_sampling,3,5,nominal_task_balance,1152,1.00000,1.00000,0.00000,0.00000,0.00000,0.06169,0.00000
uncertainty_sampling,3,5,rare_slip_failures,1152,1.00000,1.00000,0.14286,0.00000,0.00000,0.08425,0.00000
uncertainty_sampling,3,5,jammed_fixture_failures,1152,1.00000,0.00000,0.38011,0.36399,1.00000,0.18048,1.00000
uncertainty_sampling,3,5,actuator_limit_failures,1152,1.00000,1.00000,0.03137,0.00000,0.00000,0.05503,0.00000
uncertainty_sampling,3,5,combined_tail_stress,1152,1.00000,0.66667,0.34933,0.54717,0.33333,0.08414,0.27778
uncertainty_sampling,3,5,compound_sensor_actuator_shift,1152,1.00000,0.66667,0.23318,0.30061,0.33333,0.23997,0.11111
uncertainty_sampling,3,5,fixture_geometry_shift,1152,1.00000,0.00000,0.34292,0.38125,1.00000,0.00137,0.11111
uncertainty_sampling,3,5,rare_mechanism_combo,1152,1.00000,0.66667,0.40599,0.50000,0.33333,0.12178,0.00000
uncertainty_sampling,3,5,out_of_distribution_tail,1152,1.00000,0.61111,0.28397,0.60000,0.38889,0.38503,0.00000
failure_prediction_active_learning,3,0,nominal_task_balance,972,1.00000,1.00000,0.00000,0.00000,0.00000,0.05742,0.00000
failure_prediction_active_learning,3,0,rare_slip_failures,972,1.00000,1.00000,0.14782,0.00000,0.00000,0.10436,0.00000
failure_prediction_active_learning,3,0,jammed_fixture_failures,972,1.00000,0.00000,0.39041,0.56329,1.00000,0.16840,1.00000
failure_prediction_active_learning,3,0,actuator_limit_failures,972,1.00000,1.00000,0.03137,0.00000,0.00000,0.04243,0.00000
failure_prediction_active_learning,3,0,combined_tail_stress,972,1.00000,0.66667,0.31880,0.51770,0.33333,0.08334,0.27778
failure_prediction_active_learning,3,0,compound_sensor_actuator_shift,972,1.00000,0.66667,0.23811,0.38412,0.33333,0.23653,0.11111
failure_prediction_active_learning,3,0,fixture_geometry_shift,972,1.00000,0.00000,0.34260,0.39375,1.00000,0.00253,0.11111
failure_prediction_active_learning,3,0,rare_mechanism_combo,972,1.00000,0.66667,0.51826,0.70000,0.33333,0.13491,0.00000
failure_prediction_active_learning,3,0,out_of_distribution_tail,972,1.00000,0.61111,0.29455,0.60000,0.38889,0.34904,0.00000
failure_prediction_active_learning,3,1,nominal_task_balance,1008,1.00000,1.00000,0.00000,0.00000,0.00000,0.05348,0.00000
failure_prediction_active_learning,3,1,rare_slip_failures,1008,1.00000,1.00000,0.14588,0.00000,0.00000,0.12192,0.00000
failure_prediction_active_learning,3,1,jammed_fixture_failures,1008,1.00000,0.00000,0.41309,0.40546,1.00000,0.17691,1.00000
failure_prediction_active_learning,3,1,actuator_limit_failures,1008,1.00000,1.00000,0.01667,0.00000,0.00000,0.03921,0.00000
failure_prediction_active_learning,3,1,combined_tail_stress,1008,1.00000,0.66667,0.32441,0.53732,0.33333,0.06449,0.27778
failure_prediction_active_learning,3,1,compound_sensor_actuator_shift,1008,1.00000,0.66667,0.24567,0.41400,0.33333,0.23978,0.11111
failure_prediction_active_learning,3,1,fixture_geometry_shift,1008,1.00000,0.00000,0.34562,0.40000,1.00000,0.00304,0.11111
failure_prediction_active_learning,3,1,rare_mechanism_combo,1008,1.00000,0.66667,0.52414,0.70000,0.33333,0.12146,0.00000
failure_prediction_active_learning,3,1,out_of_distribution_tail,1008,1.00000,0.61111,0.29361,0.57143,0.38889,0.33086,0.00000
failure_prediction_active_learning,3,2,nominal_task_balance,1044,1.00000,1.00000,0.00000,0.00000,0.00000,0.04952,0.00000
failure_prediction_active_learning,3,2,rare_slip_failures,1044,1.00000,1.00000,0.15149,0.00000,0.00000,0.11058,0.00000
failure_prediction_active_learning,3,2,jammed_fixture_failures,1044,1.00000,0.00000,0.39582,0.38551,1.00000,0.18439,1.00000
failure_prediction_active_learning,3,2,actuator_limit_failures,1044,1.00000,1.00000,0.01786,0.00000,0.00000,0.03445,0.00000
failure_prediction_active_learning,3,2,combined_tail_stress,1044,1.00000,0.66667,0.32195,0.52974,0.33333,0.06877,0.27778
failure_prediction_active_learning,3,2,compound_sensor_actuator_shift,1044,1.00000,0.66667,0.25198,0.42939,0.33333,0.24825,0.11111
failure_prediction_active_learning,3,2,fixture_geometry_shift,1044,1.00000,0.00000,0.34582,0.38750,1.00000,0.00840,0.11111
failure_prediction_active_learning,3,2,rare_mechanism_combo,1044,1.00000,0.66667,0.31941,0.40000,0.33333,0.13474,0.00000
failure_prediction_active_learning,3,2,out_of_distribution_tail,1044,1.00000,0.61111,0.30039,0.57143,0.38889,0.31002,0.00000
failure_prediction_active_learning,3,3,nominal_task_balance,1080,1.00000,1.00000,0.00000,0.00000,0.00000,0.04581,0.00000
failure_prediction_active_learning,3,3,rare_slip_failures,1080,1.00000,1.00000,0.14802,0.00000,0.00000,0.10919,0.00000
failure_prediction_active_learning,3,3,jammed_fixture_failures,1080,1.00000,0.00000,0.43610,0.45602,1.00000,0.19778,1.00000
failure_prediction_active_learning,3,3,actuator_limit_failures,1080,1.00000,1.00000,0.01923,0.00000,0.00000,0.02735,0.00000
failure_prediction_active_learning,3,3,combined_tail_stress,1080,1.00000,0.66667,0.33091,0.52141,0.33333,0.06067,0.27778
failure_prediction_active_learning,3,3,compound_sensor_actuator_shift,1080,1.00000,0.66667,0.24149,0.41201,0.33333,0.25399,0.11111
failure_prediction_active_learning,3,3,fixture_geometry_shift,1080,1.00000,0.00000,0.34629,0.38285,1.00000,0.01845,0.11111
failure_prediction_active_learning,3,3,rare_mechanism_combo,1080,1.00000,0.66667,0.31706,0.37143,0.33333,0.14430,0.00000
failure_prediction_active_learning,3,3,out_of_distribution_tail,1080,1.00000,0.61111,0.30384,0.57143,0.38889,0.30641,0.00000
failure_prediction_active_learning,3,4,nominal_task_balance,1116,1.00000,1.00000,0.00000,0.00000,0.00000,0.04184,0.00000
failure_prediction_active_learning,3,4,rare_slip_failures,1116,1.00000,1.00000,0.13214,0.00000,0.00000,0.11170,0.00000
failure_prediction_active_learning,3,4,jammed_fixture_failures,1116,1.00000,0.00000,0.43820,0.47982,1.00000,0.21724,1.00000
failure_prediction_active_learning,3,4,actuator_limit_failures,1116,1.00000,1.00000,0.01923,0.00000,0.00000,0.03853,0.00000
failure_prediction_active_learning,3,4,combined_tail_stress,1116,1.00000,0.66667,0.33751,0.53413,0.33333,0.06744,0.27778
failure_prediction_active_learning,3,4,compound_sensor_actuator_shift,1116,1.00000,0.66667,0.23623,0.41001,0.33333,0.25868,0.11111
failure_prediction_active_learning,3,4,fixture_geometry_shift,1116,1.00000,0.00000,0.35083,0.38910,1.00000,0.03547,0.11111
failure_prediction_active_learning,3,4,rare_mechanism_combo,1116,1.00000,0.66667,0.32544,0.37143,0.33333,0.11279,0.00000
failure_prediction_active_learning,3,4,out_of_distribution_tail,1116,1.00000,0.61111,0.29731,0.51429,0.38889,0.30936,0.00000
failure_prediction_active_learning,3,5,nominal_task_balance,1152,1.00000,1.00000,0.00000,0.00000,0.00000,0.04017,0.00000
failure_prediction_active_learning,3,5,rare_slip_failures,1152,1.00000,1.00000,0.13626,0.00000,0.00000,0.10806,0.00000
failure_prediction_active_learning,3,5,jammed_fixture_failures,1152,1.00000,0.00000,0.43434,0.47143,1.00000,0.21983,1.00000
failure_prediction_active_learning,3,5,actuator_limit_failures,1152,1.00000,1.00000,0.00000,0.00000,0.00000,0.02288,0.00000
failure_prediction_active_learning,3,5,combined_tail_stress,1152,1.00000,0.66667,0.34419,0.54246,0.33333,0.06173,0.27778
failure_prediction_active_learning,3,5,compound_sensor_actuator_shift,1152,1.00000,0.66667,0.22435,0.40514,0.33333,0.26726,0.11111
failure_prediction_active_learning,3,5,fixture_geometry_shift,1152,1.00000,0.00000,0.35003,0.38285,1.00000,0.03672,0.11111
failure_prediction_active_learning,3,5,rare_mechanism_combo,1152,1.00000,0.66667,0.32526,0.35714,0.33333,0.15082,0.00000
failure_prediction_active_learning,3,5,out_of_distribution_tail,1152,1.00000,0.61111,0.29531,0.48182,0.38889,0.29626,0.00000
calibrated_failure_risk,3,0,nominal_task_balance,972,1.00000,1.00000,0.00000,0.00000,0.00000,0.05742,0.00000
calibrated_failure_risk,3,0,rare_slip_failures,972,1.00000,1.00000,0.14782,0.00000,0.00000,0.10436,0.00000
calibrated_failure_risk,3,0,jammed_fixture_failures,972,1.00000,0.00000,0.39041,0.56329,1.00000,0.16840,1.00000
calibrated_failure_risk,3,0,actuator_limit_failures,972,1.00000,1.00000,0.03137,0.00000,0.00000,0.04243,0.00000
calibrated_failure_risk,3,0,combined_tail_stress,972,1.00000,0.66667,0.31880,0.51770,0.33333,0.08334,0.27778
calibrated_failure_risk,3,0,compound_sensor_actuator_shift,972,1.00000,0.66667,0.23811,0.38412,0.33333,0.23653,0.11111
calibrated_failure_risk,3,0,fixture_geometry_shift,972,1.00000,0.00000,0.34260,0.39375,1.00000,0.00253,0.11111
calibrated_failure_risk,3,0,rare_mechanism_combo,972,1.00000,0.66667,0.51826,0.70000,0.33333,0.13491,0.00000
calibrated_failure_risk,3,0,out_of_distribution_tail,972,1.00000,0.61111,0.29455,0.60000,0.38889,0.34904,0.00000
calibrated_failure_risk,3,1,nominal_task_balance,1008,1.00000,1.00000,0.00000,0.00000,0.00000,0.05335,0.00000
calibrated_failure_risk,3,1,rare_slip_failures,1008,1.00000,1.00000,0.14588,0.00000,0.00000,0.12145,0.00000
calibrated_failure_risk,3,1,jammed_fixture_failures,1008,1.00000,0.00000,0.41362,0.40546,1.00000,0.17734,1.00000
calibrated_failure_risk,3,1,actuator_limit_failures,1008,1.00000,1.00000,0.01667,0.00000,0.00000,0.03914,0.00000
calibrated_failure_risk,3,1,combined_tail_stress,1008,1.00000,0.66667,0.32073,0.52823,0.33333,0.06687,0.27778
calibrated_failure_risk,3,1,compound_sensor_actuator_shift,1008,1.00000,0.66667,0.24537,0.41400,0.33333,0.24006,0.11111
calibrated_failure_risk,3,1,fixture_geometry_shift,1008,1.00000,0.00000,0.34510,0.40000,1.00000,0.00304,0.11111
calibrated_failure_risk,3,1,rare_mechanism_combo,1008,1.00000,0.66667,0.52353,0.70000,0.33333,0.12595,0.00000
calibrated_failure_risk,3,1,out_of_distribution_tail,1008,1.00000,0.61111,0.29306,0.57143,0.38889,0.33068,0.00000
calibrated_failure_risk,3,2,nominal_task_balance,1044,1.00000,1.00000,0.00000,0.00000,0.00000,0.04961,0.00000
calibrated_failure_risk,3,2,rare_slip_failures,1044,1.00000,1.00000,0.15466,0.00000,0.00000,0.10976,0.00000
calibrated_failure_risk,3,2,jammed_fixture_failures,1044,1.00000,0.00000,0.39655,0.39163,1.00000,0.18478,1.00000
calibrated_failure_risk,3,2,actuator_limit_failures,1044,1.00000,1.00000,0.01786,0.00000,0.00000,0.03001,0.00000
calibrated_failure_risk,3,2,combined_tail_stress,1044,1.00000,0.66667,0.32593,0.54641,0.33333,0.06879,0.27778
calibrated_failure_risk,3,2,compound_sensor_actuator_shift,1044,1.00000,0.66667,0.25334,0.42939,0.33333,0.24809,0.11111
calibrated_failure_risk,3,2,fixture_geometry_shift,1044,1.00000,0.00000,0.34485,0.38750,1.00000,0.00846,0.11111
calibrated_failure_risk,3,2,rare_mechanism_combo,1044,1.00000,0.66667,0.31941,0.40000,0.33333,0.12782,0.00000
calibrated_failure_risk,3,2,out_of_distribution_tail,1044,1.00000,0.61111,0.30214,0.57143,0.38889,0.31007,0.00000
calibrated_failure_risk,3,3,nominal_task_balance,1080,1.00000,1.00000,0.00000,0.00000,0.00000,0.04583,0.00000
calibrated_failure_risk,3,3,rare_slip_failures,1080,1.00000,1.00000,0.15210,0.00000,0.00000,0.10865,0.00000
calibrated_failure_risk,3,3,jammed_fixture_failures,1080,1.00000,0.00000,0.38152,0.36713,1.00000,0.19901,1.00000
calibrated_failure_risk,3,3,actuator_limit_failures,1080,1.00000,1.00000,0.01786,0.00000,0.00000,0.02752,0.00000
calibrated_failure_risk,3,3,combined_tail_stress,1080,1.00000,0.66667,0.33057,0.52141,0.33333,0.06077,0.27778
calibrated_failure_risk,3,3,compound_sensor_actuator_shift,1080,1.00000,0.66667,0.23814,0.40713,0.33333,0.25390,0.11111
calibrated_failure_risk,3,3,fixture_geometry_shift,1080,1.00000,0.00000,0.34863,0.38910,1.00000,0.01886,0.11111
calibrated_failure_risk,3,3,rare_mechanism_combo,1080,1.00000,0.66667,0.32055,0.38571,0.33333,0.14426,0.00000
calibrated_failure_risk,3,3,out_of_distribution_tail,1080,1.00000,0.61111,0.30572,0.55714,0.38889,0.30690,0.00000
calibrated_failure_risk,3,4,nominal_task_balance,1116,1.00000,1.00000,0.00000,0.00000,0.00000,0.04257,0.00000
calibrated_failure_risk,3,4,rare_slip_failures,1116,1.00000,1.00000,0.13214,0.00000,0.00000,0.11041,0.00000
calibrated_failure_risk,3,4,jammed_fixture_failures,1116,1.00000,0.00000,0.37883,0.37098,1.00000,0.20866,1.00000
calibrated_failure_risk,3,4,actuator_limit_failures,1116,1.00000,1.00000,0.01923,0.00000,0.00000,0.02897,0.00000
calibrated_failure_risk,3,4,combined_tail_stress,1116,1.00000,0.66667,0.33127,0.52285,0.33333,0.06524,0.27778
calibrated_failure_risk,3,4,compound_sensor_actuator_shift,1116,1.00000,0.66667,0.23305,0.40514,0.33333,0.26116,0.11111
calibrated_failure_risk,3,4,fixture_geometry_shift,1116,1.00000,0.00000,0.34963,0.38910,1.00000,0.02988,0.11111
calibrated_failure_risk,3,4,rare_mechanism_combo,1116,1.00000,0.66667,0.32474,0.37143,0.33333,0.11120,0.00000
calibrated_failure_risk,3,4,out_of_distribution_tail,1116,1.00000,0.61111,0.29957,0.51039,0.38889,0.31975,0.00000
calibrated_failure_risk,3,5,nominal_task_balance,1152,1.00000,1.00000,0.00000,0.00000,0.00000,0.04011,0.00000
calibrated_failure_risk,3,5,rare_slip_failures,1152,1.00000,1.00000,0.13626,0.00000,0.00000,0.10786,0.00000
calibrated_failure_risk,3,5,jammed_fixture_failures,1152,1.00000,0.00000,0.42514,0.44920,1.00000,0.22150,1.00000
calibrated_failure_risk,3,5,actuator_limit_failures,1152,1.00000,1.00000,0.01923,0.00000,0.00000,0.02077,0.00000
calibrated_failure_risk,3,5,combined_tail_stress,1152,1.00000,0.66667,0.33976,0.52580,0.33333,0.05436,0.27778
calibrated_failure_risk,3,5,compound_sensor_actuator_shift,1152,1.00000,0.66667,0.22732,0.40514,0.33333,0.26695,0.11111
calibrated_failure_risk,3,5,fixture_geometry_shift,1152,1.00000,0.00000,0.34992,0.38910,1.00000,0.03730,0.11111
calibrated_failure_risk,3,5,rare_mechanism_combo,1152,1.00000,0.66667,0.33074,0.37143,0.33333,0.15088,0.00000
calibrated_failure_risk,3,5,out_of_distribution_tail,1152,1.00000,0.61111,0.28919,0.45325,0.38889,0.29653,0.00000
tail_risk_active_learning,3,0,nominal_task_balance,972,1.00000,1.00000,0.00000,0.00000,0.00000,0.05742,0.00000
tail_risk_active_learning,3,0,rare_slip_failures,972,1.00000,1.00000,0.14782,0.00000,0.00000,0.10436,0.00000
tail_risk_active_learning,3,0,jammed_fixture_failures,972,1.00000,0.00000,0.39041,0.56329,1.00000,0.16840,1.00000
tail_risk_active_learning,3,0,actuator_limit_failures,972,1.00000,1.00000,0.03137,0.00000,0.00000,0.04243,0.00000
tail_risk_active_learning,3,0,combined_tail_stress,972,1.00000,0.66667,0.31880,0.51770,0.33333,0.08334,0.27778
tail_risk_active_learning,3,0,compound_sensor_actuator_shift,972,1.00000,0.66667,0.23811,0.38412,0.33333,0.23653,0.11111
tail_risk_active_learning,3,0,fixture_geometry_shift,972,1.00000,0.00000,0.34260,0.39375,1.00000,0.00253,0.11111
tail_risk_active_learning,3,0,rare_mechanism_combo,972,1.00000,0.66667,0.51826,0.70000,0.33333,0.13491,0.00000
tail_risk_active_learning,3,0,out_of_distribution_tail,972,1.00000,0.61111,0.29455,0.60000,0.38889,0.34904,0.00000
tail_risk_active_learning,3,1,nominal_task_balance,1008,1.00000,1.00000,0.00000,0.00000,0.00000,0.05585,0.00000
tail_risk_active_learning,3,1,rare_slip_failures,1008,1.00000,1.00000,0.14782,0.00000,0.00000,0.10638,0.00000
tail_risk_active_learning,3,1,jammed_fixture_failures,1008,1.00000,0.00000,0.37948,0.36329,1.00000,0.17435,1.00000
tail_risk_active_learning,3,1,actuator_limit_failures,1008,1.00000,1.00000,0.01471,0.00000,0.00000,0.03364,0.00000
tail_risk_active_learning,3,1,combined_tail_stress,1008,1.00000,0.66667,0.31212,0.50096,0.33333,0.06960,0.27778
tail_risk_active_learning,3,1,compound_sensor_actuator_shift,1008,1.00000,0.66667,0.26311,0.46187,0.33333,0.24458,0.11111
tail_risk_active_learning,3,1,fixture_geometry_shift,1008,1.00000,0.00000,0.34340,0.38750,1.00000,0.00035,0.11111
tail_risk_active_learning,3,1,rare_mechanism_combo,1008,1.00000,0.66667,0.52202,0.70000,0.33333,0.12237,0.00000
tail_risk_active_learning,3,1,out_of_distribution_tail,1008,1.00000,0.61111,0.29724,0.55325,0.38889,0.31235,0.00000
tail_risk_active_learning,3,2,nominal_task_balance,1044,1.00000,1.00000,0.00000,0.00000,0.00000,0.05991,0.00000
tail_risk_active_learning,3,2,rare_slip_failures,1044,1.00000,1.00000,0.14339,0.00000,0.00000,0.07688,0.00000
tail_risk_active_learning,3,2,jammed_fixture_failures,1044,1.00000,0.00000,0.38611,0.36329,1.00000,0.17843,1.00000
tail_risk_active_learning,3,2,actuator_limit_failures,1044,1.00000,1.00000,0.01471,0.00000,0.00000,0.04372,0.00000
tail_risk_active_learning,3,2,combined_tail_stress,1044,1.00000,0.66667,0.32494,0.52057,0.33333,0.06172,0.27778
tail_risk_active_learning,3,2,compound_sensor_actuator_shift,1044,1.00000,0.66667,0.25813,0.35699,0.33333,0.24009,0.11111
tail_risk_active_learning,3,2,fixture_geometry_shift,1044,1.00000,0.00000,0.34330,0.38750,1.00000,0.00253,0.11111
tail_risk_active_learning,3,2,rare_mechanism_combo,1044,1.00000,0.66667,0.50165,0.70000,0.33333,0.15303,0.00000
tail_risk_active_learning,3,2,out_of_distribution_tail,1044,1.00000,0.61111,0.31207,0.57143,0.38889,0.27575,0.00000
tail_risk_active_learning,3,3,nominal_task_balance,1080,1.00000,1.00000,0.00000,0.00000,0.00000,0.06001,0.00000
tail_risk_active_learning,3,3,rare_slip_failures,1080,1.00000,1.00000,0.14588,0.00000,0.00000,0.07166,0.00000
tail_risk_active_learning,3,3,jammed_fixture_failures,1080,1.00000,0.00000,0.38333,0.36329,1.00000,0.18242,1.00000
tail_risk_active_learning,3,3,actuator_limit_failures,1080,1.00000,1.00000,0.01471,0.00000,0.00000,0.04924,0.00000
tail_risk_active_learning,3,3,combined_tail_stress,1080,1.00000,0.66667,0.33024,0.52967,0.33333,0.08160,0.27778
tail_risk_active_learning,3,3,compound_sensor_actuator_shift,1080,1.00000,0.66667,0.26230,0.34723,0.33333,0.24852,0.11111
tail_risk_active_learning,3,3,fixture_geometry_shift,1080,1.00000,0.00000,0.34114,0.38750,1.00000,0.00580,0.11111
tail_risk_active_learning,3,3,rare_mechanism_combo,1080,1.00000,0.66667,0.49967,0.68571,0.33333,0.13976,0.00000
tail_risk_active_learning,3,3,out_of_distribution_tail,1080,1.00000,0.61111,0.31387,0.54286,0.38889,0.25687,0.00000
tail_risk_active_learning,3,4,nominal_task_balance,1116,1.00000,1.00000,0.00000,0.00000,0.00000,0.05853,0.00000
tail_risk_active_learning,3,4,rare_slip_failures,1116,1.00000,1.00000,0.15149,0.00000,0.00000,0.06539,0.00000
tail_risk_active_learning,3,4,jammed_fixture_failures,1116,1.00000,0.00000,0.40056,0.38551,1.00000,0.18840,1.00000
tail_risk_active_learning,3,4,actuator_limit_failures,1116,1.00000,1.00000,0.01471,0.00000,0.00000,0.04735,0.00000
tail_risk_active_learning,3,4,combined_tail_stress,1116,1.00000,0.66667,0.33109,0.53110,0.33333,0.06805,0.27778
tail_risk_active_learning,3,4,compound_sensor_actuator_shift,1116,1.00000,0.66667,0.25669,0.33260,0.33333,0.25589,0.11111
tail_risk_active_learning,3,4,fixture_geometry_shift,1116,1.00000,0.00000,0.34216,0.39375,1.00000,0.00676,0.11111
tail_risk_active_learning,3,4,rare_mechanism_combo,1116,1.00000,0.66667,0.50387,0.67143,0.33333,0.14218,0.00000
tail_risk_active_learning,3,4,out_of_distribution_tail,1116,1.00000,0.61111,0.31625,0.55714,0.38889,0.23627,0.00000
tail_risk_active_learning,3,5,nominal_task_balance,1152,1.00000,1.00000,0.00000,0.00000,0.00000,0.05761,0.00000
tail_risk_active_learning,3,5,rare_slip_failures,1152,1.00000,1.00000,0.15812,0.00000,0.00000,0.05956,0.00000
tail_risk_active_learning,3,5,jammed_fixture_failures,1152,1.00000,0.00000,0.39732,0.38551,1.00000,0.19240,1.00000
tail_risk_active_learning,3,5,actuator_limit_failures,1152,1.00000,1.00000,0.01471,0.00000,0.00000,0.05554,0.00000
tail_risk_active_learning,3,5,combined_tail_stress,1152,1.00000,0.66667,0.32384,0.52201,0.33333,0.09543,0.27778
tail_risk_active_learning,3,5,compound_sensor_actuator_shift,1152,1.00000,0.66667,0.26441,0.33335,0.33333,0.26039,0.11111
tail_risk_active_learning,3,5,fixture_geometry_shift,1152,1.00000,0.00000,0.34216,0.39375,1.00000,0.00716,0.11111
tail_risk_active_learning,3,5,rare_mechanism_combo,1152,1.00000,0.66667,0.49994,0.64286,0.33333,0.13689,0.00000
tail_risk_active_learning,3,5,out_of_distribution_tail,1152,1.00000,0.61111,0.31980,0.55714,0.38889,0.21476,0.00000
hybrid_diversity_risk,3,0,nominal_task_balance,972,1.00000,1.00000,0.00000,0.00000,0.00000,0.05742,0.00000
hybrid_diversity_risk,3,0,rare_slip_failures,972,1.00000,1.00000,0.14782,0.00000,0.00000,0.10436,0.00000
hybrid_diversity_risk,3,0,jammed_fixture_failures,972,1.00000,0.00000,0.39041,0.56329,1.00000,0.16840,1.00000
hybrid_diversity_risk,3,0,actuator_limit_failures,972,1.00000,1.00000,0.03137,0.00000,0.00000,0.04243,0.00000
hybrid_diversity_risk,3,0,combined_tail_stress,972,1.00000,0.66667,0.31880,0.51770,0.33333,0.08334,0.27778
hybrid_diversity_risk,3,0,compound_sensor_actuator_shift,972,1.00000,0.66667,0.23811,0.38412,0.33333,0.23653,0.11111
hybrid_diversity_risk,3,0,fixture_geometry_shift,972,1.00000,0.00000,0.34260,0.39375,1.00000,0.00253,0.11111
hybrid_diversity_risk,3,0,rare_mechanism_combo,972,1.00000,0.66667,0.51826,0.70000,0.33333,0.13491,0.00000
hybrid_diversity_risk,3,0,out_of_distribution_tail,972,1.00000,0.61111,0.29455,0.60000,0.38889,0.34904,0.00000
hybrid_diversity_risk,3,1,nominal_task_balance,1008,1.00000,1.00000,0.00000,0.00000,0.00000,0.06111,0.00000
hybrid_diversity_risk,3,1,rare_slip_failures,1008,1.00000,1.00000,0.14782,0.00000,0.00000,0.09983,0.00000
hybrid_diversity_risk,3,1,jammed_fixture_failures,1008,1.00000,0.00000,0.37799,0.36329,1.00000,0.17206,1.00000
hybrid_diversity_risk,3,1,actuator_limit_failures,1008,1.00000,1.00000,0.01471,0.00000,0.00000,0.03388,0.00000
hybrid_diversity_risk,3,1,combined_tail_stress,1008,1.00000,0.66667,0.31649,0.52057,0.33333,0.07846,0.27778
hybrid_diversity_risk,3,1,compound_sensor_actuator_shift,1008,1.00000,0.66667,0.25228,0.36674,0.33333,0.22913,0.11111
hybrid_diversity_risk,3,1,fixture_geometry_shift,1008,1.00000,0.00000,0.34298,0.39375,1.00000,0.00340,0.11111
hybrid_diversity_risk,3,1,rare_mechanism_combo,1008,1.00000,0.66667,0.51640,0.70000,0.33333,0.14768,0.00000
hybrid_diversity_risk,3,1,out_of_distribution_tail,1008,1.00000,0.61111,0.29080,0.60000,0.38889,0.31966,0.00000
hybrid_diversity_risk,3,2,nominal_task_balance,1044,1.00000,1.00000,0.00000,0.00000,0.00000,0.06380,0.00000
hybrid_diversity_risk,3,2,rare_slip_failures,1044,1.00000,1.00000,0.13874,0.00000,0.00000,0.08608,0.00000
hybrid_diversity_risk,3,2,jammed_fixture_failures,1044,1.00000,0.00000,0.37948,0.36329,1.00000,0.17133,1.00000
hybrid_diversity_risk,3,2,actuator_limit_failures,1044,1.00000,1.00000,0.01471,0.00000,0.00000,0.02291,0.00000
hybrid_diversity_risk,3,2,combined_tail_stress,1044,1.00000,0.66667,0.32332,0.52967,0.33333,0.09253,0.27778
hybrid_diversity_risk,3,2,compound_sensor_actuator_shift,1044,1.00000,0.66667,0.25760,0.36674,0.33333,0.22263,0.11111
hybrid_diversity_risk,3,2,fixture_geometry_shift,1044,1.00000,0.00000,0.34007,0.39375,1.00000,0.00409,0.11111
hybrid_diversity_risk,3,2,rare_mechanism_combo,1044,1.00000,0.66667,0.51850,0.70000,0.33333,0.14051,0.00000
hybrid_diversity_risk,3,2,out_of_distribution_tail,1044,1.00000,0.61111,0.29893,0.58571,0.38889,0.26939,0.00000
hybrid_diversity_risk,3,3,nominal_task_balance,1080,1.00000,1.00000,0.00000,0.00000,0.00000,0.06078,0.00000
hybrid_diversity_risk,3,3,rare_slip_failures,1080,1.00000,1.00000,0.14435,0.00000,0.00000,0.05806,0.00000
hybrid_diversity_risk,3,3,jammed_fixture_failures,1080,1.00000,0.00000,0.38168,0.36171,1.00000,0.16981,1.00000
hybrid_diversity_risk,3,3,actuator_limit_failures,1080,1.00000,1.00000,0.01471,0.00000,0.00000,0.02738,0.00000
hybrid_diversity_risk,3,3,combined_tail_stress,1080,1.00000,0.66667,0.32268,0.52352,0.33333,0.07110,0.27778
hybrid_diversity_risk,3,3,compound_sensor_actuator_shift,1080,1.00000,0.66667,0.24368,0.32697,0.33333,0.22818,0.11111
hybrid_diversity_risk,3,3,fixture_geometry_shift,1080,1.00000,0.00000,0.33890,0.38125,1.00000,0.00298,0.11111
hybrid_diversity_risk,3,3,rare_mechanism_combo,1080,1.00000,0.66667,0.39970,0.70000,0.33333,0.13464,0.00000
hybrid_diversity_risk,3,3,out_of_distribution_tail,1080,1.00000,0.61111,0.30459,0.57143,0.38889,0.28650,0.00000
hybrid_diversity_risk,3,4,nominal_task_balance,1116,1.00000,1.00000,0.00000,0.00000,0.00000,0.06243,0.00000
hybrid_diversity_risk,3,4,rare_slip_failures,1116,1.00000,1.00000,0.14435,0.00000,0.00000,0.06146,0.00000
hybrid_diversity_risk,3,4,jammed_fixture_failures,1116,1.00000,0.00000,0.38323,0.36171,1.00000,0.16561,1.00000
hybrid_diversity_risk,3,4,actuator_limit_failures,1116,1.00000,1.00000,0.03394,0.00000,0.00000,0.03803,0.00000
hybrid_diversity_risk,3,4,combined_tail_stress,1116,1.00000,0.66667,0.31423,0.52277,0.33333,0.09399,0.27778
hybrid_diversity_risk,3,4,compound_sensor_actuator_shift,1116,1.00000,0.66667,0.24732,0.31935,0.33333,0.23302,0.11111
hybrid_diversity_risk,3,4,fixture_geometry_shift,1116,1.00000,0.00000,0.34063,0.38125,1.00000,0.00720,0.11111
hybrid_diversity_risk,3,4,rare_mechanism_combo,1116,1.00000,0.66667,0.39767,0.70000,0.33333,0.15872,0.00000
hybrid_diversity_risk,3,4,out_of_distribution_tail,1116,1.00000,0.61111,0.30583,0.57143,0.38889,0.24463,0.00000
hybrid_diversity_risk,3,5,nominal_task_balance,1152,1.00000,1.00000,0.00000,0.00000,0.00000,0.06118,0.00000
hybrid_diversity_risk,3,5,rare_slip_failures,1152,1.00000,1.00000,0.14435,0.00000,0.00000,0.06018,0.00000
hybrid_diversity_risk,3,5,jammed_fixture_failures,1152,1.00000,0.00000,0.38559,0.36941,1.00000,0.17130,1.00000
hybrid_diversity_risk,3,5,actuator_limit_failures,1152,1.00000,1.00000,0.03394,0.00000,0.00000,0.02695,0.00000
hybrid_diversity_risk,3,5,combined_tail_stress,1152,1.00000,0.66667,0.32579,0.55435,0.33333,0.09097,0.27778
hybrid_diversity_risk,3,5,compound_sensor_actuator_shift,1152,1.00000,0.66667,0.25610,0.32985,0.33333,0.23691,0.11111
hybrid_diversity_risk,3,5,fixture_geometry_shift,1152,1.00000,0.00000,0.34047,0.38125,1.00000,0.00777,0.11111
hybrid_diversity_risk,3,5,rare_mechanism_combo,1152,1.00000,0.66667,0.39584,0.70000,0.33333,0.14168,0.00000
hybrid_diversity_risk,3,5,out_of_distribution_tail,1152,1.00000,0.61111,0.31316,0.57143,0.38889,0.22233,0.00000
balanced_failure_replay,3,0,nominal_task_balance,972,1.00000,1.00000,0.00000,0.00000,0.00000,0.05742,0.00000
balanced_failure_replay,3,0,rare_slip_failures,972,1.00000,1.00000,0.14782,0.00000,0.00000,0.10436,0.00000
balanced_failure_replay,3,0,jammed_fixture_failures,972,1.00000,0.00000,0.39041,0.56329,1.00000,0.16840,1.00000
balanced_failure_replay,3,0,actuator_limit_failures,972,1.00000,1.00000,0.03137,0.00000,0.00000,0.04243,0.00000
balanced_failure_replay,3,0,combined_tail_stress,972,1.00000,0.66667,0.31880,0.51770,0.33333,0.08334,0.27778
balanced_failure_replay,3,0,compound_sensor_actuator_shift,972,1.00000,0.66667,0.23811,0.38412,0.33333,0.23653,0.11111
balanced_failure_replay,3,0,fixture_geometry_shift,972,1.00000,0.00000,0.34260,0.39375,1.00000,0.00253,0.11111
balanced_failure_replay,3,0,rare_mechanism_combo,972,1.00000,0.66667,0.51826,0.70000,0.33333,0.13491,0.00000
balanced_failure_replay,3,0,out_of_distribution_tail,972,1.00000,0.61111,0.29455,0.60000,0.38889,0.34904,0.00000
balanced_failure_replay,3,1,nominal_task_balance,1008,1.00000,1.00000,0.00000,0.00000,0.00000,0.05382,0.00000
balanced_failure_replay,3,1,rare_slip_failures,1008,1.00000,1.00000,0.15046,0.00000,0.00000,0.10761,0.00000
balanced_failure_replay,3,1,jammed_fixture_failures,1008,1.00000,0.00000,0.39347,0.56329,1.00000,0.18115,1.00000
balanced_failure_replay,3,1,actuator_limit_failures,1008,1.00000,1.00000,0.03137,0.00000,0.00000,0.04055,0.00000
balanced_failure_replay,3,1,combined_tail_stress,1008,1.00000,0.66667,0.32030,0.51770,0.33333,0.06588,0.27778
balanced_failure_replay,3,1,compound_sensor_actuator_shift,1008,1.00000,0.66667,0.22151,0.32162,0.33333,0.23959,0.11111
balanced_failure_replay,3,1,fixture_geometry_shift,1008,1.00000,0.00000,0.34480,0.39375,1.00000,0.00346,0.11111
balanced_failure_replay,3,1,rare_mechanism_combo,1008,1.00000,0.66667,0.31857,0.40000,0.33333,0.13525,0.00000
balanced_failure_replay,3,1,out_of_distribution_tail,1008,1.00000,0.61111,0.29704,0.60000,0.38889,0.32177,0.00000
balanced_failure_replay,3,2,nominal_task_balance,1044,1.00000,1.00000,0.00000,0.00000,0.00000,0.05104,0.00000
balanced_failure_replay,3,2,rare_slip_failures,1044,1.00000,1.00000,0.15046,0.00000,0.00000,0.10403,0.00000
balanced_failure_replay,3,2,jammed_fixture_failures,1044,1.00000,0.00000,0.38595,0.36329,1.00000,0.18966,1.00000
balanced_failure_replay,3,2,actuator_limit_failures,1044,1.00000,1.00000,0.03137,0.00000,0.00000,0.03096,0.00000
balanced_failure_replay,3,2,combined_tail_stress,1044,1.00000,0.66667,0.31200,0.50171,0.33333,0.06358,0.27778
balanced_failure_replay,3,2,compound_sensor_actuator_shift,1044,1.00000,0.66667,0.22607,0.31674,0.33333,0.24178,0.11111
balanced_failure_replay,3,2,fixture_geometry_shift,1044,1.00000,0.00000,0.34321,0.38750,1.00000,0.00645,0.11111
balanced_failure_replay,3,2,rare_mechanism_combo,1044,1.00000,0.66667,0.32165,0.40000,0.33333,0.13199,0.00000
balanced_failure_replay,3,2,out_of_distribution_tail,1044,1.00000,0.61111,0.28734,0.58182,0.38889,0.34767,0.00000
balanced_failure_replay,3,3,nominal_task_balance,1080,1.00000,1.00000,0.00000,0.00000,0.00000,0.05628,0.00000
balanced_failure_replay,3,3,rare_slip_failures,1080,1.00000,1.00000,0.13874,0.00000,0.00000,0.11337,0.00000
balanced_failure_replay,3,3,jammed_fixture_failures,1080,1.00000,0.00000,0.37775,0.35559,1.00000,0.18080,1.00000
balanced_failure_replay,3,3,actuator_limit_failures,1080,1.00000,1.00000,0.03137,0.00000,0.00000,0.03073,0.00000
balanced_failure_replay,3,3,combined_tail_stress,1080,1.00000,0.66667,0.32366,0.54238,0.33333,0.09101,0.27778
balanced_failure_replay,3,3,compound_sensor_actuator_shift,1080,1.00000,0.66667,0.23938,0.32650,0.33333,0.23555,0.11111
balanced_failure_replay,3,3,fixture_geometry_shift,1080,1.00000,0.00000,0.34073,0.38750,1.00000,0.00855,0.11111
balanced_failure_replay,3,3,rare_mechanism_combo,1080,1.00000,0.66667,0.46323,0.70000,0.33333,0.17335,0.00000
balanced_failure_replay,3,3,out_of_distribution_tail,1080,1.00000,0.61111,0.29375,0.58182,0.38889,0.29206,0.00000
balanced_failure_replay,3,4,nominal_task_balance,1116,1.00000,1.00000,0.00000,0.00000,0.00000,0.05553,0.00000
balanced_failure_replay,3,4,rare_slip_failures,1116,1.00000,1.00000,0.14143,0.00000,0.00000,0.08020,0.00000
balanced_failure_replay,3,4,jammed_fixture_failures,1116,1.00000,0.00000,0.37788,0.35787,1.00000,0.18243,1.00000
balanced_failure_replay,3,4,actuator_limit_failures,1116,1.00000,1.00000,0.03137,0.00000,0.00000,0.02831,0.00000
balanced_failure_replay,3,4,combined_tail_stress,1116,1.00000,0.66667,0.32369,0.55435,0.33333,0.08133,0.27778
balanced_failure_replay,3,4,compound_sensor_actuator_shift,1116,1.00000,0.66667,0.23632,0.33975,0.33333,0.24352,0.11111
balanced_failure_replay,3,4,fixture_geometry_shift,1116,1.00000,0.00000,0.34187,0.39375,1.00000,0.00815,0.11111
balanced_failure_replay,3,4,rare_mechanism_combo,1116,1.00000,0.66667,0.44013,0.68571,0.33333,0.16132,0.00000
balanced_failure_replay,3,4,out_of_distribution_tail,1116,1.00000,0.61111,0.29292,0.58182,0.38889,0.28633,0.00000
balanced_failure_replay,3,5,nominal_task_balance,1152,1.00000,1.00000,0.00000,0.00000,0.00000,0.05477,0.00000
balanced_failure_replay,3,5,rare_slip_failures,1152,1.00000,1.00000,0.14143,0.00000,0.00000,0.08053,0.00000
balanced_failure_replay,3,5,jammed_fixture_failures,1152,1.00000,0.00000,0.38307,0.36171,1.00000,0.18241,1.00000
balanced_failure_replay,3,5,actuator_limit_failures,1152,1.00000,1.00000,0.03137,0.00000,0.00000,0.02619,0.00000
balanced_failure_replay,3,5,combined_tail_stress,1152,1.00000,0.66667,0.32941,0.56344,0.33333,0.09529,0.27778
balanced_failure_replay,3,5,compound_sensor_actuator_shift,1152,1.00000,0.66667,0.23740,0.33487,0.33333,0.24220,0.11111
balanced_failure_replay,3,5,fixture_geometry_shift,1152,1.00000,0.00000,0.34268,0.39375,1.00000,0.00840,0.11111
balanced_failure_replay,3,5,rare_mechanism_combo,1152,1.00000,0.66667,0.40971,0.68571,0.33333,0.14700,0.00000
balanced_failure_replay,3,5,out_of_distribution_tail,1152,1.00000,0.61111,0.29516,0.58182,0.38889,0.27299,0.00000
gradient_boosted_failure_active,3,0,nominal_task_balance,972,1.00000,1.00000,0.00000,0.00000,0.00000,0.05742,0.00000
gradient_boosted_failure_active,3,0,rare_slip_failures,972,1.00000,1.00000,0.14782,0.00000,0.00000,0.10436,0.00000
gradient_boosted_failure_active,3,0,jammed_fixture_failures,972,1.00000,0.00000,0.39041,0.56329,1.00000,0.16840,1.00000
gradient_boosted_failure_active,3,0,actuator_limit_failures,972,1.00000,1.00000,0.03137,0.00000,0.00000,0.04243,0.00000
gradient_boosted_failure_active,3,0,combined_tail_stress,972,1.00000,0.66667,0.31880,0.51770,0.33333,0.08334,0.27778
gradient_boosted_failure_active,3,0,compound_sensor_actuator_shift,972,1.00000,0.66667,0.23811,0.38412,0.33333,0.23653,0.11111
gradient_boosted_failure_active,3,0,fixture_geometry_shift,972,1.00000,0.00000,0.34260,0.39375,1.00000,0.00253,0.11111
gradient_boosted_failure_active,3,0,rare_mechanism_combo,972,1.00000,0.66667,0.51826,0.70000,0.33333,0.13491,0.00000
gradient_boosted_failure_active,3,0,out_of_distribution_tail,972,1.00000,0.61111,0.29455,0.60000,0.38889,0.34904,0.00000
gradient_boosted_failure_active,3,1,nominal_task_balance,1008,1.00000,1.00000,0.00000,0.00000,0.00000,0.05632,0.00000
gradient_boosted_failure_active,3,1,rare_slip_failures,1008,1.00000,1.00000,0.14782,0.00000,0.00000,0.09141,0.00000
gradient_boosted_failure_active,3,1,jammed_fixture_failures,1008,1.00000,0.00000,0.37999,0.36329,1.00000,0.16763,1.00000
gradient_boosted_failure_active,3,1,actuator_limit_failures,1008,1.00000,1.00000,0.03256,0.00000,0.00000,0.02512,0.00000
gradient_boosted_failure_active,3,1,combined_tail_stress,1008,1.00000,0.66667,0.33546,0.54928,0.33333,0.06691,0.27778
gradient_boosted_failure_active,3,1,compound_sensor_actuator_shift,1008,1.00000,0.66667,0.25319,0.35150,0.33333,0.21717,0.11111
gradient_boosted_failure_active,3,1,fixture_geometry_shift,1008,1.00000,0.00000,0.34209,0.39375,1.00000,0.00122,0.11111
gradient_boosted_failure_active,3,1,rare_mechanism_combo,1008,1.00000,0.66667,0.51857,0.70000,0.33333,0.11908,0.00000
gradient_boosted_failure_active,3,1,out_of_distribution_tail,1008,1.00000,0.61111,0.28716,0.60000,0.38889,0.35874,0.00000
gradient_boosted_failure_active,3,2,nominal_task_balance,1044,1.00000,1.00000,0.00000,0.00000,0.00000,0.05527,0.00000
gradient_boosted_failure_active,3,2,rare_slip_failures,1044,1.00000,1.00000,0.14724,0.00000,0.00000,0.09069,0.00000
gradient_boosted_failure_active,3,2,jammed_fixture_failures,1044,1.00000,0.00000,0.38028,0.35944,1.00000,0.17016,1.00000
gradient_boosted_failure_active,3,2,actuator_limit_failures,1044,1.00000,1.00000,0.08187,0.00000,0.00000,0.05573,0.00000
gradient_boosted_failure_active,3,2,combined_tail_stress,1044,1.00000,0.66667,0.33257,0.55072,0.33333,0.07841,0.27778
gradient_boosted_failure_active,3,2,compound_sensor_actuator_shift,1044,1.00000,0.66667,0.23807,0.29573,0.33333,0.20175,0.11111
gradient_boosted_failure_active,3,2,fixture_geometry_shift,1044,1.00000,0.00000,0.34057,0.38750,1.00000,0.00401,0.11111
gradient_boosted_failure_active,3,2,rare_mechanism_combo,1044,1.00000,0.66667,0.42598,0.70000,0.33333,0.11142,0.00000
gradient_boosted_failure_active,3,2,out_of_distribution_tail,1044,1.00000,0.61111,0.29017,0.60000,0.38889,0.34882,0.00000
gradient_boosted_failure_active,3,3,nominal_task_balance,1080,1.00000,1.00000,0.00000,0.00000,0.00000,0.05490,0.00000
gradient_boosted_failure_active,3,3,rare_slip_failures,1080,1.00000,1.00000,0.14840,0.00000,0.00000,0.08265,0.00000
gradient_boosted_failure_active,3,3,jammed_fixture_failures,1080,1.00000,0.00000,0.38338,0.36399,1.00000,0.16908,1.00000
gradient_boosted_failure_active,3,3,actuator_limit_failures,1080,1.00000,1.00000,0.07632,0.00000,0.00000,0.07304,0.00000
gradient_boosted_failure_active,3,3,combined_tail_stress,1080,1.00000,0.66667,0.32986,0.54019,0.33333,0.08097,0.27778
gradient_boosted_failure_active,3,3,compound_sensor_actuator_shift,1080,1.00000,0.66667,0.23772,0.29573,0.33333,0.20921,0.11111
gradient_boosted_failure_active,3,3,fixture_geometry_shift,1080,1.00000,0.00000,0.34370,0.38750,1.00000,0.00448,0.11111
gradient_boosted_failure_active,3,3,rare_mechanism_combo,1080,1.00000,0.66667,0.46042,0.67143,0.33333,0.12785,0.00000
gradient_boosted_failure_active,3,3,out_of_distribution_tail,1080,1.00000,0.61111,0.29125,0.60000,0.38889,0.35269,0.00000
gradient_boosted_failure_active,3,4,nominal_task_balance,1116,1.00000,1.00000,0.00000,0.00000,0.00000,0.05470,0.00000
gradient_boosted_failure_active,3,4,rare_slip_failures,1116,1.00000,1.00000,0.15100,0.00000,0.00000,0.09854,0.00000
gradient_boosted_failure_active,3,4,jammed_fixture_failures,1116,1.00000,0.00000,0.38393,0.36783,1.00000,0.17172,1.00000
gradient_boosted_failure_active,3,4,actuator_limit_failures,1116,1.00000,1.00000,0.07644,0.00000,0.00000,0.07395,0.00000
gradient_boosted_failure_active,3,4,combined_tail_stress,1116,1.00000,0.66667,0.32941,0.53186,0.33333,0.07541,0.27778
gradient_boosted_failure_active,3,4,compound_sensor_actuator_shift,1116,1.00000,0.66667,0.24583,0.29085,0.33333,0.21436,0.11111
gradient_boosted_failure_active,3,4,fixture_geometry_shift,1116,1.00000,0.00000,0.34089,0.37500,1.00000,0.00415,0.11111
gradient_boosted_failure_active,3,4,rare_mechanism_combo,1116,1.00000,0.66667,0.46829,0.67143,0.33333,0.14602,0.00000
gradient_boosted_failure_active,3,4,out_of_distribution_tail,1116,1.00000,0.61111,0.29111,0.60000,0.38889,0.35646,0.00000
gradient_boosted_failure_active,3,5,nominal_task_balance,1152,1.00000,1.00000,0.00000,0.00000,0.00000,0.05197,0.00000
gradient_boosted_failure_active,3,5,rare_slip_failures,1152,1.00000,1.00000,0.15385,0.00000,0.00000,0.08894,0.00000
gradient_boosted_failure_active,3,5,jammed_fixture_failures,1152,1.00000,0.00000,0.39891,0.38621,1.00000,0.16226,1.00000
gradient_boosted_failure_active,3,5,actuator_limit_failures,1152,1.00000,1.00000,0.08056,0.00000,0.00000,0.05845,0.00000
gradient_boosted_failure_active,3,5,combined_tail_stress,1152,1.00000,0.66667,0.33276,0.53405,0.33333,0.08329,0.27778
gradient_boosted_failure_active,3,5,compound_sensor_actuator_shift,1152,1.00000,0.66667,0.24623,0.30549,0.33333,0.22881,0.11111
gradient_boosted_failure_active,3,5,fixture_geometry_shift,1152,1.00000,0.00000,0.34106,0.36875,1.00000,0.00375,0.11111
gradient_boosted_failure_active,3,5,rare_mechanism_combo,1152,1.00000,0.66667,0.52942,0.67143,0.33333,0.14477,0.00000
gradient_boosted_failure_active,3,5,out_of_distribution_tail,1152,1.00000,0.61111,0.29432,0.58571,0.38889,0.35251,0.00000
random_forest_failure_active,3,0,nominal_task_balance,972,1.00000,1.00000,0.00000,0.00000,0.00000,0.05742,0.00000
random_forest_failure_active,3,0,rare_slip_failures,972,1.00000,1.00000,0.14782,0.00000,0.00000,0.10436,0.00000
random_forest_failure_active,3,0,jammed_fixture_failures,972,1.00000,0.00000,0.39041,0.56329,1.00000,0.16840,1.00000
random_forest_failure_active,3,0,actuator_limit_failures,972,1.00000,1.00000,0.03137,0.00000,0.00000,0.04243,0.00000
random_forest_failure_active,3,0,combined_tail_stress,972,1.00000,0.66667,0.31880,0.51770,0.33333,0.08334,0.27778
random_forest_failure_active,3,0,compound_sensor_actuator_shift,972,1.00000,0.66667,0.23811,0.38412,0.33333,0.23653,0.11111
random_forest_failure_active,3,0,fixture_geometry_shift,972,1.00000,0.00000,0.34260,0.39375,1.00000,0.00253,0.11111
random_forest_failure_active,3,0,rare_mechanism_combo,972,1.00000,0.66667,0.51826,0.70000,0.33333,0.13491,0.00000
random_forest_failure_active,3,0,out_of_distribution_tail,972,1.00000,0.61111,0.29455,0.60000,0.38889,0.34904,0.00000
random_forest_failure_active,3,1,nominal_task_balance,1008,1.00000,1.00000,0.00000,0.00000,0.00000,0.05577,0.00000
random_forest_failure_active,3,1,rare_slip_failures,1008,1.00000,1.00000,0.15000,0.00000,0.00000,0.12063,0.00000
random_forest_failure_active,3,1,jammed_fixture_failures,1008,1.00000,0.00000,0.37821,0.35402,1.00000,0.14250,1.00000
random_forest_failure_active,3,1,actuator_limit_failures,1008,1.00000,1.00000,0.03137,0.00000,0.00000,0.04445,0.00000
random_forest_failure_active,3,1,combined_tail_stress,1008,1.00000,0.66667,0.32827,0.52823,0.33333,0.08045,0.27778
random_forest_failure_active,3,1,compound_sensor_actuator_shift,1008,1.00000,0.66667,0.20937,0.35823,0.33333,0.25119,0.11111
random_forest_failure_active,3,1,fixture_geometry_shift,1008,1.00000,0.00000,0.34501,0.40000,1.00000,0.00548,0.11111
random_forest_failure_active,3,1,rare_mechanism_combo,1008,1.00000,0.66667,0.51940,0.70000,0.33333,0.14379,0.00000
random_forest_failure_active,3,1,out_of_distribution_tail,1008,1.00000,0.61111,0.28590,0.60000,0.38889,0.35495,0.00000
random_forest_failure_active,3,2,nominal_task_balance,1044,1.00000,1.00000,0.00000,0.00000,0.00000,0.05477,0.00000
random_forest_failure_active,3,2,rare_slip_failures,1044,1.00000,1.00000,0.15265,0.00000,0.00000,0.10406,0.00000
random_forest_failure_active,3,2,jammed_fixture_failures,1044,1.00000,0.00000,0.37907,0.35787,1.00000,0.13138,1.00000
random_forest_failure_active,3,2,actuator_limit_failures,1044,1.00000,1.00000,0.03256,0.00000,0.00000,0.04074,0.00000
random_forest_failure_active,3,2,combined_tail_stress,1044,1.00000,0.66667,0.32047,0.51914,0.33333,0.07680,0.27778
random_forest_failure_active,3,2,compound_sensor_actuator_shift,1044,1.00000,0.66667,0.20929,0.35823,0.33333,0.26180,0.11111
random_forest_failure_active,3,2,fixture_geometry_shift,1044,1.00000,0.00000,0.34581,0.40000,1.00000,0.00566,0.11111
random_forest_failure_active,3,2,rare_mechanism_combo,1044,1.00000,0.66667,0.31304,0.40000,0.33333,0.12864,0.00000
random_forest_failure_active,3,2,out_of_distribution_tail,1044,1.00000,0.61111,0.28669,0.60000,0.38889,0.35999,0.00000
random_forest_failure_active,3,3,nominal_task_balance,1080,1.00000,1.00000,0.00000,0.00000,0.00000,0.05386,0.00000
random_forest_failure_active,3,3,rare_slip_failures,1080,1.00000,1.00000,0.14588,0.00000,0.00000,0.08949,0.00000
random_forest_failure_active,3,3,jammed_fixture_failures,1080,1.00000,0.00000,0.38224,0.35787,1.00000,0.12084,1.00000
random_forest_failure_active,3,3,actuator_limit_failures,1080,1.00000,1.00000,0.07445,0.00000,0.00000,0.03822,0.00000
random_forest_failure_active,3,3,combined_tail_stress,1080,1.00000,0.66667,0.32156,0.50861,0.33333,0.08943,0.27778
random_forest_failure_active,3,3,compound_sensor_actuator_shift,1080,1.00000,0.66667,0.21064,0.36311,0.33333,0.26838,0.11111
random_forest_failure_active,3,3,fixture_geometry_shift,1080,1.00000,0.00000,0.34441,0.39375,1.00000,0.00536,0.11111
random_forest_failure_active,3,3,rare_mechanism_combo,1080,1.00000,0.66667,0.31441,0.40000,0.33333,0.12025,0.00000
random_forest_failure_active,3,3,out_of_distribution_tail,1080,1.00000,0.61111,0.28535,0.60000,0.38889,0.36744,0.00000
random_forest_failure_active,3,4,nominal_task_balance,1116,1.00000,1.00000,0.00000,0.00000,0.00000,0.05203,0.00000
random_forest_failure_active,3,4,rare_slip_failures,1116,1.00000,1.00000,0.15149,0.00000,0.00000,0.09665,0.00000
random_forest_failure_active,3,4,jammed_fixture_failures,1116,1.00000,0.00000,0.37923,0.35787,1.00000,0.11280,1.00000
random_forest_failure_active,3,4,actuator_limit_failures,1116,1.00000,1.00000,0.07445,0.00000,0.00000,0.03506,0.00000
random_forest_failure_active,3,4,combined_tail_stress,1116,1.00000,0.66667,0.32744,0.50861,0.33333,0.09065,0.27778
random_forest_failure_active,3,4,compound_sensor_actuator_shift,1116,1.00000,0.66667,0.20422,0.36311,0.33333,0.27797,0.11111
random_forest_failure_active,3,4,fixture_geometry_shift,1116,1.00000,0.00000,0.34554,0.39375,1.00000,0.00574,0.11111
random_forest_failure_active,3,4,rare_mechanism_combo,1116,1.00000,0.66667,0.31511,0.40000,0.33333,0.12350,0.00000
random_forest_failure_active,3,4,out_of_distribution_tail,1116,1.00000,0.61111,0.28425,0.60000,0.38889,0.36320,0.00000
random_forest_failure_active,3,5,nominal_task_balance,1152,1.00000,1.00000,0.00000,0.00000,0.00000,0.05006,0.00000
random_forest_failure_active,3,5,rare_slip_failures,1152,1.00000,1.00000,0.14931,0.00000,0.00000,0.09456,0.00000
random_forest_failure_active,3,5,jammed_fixture_failures,1152,1.00000,0.00000,0.38768,0.35402,1.00000,0.10911,1.00000
random_forest_failure_active,3,5,actuator_limit_failures,1152,1.00000,1.00000,0.06250,0.00000,0.00000,0.03392,0.00000
random_forest_failure_active,3,5,combined_tail_stress,1152,1.00000,0.66667,0.33244,0.51770,0.33333,0.07031,0.27778
random_forest_failure_active,3,5,compound_sensor_actuator_shift,1152,1.00000,0.66667,0.20026,0.37500,0.33333,0.28627,0.11111
random_forest_failure_active,3,5,fixture_geometry_shift,1152,1.00000,0.00000,0.34584,0.39375,1.00000,0.00645,0.11111
random_forest_failure_active,3,5,rare_mechanism_combo,1152,1.00000,0.66667,0.31696,0.40000,0.33333,0.11388,0.00000
random_forest_failure_active,3,5,out_of_distribution_tail,1152,1.00000,0.61111,0.28198,0.60000,0.38889,0.36746,0.00000
failure_stratified_engine,3,0,nominal_task_balance,972,1.00000,1.00000,0.00000,0.00000,0.00000,0.05742,0.00000
failure_stratified_engine,3,0,rare_slip_failures,972,1.00000,1.00000,0.14782,0.00000,0.00000,0.10436,0.00000
failure_stratified_engine,3,0,jammed_fixture_failures,972,1.00000,0.00000,0.39041,0.56329,1.00000,0.16840,1.00000
failure_stratified_engine,3,0,actuator_limit_failures,972,1.00000,1.00000,0.03137,0.00000,0.00000,0.04243,0.00000
failure_stratified_engine,3,0,combined_tail_stress,972,1.00000,0.66667,0.31880,0.51770,0.33333,0.08334,0.27778
failure_stratified_engine,3,0,compound_sensor_actuator_shift,972,1.00000,0.66667,0.23811,0.38412,0.33333,0.23653,0.11111
failure_stratified_engine,3,0,fixture_geometry_shift,972,1.00000,0.00000,0.34260,0.39375,1.00000,0.00253,0.11111
failure_stratified_engine,3,0,rare_mechanism_combo,972,1.00000,0.66667,0.51826,0.70000,0.33333,0.13491,0.00000
failure_stratified_engine,3,0,out_of_distribution_tail,972,1.00000,0.61111,0.29455,0.60000,0.38889,0.34904,0.00000
failure_stratified_engine,3,1,nominal_task_balance,1008,1.00000,1.00000,0.00000,0.00000,0.00000,0.04985,0.00000
failure_stratified_engine,3,1,rare_slip_failures,1008,1.00000,1.00000,0.14782,0.00000,0.00000,0.09705,0.00000
failure_stratified_engine,3,1,jammed_fixture_failures,1008,1.00000,0.00000,0.38786,0.55175,1.00000,0.15688,1.00000
failure_stratified_engine,3,1,actuator_limit_failures,1008,1.00000,1.00000,0.03137,0.00000,0.00000,0.03083,0.00000
failure_stratified_engine,3,1,combined_tail_stress,1008,1.00000,0.66667,0.34768,0.60239,0.33333,0.12205,0.27778
failure_stratified_engine,3,1,compound_sensor_actuator_shift,1008,1.00000,0.66667,0.21732,0.34085,0.33333,0.23653,0.11111
failure_stratified_engine,3,1,fixture_geometry_shift,1008,1.00000,0.00000,0.33894,0.38750,1.00000,0.00214,0.11111
failure_stratified_engine,3,1,rare_mechanism_combo,1008,1.00000,0.66667,0.39274,0.50000,0.33333,0.12883,0.00000
failure_stratified_engine,3,1,out_of_distribution_tail,1008,1.00000,0.61111,0.29207,0.60000,0.38889,0.30535,0.00000
failure_stratified_engine,3,2,nominal_task_balance,1044,1.00000,1.00000,0.00000,0.00000,0.00000,0.04656,0.00000
failure_stratified_engine,3,2,rare_slip_failures,1044,1.00000,1.00000,0.15000,0.00000,0.00000,0.10958,0.00000
failure_stratified_engine,3,2,jammed_fixture_failures,1044,1.00000,0.00000,0.39450,0.55402,1.00000,0.15756,1.00000
failure_stratified_engine,3,2,actuator_limit_failures,1044,1.00000,1.00000,0.03137,0.00000,0.00000,0.02648,0.00000
failure_stratified_engine,3,2,combined_tail_stress,1044,1.00000,0.66667,0.33562,0.60459,0.33333,0.13630,0.27778
failure_stratified_engine,3,2,compound_sensor_actuator_shift,1044,1.00000,0.66667,0.22862,0.36037,0.33333,0.23948,0.11111
failure_stratified_engine,3,2,fixture_geometry_shift,1044,1.00000,0.00000,0.34319,0.38750,1.00000,0.00041,0.11111
failure_stratified_engine,3,2,rare_mechanism_combo,1044,1.00000,0.66667,0.52093,0.70000,0.33333,0.13677,0.00000
failure_stratified_engine,3,2,out_of_distribution_tail,1044,1.00000,0.61111,0.28769,0.60000,0.38889,0.30943,0.00000
failure_stratified_engine,3,3,nominal_task_balance,1080,1.00000,1.00000,0.00000,0.00000,0.00000,0.04295,0.00000
failure_stratified_engine,3,3,rare_slip_failures,1080,1.00000,1.00000,0.14782,0.00000,0.00000,0.09658,0.00000
failure_stratified_engine,3,3,jammed_fixture_failures,1080,1.00000,0.00000,0.38108,0.35629,1.00000,0.15943,1.00000
failure_stratified_engine,3,3,actuator_limit_failures,1080,1.00000,1.00000,0.03137,0.00000,0.00000,0.02457,0.00000
failure_stratified_engine,3,3,combined_tail_stress,1080,1.00000,0.66667,0.33211,0.56898,0.33333,0.15302,0.27778
failure_stratified_engine,3,3,compound_sensor_actuator_shift,1080,1.00000,0.66667,0.24459,0.36524,0.33333,0.24393,0.11111
failure_stratified_engine,3,3,fixture_geometry_shift,1080,1.00000,0.00000,0.33892,0.37660,1.00000,0.00053,0.11111
failure_stratified_engine,3,3,rare_mechanism_combo,1080,1.00000,0.66667,0.39309,0.48571,0.33333,0.15401,0.00000
failure_stratified_engine,3,3,out_of_distribution_tail,1080,1.00000,0.61111,0.28779,0.60000,0.38889,0.34034,0.00000
failure_stratified_engine,3,4,nominal_task_balance,1116,1.00000,1.00000,0.00000,0.00000,0.00000,0.04171,0.00000
failure_stratified_engine,3,4,rare_slip_failures,1116,1.00000,1.00000,0.14496,0.00000,0.00000,0.08981,0.00000
failure_stratified_engine,3,4,jammed_fixture_failures,1116,1.00000,0.00000,0.37946,0.34650,1.00000,0.16684,1.00000
failure_stratified_engine,3,4,actuator_limit_failures,1116,1.00000,1.00000,0.04596,0.00000,0.00000,0.02846,0.00000
failure_stratified_engine,3,4,combined_tail_stress,1116,1.00000,0.66667,0.33972,0.58860,0.33333,0.16129,0.27778
failure_stratified_engine,3,4,compound_sensor_actuator_shift,1116,1.00000,0.66667,0.24648,0.34787,0.33333,0.24158,0.11111
failure_stratified_engine,3,4,fixture_geometry_shift,1116,1.00000,0.00000,0.34206,0.38285,1.00000,0.00048,0.11111
failure_stratified_engine,3,4,rare_mechanism_combo,1116,1.00000,0.66667,0.39439,0.67143,0.33333,0.16096,0.00000
failure_stratified_engine,3,4,out_of_distribution_tail,1116,1.00000,0.61111,0.28585,0.60000,0.38889,0.34729,0.00000
failure_stratified_engine,3,5,nominal_task_balance,1152,1.00000,1.00000,0.00000,0.00000,0.00000,0.04089,0.00000
failure_stratified_engine,3,5,rare_slip_failures,1152,1.00000,1.00000,0.14496,0.00000,0.00000,0.10562,0.00000
failure_stratified_engine,3,5,jammed_fixture_failures,1152,1.00000,0.00000,0.38201,0.34878,1.00000,0.16995,1.00000
failure_stratified_engine,3,5,actuator_limit_failures,1152,1.00000,1.00000,0.05801,0.00000,0.00000,0.03348,0.00000
failure_stratified_engine,3,5,combined_tail_stress,1152,1.00000,0.66667,0.34044,0.58860,0.33333,0.16442,0.27778
failure_stratified_engine,3,5,compound_sensor_actuator_shift,1152,1.00000,0.66667,0.24343,0.32774,0.33333,0.19631,0.11111
failure_stratified_engine,3,5,fixture_geometry_shift,1152,1.00000,0.00000,0.33957,0.37035,1.00000,0.00192,0.11111
failure_stratified_engine,3,5,rare_mechanism_combo,1152,1.00000,0.66667,0.39421,0.67143,0.33333,0.16384,0.00000
failure_stratified_engine,3,5,out_of_distribution_tail,1152,1.00000,0.61111,0.28857,0.60000,0.38889,0.35966,0.00000
failure_stratified_engine_v5,3,0,nominal_task_balance,972,1.00000,1.00000,0.00000,0.00000,0.00000,0.05742,0.00000
failure_stratified_engine_v5,3,0,rare_slip_failures,972,1.00000,1.00000,0.14782,0.00000,0.00000,0.10436,0.00000
failure_stratified_engine_v5,3,0,jammed_fixture_failures,972,1.00000,0.00000,0.39041,0.56329,1.00000,0.16840,1.00000
failure_stratified_engine_v5,3,0,actuator_limit_failures,972,1.00000,1.00000,0.03137,0.00000,0.00000,0.04243,0.00000
failure_stratified_engine_v5,3,0,combined_tail_stress,972,1.00000,0.66667,0.31880,0.51770,0.33333,0.08334,0.27778
failure_stratified_engine_v5,3,0,compound_sensor_actuator_shift,972,1.00000,0.66667,0.23811,0.38412,0.33333,0.23653,0.11111
failure_stratified_engine_v5,3,0,fixture_geometry_shift,972,1.00000,0.00000,0.34260,0.39375,1.00000,0.00253,0.11111
failure_stratified_engine_v5,3,0,rare_mechanism_combo,972,1.00000,0.66667,0.51826,0.70000,0.33333,0.13491,0.00000
failure_stratified_engine_v5,3,0,out_of_distribution_tail,972,1.00000,0.61111,0.29455,0.60000,0.38889,0.34904,0.00000
failure_stratified_engine_v5,3,1,nominal_task_balance,1008,1.00000,1.00000,0.00000,0.00000,0.00000,0.05330,0.00000
failure_stratified_engine_v5,3,1,rare_slip_failures,1008,1.00000,1.00000,0.15046,0.00000,0.00000,0.10753,0.00000
failure_stratified_engine_v5,3,1,jammed_fixture_failures,1008,1.00000,0.00000,0.39458,0.56329,1.00000,0.18056,1.00000
failure_stratified_engine_v5,3,1,actuator_limit_failures,1008,1.00000,1.00000,0.03137,0.00000,0.00000,0.04078,0.00000
failure_stratified_engine_v5,3,1,combined_tail_stress,1008,1.00000,0.66667,0.32886,0.54785,0.33333,0.06619,0.27778
failure_stratified_engine_v5,3,1,compound_sensor_actuator_shift,1008,1.00000,0.66667,0.22319,0.31674,0.33333,0.25036,0.11111
failure_stratified_engine_v5,3,1,fixture_geometry_shift,1008,1.00000,0.00000,0.34535,0.39375,1.00000,0.00349,0.11111
failure_stratified_engine_v5,3,1,rare_mechanism_combo,1008,1.00000,0.66667,0.31683,0.40000,0.33333,0.13336,0.00000
failure_stratified_engine_v5,3,1,out_of_distribution_tail,1008,1.00000,0.61111,0.29704,0.60000,0.38889,0.32199,0.00000
failure_stratified_engine_v5,3,2,nominal_task_balance,1044,1.00000,1.00000,0.00000,0.00000,0.00000,0.04936,0.00000
failure_stratified_engine_v5,3,2,rare_slip_failures,1044,1.00000,1.00000,0.15046,0.00000,0.00000,0.10380,0.00000
failure_stratified_engine_v5,3,2,jammed_fixture_failures,1044,1.00000,0.00000,0.38203,0.35559,1.00000,0.18538,1.00000
failure_stratified_engine_v5,3,2,actuator_limit_failures,1044,1.00000,1.00000,0.03137,0.00000,0.00000,0.03181,0.00000
failure_stratified_engine_v5,3,2,combined_tail_stress,1044,1.00000,0.66667,0.32379,0.53481,0.33333,0.06624,0.27778
failure_stratified_engine_v5,3,2,compound_sensor_actuator_shift,1044,1.00000,0.66667,0.22097,0.30211,0.33333,0.24473,0.11111
failure_stratified_engine_v5,3,2,fixture_geometry_shift,1044,1.00000,0.00000,0.34159,0.38750,1.00000,0.00497,0.11111
failure_stratified_engine_v5,3,2,rare_mechanism_combo,1044,1.00000,0.66667,0.46152,0.70000,0.33333,0.12678,0.00000
failure_stratified_engine_v5,3,2,out_of_distribution_tail,1044,1.00000,0.61111,0.28591,0.58182,0.38889,0.35955,0.00000
failure_stratified_engine_v5,3,3,nominal_task_balance,1080,1.00000,1.00000,0.00000,0.00000,0.00000,0.04583,0.00000
failure_stratified_engine_v5,3,3,rare_slip_failures,1080,1.00000,1.00000,0.14550,0.00000,0.00000,0.09667,0.00000
failure_stratified_engine_v5,3,3,jammed_fixture_failures,1080,1.00000,0.00000,0.38428,0.35559,1.00000,0.18541,1.00000
failure_stratified_engine_v5,3,3,actuator_limit_failures,1080,1.00000,1.00000,0.03137,0.00000,0.00000,0.02790,0.00000
failure_stratified_engine_v5,3,3,combined_tail_stress,1080,1.00000,0.66667,0.33008,0.53844,0.33333,0.10003,0.27778
failure_stratified_engine_v5,3,3,compound_sensor_actuator_shift,1080,1.00000,0.66667,0.21582,0.28185,0.33333,0.26026,0.11111
failure_stratified_engine_v5,3,3,fixture_geometry_shift,1080,1.00000,0.00000,0.33922,0.38285,1.00000,0.00675,0.11111
failure_stratified_engine_v5,3,3,rare_mechanism_combo,1080,1.00000,0.66667,0.38378,0.70000,0.33333,0.13208,0.00000
failure_stratified_engine_v5,3,3,out_of_distribution_tail,1080,1.00000,0.61111,0.28916,0.60000,0.38889,0.35694,0.00000
failure_stratified_engine_v5,3,4,nominal_task_balance,1116,1.00000,1.00000,0.00000,0.00000,0.00000,0.04913,0.00000
failure_stratified_engine_v5,3,4,rare_slip_failures,1116,1.00000,1.00000,0.14353,0.00000,0.00000,0.09606,0.00000
failure_stratified_engine_v5,3,4,jammed_fixture_failures,1116,1.00000,0.00000,0.37973,0.35944,1.00000,0.19213,1.00000
failure_stratified_engine_v5,3,4,actuator_limit_failures,1116,1.00000,1.00000,0.05882,0.00000,0.00000,0.02253,0.00000
failure_stratified_engine_v5,3,4,combined_tail_stress,1116,1.00000,0.66667,0.33059,0.52791,0.33333,0.08883,0.27778
failure_stratified_engine_v5,3,4,compound_sensor_actuator_shift,1116,1.00000,0.66667,0.22895,0.27697,0.33333,0.24534,0.11111
failure_stratified_engine_v5,3,4,fixture_geometry_shift,1116,1.00000,0.00000,0.33843,0.38285,1.00000,0.00990,0.11111
failure_stratified_engine_v5,3,4,rare_mechanism_combo,1116,1.00000,0.66667,0.37223,0.70000,0.33333,0.14438,0.00000
failure_stratified_engine_v5,3,4,out_of_distribution_tail,1116,1.00000,0.61111,0.29576,0.60000,0.38889,0.33710,0.00000
failure_stratified_engine_v5,3,5,nominal_task_balance,1152,1.00000,1.00000,0.00000,0.00000,0.00000,0.05052,0.00000
failure_stratified_engine_v5,3,5,rare_slip_failures,1152,1.00000,1.00000,0.14143,0.00000,0.00000,0.09733,0.00000
failure_stratified_engine_v5,3,5,jammed_fixture_failures,1152,1.00000,0.00000,0.38457,0.36171,1.00000,0.19265,1.00000
failure_stratified_engine_v5,3,5,actuator_limit_failures,1152,1.00000,1.00000,0.03137,0.00000,0.00000,0.04583,0.00000
failure_stratified_engine_v5,3,5,combined_tail_stress,1152,1.00000,0.66667,0.32124,0.51882,0.33333,0.09184,0.27778
failure_stratified_engine_v5,3,5,compound_sensor_actuator_shift,1152,1.00000,0.66667,0.22165,0.28185,0.33333,0.24859,0.11111
failure_stratified_engine_v5,3,5,fixture_geometry_shift,1152,1.00000,0.00000,0.33621,0.37660,1.00000,0.01154,0.11111
failure_stratified_engine_v5,3,5,rare_mechanism_combo,1152,1.00000,0.66667,0.37638,0.68571,0.33333,0.13873,0.00000
failure_stratified_engine_v5,3,5,out_of_distribution_tail,1152,1.00000,0.61111,0.29529,0.60000,0.38889,0.29390,0.00000
oracle_failure_strata,3,0,nominal_task_balance,972,1.00000,1.00000,0.00000,0.00000,0.00000,0.05742,0.00000
oracle_failure_strata,3,0,rare_slip_failures,972,1.00000,1.00000,0.14782,0.00000,0.00000,0.10436,0.00000
oracle_failure_strata,3,0,jammed_fixture_failures,972,1.00000,0.00000,0.39041,0.56329,1.00000,0.16840,1.00000
oracle_failure_strata,3,0,actuator_limit_failures,972,1.00000,1.00000,0.03137,0.00000,0.00000,0.04243,0.00000
oracle_failure_strata,3,0,combined_tail_stress,972,1.00000,0.66667,0.31880,0.51770,0.33333,0.08334,0.27778
oracle_failure_strata,3,0,compound_sensor_actuator_shift,972,1.00000,0.66667,0.23811,0.38412,0.33333,0.23653,0.11111
oracle_failure_strata,3,0,fixture_geometry_shift,972,1.00000,0.00000,0.34260,0.39375,1.00000,0.00253,0.11111
oracle_failure_strata,3,0,rare_mechanism_combo,972,1.00000,0.66667,0.51826,0.70000,0.33333,0.13491,0.00000
oracle_failure_strata,3,0,out_of_distribution_tail,972,1.00000,0.61111,0.29455,0.60000,0.38889,0.34904,0.00000
oracle_failure_strata,3,1,nominal_task_balance,1008,1.00000,1.00000,0.00000,0.00000,0.00000,0.05076,0.00000
oracle_failure_strata,3,1,rare_slip_failures,1008,1.00000,1.00000,0.14782,0.00000,0.00000,0.11485,0.00000
oracle_failure_strata,3,1,jammed_fixture_failures,1008,1.00000,0.00000,0.37940,0.34948,1.00000,0.15793,1.00000
oracle_failure_strata,3,1,actuator_limit_failures,1008,1.00000,1.00000,0.01471,0.00000,0.00000,0.03639,0.00000
oracle_failure_strata,3,1,combined_tail_stress,1008,1.00000,0.66667,0.34366,0.70957,0.33333,0.12473,0.27778
oracle_failure_strata,3,1,compound_sensor_actuator_shift,1008,1.00000,0.66667,0.27592,0.58227,0.33333,0.22498,0.11111
oracle_failure_strata,3,1,fixture_geometry_shift,1008,1.00000,0.00000,0.34541,0.40000,1.00000,0.00236,0.11111
oracle_failure_strata,3,1,rare_mechanism_combo,1008,1.00000,0.66667,0.37311,0.50000,0.33333,0.12863,0.00000
oracle_failure_strata,3,1,out_of_distribution_tail,1008,1.00000,0.61111,0.29214,0.60000,0.38889,0.33544,0.00000
oracle_failure_strata,3,2,nominal_task_balance,1044,1.00000,1.00000,0.00000,0.00000,0.00000,0.06336,0.00000
oracle_failure_strata,3,2,rare_slip_failures,1044,1.00000,1.00000,0.14955,0.00000,0.00000,0.10561,0.00000
oracle_failure_strata,3,2,jammed_fixture_failures,1044,1.00000,0.00000,0.37949,0.34336,1.00000,0.17022,1.00000
oracle_failure_strata,3,2,actuator_limit_failures,1044,1.00000,1.00000,0.01562,0.00000,0.00000,0.02409,0.00000
oracle_failure_strata,3,2,combined_tail_stress,1044,1.00000,0.66667,0.32946,0.66890,0.33333,0.15333,0.27778
oracle_failure_strata,3,2,compound_sensor_actuator_shift,1044,1.00000,0.66667,0.32419,0.77212,0.33333,0.11554,0.11111
oracle_failure_strata,3,2,fixture_geometry_shift,1044,1.00000,0.00000,0.33972,0.36105,1.00000,0.01618,0.11111
oracle_failure_strata,3,2,rare_mechanism_combo,1044,1.00000,0.66667,0.30932,0.38571,0.33333,0.13147,0.00000
oracle_failure_strata,3,2,out_of_distribution_tail,1044,1.00000,0.61111,0.29348,0.60000,0.38889,0.30949,0.00000
oracle_failure_strata,3,3,nominal_task_balance,1080,1.00000,1.00000,0.00000,0.00000,0.00000,0.06830,0.00000
oracle_failure_strata,3,3,rare_slip_failures,1080,1.00000,1.00000,0.14039,0.00000,0.00000,0.09644,0.00000
oracle_failure_strata,3,3,jammed_fixture_failures,1080,1.00000,0.00000,0.37723,0.33339,1.00000,0.18495,1.00000
oracle_failure_strata,3,3,actuator_limit_failures,1080,1.00000,1.00000,0.04792,0.00000,0.00000,0.02911,0.00000
oracle_failure_strata,3,3,combined_tail_stress,1080,1.00000,0.66667,0.32118,0.60315,0.33333,0.17046,0.27778
oracle_failure_strata,3,3,compound_sensor_actuator_shift,1080,1.00000,0.66667,0.31565,0.78333,0.33333,0.08124,0.11111
oracle_failure_strata,3,3,fixture_geometry_shift,1080,1.00000,0.00000,0.34028,0.36730,1.00000,0.02931,0.11111
oracle_failure_strata,3,3,rare_mechanism_combo,1080,1.00000,0.66667,0.31164,0.38571,0.33333,0.12899,0.00000
oracle_failure_strata,3,3,out_of_distribution_tail,1080,1.00000,0.61111,0.29855,0.60000,0.38889,0.28736,0.00000
oracle_failure_strata,3,4,nominal_task_balance,1116,1.00000,1.00000,0.00000,0.00000,0.00000,0.06453,0.00000
oracle_failure_strata,3,4,rare_slip_failures,1116,1.00000,1.00000,0.14304,0.00000,0.00000,0.08275,0.00000
oracle_failure_strata,3,4,jammed_fixture_failures,1116,1.00000,0.00000,0.37789,0.32955,1.00000,0.19153,1.00000
oracle_failure_strata,3,4,actuator_limit_failures,1116,1.00000,1.00000,0.00000,0.00000,0.00000,0.02447,0.00000
oracle_failure_strata,3,4,combined_tail_stress,1116,1.00000,0.66667,0.32029,0.58792,0.33333,0.16088,0.27778
oracle_failure_strata,3,4,compound_sensor_actuator_shift,1116,1.00000,0.66667,0.31709,0.75962,0.33333,0.07053,0.11111
oracle_failure_strata,3,4,fixture_geometry_shift,1116,1.00000,0.00000,0.34100,0.37980,1.00000,0.02573,0.11111
oracle_failure_strata,3,4,rare_mechanism_combo,1116,1.00000,0.66667,0.32155,0.50000,0.33333,0.14718,0.00000
oracle_failure_strata,3,4,out_of_distribution_tail,1116,1.00000,0.61111,0.28145,0.60000,0.38889,0.29928,0.00000
oracle_failure_strata,3,5,nominal_task_balance,1152,1.00000,1.00000,0.00000,0.00000,0.00000,0.07241,0.00000
oracle_failure_strata,3,5,rare_slip_failures,1152,1.00000,1.00000,0.14812,0.10000,0.00000,0.13346,0.00000
oracle_failure_strata,3,5,jammed_fixture_failures,1152,1.00000,0.00000,0.45890,0.51729,1.00000,0.17299,1.00000
oracle_failure_strata,3,5,actuator_limit_failures,1152,1.00000,1.00000,0.01562,0.00000,0.00000,0.04642,0.00000
oracle_failure_strata,3,5,combined_tail_stress,1152,1.00000,0.66667,0.31080,0.52959,0.33333,0.13949,0.27778
oracle_failure_strata,3,5,compound_sensor_actuator_shift,1152,1.00000,0.66667,0.30820,0.71250,0.33333,0.10182,0.11111
oracle_failure_strata,3,5,fixture_geometry_shift,1152,1.00000,0.00000,0.33924,0.34855,1.00000,0.02902,0.11111
oracle_failure_strata,3,5,rare_mechanism_combo,1152,1.00000,0.66667,0.32713,0.50000,0.33333,0.13881,0.00000
oracle_failure_strata,3,5,out_of_distribution_tail,1152,1.00000,0.61111,0.28124,0.60000,0.38889,0.29892,0.00000
greedy_oracle_success_upper,3,0,nominal_task_balance,972,1.00000,1.00000,0.00000,0.00000,0.00000,0.05742,0.00000
greedy_oracle_success_upper,3,0,rare_slip_failures,972,1.00000,1.00000,0.14782,0.00000,0.00000,0.10436,0.00000
greedy_oracle_success_upper,3,0,jammed_fixture_failures,972,1.00000,0.00000,0.39041,0.56329,1.00000,0.16840,1.00000
greedy_oracle_success_upper,3,0,actuator_limit_failures,972,1.00000,1.00000,0.03137,0.00000,0.00000,0.04243,0.00000
greedy_oracle_success_upper,3,0,combined_tail_stress,972,1.00000,0.66667,0.31880,0.51770,0.33333,0.08334,0.27778
greedy_oracle_success_upper,3,0,compound_sensor_actuator_shift,972,1.00000,0.66667,0.23811,0.38412,0.33333,0.23653,0.11111
greedy_oracle_success_upper,3,0,fixture_geometry_shift,972,1.00000,0.00000,0.34260,0.39375,1.00000,0.00253,0.11111
greedy_oracle_success_upper,3,0,rare_mechanism_combo,972,1.00000,0.66667,0.51826,0.70000,0.33333,0.13491,0.00000
greedy_oracle_success_upper,3,0,out_of_distribution_tail,972,1.00000,0.61111,0.29455,0.60000,0.38889,0.34904,0.00000
greedy_oracle_success_upper,3,1,nominal_task_balance,1008,1.00000,1.00000,0.00000,0.00000,0.00000,0.06505,0.00000
greedy_oracle_success_upper,3,1,rare_slip_failures,1008,1.00000,1.00000,0.14719,0.00000,0.00000,0.10622,0.00000
greedy_oracle_success_upper,3,1,jammed_fixture_failures,1008,1.00000,0.00000,0.37931,0.35105,1.00000,0.17875,1.00000
greedy_oracle_success_upper,3,1,actuator_limit_failures,1008,1.00000,1.00000,0.03333,0.00000,0.00000,0.02545,0.00000
greedy_oracle_success_upper,3,1,combined_tail_stress,1008,1.00000,0.66667,0.31649,0.51914,0.33333,0.10395,0.27778
greedy_oracle_success_upper,3,1,compound_sensor_actuator_shift,1008,1.00000,0.66667,0.31414,0.71795,0.33333,0.12147,0.11111
greedy_oracle_success_upper,3,1,fixture_geometry_shift,1008,1.00000,0.00000,0.34256,0.39070,1.00000,0.00780,0.11111
greedy_oracle_success_upper,3,1,rare_mechanism_combo,1008,1.00000,0.66667,0.36685,0.70000,0.33333,0.17098,0.00000
greedy_oracle_success_upper,3,1,out_of_distribution_tail,1008,1.00000,0.61111,0.29421,0.60000,0.38889,0.30511,0.00000
greedy_oracle_success_upper,3,2,nominal_task_balance,1044,1.00000,1.00000,0.00000,0.00000,0.00000,0.06678,0.00000
greedy_oracle_success_upper,3,2,rare_slip_failures,1044,1.00000,1.00000,0.14401,0.00000,0.00000,0.11269,0.00000
greedy_oracle_success_upper,3,2,jammed_fixture_failures,1044,1.00000,0.00000,0.37775,0.33951,1.00000,0.18029,1.00000
greedy_oracle_success_upper,3,2,actuator_limit_failures,1044,1.00000,1.00000,0.03333,0.00000,0.00000,0.02446,0.00000
greedy_oracle_success_upper,3,2,combined_tail_stress,1044,1.00000,0.66667,0.31207,0.55407,0.33333,0.14842,0.27778
greedy_oracle_success_upper,3,2,compound_sensor_actuator_shift,1044,1.00000,0.66667,0.31280,0.74295,0.33333,0.12049,0.11111
greedy_oracle_success_upper,3,2,fixture_geometry_shift,1044,1.00000,0.00000,0.33989,0.37980,1.00000,0.01706,0.11111
greedy_oracle_success_upper,3,2,rare_mechanism_combo,1044,1.00000,0.66667,0.33133,0.50000,0.33333,0.14722,0.00000
greedy_oracle_success_upper,3,2,out_of_distribution_tail,1044,1.00000,0.61111,0.28904,0.60000,0.38889,0.30126,0.00000
greedy_oracle_success_upper,3,3,nominal_task_balance,1080,1.00000,1.00000,0.00000,0.00000,0.00000,0.06730,0.00000
greedy_oracle_success_upper,3,3,rare_slip_failures,1080,1.00000,1.00000,0.14304,0.00000,0.00000,0.10700,0.00000
greedy_oracle_success_upper,3,3,jammed_fixture_failures,1080,1.00000,0.00000,0.38047,0.33566,1.00000,0.18842,1.00000
greedy_oracle_success_upper,3,3,actuator_limit_failures,1080,1.00000,1.00000,0.03333,0.00000,0.00000,0.02639,0.00000
greedy_oracle_success_upper,3,3,combined_tail_stress,1080,1.00000,0.66667,0.30810,0.52612,0.33333,0.14644,0.27778
greedy_oracle_success_upper,3,3,compound_sensor_actuator_shift,1080,1.00000,0.66667,0.31293,0.79295,0.33333,0.08628,0.11111
greedy_oracle_success_upper,3,3,fixture_geometry_shift,1080,1.00000,0.00000,0.34218,0.38605,1.00000,0.02447,0.11111
greedy_oracle_success_upper,3,3,rare_mechanism_combo,1080,1.00000,0.66667,0.32910,0.50000,0.33333,0.14199,0.00000
greedy_oracle_success_upper,3,3,out_of_distribution_tail,1080,1.00000,0.61111,0.28566,0.60000,0.38889,0.31879,0.00000
greedy_oracle_success_upper,3,4,nominal_task_balance,1116,1.00000,1.00000,0.00000,0.00000,0.00000,0.06460,0.00000
greedy_oracle_success_upper,3,4,rare_slip_failures,1116,1.00000,1.00000,0.13657,0.00000,0.00000,0.08233,0.00000
greedy_oracle_success_upper,3,4,jammed_fixture_failures,1116,1.00000,0.00000,0.37789,0.32955,1.00000,0.19086,1.00000
greedy_oracle_success_upper,3,4,actuator_limit_failures,1116,1.00000,1.00000,0.00000,0.00000,0.00000,0.02384,0.00000
greedy_oracle_success_upper,3,4,combined_tail_stress,1116,1.00000,0.66667,0.32139,0.58792,0.33333,0.16105,0.27778
greedy_oracle_success_upper,3,4,compound_sensor_actuator_shift,1116,1.00000,0.66667,0.31608,0.75833,0.33333,0.07752,0.11111
greedy_oracle_success_upper,3,4,fixture_geometry_shift,1116,1.00000,0.00000,0.34100,0.37980,1.00000,0.02594,0.11111
greedy_oracle_success_upper,3,4,rare_mechanism_combo,1116,1.00000,0.66667,0.32202,0.50000,0.33333,0.14703,0.00000
greedy_oracle_success_upper,3,4,out_of_distribution_tail,1116,1.00000,0.61111,0.28145,0.60000,0.38889,0.29408,0.00000
greedy_oracle_success_upper,3,5,nominal_task_balance,1152,1.00000,1.00000,0.00000,0.00000,0.00000,0.06312,0.00000
greedy_oracle_success_upper,3,5,rare_slip_failures,1152,1.00000,1.00000,0.13942,0.00000,0.00000,0.09463,0.00000
greedy_oracle_success_upper,3,5,jammed_fixture_failures,1152,1.00000,0.00000,0.37247,0.32955,1.00000,0.18247,1.00000
greedy_oracle_success_upper,3,5,actuator_limit_failures,1152,1.00000,1.00000,0.01667,0.00000,0.00000,0.02006,0.00000
greedy_oracle_success_upper,3,5,combined_tail_stress,1152,1.00000,0.66667,0.31489,0.56148,0.33333,0.16746,0.27778
greedy_oracle_success_upper,3,5,compound_sensor_actuator_shift,1152,1.00000,0.66667,0.31393,0.72083,0.33333,0.08689,0.11111
greedy_oracle_success_upper,3,5,fixture_geometry_shift,1152,1.00000,0.00000,0.34135,0.38605,1.00000,0.02374,0.11111
greedy_oracle_success_upper,3,5,rare_mechanism_combo,1152,1.00000,0.66667,0.32432,0.50000,0.33333,0.13732,0.00000
greedy_oracle_success_upper,3,5,out_of_distribution_tail,1152,1.00000,0.61111,0.28145,0.60000,0.38889,0.29516,0.00000
random_sampling,4,0,nominal_task_balance,972,0.87500,1.00000,0.00000,0.00000,0.00000,0.05189,0.00000
random_sampling,4,0,rare_slip_failures,972,0.87500,0.94444,0.13611,0.00000,0.05556,0.09164,0.00000
random_sampling,4,0,jammed_fixture_failures,972,0.87500,0.00000,0.37779,0.44595,1.00000,0.15135,0.77778
random_sampling,4,0,actuator_limit_failures,972,0.87500,1.00000,0.05573,0.00000,0.00000,0.15055,0.00000
random_sampling,4,0,combined_tail_stress,972,0.87500,0.72222,0.34349,0.59333,0.27778,0.13189,0.22222
random_sampling,4,0,compound_sensor_actuator_shift,972,0.87500,0.88889,0.22587,0.45200,0.11111,0.14093,0.05556
random_sampling,4,0,fixture_geometry_shift,972,0.87500,0.05556,0.33997,0.37625,0.94444,0.04946,0.33333
random_sampling,4,0,rare_mechanism_combo,972,0.87500,0.72222,0.32912,0.50333,0.27778,0.06201,0.05556
random_sampling,4,0,out_of_distribution_tail,972,0.87500,0.33333,0.32484,0.42222,0.66667,0.08646,0.05556
random_sampling,4,1,nominal_task_balance,1008,0.87500,1.00000,0.00000,0.00000,0.00000,0.05881,0.00000
random_sampling,4,1,rare_slip_failures,1008,0.87500,0.94444,0.13246,0.00000,0.05556,0.10180,0.00000
random_sampling,4,1,jammed_fixture_failures,1008,0.87500,0.00000,0.37561,0.44365,1.00000,0.15144,0.77778
random_sampling,4,1,actuator_limit_failures,1008,0.87500,1.00000,0.05965,0.00000,0.00000,0.14355,0.00000
random_sampling,4,1,combined_tail_stress,1008,0.87500,0.72222,0.33629,0.58333,0.27778,0.12640,0.22222
random_sampling,4,1,compound_sensor_actuator_shift,1008,0.87500,0.88889,0.22037,0.46000,0.11111,0.13407,0.05556
random_sampling,4,1,fixture_geometry_shift,1008,0.87500,0.05556,0.34255,0.38060,0.94444,0.04922,0.33333
random_sampling,4,1,rare_mechanism_combo,1008,0.87500,0.72222,0.32797,0.49333,0.27778,0.05802,0.05556
random_sampling,4,1,out_of_distribution_tail,1008,0.87500,0.33333,0.33251,0.44444,0.66667,0.07823,0.05556
random_sampling,4,2,nominal_task_balance,1044,0.87500,1.00000,0.00000,0.00000,0.00000,0.05419,0.00000
random_sampling,4,2,rare_slip_failures,1044,0.87500,0.94444,0.13611,0.00000,0.05556,0.08830,0.00000
random_sampling,4,2,jammed_fixture_failures,1044,0.87500,0.00000,0.37794,0.45903,1.00000,0.14931,0.77778
random_sampling,4,2,actuator_limit_failures,1044,0.87500,1.00000,0.06513,0.00000,0.00000,0.13859,0.00000
random_sampling,4,2,combined_tail_stress,1044,0.87500,0.72222,0.34827,0.60333,0.27778,0.16456,0.22222
random_sampling,4,2,compound_sensor_actuator_shift,1044,0.87500,0.88889,0.22250,0.46000,0.11111,0.12298,0.05556
random_sampling,4,2,fixture_geometry_shift,1044,0.87500,0.05556,0.33903,0.38060,0.94444,0.04861,0.33333
random_sampling,4,2,rare_mechanism_combo,1044,0.87500,0.72222,0.33033,0.49333,0.27778,0.05389,0.05556
random_sampling,4,2,out_of_distribution_tail,1044,0.87500,0.33333,0.32815,0.40444,0.66667,0.08030,0.05556
random_sampling,4,3,nominal_task_balance,1080,0.87500,1.00000,0.00000,0.00000,0.00000,0.06436,0.00000
random_sampling,4,3,rare_slip_failures,1080,0.87500,0.94444,0.14087,0.00000,0.05556,0.07578,0.00000
random_sampling,4,3,jammed_fixture_failures,1080,0.87500,0.00000,0.37785,0.45903,1.00000,0.14422,0.77778
random_sampling,4,3,actuator_limit_failures,1080,0.87500,1.00000,0.06513,0.00000,0.00000,0.13595,0.00000
random_sampling,4,3,combined_tail_stress,1080,0.87500,0.72222,0.34590,0.60333,0.27778,0.15205,0.22222
random_sampling,4,3,compound_sensor_actuator_shift,1080,0.87500,0.88889,0.22712,0.45200,0.11111,0.12934,0.05556
random_sampling,4,3,fixture_geometry_shift,1080,0.87500,0.05556,0.33904,0.38060,0.94444,0.05011,0.33333
random_sampling,4,3,rare_mechanism_combo,1080,0.87500,0.72222,0.33009,0.50333,0.27778,0.04802,0.05556
random_sampling,4,3,out_of_distribution_tail,1080,0.87500,0.33333,0.32333,0.39333,0.66667,0.07340,0.05556
random_sampling,4,4,nominal_task_balance,1116,0.87500,1.00000,0.00000,0.00000,0.00000,0.06469,0.00000
random_sampling,4,4,rare_slip_failures,1116,0.87500,0.94444,0.14286,0.00000,0.05556,0.08051,0.00000
random_sampling,4,4,jammed_fixture_failures,1116,0.87500,0.00000,0.37463,0.44365,1.00000,0.14765,0.77778
random_sampling,4,4,actuator_limit_failures,1116,0.87500,1.00000,0.04864,0.00000,0.00000,0.13352,0.00000
random_sampling,4,4,combined_tail_stress,1116,0.87500,0.72222,0.34492,0.59333,0.27778,0.14780,0.22222
random_sampling,4,4,compound_sensor_actuator_shift,1116,0.87500,0.88889,0.21546,0.40200,0.11111,0.13729,0.05556
random_sampling,4,4,fixture_geometry_shift,1116,0.87500,0.05556,0.33779,0.38060,0.94444,0.04974,0.33333
random_sampling,4,4,rare_mechanism_combo,1116,0.87500,0.72222,0.32818,0.50333,0.27778,0.05265,0.05556
random_sampling,4,4,out_of_distribution_tail,1116,0.87500,0.33333,0.32601,0.39333,0.66667,0.07679,0.05556
random_sampling,4,5,nominal_task_balance,1152,0.87500,1.00000,0.00000,0.00000,0.00000,0.06831,0.00000
random_sampling,4,5,rare_slip_failures,1152,0.87500,0.94444,0.14550,0.00000,0.05556,0.06507,0.00000
random_sampling,4,5,jammed_fixture_failures,1152,0.87500,0.00000,0.37976,0.44365,1.00000,0.15160,0.77778
random_sampling,4,5,actuator_limit_failures,1152,0.87500,1.00000,0.04864,0.00000,0.00000,0.13997,0.00000
random_sampling,4,5,combined_tail_stress,1152,0.87500,0.72222,0.33627,0.58333,0.27778,0.15572,0.22222
random_sampling,4,5,compound_sensor_actuator_shift,1152,0.87500,0.88889,0.21875,0.46000,0.11111,0.15206,0.05556
random_sampling,4,5,fixture_geometry_shift,1152,0.87500,0.05556,0.34441,0.39599,0.94444,0.04727,0.33333
random_sampling,4,5,rare_mechanism_combo,1152,0.87500,0.72222,0.32809,0.51333,0.27778,0.04949,0.05556
random_sampling,4,5,out_of_distribution_tail,1152,0.87500,0.33333,0.32626,0.39333,0.66667,0.06000,0.05556
task_label_stratification,4,0,nominal_task_balance,972,0.87500,1.00000,0.00000,0.00000,0.00000,0.05189,0.00000
task_label_stratification,4,0,rare_slip_failures,972,0.87500,0.94444,0.13611,0.00000,0.05556,0.09164,0.00000
task_label_stratification,4,0,jammed_fixture_failures,972,0.87500,0.00000,0.37779,0.44595,1.00000,0.15135,0.77778
task_label_stratification,4,0,actuator_limit_failures,972,0.87500,1.00000,0.05573,0.00000,0.00000,0.15055,0.00000
task_label_stratification,4,0,combined_tail_stress,972,0.87500,0.72222,0.34349,0.59333,0.27778,0.13189,0.22222
task_label_stratification,4,0,compound_sensor_actuator_shift,972,0.87500,0.88889,0.22587,0.45200,0.11111,0.14093,0.05556
task_label_stratification,4,0,fixture_geometry_shift,972,0.87500,0.05556,0.33997,0.37625,0.94444,0.04946,0.33333
task_label_stratification,4,0,rare_mechanism_combo,972,0.87500,0.72222,0.32912,0.50333,0.27778,0.06201,0.05556
task_label_stratification,4,0,out_of_distribution_tail,972,0.87500,0.33333,0.32484,0.42222,0.66667,0.08646,0.05556
task_label_stratification,4,1,nominal_task_balance,1008,0.87500,1.00000,0.00000,0.00000,0.00000,0.05684,0.00000
task_label_stratification,4,1,rare_slip_failures,1008,0.87500,0.94444,0.13611,0.00000,0.05556,0.10111,0.00000
task_label_stratification,4,1,jammed_fixture_failures,1008,0.87500,0.00000,0.38069,0.44825,1.00000,0.15147,0.77778
task_label_stratification,4,1,actuator_limit_failures,1008,0.87500,1.00000,0.05573,0.00000,0.00000,0.14851,0.00000
task_label_stratification,4,1,combined_tail_stress,1008,0.87500,0.72222,0.33487,0.58333,0.27778,0.12149,0.22222
task_label_stratification,4,1,compound_sensor_actuator_shift,1008,0.87500,0.88889,0.23212,0.45200,0.11111,0.11690,0.05556
task_label_stratification,4,1,fixture_geometry_shift,1008,0.87500,0.05556,0.33895,0.37625,0.94444,0.04654,0.33333
task_label_stratification,4,1,rare_mechanism_combo,1008,0.87500,0.72222,0.32853,0.52333,0.27778,0.08004,0.05556
task_label_stratification,4,1,out_of_distribution_tail,1008,0.87500,0.33333,0.30835,0.40000,0.66667,0.06093,0.05556
task_label_stratification,4,2,nominal_task_balance,1044,0.87500,1.00000,0.00000,0.00000,0.00000,0.05148,0.00000
task_label_stratification,4,2,rare_slip_failures,1044,0.87500,0.94444,0.15884,0.02000,0.05556,0.05684,0.00000
task_label_stratification,4,2,jammed_fixture_failures,1044,0.87500,0.00000,0.37713,0.43286,1.00000,0.15173,0.77778
task_label_stratification,4,2,actuator_limit_failures,1044,0.87500,1.00000,0.05278,0.00000,0.00000,0.15110,0.00000
task_label_stratification,4,2,combined_tail_stress,1044,0.87500,0.72222,0.33649,0.58333,0.27778,0.14437,0.22222
task_label_stratification,4,2,compound_sensor_actuator_shift,1044,0.87500,0.88889,0.22641,0.46000,0.11111,0.14818,0.05556
task_label_stratification,4,2,fixture_geometry_shift,1044,0.87500,0.05556,0.34141,0.37625,0.94444,0.04578,0.33333
task_label_stratification,4,2,rare_mechanism_combo,1044,0.87500,0.72222,0.33338,0.51333,0.27778,0.06300,0.05556
task_label_stratification,4,2,out_of_distribution_tail,1044,0.87500,0.33333,0.31356,0.40000,0.66667,0.06724,0.05556
task_label_stratification,4,3,nominal_task_balance,1080,0.87500,1.00000,0.00000,0.00000,0.00000,0.05674,0.00000
task_label_stratification,4,3,rare_slip_failures,1080,0.87500,0.94444,0.16443,0.02000,0.05556,0.10241,0.00000
task_label_stratification,4,3,jammed_fixture_failures,1080,0.87500,0.00000,0.36992,0.44595,1.00000,0.15213,0.77778
task_label_stratification,4,3,actuator_limit_failures,1080,0.87500,1.00000,0.05441,0.00000,0.00000,0.14734,0.00000
task_label_stratification,4,3,combined_tail_stress,1080,0.87500,0.72222,0.34565,0.59333,0.27778,0.12447,0.22222
task_label_stratification,4,3,compound_sensor_actuator_shift,1080,0.87500,0.88889,0.22771,0.46800,0.11111,0.15214,0.05556
task_label_stratification,4,3,fixture_geometry_shift,1080,0.87500,0.05556,0.34141,0.37625,0.94444,0.04954,0.33333
task_label_stratification,4,3,rare_mechanism_combo,1080,0.87500,0.72222,0.32697,0.49333,0.27778,0.05850,0.05556
task_label_stratification,4,3,out_of_distribution_tail,1080,0.87500,0.33333,0.31356,0.40000,0.66667,0.06551,0.05556
task_label_stratification,4,4,nominal_task_balance,1116,0.87500,1.00000,0.00000,0.00000,0.00000,0.05235,0.00000
task_label_stratification,4,4,rare_slip_failures,1116,0.87500,0.94444,0.16443,0.02000,0.05556,0.10366,0.00000
task_label_stratification,4,4,jammed_fixture_failures,1116,0.87500,0.00000,0.37657,0.44595,1.00000,0.15442,0.77778
task_label_stratification,4,4,actuator_limit_failures,1116,0.87500,1.00000,0.05441,0.00000,0.00000,0.14720,0.00000
task_label_stratification,4,4,combined_tail_stress,1116,0.87500,0.72222,0.33950,0.58333,0.27778,0.11955,0.22222
task_label_stratification,4,4,compound_sensor_actuator_shift,1116,0.87500,0.88889,0.22019,0.46800,0.11111,0.14833,0.05556
task_label_stratification,4,4,fixture_geometry_shift,1116,0.87500,0.05556,0.34370,0.38060,0.94444,0.04785,0.33333
task_label_stratification,4,4,rare_mechanism_combo,1116,0.87500,0.72222,0.32571,0.48333,0.27778,0.03745,0.05556
task_label_stratification,4,4,out_of_distribution_tail,1116,0.87500,0.33333,0.34427,0.47778,0.66667,0.06070,0.05556
task_label_stratification,4,5,nominal_task_balance,1152,0.87500,1.00000,0.00000,0.00000,0.00000,0.05252,0.00000
task_label_stratification,4,5,rare_slip_failures,1152,0.87500,0.94444,0.16443,0.02000,0.05556,0.10012,0.00000
task_label_stratification,4,5,jammed_fixture_failures,1152,0.87500,0.00000,0.37464,0.44595,1.00000,0.15551,0.77778
task_label_stratification,4,5,actuator_limit_failures,1152,0.87500,1.00000,0.05278,0.00000,0.00000,0.15012,0.00000
task_label_stratification,4,5,combined_tail_stress,1152,0.87500,0.72222,0.33975,0.58333,0.27778,0.12354,0.22222
task_label_stratification,4,5,compound_sensor_actuator_shift,1152,0.87500,0.88889,0.21769,0.46800,0.11111,0.14627,0.05556
task_label_stratification,4,5,fixture_geometry_shift,1152,0.87500,0.05556,0.32644,0.36522,0.94444,0.04733,0.33333
task_label_stratification,4,5,rare_mechanism_combo,1152,0.87500,0.72222,0.32807,0.50333,0.27778,0.05659,0.05556
task_label_stratification,4,5,out_of_distribution_tail,1152,0.87500,0.33333,0.34349,0.47778,0.66667,0.05998,0.05556
state_diversity_coreset,4,0,nominal_task_balance,972,0.87500,1.00000,0.00000,0.00000,0.00000,0.05189,0.00000
state_diversity_coreset,4,0,rare_slip_failures,972,0.87500,0.94444,0.13611,0.00000,0.05556,0.09164,0.00000
state_diversity_coreset,4,0,jammed_fixture_failures,972,0.87500,0.00000,0.37779,0.44595,1.00000,0.15135,0.77778
state_diversity_coreset,4,0,actuator_limit_failures,972,0.87500,1.00000,0.05573,0.00000,0.00000,0.15055,0.00000
state_diversity_coreset,4,0,combined_tail_stress,972,0.87500,0.72222,0.34349,0.59333,0.27778,0.13189,0.22222
state_diversity_coreset,4,0,compound_sensor_actuator_shift,972,0.87500,0.88889,0.22587,0.45200,0.11111,0.14093,0.05556
state_diversity_coreset,4,0,fixture_geometry_shift,972,0.87500,0.05556,0.33997,0.37625,0.94444,0.04946,0.33333
state_diversity_coreset,4,0,rare_mechanism_combo,972,0.87500,0.72222,0.32912,0.50333,0.27778,0.06201,0.05556
state_diversity_coreset,4,0,out_of_distribution_tail,972,0.87500,0.33333,0.32484,0.42222,0.66667,0.08646,0.05556
state_diversity_coreset,4,1,nominal_task_balance,1008,0.87500,1.00000,0.00000,0.00000,0.00000,0.06081,0.00000
state_diversity_coreset,4,1,rare_slip_failures,1008,0.87500,0.94444,0.13426,0.00000,0.05556,0.08131,0.00000
state_diversity_coreset,4,1,jammed_fixture_failures,1008,0.87500,0.00000,0.37325,0.44595,1.00000,0.15529,0.77778
state_diversity_coreset,4,1,actuator_limit_failures,1008,0.87500,1.00000,0.06275,0.00000,0.00000,0.14549,0.00000
state_diversity_coreset,4,1,combined_tail_stress,1008,0.87500,0.72222,0.33560,0.58333,0.27778,0.14143,0.22222
state_diversity_coreset,4,1,compound_sensor_actuator_shift,1008,0.87500,0.88889,0.20410,0.41000,0.11111,0.15431,0.05556
state_diversity_coreset,4,1,fixture_geometry_shift,1008,0.87500,0.05556,0.32759,0.36522,0.94444,0.04848,0.33333
state_diversity_coreset,4,1,rare_mechanism_combo,1008,0.87500,0.72222,0.32926,0.50333,0.27778,0.10961,0.05556
state_diversity_coreset,4,1,out_of_distribution_tail,1008,0.87500,0.33333,0.35406,0.55556,0.66667,0.09006,0.05556
state_diversity_coreset,4,2,nominal_task_balance,1044,0.87500,1.00000,0.00000,0.00000,0.00000,0.06587,0.00000
state_diversity_coreset,4,2,rare_slip_failures,1044,0.87500,0.94444,0.28290,0.30000,0.05556,0.09299,0.00000
state_diversity_coreset,4,2,jammed_fixture_failures,1044,0.87500,0.00000,0.38058,0.45694,1.00000,0.15798,0.77778
state_diversity_coreset,4,2,actuator_limit_failures,1044,0.87500,1.00000,0.05048,0.00000,0.00000,0.14902,0.00000
state_diversity_coreset,4,2,combined_tail_stress,1044,0.87500,0.72222,0.33220,0.57533,0.27778,0.14406,0.22222
state_diversity_coreset,4,2,compound_sensor_actuator_shift,1044,0.87500,0.88889,0.19842,0.40200,0.11111,0.15814,0.05556
state_diversity_coreset,4,2,fixture_geometry_shift,1044,0.87500,0.05556,0.32546,0.36522,0.94444,0.05466,0.33333
state_diversity_coreset,4,2,rare_mechanism_combo,1044,0.87500,0.72222,0.32927,0.51333,0.27778,0.10613,0.05556
state_diversity_coreset,4,2,out_of_distribution_tail,1044,0.87500,0.33333,0.34797,0.58889,0.66667,0.07193,0.05556
state_diversity_coreset,4,3,nominal_task_balance,1080,0.87500,1.00000,0.00000,0.00000,0.00000,0.05787,0.00000
state_diversity_coreset,4,3,rare_slip_failures,1080,0.87500,0.88889,0.23892,0.40000,0.11111,0.07572,0.05556
state_diversity_coreset,4,3,jammed_fixture_failures,1080,0.87500,0.05556,0.37771,0.45464,1.00000,0.16304,0.88889
state_diversity_coreset,4,3,actuator_limit_failures,1080,0.87500,1.00000,0.05495,0.00000,0.00000,0.13701,0.00000
state_diversity_coreset,4,3,combined_tail_stress,1080,0.87500,0.72222,0.32373,0.58333,0.27778,0.10887,0.16667
state_diversity_coreset,4,3,compound_sensor_actuator_shift,1080,0.87500,0.83333,0.22330,0.47700,0.16667,0.15521,0.05556
state_diversity_coreset,4,3,fixture_geometry_shift,1080,0.87500,0.05556,0.32327,0.36087,0.94444,0.06313,0.27778
state_diversity_coreset,4,3,rare_mechanism_combo,1080,0.87500,0.38889,0.32317,0.46333,0.61111,0.09071,0.05556
state_diversity_coreset,4,3,out_of_distribution_tail,1080,0.87500,0.22222,0.33674,0.57778,0.77778,0.07322,0.00000
state_diversity_coreset,4,4,nominal_task_balance,1116,0.87500,1.00000,0.00000,0.00000,0.00000,0.06063,0.00000
state_diversity_coreset,4,4,rare_slip_failures,1116,0.87500,0.88889,0.22292,0.40000,0.11111,0.07219,0.05556
state_diversity_coreset,4,4,jammed_fixture_failures,1116,0.87500,0.05556,0.37598,0.45464,1.00000,0.16255,0.88889
state_diversity_coreset,4,4,actuator_limit_failures,1116,0.87500,1.00000,0.05025,0.00000,0.00000,0.14750,0.00000
state_diversity_coreset,4,4,combined_tail_stress,1116,0.87500,0.72222,0.33559,0.59667,0.27778,0.08851,0.16667
state_diversity_coreset,4,4,compound_sensor_actuator_shift,1116,0.87500,0.83333,0.19510,0.46800,0.16667,0.15353,0.05556
state_diversity_coreset,4,4,fixture_geometry_shift,1116,0.87500,0.05556,0.32527,0.35652,0.94444,0.05811,0.27778
state_diversity_coreset,4,4,rare_mechanism_combo,1116,0.87500,0.38889,0.32363,0.48333,0.61111,0.08254,0.05556
state_diversity_coreset,4,4,out_of_distribution_tail,1116,0.87500,0.22222,0.33374,0.58889,0.77778,0.07544,0.00000
state_diversity_coreset,4,5,nominal_task_balance,1152,0.87500,1.00000,0.00000,0.00000,0.00000,0.06638,0.00000
state_diversity_coreset,4,5,rare_slip_failures,1152,0.87500,0.88889,0.21302,0.40000,0.11111,0.04952,0.05556
state_diversity_coreset,4,5,jammed_fixture_failures,1152,0.87500,0.05556,0.38174,0.45464,1.00000,0.17107,0.88889
state_diversity_coreset,4,5,actuator_limit_failures,1152,0.87500,1.00000,0.04864,0.00000,0.00000,0.15898,0.00000
state_diversity_coreset,4,5,combined_tail_stress,1152,0.87500,0.72222,0.33789,0.58333,0.27778,0.09992,0.16667
state_diversity_coreset,4,5,compound_sensor_actuator_shift,1152,0.87500,0.83333,0.19687,0.48400,0.16667,0.12527,0.05556
state_diversity_coreset,4,5,fixture_geometry_shift,1152,0.87500,0.05556,0.32467,0.36087,0.94444,0.05268,0.27778
state_diversity_coreset,4,5,rare_mechanism_combo,1152,0.87500,0.38889,0.32220,0.47333,0.61111,0.07708,0.05556
state_diversity_coreset,4,5,out_of_distribution_tail,1152,0.87500,0.22222,0.33799,0.57778,0.77778,0.07175,0.00000
uncertainty_sampling,4,0,nominal_task_balance,972,0.87500,1.00000,0.00000,0.00000,0.00000,0.05189,0.00000
uncertainty_sampling,4,0,rare_slip_failures,972,0.87500,0.94444,0.13611,0.00000,0.05556,0.09164,0.00000
uncertainty_sampling,4,0,jammed_fixture_failures,972,0.87500,0.00000,0.37779,0.44595,1.00000,0.15135,0.77778
uncertainty_sampling,4,0,actuator_limit_failures,972,0.87500,1.00000,0.05573,0.00000,0.00000,0.15055,0.00000
uncertainty_sampling,4,0,combined_tail_stress,972,0.87500,0.72222,0.34349,0.59333,0.27778,0.13189,0.22222
uncertainty_sampling,4,0,compound_sensor_actuator_shift,972,0.87500,0.88889,0.22587,0.45200,0.11111,0.14093,0.05556
uncertainty_sampling,4,0,fixture_geometry_shift,972,0.87500,0.05556,0.33997,0.37625,0.94444,0.04946,0.33333
uncertainty_sampling,4,0,rare_mechanism_combo,972,0.87500,0.72222,0.32912,0.50333,0.27778,0.06201,0.05556
uncertainty_sampling,4,0,out_of_distribution_tail,972,0.87500,0.33333,0.32484,0.42222,0.66667,0.08646,0.05556
uncertainty_sampling,4,1,nominal_task_balance,1008,0.87500,1.00000,0.00000,0.00000,0.00000,0.05164,0.00000
uncertainty_sampling,4,1,rare_slip_failures,1008,0.87500,0.94444,0.13611,0.00000,0.05556,0.08359,0.00000
uncertainty_sampling,4,1,jammed_fixture_failures,1008,0.87500,0.00000,0.37640,0.44595,1.00000,0.15611,0.77778
uncertainty_sampling,4,1,actuator_limit_failures,1008,0.87500,1.00000,0.05278,0.00000,0.00000,0.15097,0.00000
uncertainty_sampling,4,1,combined_tail_stress,1008,0.87500,0.72222,0.35240,0.60333,0.27778,0.15120,0.22222
uncertainty_sampling,4,1,compound_sensor_actuator_shift,1008,0.87500,0.88889,0.23242,0.46800,0.11111,0.13419,0.05556
uncertainty_sampling,4,1,fixture_geometry_shift,1008,0.87500,0.05556,0.34271,0.37625,0.94444,0.04770,0.33333
uncertainty_sampling,4,1,rare_mechanism_combo,1008,0.87500,0.72222,0.32892,0.49333,0.27778,0.07895,0.05556
uncertainty_sampling,4,1,out_of_distribution_tail,1008,0.87500,0.33333,0.31095,0.40000,0.66667,0.05878,0.05556
uncertainty_sampling,4,2,nominal_task_balance,1044,0.87500,1.00000,0.00000,0.00000,0.00000,0.05209,0.00000
uncertainty_sampling,4,2,rare_slip_failures,1044,0.87500,0.94444,0.13976,0.00000,0.05556,0.08877,0.00000
uncertainty_sampling,4,2,jammed_fixture_failures,1044,0.87500,0.00000,0.37588,0.44825,1.00000,0.15843,0.77778
uncertainty_sampling,4,2,actuator_limit_failures,1044,0.87500,1.00000,0.05278,0.00000,0.00000,0.15410,0.00000
uncertainty_sampling,4,2,combined_tail_stress,1044,0.87500,0.72222,0.33385,0.58333,0.27778,0.13017,0.22222
uncertainty_sampling,4,2,compound_sensor_actuator_shift,1044,0.87500,0.88889,0.23241,0.46800,0.11111,0.13695,0.05556
uncertainty_sampling,4,2,fixture_geometry_shift,1044,0.87500,0.05556,0.34411,0.37625,0.94444,0.04725,0.33333
uncertainty_sampling,4,2,rare_mechanism_combo,1044,0.87500,0.72222,0.33179,0.51333,0.27778,0.07838,0.05556
uncertainty_sampling,4,2,out_of_distribution_tail,1044,0.87500,0.33333,0.31007,0.40000,0.66667,0.06346,0.05556
uncertainty_sampling,4,3,nominal_task_balance,1080,0.87500,1.00000,0.00000,0.00000,0.00000,0.05367,0.00000
uncertainty_sampling,4,3,rare_slip_failures,1080,0.87500,0.94444,0.16248,0.02000,0.05556,0.10322,0.00000
uncertainty_sampling,4,3,jammed_fixture_failures,1080,0.87500,0.00000,0.37070,0.45694,1.00000,0.16214,0.77778
uncertainty_sampling,4,3,actuator_limit_failures,1080,0.87500,1.00000,0.05882,0.00000,0.00000,0.16626,0.00000
uncertainty_sampling,4,3,combined_tail_stress,1080,0.87500,0.72222,0.33901,0.58333,0.27778,0.11896,0.22222
uncertainty_sampling,4,3,compound_sensor_actuator_shift,1080,0.87500,0.88889,0.23143,0.46800,0.11111,0.14395,0.05556
uncertainty_sampling,4,3,fixture_geometry_shift,1080,0.87500,0.05556,0.34270,0.37625,0.94444,0.04688,0.33333
uncertainty_sampling,4,3,rare_mechanism_combo,1080,0.87500,0.72222,0.33350,0.50333,0.27778,0.08355,0.05556
uncertainty_sampling,4,3,out_of_distribution_tail,1080,0.87500,0.33333,0.31528,0.40000,0.66667,0.08191,0.05556
uncertainty_sampling,4,4,nominal_task_balance,1116,0.87500,1.00000,0.00000,0.00000,0.00000,0.04716,0.00000
uncertainty_sampling,4,4,rare_slip_failures,1116,0.87500,0.94444,0.26070,0.22000,0.05556,0.09028,0.00000
uncertainty_sampling,4,4,jammed_fixture_failures,1116,0.87500,0.00000,0.36940,0.45694,1.00000,0.16107,0.77778
uncertainty_sampling,4,4,actuator_limit_failures,1116,0.87500,1.00000,0.05132,0.00000,0.00000,0.16306,0.00000
uncertainty_sampling,4,4,combined_tail_stress,1116,0.87500,0.72222,0.34900,0.58333,0.27778,0.09890,0.22222
uncertainty_sampling,4,4,compound_sensor_actuator_shift,1116,0.87500,0.88889,0.23099,0.46800,0.11111,0.13769,0.05556
uncertainty_sampling,4,4,fixture_geometry_shift,1116,0.87500,0.05556,0.34596,0.37625,0.94444,0.04481,0.33333
uncertainty_sampling,4,4,rare_mechanism_combo,1116,0.87500,0.72222,0.33047,0.49333,0.27778,0.07124,0.05556
uncertainty_sampling,4,4,out_of_distribution_tail,1116,0.87500,0.33333,0.30307,0.36000,0.66667,0.12825,0.05556
uncertainty_sampling,4,5,nominal_task_balance,1152,0.87500,1.00000,0.00000,0.00000,0.00000,0.04654,0.00000
uncertainty_sampling,4,5,rare_slip_failures,1152,0.87500,0.94444,0.25623,0.22000,0.05556,0.08961,0.00000
uncertainty_sampling,4,5,jammed_fixture_failures,1152,0.87500,0.00000,0.36935,0.45694,1.00000,0.15905,0.77778
uncertainty_sampling,4,5,actuator_limit_failures,1152,0.87500,1.00000,0.05132,0.00000,0.00000,0.16682,0.00000
uncertainty_sampling,4,5,combined_tail_stress,1152,0.87500,0.72222,0.35306,0.56667,0.27778,0.06781,0.22222
uncertainty_sampling,4,5,compound_sensor_actuator_shift,1152,0.87500,0.88889,0.23195,0.47600,0.11111,0.15393,0.05556
uncertainty_sampling,4,5,fixture_geometry_shift,1152,0.87500,0.05556,0.32669,0.36087,0.94444,0.04547,0.33333
uncertainty_sampling,4,5,rare_mechanism_combo,1152,0.87500,0.72222,0.32952,0.48333,0.27778,0.08231,0.05556
uncertainty_sampling,4,5,out_of_distribution_tail,1152,0.87500,0.33333,0.30127,0.36000,0.66667,0.12502,0.05556
failure_prediction_active_learning,4,0,nominal_task_balance,972,0.87500,1.00000,0.00000,0.00000,0.00000,0.05189,0.00000
failure_prediction_active_learning,4,0,rare_slip_failures,972,0.87500,0.94444,0.13611,0.00000,0.05556,0.09164,0.00000
failure_prediction_active_learning,4,0,jammed_fixture_failures,972,0.87500,0.00000,0.37779,0.44595,1.00000,0.15135,0.77778
failure_prediction_active_learning,4,0,actuator_limit_failures,972,0.87500,1.00000,0.05573,0.00000,0.00000,0.15055,0.00000
failure_prediction_active_learning,4,0,combined_tail_stress,972,0.87500,0.72222,0.34349,0.59333,0.27778,0.13189,0.22222
failure_prediction_active_learning,4,0,compound_sensor_actuator_shift,972,0.87500,0.88889,0.22587,0.45200,0.11111,0.14093,0.05556
failure_prediction_active_learning,4,0,fixture_geometry_shift,972,0.87500,0.05556,0.33997,0.37625,0.94444,0.04946,0.33333
failure_prediction_active_learning,4,0,rare_mechanism_combo,972,0.87500,0.72222,0.32912,0.50333,0.27778,0.06201,0.05556
failure_prediction_active_learning,4,0,out_of_distribution_tail,972,0.87500,0.33333,0.32484,0.42222,0.66667,0.08646,0.05556
failure_prediction_active_learning,4,1,nominal_task_balance,1008,0.87500,1.00000,0.00000,0.00000,0.00000,0.04952,0.00000
failure_prediction_active_learning,4,1,rare_slip_failures,1008,0.87500,0.94444,0.12825,0.00000,0.05556,0.09365,0.00000
failure_prediction_active_learning,4,1,jammed_fixture_failures,1008,0.87500,0.00000,0.37393,0.44365,1.00000,0.16027,0.77778
failure_prediction_active_learning,4,1,actuator_limit_failures,1008,0.87500,1.00000,0.05048,0.00000,0.00000,0.14356,0.00000
failure_prediction_active_learning,4,1,combined_tail_stress,1008,0.87500,0.72222,0.33626,0.58333,0.27778,0.11801,0.22222
failure_prediction_active_learning,4,1,compound_sensor_actuator_shift,1008,0.87500,0.88889,0.21352,0.41800,0.11111,0.12580,0.05556
failure_prediction_active_learning,4,1,fixture_geometry_shift,1008,0.87500,0.05556,0.33074,0.36522,0.94444,0.05827,0.33333
failure_prediction_active_learning,4,1,rare_mechanism_combo,1008,0.87500,0.72222,0.32899,0.48333,0.27778,0.04665,0.05556
failure_prediction_active_learning,4,1,out_of_distribution_tail,1008,0.87500,0.33333,0.31119,0.40000,0.66667,0.08645,0.05556
failure_prediction_active_learning,4,2,nominal_task_balance,1044,0.87500,1.00000,0.00000,0.00000,0.00000,0.05028,0.00000
failure_prediction_active_learning,4,2,rare_slip_failures,1044,0.87500,0.94444,0.08705,0.00000,0.05556,0.10448,0.00000
failure_prediction_active_learning,4,2,jammed_fixture_failures,1044,0.87500,0.00000,0.38275,0.43905,1.00000,0.16761,0.77778
failure_prediction_active_learning,4,2,actuator_limit_failures,1044,0.87500,1.00000,0.04006,0.00000,0.00000,0.14279,0.00000
failure_prediction_active_learning,4,2,combined_tail_stress,1044,0.87500,0.72222,0.33720,0.58333,0.27778,0.11066,0.22222
failure_prediction_active_learning,4,2,compound_sensor_actuator_shift,1044,0.87500,0.88889,0.21295,0.41800,0.11111,0.13056,0.05556
failure_prediction_active_learning,4,2,fixture_geometry_shift,1044,0.87500,0.05556,0.32946,0.37391,0.94444,0.06822,0.33333
failure_prediction_active_learning,4,2,rare_mechanism_combo,1044,0.87500,0.72222,0.32695,0.48333,0.27778,0.05460,0.05556
failure_prediction_active_learning,4,2,out_of_distribution_tail,1044,0.87500,0.33333,0.31049,0.40000,0.66667,0.06706,0.05556
failure_prediction_active_learning,4,3,nominal_task_balance,1080,0.87500,1.00000,0.00000,0.00000,0.00000,0.05459,0.00000
failure_prediction_active_learning,4,3,rare_slip_failures,1080,0.87500,0.94444,0.09632,0.10000,0.05556,0.11704,0.00000
failure_prediction_active_learning,4,3,jammed_fixture_failures,1080,0.87500,0.00000,0.36752,0.40828,1.00000,0.17923,0.77778
failure_prediction_active_learning,4,3,actuator_limit_failures,1080,0.87500,1.00000,0.02273,0.00000,0.00000,0.13266,0.00000
failure_prediction_active_learning,4,3,combined_tail_stress,1080,0.87500,0.72222,0.34025,0.58333,0.27778,0.08580,0.22222
failure_prediction_active_learning,4,3,compound_sensor_actuator_shift,1080,0.87500,0.88889,0.21407,0.41800,0.11111,0.11812,0.05556
failure_prediction_active_learning,4,3,fixture_geometry_shift,1080,0.87500,0.05556,0.33212,0.37826,0.94444,0.06724,0.33333
failure_prediction_active_learning,4,3,rare_mechanism_combo,1080,0.87500,0.72222,0.32459,0.47333,0.27778,0.04875,0.05556
failure_prediction_active_learning,4,3,out_of_distribution_tail,1080,0.87500,0.33333,0.30861,0.40000,0.66667,0.07209,0.05556
failure_prediction_active_learning,4,4,nominal_task_balance,1116,0.87500,1.00000,0.00000,0.00000,0.00000,0.05212,0.00000
failure_prediction_active_learning,4,4,rare_slip_failures,1116,0.87500,0.94444,0.10023,0.10000,0.05556,0.09307,0.00000
failure_prediction_active_learning,4,4,jammed_fixture_failures,1116,0.87500,0.00000,0.36585,0.40828,1.00000,0.19176,0.77778
failure_prediction_active_learning,4,4,actuator_limit_failures,1116,0.87500,1.00000,0.02273,0.00000,0.00000,0.12496,0.00000
failure_prediction_active_learning,4,4,combined_tail_stress,1116,0.87500,0.72222,0.33740,0.58333,0.27778,0.05869,0.22222
failure_prediction_active_learning,4,4,compound_sensor_actuator_shift,1116,0.87500,0.88889,0.19575,0.37600,0.11111,0.11286,0.05556
failure_prediction_active_learning,4,4,fixture_geometry_shift,1116,0.87500,0.05556,0.33349,0.37391,0.94444,0.06919,0.33333
failure_prediction_active_learning,4,4,rare_mechanism_combo,1116,0.87500,0.72222,0.32641,0.46333,0.27778,0.08051,0.05556
failure_prediction_active_learning,4,4,out_of_distribution_tail,1116,0.87500,0.33333,0.30747,0.40000,0.66667,0.08467,0.05556
failure_prediction_active_learning,4,5,nominal_task_balance,1152,0.87500,1.00000,0.00000,0.00000,0.00000,0.04379,0.00000
failure_prediction_active_learning,4,5,rare_slip_failures,1152,0.87500,0.94444,0.08958,0.10000,0.05556,0.09752,0.00000
failure_prediction_active_learning,4,5,jammed_fixture_failures,1152,0.87500,0.00000,0.36545,0.40828,1.00000,0.19853,0.77778
failure_prediction_active_learning,4,5,actuator_limit_failures,1152,0.87500,1.00000,0.00000,0.00000,0.00000,0.12289,0.00000
failure_prediction_active_learning,4,5,combined_tail_stress,1152,0.87500,0.72222,0.33470,0.58333,0.27778,0.04398,0.22222
failure_prediction_active_learning,4,5,compound_sensor_actuator_shift,1152,0.87500,0.88889,0.18902,0.36000,0.11111,0.10786,0.05556
failure_prediction_active_learning,4,5,fixture_geometry_shift,1152,0.87500,0.05556,0.33209,0.36957,0.94444,0.06936,0.33333
failure_prediction_active_learning,4,5,rare_mechanism_combo,1152,0.87500,0.72222,0.32465,0.45333,0.27778,0.07436,0.05556
failure_prediction_active_learning,4,5,out_of_distribution_tail,1152,0.87500,0.33333,0.30747,0.40000,0.66667,0.08780,0.05556
calibrated_failure_risk,4,0,nominal_task_balance,972,0.87500,1.00000,0.00000,0.00000,0.00000,0.05189,0.00000
calibrated_failure_risk,4,0,rare_slip_failures,972,0.87500,0.94444,0.13611,0.00000,0.05556,0.09164,0.00000
calibrated_failure_risk,4,0,jammed_fixture_failures,972,0.87500,0.00000,0.37779,0.44595,1.00000,0.15135,0.77778
calibrated_failure_risk,4,0,actuator_limit_failures,972,0.87500,1.00000,0.05573,0.00000,0.00000,0.15055,0.00000
calibrated_failure_risk,4,0,combined_tail_stress,972,0.87500,0.72222,0.34349,0.59333,0.27778,0.13189,0.22222
calibrated_failure_risk,4,0,compound_sensor_actuator_shift,972,0.87500,0.88889,0.22587,0.45200,0.11111,0.14093,0.05556
calibrated_failure_risk,4,0,fixture_geometry_shift,972,0.87500,0.05556,0.33997,0.37625,0.94444,0.04946,0.33333
calibrated_failure_risk,4,0,rare_mechanism_combo,972,0.87500,0.72222,0.32912,0.50333,0.27778,0.06201,0.05556
calibrated_failure_risk,4,0,out_of_distribution_tail,972,0.87500,0.33333,0.32484,0.42222,0.66667,0.08646,0.05556
calibrated_failure_risk,4,1,nominal_task_balance,1008,0.87500,1.00000,0.00000,0.00000,0.00000,0.05103,0.00000
calibrated_failure_risk,4,1,rare_slip_failures,1008,0.87500,0.94444,0.11905,0.00000,0.05556,0.09480,0.00000
calibrated_failure_risk,4,1,jammed_fixture_failures,1008,0.87500,0.00000,0.37701,0.44365,1.00000,0.16190,0.77778
calibrated_failure_risk,4,1,actuator_limit_failures,1008,0.87500,1.00000,0.05048,0.00000,0.00000,0.14646,0.00000
calibrated_failure_risk,4,1,combined_tail_stress,1008,0.87500,0.72222,0.33828,0.58333,0.27778,0.12953,0.22222
calibrated_failure_risk,4,1,compound_sensor_actuator_shift,1008,0.87500,0.88889,0.21420,0.41800,0.11111,0.12947,0.05556
calibrated_failure_risk,4,1,fixture_geometry_shift,1008,0.87500,0.05556,0.33074,0.36522,0.94444,0.05533,0.33333
calibrated_failure_risk,4,1,rare_mechanism_combo,1008,0.87500,0.72222,0.33108,0.49333,0.27778,0.04157,0.05556
calibrated_failure_risk,4,1,out_of_distribution_tail,1008,0.87500,0.33333,0.31212,0.40000,0.66667,0.06569,0.05556
calibrated_failure_risk,4,2,nominal_task_balance,1044,0.87500,1.00000,0.00000,0.00000,0.00000,0.05046,0.00000
calibrated_failure_risk,4,2,rare_slip_failures,1044,0.87500,0.94444,0.08180,0.00000,0.05556,0.10441,0.00000
calibrated_failure_risk,4,2,jammed_fixture_failures,1044,0.87500,0.00000,0.38634,0.44595,1.00000,0.16818,0.77778
calibrated_failure_risk,4,2,actuator_limit_failures,1044,0.87500,1.00000,0.02083,0.00000,0.00000,0.14269,0.00000
calibrated_failure_risk,4,2,combined_tail_stress,1044,0.87500,0.72222,0.33924,0.58333,0.27778,0.11008,0.22222
calibrated_failure_risk,4,2,compound_sensor_actuator_shift,1044,0.87500,0.88889,0.21586,0.41800,0.11111,0.13061,0.05556
calibrated_failure_risk,4,2,fixture_geometry_shift,1044,0.87500,0.05556,0.32954,0.37826,0.94444,0.06599,0.33333
calibrated_failure_risk,4,2,rare_mechanism_combo,1044,0.87500,0.72222,0.32654,0.48333,0.27778,0.05473,0.05556
calibrated_failure_risk,4,2,out_of_distribution_tail,1044,0.87500,0.33333,0.30944,0.40000,0.66667,0.06726,0.05556
calibrated_failure_risk,4,3,nominal_task_balance,1080,0.87500,1.00000,0.00000,0.00000,0.00000,0.05466,0.00000
calibrated_failure_risk,4,3,rare_slip_failures,1080,0.87500,0.94444,0.06618,0.00000,0.05556,0.11702,0.00000
calibrated_failure_risk,4,3,jammed_fixture_failures,1080,0.87500,0.00000,0.38119,0.43905,1.00000,0.18051,0.77778
calibrated_failure_risk,4,3,actuator_limit_failures,1080,0.87500,1.00000,0.02083,0.00000,0.00000,0.13310,0.00000
calibrated_failure_risk,4,3,combined_tail_stress,1080,0.87500,0.72222,0.33500,0.58333,0.27778,0.08591,0.22222
calibrated_failure_risk,4,3,compound_sensor_actuator_shift,1080,0.87500,0.88889,0.21684,0.41800,0.11111,0.12466,0.05556
calibrated_failure_risk,4,3,fixture_geometry_shift,1080,0.87500,0.05556,0.33017,0.37826,0.94444,0.06711,0.33333
calibrated_failure_risk,4,3,rare_mechanism_combo,1080,0.87500,0.72222,0.32797,0.48333,0.27778,0.04847,0.05556
calibrated_failure_risk,4,3,out_of_distribution_tail,1080,0.87500,0.33333,0.31049,0.40000,0.66667,0.06668,0.05556
calibrated_failure_risk,4,4,nominal_task_balance,1116,0.87500,1.00000,0.00000,0.00000,0.00000,0.03916,0.00000
calibrated_failure_risk,4,4,rare_slip_failures,1116,0.87500,0.94444,0.10023,0.10000,0.05556,0.09415,0.00000
calibrated_failure_risk,4,4,jammed_fixture_failures,1116,0.87500,0.00000,0.36654,0.40828,1.00000,0.18462,0.77778
calibrated_failure_risk,4,4,actuator_limit_failures,1116,0.87500,1.00000,0.02083,0.00000,0.00000,0.12741,0.00000
calibrated_failure_risk,4,4,combined_tail_stress,1116,0.87500,0.72222,0.33527,0.58333,0.27778,0.05841,0.22222
calibrated_failure_risk,4,4,compound_sensor_actuator_shift,1116,0.87500,0.88889,0.19715,0.36800,0.11111,0.10596,0.05556
calibrated_failure_risk,4,4,fixture_geometry_shift,1116,0.87500,0.05556,0.33417,0.37826,0.94444,0.06968,0.33333
calibrated_failure_risk,4,4,rare_mechanism_combo,1116,0.87500,0.72222,0.32398,0.46333,0.27778,0.07162,0.05556
calibrated_failure_risk,4,4,out_of_distribution_tail,1116,0.87500,0.33333,0.30854,0.40000,0.66667,0.07153,0.05556
calibrated_failure_risk,4,5,nominal_task_balance,1152,0.87500,1.00000,0.00000,0.00000,0.00000,0.04498,0.00000
calibrated_failure_risk,4,5,rare_slip_failures,1152,0.87500,0.94444,0.08297,0.10000,0.05556,0.09516,0.00000
calibrated_failure_risk,4,5,jammed_fixture_failures,1152,0.87500,0.00000,0.36568,0.40598,1.00000,0.20184,0.77778
calibrated_failure_risk,4,5,actuator_limit_failures,1152,0.87500,1.00000,0.00000,0.00000,0.00000,0.12442,0.00000
calibrated_failure_risk,4,5,combined_tail_stress,1152,0.87500,0.72222,0.33021,0.58333,0.27778,0.06710,0.22222
calibrated_failure_risk,4,5,compound_sensor_actuator_shift,1152,0.87500,0.88889,0.18752,0.35200,0.11111,0.11610,0.05556
calibrated_failure_risk,4,5,fixture_geometry_shift,1152,0.87500,0.05556,0.33349,0.37391,0.94444,0.06625,0.33333
calibrated_failure_risk,4,5,rare_mechanism_combo,1152,0.87500,0.72222,0.32477,0.45333,0.27778,0.08299,0.05556
calibrated_failure_risk,4,5,out_of_distribution_tail,1152,0.87500,0.33333,0.30747,0.40000,0.66667,0.09431,0.05556
tail_risk_active_learning,4,0,nominal_task_balance,972,0.87500,1.00000,0.00000,0.00000,0.00000,0.05189,0.00000
tail_risk_active_learning,4,0,rare_slip_failures,972,0.87500,0.94444,0.13611,0.00000,0.05556,0.09164,0.00000
tail_risk_active_learning,4,0,jammed_fixture_failures,972,0.87500,0.00000,0.37779,0.44595,1.00000,0.15135,0.77778
tail_risk_active_learning,4,0,actuator_limit_failures,972,0.87500,1.00000,0.05573,0.00000,0.00000,0.15055,0.00000
tail_risk_active_learning,4,0,combined_tail_stress,972,0.87500,0.72222,0.34349,0.59333,0.27778,0.13189,0.22222
tail_risk_active_learning,4,0,compound_sensor_actuator_shift,972,0.87500,0.88889,0.22587,0.45200,0.11111,0.14093,0.05556
tail_risk_active_learning,4,0,fixture_geometry_shift,972,0.87500,0.05556,0.33997,0.37625,0.94444,0.04946,0.33333
tail_risk_active_learning,4,0,rare_mechanism_combo,972,0.87500,0.72222,0.32912,0.50333,0.27778,0.06201,0.05556
tail_risk_active_learning,4,0,out_of_distribution_tail,972,0.87500,0.33333,0.32484,0.42222,0.66667,0.08646,0.05556
tail_risk_active_learning,4,1,nominal_task_balance,1008,0.87500,1.00000,0.00000,0.00000,0.00000,0.05708,0.00000
tail_risk_active_learning,4,1,rare_slip_failures,1008,0.87500,0.94444,0.13194,0.00000,0.05556,0.06338,0.00000
tail_risk_active_learning,4,1,jammed_fixture_failures,1008,0.87500,0.00000,0.37182,0.44825,1.00000,0.16223,0.77778
tail_risk_active_learning,4,1,actuator_limit_failures,1008,0.87500,1.00000,0.05719,0.00000,0.00000,0.14607,0.00000
tail_risk_active_learning,4,1,combined_tail_stress,1008,0.87500,0.72222,0.33441,0.58333,0.27778,0.12345,0.22222
tail_risk_active_learning,4,1,compound_sensor_actuator_shift,1008,0.87500,0.88889,0.23269,0.44400,0.11111,0.11882,0.05556
tail_risk_active_learning,4,1,fixture_geometry_shift,1008,0.87500,0.05556,0.34468,0.37625,0.94444,0.04739,0.33333
tail_risk_active_learning,4,1,rare_mechanism_combo,1008,0.87500,0.72222,0.33015,0.52333,0.27778,0.04508,0.05556
tail_risk_active_learning,4,1,out_of_distribution_tail,1008,0.87500,0.33333,0.31418,0.40000,0.66667,0.06960,0.05556
tail_risk_active_learning,4,2,nominal_task_balance,1044,0.87500,1.00000,0.00000,0.00000,0.00000,0.05289,0.00000
tail_risk_active_learning,4,2,rare_slip_failures,1044,0.87500,0.94444,0.12950,0.00000,0.05556,0.06403,0.00000
tail_risk_active_learning,4,2,jammed_fixture_failures,1044,0.87500,0.00000,0.36674,0.45903,1.00000,0.18194,0.77778
tail_risk_active_learning,4,2,actuator_limit_failures,1044,0.87500,1.00000,0.05719,0.00000,0.00000,0.15225,0.00000
tail_risk_active_learning,4,2,combined_tail_stress,1044,0.87500,0.72222,0.33532,0.58333,0.27778,0.14459,0.22222
tail_risk_active_learning,4,2,compound_sensor_actuator_shift,1044,0.87500,0.88889,0.24160,0.43600,0.11111,0.12055,0.05556
tail_risk_active_learning,4,2,fixture_geometry_shift,1044,0.87500,0.05556,0.33311,0.36522,0.94444,0.04380,0.33333
tail_risk_active_learning,4,2,rare_mechanism_combo,1044,0.87500,0.72222,0.33637,0.53333,0.27778,0.04505,0.05556
tail_risk_active_learning,4,2,out_of_distribution_tail,1044,0.87500,0.33333,0.31663,0.40000,0.66667,0.08362,0.05556
tail_risk_active_learning,4,3,nominal_task_balance,1080,0.87500,1.00000,0.00000,0.00000,0.00000,0.05204,0.00000
tail_risk_active_learning,4,3,rare_slip_failures,1080,0.87500,0.94444,0.12950,0.00000,0.05556,0.05254,0.00000
tail_risk_active_learning,4,3,jammed_fixture_failures,1080,0.87500,0.00000,0.36152,0.44595,1.00000,0.19397,0.77778
tail_risk_active_learning,4,3,actuator_limit_failures,1080,0.87500,1.00000,0.05719,0.00000,0.00000,0.14960,0.00000
tail_risk_active_learning,4,3,combined_tail_stress,1080,0.87500,0.72222,0.32661,0.57333,0.27778,0.14311,0.22222
tail_risk_active_learning,4,3,compound_sensor_actuator_shift,1080,0.87500,0.88889,0.25346,0.44400,0.11111,0.11368,0.05556
tail_risk_active_learning,4,3,fixture_geometry_shift,1080,0.87500,0.05556,0.33311,0.36522,0.94444,0.04631,0.33333
tail_risk_active_learning,4,3,rare_mechanism_combo,1080,0.87500,0.72222,0.33006,0.49333,0.27778,0.03241,0.05556
tail_risk_active_learning,4,3,out_of_distribution_tail,1080,0.87500,0.33333,0.31033,0.40000,0.66667,0.10011,0.05556
tail_risk_active_learning,4,4,nominal_task_balance,1116,0.87500,1.00000,0.00000,0.00000,0.00000,0.05027,0.00000
tail_risk_active_learning,4,4,rare_slip_failures,1116,0.87500,0.94444,0.09370,0.00000,0.05556,0.05539,0.00000
tail_risk_active_learning,4,4,jammed_fixture_failures,1116,0.87500,0.00000,0.35811,0.45464,1.00000,0.20661,0.77778
tail_risk_active_learning,4,4,actuator_limit_failures,1116,0.87500,1.00000,0.05719,0.00000,0.00000,0.14523,0.00000
tail_risk_active_learning,4,4,combined_tail_stress,1116,0.87500,0.72222,0.32050,0.57333,0.27778,0.10689,0.22222
tail_risk_active_learning,4,4,compound_sensor_actuator_shift,1116,0.87500,0.88889,0.25838,0.43600,0.11111,0.09526,0.05556
tail_risk_active_learning,4,4,fixture_geometry_shift,1116,0.87500,0.05556,0.33056,0.36522,0.94444,0.05217,0.33333
tail_risk_active_learning,4,4,rare_mechanism_combo,1116,0.87500,0.72222,0.33144,0.47333,0.27778,0.02475,0.05556
tail_risk_active_learning,4,4,out_of_distribution_tail,1116,0.87500,0.33333,0.30908,0.40000,0.66667,0.11769,0.05556
tail_risk_active_learning,4,5,nominal_task_balance,1152,0.87500,1.00000,0.00000,0.00000,0.00000,0.05050,0.00000
tail_risk_active_learning,4,5,rare_slip_failures,1152,0.87500,0.94444,0.09886,0.00000,0.05556,0.05796,0.00000
tail_risk_active_learning,4,5,jammed_fixture_failures,1152,0.87500,0.00000,0.35685,0.45464,1.00000,0.22027,0.77778
tail_risk_active_learning,4,5,actuator_limit_failures,1152,0.87500,1.00000,0.05719,0.00000,0.00000,0.14559,0.00000
tail_risk_active_learning,4,5,combined_tail_stress,1152,0.87500,0.72222,0.31597,0.57333,0.27778,0.09710,0.22222
tail_risk_active_learning,4,5,compound_sensor_actuator_shift,1152,0.87500,0.88889,0.25451,0.43600,0.11111,0.09981,0.05556
tail_risk_active_learning,4,5,fixture_geometry_shift,1152,0.87500,0.05556,0.32861,0.36522,0.94444,0.06489,0.33333
tail_risk_active_learning,4,5,rare_mechanism_combo,1152,0.87500,0.72222,0.33527,0.49333,0.27778,0.03474,0.05556
tail_risk_active_learning,4,5,out_of_distribution_tail,1152,0.87500,0.33333,0.30944,0.40000,0.66667,0.12624,0.05556
hybrid_diversity_risk,4,0,nominal_task_balance,972,0.87500,1.00000,0.00000,0.00000,0.00000,0.05189,0.00000
hybrid_diversity_risk,4,0,rare_slip_failures,972,0.87500,0.94444,0.13611,0.00000,0.05556,0.09164,0.00000
hybrid_diversity_risk,4,0,jammed_fixture_failures,972,0.87500,0.00000,0.37779,0.44595,1.00000,0.15135,0.77778
hybrid_diversity_risk,4,0,actuator_limit_failures,972,0.87500,1.00000,0.05573,0.00000,0.00000,0.15055,0.00000
hybrid_diversity_risk,4,0,combined_tail_stress,972,0.87500,0.72222,0.34349,0.59333,0.27778,0.13189,0.22222
hybrid_diversity_risk,4,0,compound_sensor_actuator_shift,972,0.87500,0.88889,0.22587,0.45200,0.11111,0.14093,0.05556
hybrid_diversity_risk,4,0,fixture_geometry_shift,972,0.87500,0.05556,0.33997,0.37625,0.94444,0.04946,0.33333
hybrid_diversity_risk,4,0,rare_mechanism_combo,972,0.87500,0.72222,0.32912,0.50333,0.27778,0.06201,0.05556
hybrid_diversity_risk,4,0,out_of_distribution_tail,972,0.87500,0.33333,0.32484,0.42222,0.66667,0.08646,0.05556
hybrid_diversity_risk,4,1,nominal_task_balance,1008,0.87500,1.00000,0.00000,0.00000,0.00000,0.05975,0.00000
hybrid_diversity_risk,4,1,rare_slip_failures,1008,0.87500,0.94444,0.14515,0.00000,0.05556,0.07517,0.00000
hybrid_diversity_risk,4,1,jammed_fixture_failures,1008,0.87500,0.00000,0.36947,0.45694,1.00000,0.16247,0.77778
hybrid_diversity_risk,4,1,actuator_limit_failures,1008,0.87500,1.00000,0.05882,0.00000,0.00000,0.14803,0.00000
hybrid_diversity_risk,4,1,combined_tail_stress,1008,0.87500,0.72222,0.33727,0.58333,0.27778,0.15268,0.22222
hybrid_diversity_risk,4,1,compound_sensor_actuator_shift,1008,0.87500,0.88889,0.23290,0.45200,0.11111,0.12227,0.05556
hybrid_diversity_risk,4,1,fixture_geometry_shift,1008,0.87500,0.05556,0.34140,0.37625,0.94444,0.04552,0.33333
hybrid_diversity_risk,4,1,rare_mechanism_combo,1008,0.87500,0.72222,0.33209,0.52333,0.27778,0.06284,0.05556
hybrid_diversity_risk,4,1,out_of_distribution_tail,1008,0.87500,0.33333,0.33921,0.44444,0.66667,0.02801,0.05556
hybrid_diversity_risk,4,2,nominal_task_balance,1044,0.87500,1.00000,0.00000,0.00000,0.00000,0.06875,0.00000
hybrid_diversity_risk,4,2,rare_slip_failures,1044,0.87500,0.94444,0.14703,0.00000,0.05556,0.05011,0.00000
hybrid_diversity_risk,4,2,jammed_fixture_failures,1044,0.87500,0.00000,0.36788,0.45694,1.00000,0.18282,0.77778
hybrid_diversity_risk,4,2,actuator_limit_failures,1044,0.87500,1.00000,0.05556,0.00000,0.00000,0.15635,0.00000
hybrid_diversity_risk,4,2,combined_tail_stress,1044,0.87500,0.72222,0.32048,0.57333,0.27778,0.10705,0.22222
hybrid_diversity_risk,4,2,compound_sensor_actuator_shift,1044,0.87500,0.88889,0.23773,0.46800,0.11111,0.10004,0.05556
hybrid_diversity_risk,4,2,fixture_geometry_shift,1044,0.87500,0.05556,0.32744,0.36087,0.94444,0.05133,0.33333
hybrid_diversity_risk,4,2,rare_mechanism_combo,1044,0.87500,0.72222,0.33099,0.50333,0.27778,0.10370,0.05556
hybrid_diversity_risk,4,2,out_of_distribution_tail,1044,0.87500,0.33333,0.36415,0.50000,0.66667,0.08100,0.05556
hybrid_diversity_risk,4,3,nominal_task_balance,1080,0.87500,1.00000,0.00000,0.00000,0.00000,0.06824,0.00000
hybrid_diversity_risk,4,3,rare_slip_failures,1080,0.87500,0.94444,0.27736,0.30000,0.05556,0.05440,0.00000
hybrid_diversity_risk,4,3,jammed_fixture_failures,1080,0.87500,0.00000,0.37029,0.45694,1.00000,0.18976,0.77778
hybrid_diversity_risk,4,3,actuator_limit_failures,1080,0.87500,1.00000,0.06066,0.00000,0.00000,0.15570,0.00000
hybrid_diversity_risk,4,3,combined_tail_stress,1080,0.87500,0.72222,0.32249,0.57333,0.27778,0.11984,0.22222
hybrid_diversity_risk,4,3,compound_sensor_actuator_shift,1080,0.87500,0.88889,0.23431,0.45200,0.11111,0.09431,0.05556
hybrid_diversity_risk,4,3,fixture_geometry_shift,1080,0.87500,0.05556,0.32830,0.36087,0.94444,0.05009,0.33333
hybrid_diversity_risk,4,3,rare_mechanism_combo,1080,0.87500,0.72222,0.33013,0.47333,0.27778,0.08219,0.05556
hybrid_diversity_risk,4,3,out_of_distribution_tail,1080,0.87500,0.33333,0.35984,0.47111,0.66667,0.06763,0.05556
hybrid_diversity_risk,4,4,nominal_task_balance,1116,0.87500,1.00000,0.00000,0.00000,0.00000,0.06725,0.00000
hybrid_diversity_risk,4,4,rare_slip_failures,1116,0.87500,0.94444,0.21476,0.20000,0.05556,0.05746,0.00000
hybrid_diversity_risk,4,4,jammed_fixture_failures,1116,0.87500,0.00000,0.36677,0.44156,1.00000,0.19589,0.77778
hybrid_diversity_risk,4,4,actuator_limit_failures,1116,0.87500,1.00000,0.06066,0.00000,0.00000,0.15312,0.00000
hybrid_diversity_risk,4,4,combined_tail_stress,1116,0.87500,0.72222,0.31612,0.57333,0.27778,0.11582,0.22222
hybrid_diversity_risk,4,4,compound_sensor_actuator_shift,1116,0.87500,0.88889,0.23099,0.43600,0.11111,0.09922,0.05556
hybrid_diversity_risk,4,4,fixture_geometry_shift,1116,0.87500,0.05556,0.32548,0.36087,0.94444,0.04920,0.33333
hybrid_diversity_risk,4,4,rare_mechanism_combo,1116,0.87500,0.72222,0.32685,0.47333,0.27778,0.07560,0.05556
hybrid_diversity_risk,4,4,out_of_distribution_tail,1116,0.87500,0.33333,0.36329,0.53333,0.66667,0.05934,0.05556
hybrid_diversity_risk,4,5,nominal_task_balance,1152,0.87500,1.00000,0.00000,0.00000,0.00000,0.06689,0.00000
hybrid_diversity_risk,4,5,rare_slip_failures,1152,0.87500,0.94444,0.22619,0.20000,0.05556,0.05106,0.00000
hybrid_diversity_risk,4,5,jammed_fixture_failures,1152,0.87500,0.00000,0.36227,0.44156,1.00000,0.21384,0.77778
hybrid_diversity_risk,4,5,actuator_limit_failures,1152,0.87500,1.00000,0.06066,0.00000,0.00000,0.15200,0.00000
hybrid_diversity_risk,4,5,combined_tail_stress,1152,0.87500,0.72222,0.31296,0.57333,0.27778,0.09509,0.22222
hybrid_diversity_risk,4,5,compound_sensor_actuator_shift,1152,0.87500,0.88889,0.23427,0.43600,0.11111,0.11350,0.05556
hybrid_diversity_risk,4,5,fixture_geometry_shift,1152,0.87500,0.05556,0.32624,0.36087,0.94444,0.05098,0.33333
hybrid_diversity_risk,4,5,rare_mechanism_combo,1152,0.87500,0.72222,0.33367,0.47333,0.27778,0.07996,0.05556
hybrid_diversity_risk,4,5,out_of_distribution_tail,1152,0.87500,0.33333,0.36370,0.52222,0.66667,0.05099,0.05556
balanced_failure_replay,4,0,nominal_task_balance,972,0.87500,1.00000,0.00000,0.00000,0.00000,0.05189,0.00000
balanced_failure_replay,4,0,rare_slip_failures,972,0.87500,0.94444,0.13611,0.00000,0.05556,0.09164,0.00000
balanced_failure_replay,4,0,jammed_fixture_failures,972,0.87500,0.00000,0.37779,0.44595,1.00000,0.15135,0.77778
balanced_failure_replay,4,0,actuator_limit_failures,972,0.87500,1.00000,0.05573,0.00000,0.00000,0.15055,0.00000
balanced_failure_replay,4,0,combined_tail_stress,972,0.87500,0.72222,0.34349,0.59333,0.27778,0.13189,0.22222
balanced_failure_replay,4,0,compound_sensor_actuator_shift,972,0.87500,0.88889,0.22587,0.45200,0.11111,0.14093,0.05556
balanced_failure_replay,4,0,fixture_geometry_shift,972,0.87500,0.05556,0.33997,0.37625,0.94444,0.04946,0.33333
balanced_failure_replay,4,0,rare_mechanism_combo,972,0.87500,0.72222,0.32912,0.50333,0.27778,0.06201,0.05556
balanced_failure_replay,4,0,out_of_distribution_tail,972,0.87500,0.33333,0.32484,0.42222,0.66667,0.08646,0.05556
balanced_failure_replay,4,1,nominal_task_balance,1008,0.87500,1.00000,0.00000,0.00000,0.00000,0.05478,0.00000
balanced_failure_replay,4,1,rare_slip_failures,1008,0.87500,0.94444,0.13611,0.00000,0.05556,0.07825,0.00000
balanced_failure_replay,4,1,jammed_fixture_failures,1008,0.87500,0.00000,0.38108,0.44825,1.00000,0.16465,0.77778
balanced_failure_replay,4,1,actuator_limit_failures,1008,0.87500,1.00000,0.05409,0.00000,0.00000,0.14791,0.00000
balanced_failure_replay,4,1,combined_tail_stress,1008,0.87500,0.72222,0.34112,0.58333,0.27778,0.10810,0.22222
balanced_failure_replay,4,1,compound_sensor_actuator_shift,1008,0.87500,0.88889,0.23243,0.45200,0.11111,0.13912,0.05556
balanced_failure_replay,4,1,fixture_geometry_shift,1008,0.87500,0.05556,0.32890,0.36087,0.94444,0.04477,0.33333
balanced_failure_replay,4,1,rare_mechanism_combo,1008,0.87500,0.72222,0.32961,0.48333,0.27778,0.06876,0.05556
balanced_failure_replay,4,1,out_of_distribution_tail,1008,0.87500,0.33333,0.35622,0.48222,0.66667,0.07025,0.05556
balanced_failure_replay,4,2,nominal_task_balance,1044,0.87500,1.00000,0.00000,0.00000,0.00000,0.06039,0.00000
balanced_failure_replay,4,2,rare_slip_failures,1044,0.87500,0.94444,0.13611,0.00000,0.05556,0.07612,0.00000
balanced_failure_replay,4,2,jammed_fixture_failures,1044,0.87500,0.00000,0.36488,0.44825,1.00000,0.17575,0.77778
balanced_failure_replay,4,2,actuator_limit_failures,1044,0.87500,1.00000,0.05719,0.00000,0.00000,0.15448,0.00000
balanced_failure_replay,4,2,combined_tail_stress,1044,0.87500,0.72222,0.33888,0.58333,0.27778,0.12002,0.22222
balanced_failure_replay,4,2,compound_sensor_actuator_shift,1044,0.87500,0.88889,0.23338,0.45200,0.11111,0.14064,0.05556
balanced_failure_replay,4,2,fixture_geometry_shift,1044,0.87500,0.05556,0.32514,0.36522,0.94444,0.04342,0.33333
balanced_failure_replay,4,2,rare_mechanism_combo,1044,0.87500,0.72222,0.33081,0.47333,0.27778,0.07953,0.05556
balanced_failure_replay,4,2,out_of_distribution_tail,1044,0.87500,0.33333,0.34998,0.49333,0.66667,0.08630,0.05556
balanced_failure_replay,4,3,nominal_task_balance,1080,0.87500,1.00000,0.00000,0.00000,0.00000,0.06438,0.00000
balanced_failure_replay,4,3,rare_slip_failures,1080,0.87500,0.94444,0.13611,0.00000,0.05556,0.09163,0.00000
balanced_failure_replay,4,3,jammed_fixture_failures,1080,0.87500,0.00000,0.36399,0.45694,1.00000,0.17715,0.77778
balanced_failure_replay,4,3,actuator_limit_failures,1080,0.87500,1.00000,0.05882,0.00000,0.00000,0.15392,0.00000
balanced_failure_replay,4,3,combined_tail_stress,1080,0.87500,0.72222,0.32823,0.57333,0.27778,0.10305,0.22222
balanced_failure_replay,4,3,compound_sensor_actuator_shift,1080,0.87500,0.88889,0.23041,0.45200,0.11111,0.14361,0.05556
balanced_failure_replay,4,3,fixture_geometry_shift,1080,0.87500,0.05556,0.32451,0.36522,0.94444,0.04630,0.33333
balanced_failure_replay,4,3,rare_mechanism_combo,1080,0.87500,0.72222,0.32568,0.45333,0.27778,0.09495,0.05556
balanced_failure_replay,4,3,out_of_distribution_tail,1080,0.87500,0.33333,0.34316,0.47111,0.66667,0.09110,0.05556
balanced_failure_replay,4,4,nominal_task_balance,1116,0.87500,1.00000,0.00000,0.00000,0.00000,0.06484,0.00000
balanced_failure_replay,4,4,rare_slip_failures,1116,0.87500,0.94444,0.14039,0.00000,0.05556,0.06612,0.00000
balanced_failure_replay,4,4,jammed_fixture_failures,1116,0.87500,0.00000,0.36746,0.45694,1.00000,0.18317,0.77778
balanced_failure_replay,4,4,actuator_limit_failures,1116,0.87500,1.00000,0.05719,0.00000,0.00000,0.16113,0.00000
balanced_failure_replay,4,4,combined_tail_stress,1116,0.87500,0.72222,0.32379,0.57333,0.27778,0.09245,0.22222
balanced_failure_replay,4,4,compound_sensor_actuator_shift,1116,0.87500,0.88889,0.23222,0.43600,0.11111,0.14811,0.05556
balanced_failure_replay,4,4,fixture_geometry_shift,1116,0.87500,0.05556,0.32553,0.36522,0.94444,0.04445,0.33333
balanced_failure_replay,4,4,rare_mechanism_combo,1116,0.87500,0.72222,0.32750,0.47333,0.27778,0.08893,0.05556
balanced_failure_replay,4,4,out_of_distribution_tail,1116,0.87500,0.33333,0.34742,0.51556,0.66667,0.08504,0.05556
balanced_failure_replay,4,5,nominal_task_balance,1152,0.87500,1.00000,0.00000,0.00000,0.00000,0.06314,0.00000
balanced_failure_replay,4,5,rare_slip_failures,1152,0.87500,0.94444,0.13611,0.00000,0.05556,0.05758,0.00000
balanced_failure_replay,4,5,jammed_fixture_failures,1152,0.87500,0.00000,0.36502,0.45694,1.00000,0.18145,0.77778
balanced_failure_replay,4,5,actuator_limit_failures,1152,0.87500,1.00000,0.05409,0.00000,0.00000,0.15866,0.00000
balanced_failure_replay,4,5,combined_tail_stress,1152,0.87500,0.72222,0.33915,0.58333,0.27778,0.11882,0.22222
balanced_failure_replay,4,5,compound_sensor_actuator_shift,1152,0.87500,0.88889,0.22352,0.43600,0.11111,0.11920,0.05556
balanced_failure_replay,4,5,fixture_geometry_shift,1152,0.87500,0.05556,0.32409,0.36522,0.94444,0.04493,0.33333
balanced_failure_replay,4,5,rare_mechanism_combo,1152,0.87500,0.72222,0.32111,0.43333,0.27778,0.09210,0.05556
balanced_failure_replay,4,5,out_of_distribution_tail,1152,0.87500,0.33333,0.34479,0.50444,0.66667,0.08299,0.05556
gradient_boosted_failure_active,4,0,nominal_task_balance,972,0.87500,1.00000,0.00000,0.00000,0.00000,0.05189,0.00000
gradient_boosted_failure_active,4,0,rare_slip_failures,972,0.87500,0.94444,0.13611,0.00000,0.05556,0.09164,0.00000
gradient_boosted_failure_active,4,0,jammed_fixture_failures,972,0.87500,0.00000,0.37779,0.44595,1.00000,0.15135,0.77778
gradient_boosted_failure_active,4,0,actuator_limit_failures,972,0.87500,1.00000,0.05573,0.00000,0.00000,0.15055,0.00000
gradient_boosted_failure_active,4,0,combined_tail_stress,972,0.87500,0.72222,0.34349,0.59333,0.27778,0.13189,0.22222
gradient_boosted_failure_active,4,0,compound_sensor_actuator_shift,972,0.87500,0.88889,0.22587,0.45200,0.11111,0.14093,0.05556
gradient_boosted_failure_active,4,0,fixture_geometry_shift,972,0.87500,0.05556,0.33997,0.37625,0.94444,0.04946,0.33333
gradient_boosted_failure_active,4,0,rare_mechanism_combo,972,0.87500,0.72222,0.32912,0.50333,0.27778,0.06201,0.05556
gradient_boosted_failure_active,4,0,out_of_distribution_tail,972,0.87500,0.33333,0.32484,0.42222,0.66667,0.08646,0.05556
gradient_boosted_failure_active,4,1,nominal_task_balance,1008,0.87500,1.00000,0.00000,0.00000,0.00000,0.05396,0.00000
gradient_boosted_failure_active,4,1,rare_slip_failures,1008,0.87500,0.94444,0.13611,0.00000,0.05556,0.07093,0.00000
gradient_boosted_failure_active,4,1,jammed_fixture_failures,1008,0.87500,0.00000,0.37951,0.44825,1.00000,0.17014,0.77778
gradient_boosted_failure_active,4,1,actuator_limit_failures,1008,0.87500,1.00000,0.05719,0.00000,0.00000,0.14565,0.00000
gradient_boosted_failure_active,4,1,combined_tail_stress,1008,0.87500,0.72222,0.33935,0.58333,0.27778,0.14298,0.22222
gradient_boosted_failure_active,4,1,compound_sensor_actuator_shift,1008,0.87500,0.88889,0.23566,0.46000,0.11111,0.13283,0.05556
gradient_boosted_failure_active,4,1,fixture_geometry_shift,1008,0.87500,0.05556,0.32427,0.36087,0.94444,0.04730,0.33333
gradient_boosted_failure_active,4,1,rare_mechanism_combo,1008,0.87500,0.72222,0.32603,0.47333,0.27778,0.08692,0.05556
gradient_boosted_failure_active,4,1,out_of_distribution_tail,1008,0.87500,0.33333,0.35331,0.60000,0.66667,0.09769,0.05556
gradient_boosted_failure_active,4,2,nominal_task_balance,1044,0.87500,1.00000,0.00000,0.00000,0.00000,0.05170,0.00000
gradient_boosted_failure_active,4,2,rare_slip_failures,1044,0.87500,0.94444,0.14203,0.00000,0.05556,0.06412,0.00000
gradient_boosted_failure_active,4,2,jammed_fixture_failures,1044,0.87500,0.00000,0.37052,0.44825,1.00000,0.17975,0.77778
gradient_boosted_failure_active,4,2,actuator_limit_failures,1044,0.87500,1.00000,0.05719,0.00000,0.00000,0.15084,0.00000
gradient_boosted_failure_active,4,2,combined_tail_stress,1044,0.87500,0.72222,0.33601,0.58333,0.27778,0.10604,0.22222
gradient_boosted_failure_active,4,2,compound_sensor_actuator_shift,1044,0.87500,0.88889,0.23452,0.46000,0.11111,0.14832,0.05556
gradient_boosted_failure_active,4,2,fixture_geometry_shift,1044,0.87500,0.05556,0.32523,0.36087,0.94444,0.04630,0.33333
gradient_boosted_failure_active,4,2,rare_mechanism_combo,1044,0.87500,0.72222,0.32914,0.47333,0.27778,0.07238,0.05556
gradient_boosted_failure_active,4,2,out_of_distribution_tail,1044,0.87500,0.33333,0.34671,0.53778,0.66667,0.11183,0.05556
gradient_boosted_failure_active,4,3,nominal_task_balance,1080,0.87500,1.00000,0.00000,0.00000,0.00000,0.04721,0.00000
gradient_boosted_failure_active,4,3,rare_slip_failures,1080,0.87500,0.94444,0.13976,0.00000,0.05556,0.09716,0.00000
gradient_boosted_failure_active,4,3,jammed_fixture_failures,1080,0.87500,0.00000,0.36897,0.44825,1.00000,0.18025,0.77778
gradient_boosted_failure_active,4,3,actuator_limit_failures,1080,0.87500,1.00000,0.05719,0.00000,0.00000,0.15173,0.00000
gradient_boosted_failure_active,4,3,combined_tail_stress,1080,0.87500,0.72222,0.33903,0.58333,0.27778,0.09122,0.22222
gradient_boosted_failure_active,4,3,compound_sensor_actuator_shift,1080,0.87500,0.88889,0.23054,0.46000,0.11111,0.15907,0.05556
gradient_boosted_failure_active,4,3,fixture_geometry_shift,1080,0.87500,0.05556,0.32375,0.36087,0.94444,0.04684,0.33333
gradient_boosted_failure_active,4,3,rare_mechanism_combo,1080,0.87500,0.72222,0.32163,0.47333,0.27778,0.07868,0.05556
gradient_boosted_failure_active,4,3,out_of_distribution_tail,1080,0.87500,0.33333,0.35422,0.54889,0.66667,0.12010,0.05556
gradient_boosted_failure_active,4,4,nominal_task_balance,1116,0.87500,1.00000,0.00000,0.00000,0.00000,0.05196,0.00000
gradient_boosted_failure_active,4,4,rare_slip_failures,1116,0.87500,0.88889,0.13976,0.00000,0.11111,0.06189,0.05556
gradient_boosted_failure_active,4,4,jammed_fixture_failures,1116,0.87500,0.05556,0.35842,0.42617,1.00000,0.17256,0.88889
gradient_boosted_failure_active,4,4,actuator_limit_failures,1116,0.87500,1.00000,0.05573,0.00000,0.00000,0.17289,0.00000
gradient_boosted_failure_active,4,4,combined_tail_stress,1116,0.87500,0.72222,0.32474,0.57333,0.27778,0.14570,0.16667
gradient_boosted_failure_active,4,4,compound_sensor_actuator_shift,1116,0.87500,0.83333,0.23593,0.45200,0.16667,0.14416,0.05556
gradient_boosted_failure_active,4,4,fixture_geometry_shift,1116,0.87500,0.05556,0.32657,0.36957,0.94444,0.04606,0.27778
gradient_boosted_failure_active,4,4,rare_mechanism_combo,1116,0.87500,0.38889,0.31740,0.45333,0.61111,0.08700,0.05556
gradient_boosted_failure_active,4,4,out_of_distribution_tail,1116,0.87500,0.22222,0.35102,0.54889,0.77778,0.11351,0.00000
gradient_boosted_failure_active,4,5,nominal_task_balance,1152,0.87500,1.00000,0.00000,0.00000,0.00000,0.05511,0.00000
gradient_boosted_failure_active,4,5,rare_slip_failures,1152,0.87500,0.94444,0.14174,0.00000,0.05556,0.05804,0.00000
gradient_boosted_failure_active,4,5,jammed_fixture_failures,1152,0.87500,0.00000,0.35060,0.41079,1.00000,0.16070,0.77778
gradient_boosted_failure_active,4,5,actuator_limit_failures,1152,0.87500,1.00000,0.05278,0.00000,0.00000,0.17663,0.00000
gradient_boosted_failure_active,4,5,combined_tail_stress,1152,0.87500,0.72222,0.33472,0.57000,0.27778,0.12265,0.22222
gradient_boosted_failure_active,4,5,compound_sensor_actuator_shift,1152,0.87500,0.88889,0.23251,0.45200,0.11111,0.13421,0.05556
gradient_boosted_failure_active,4,5,fixture_geometry_shift,1152,0.87500,0.05556,0.32799,0.36957,0.94444,0.04654,0.33333
gradient_boosted_failure_active,4,5,rare_mechanism_combo,1152,0.87500,0.72222,0.32124,0.47333,0.27778,0.10248,0.05556
gradient_boosted_failure_active,4,5,out_of_distribution_tail,1152,0.87500,0.33333,0.35004,0.54889,0.66667,0.10500,0.05556
random_forest_failure_active,4,0,nominal_task_balance,972,0.87500,1.00000,0.00000,0.00000,0.00000,0.05189,0.00000
random_forest_failure_active,4,0,rare_slip_failures,972,0.87500,0.94444,0.13611,0.00000,0.05556,0.09164,0.00000
random_forest_failure_active,4,0,jammed_fixture_failures,972,0.87500,0.00000,0.37779,0.44595,1.00000,0.15135,0.77778
random_forest_failure_active,4,0,actuator_limit_failures,972,0.87500,1.00000,0.05573,0.00000,0.00000,0.15055,0.00000
random_forest_failure_active,4,0,combined_tail_stress,972,0.87500,0.72222,0.34349,0.59333,0.27778,0.13189,0.22222
random_forest_failure_active,4,0,compound_sensor_actuator_shift,972,0.87500,0.88889,0.22587,0.45200,0.11111,0.14093,0.05556
random_forest_failure_active,4,0,fixture_geometry_shift,972,0.87500,0.05556,0.33997,0.37625,0.94444,0.04946,0.33333
random_forest_failure_active,4,0,rare_mechanism_combo,972,0.87500,0.72222,0.32912,0.50333,0.27778,0.06201,0.05556
random_forest_failure_active,4,0,out_of_distribution_tail,972,0.87500,0.33333,0.32484,0.42222,0.66667,0.08646,0.05556
random_forest_failure_active,4,1,nominal_task_balance,1008,0.87500,1.00000,0.00000,0.00000,0.00000,0.05611,0.00000
random_forest_failure_active,4,1,rare_slip_failures,1008,0.87500,0.94444,0.13810,0.00000,0.05556,0.07715,0.00000
random_forest_failure_active,4,1,jammed_fixture_failures,1008,0.87500,0.00000,0.38115,0.44825,1.00000,0.12059,0.77778
random_forest_failure_active,4,1,actuator_limit_failures,1008,0.87500,1.00000,0.05278,0.00000,0.00000,0.15468,0.00000
random_forest_failure_active,4,1,combined_tail_stress,1008,0.87500,0.72222,0.33297,0.58333,0.27778,0.13517,0.22222
random_forest_failure_active,4,1,compound_sensor_actuator_shift,1008,0.87500,0.88889,0.22606,0.41000,0.11111,0.13957,0.05556
random_forest_failure_active,4,1,fixture_geometry_shift,1008,0.87500,0.05556,0.33557,0.37625,0.94444,0.04647,0.33333
random_forest_failure_active,4,1,rare_mechanism_combo,1008,0.87500,0.72222,0.32545,0.50333,0.27778,0.07305,0.05556
random_forest_failure_active,4,1,out_of_distribution_tail,1008,0.87500,0.33333,0.32933,0.43333,0.66667,0.07504,0.05556
random_forest_failure_active,4,2,nominal_task_balance,1044,0.87500,1.00000,0.00000,0.00000,0.00000,0.06613,0.00000
random_forest_failure_active,4,2,rare_slip_failures,1044,0.87500,0.94444,0.13393,0.00000,0.05556,0.07104,0.00000
random_forest_failure_active,4,2,jammed_fixture_failures,1044,0.87500,0.00000,0.37851,0.45924,1.00000,0.11253,0.77778
random_forest_failure_active,4,2,actuator_limit_failures,1044,0.87500,1.00000,0.05882,0.00000,0.00000,0.15850,0.00000
random_forest_failure_active,4,2,combined_tail_stress,1044,0.87500,0.72222,0.33901,0.58333,0.27778,0.14512,0.22222
random_forest_failure_active,4,2,compound_sensor_actuator_shift,1044,0.87500,0.88889,0.22881,0.41000,0.11111,0.12159,0.05556
random_forest_failure_active,4,2,fixture_geometry_shift,1044,0.87500,0.05556,0.32626,0.36087,0.94444,0.04737,0.33333
random_forest_failure_active,4,2,rare_mechanism_combo,1044,0.87500,0.72222,0.32199,0.49333,0.27778,0.07056,0.05556
random_forest_failure_active,4,2,out_of_distribution_tail,1044,0.87500,0.33333,0.34514,0.55556,0.66667,0.09842,0.05556
random_forest_failure_active,4,3,nominal_task_balance,1080,0.87500,1.00000,0.00000,0.00000,0.00000,0.06561,0.00000
random_forest_failure_active,4,3,rare_slip_failures,1080,0.87500,0.94444,0.12912,0.00000,0.05556,0.07053,0.00000
random_forest_failure_active,4,3,jammed_fixture_failures,1080,0.87500,0.00000,0.38071,0.45924,1.00000,0.10058,0.77778
random_forest_failure_active,4,3,actuator_limit_failures,1080,0.87500,1.00000,0.05573,0.00000,0.00000,0.15618,0.00000
random_forest_failure_active,4,3,combined_tail_stress,1080,0.87500,0.72222,0.33831,0.57000,0.27778,0.15926,0.22222
random_forest_failure_active,4,3,compound_sensor_actuator_shift,1080,0.87500,0.88889,0.23156,0.41000,0.11111,0.09890,0.05556
random_forest_failure_active,4,3,fixture_geometry_shift,1080,0.87500,0.05556,0.32970,0.36087,0.94444,0.04814,0.33333
random_forest_failure_active,4,3,rare_mechanism_combo,1080,0.87500,0.72222,0.32217,0.49333,0.27778,0.08581,0.05556
random_forest_failure_active,4,3,out_of_distribution_tail,1080,0.87500,0.33333,0.34174,0.55556,0.66667,0.10360,0.05556
random_forest_failure_active,4,4,nominal_task_balance,1116,0.87500,1.00000,0.00000,0.00000,0.00000,0.06115,0.00000
random_forest_failure_active,4,4,rare_slip_failures,1116,0.87500,0.94444,0.12912,0.00000,0.05556,0.07737,0.00000
random_forest_failure_active,4,4,jammed_fixture_failures,1116,0.87500,0.00000,0.38705,0.45924,1.00000,0.09365,0.77778
random_forest_failure_active,4,4,actuator_limit_failures,1116,0.87500,1.00000,0.05573,0.00000,0.00000,0.15490,0.00000
random_forest_failure_active,4,4,combined_tail_stress,1116,0.87500,0.72222,0.34019,0.57000,0.27778,0.16842,0.22222
random_forest_failure_active,4,4,compound_sensor_actuator_shift,1116,0.87500,0.88889,0.21905,0.35200,0.11111,0.08225,0.05556
random_forest_failure_active,4,4,fixture_geometry_shift,1116,0.87500,0.05556,0.33865,0.37625,0.94444,0.05062,0.33333
random_forest_failure_active,4,4,rare_mechanism_combo,1116,0.87500,0.72222,0.32078,0.48333,0.27778,0.09320,0.05556
random_forest_failure_active,4,4,out_of_distribution_tail,1116,0.87500,0.33333,0.34623,0.60000,0.66667,0.10928,0.05556
random_forest_failure_active,4,5,nominal_task_balance,1152,0.87500,1.00000,0.00000,0.00000,0.00000,0.06567,0.00000
random_forest_failure_active,4,5,rare_slip_failures,1152,0.87500,0.94444,0.11818,0.00000,0.05556,0.08022,0.00000
random_forest_failure_active,4,5,jammed_fixture_failures,1152,0.87500,0.00000,0.38869,0.45464,1.00000,0.09305,0.77778
random_forest_failure_active,4,5,actuator_limit_failures,1152,0.87500,1.00000,0.06066,0.00000,0.00000,0.14704,0.00000
random_forest_failure_active,4,5,combined_tail_stress,1152,0.87500,0.72222,0.34035,0.56200,0.27778,0.17712,0.22222
random_forest_failure_active,4,5,compound_sensor_actuator_shift,1152,0.87500,0.88889,0.21047,0.34400,0.11111,0.07326,0.05556
random_forest_failure_active,4,5,fixture_geometry_shift,1152,0.87500,0.05556,0.34161,0.37625,0.94444,0.05190,0.33333
random_forest_failure_active,4,5,rare_mechanism_combo,1152,0.87500,0.72222,0.31520,0.47333,0.27778,0.07826,0.05556
random_forest_failure_active,4,5,out_of_distribution_tail,1152,0.87500,0.33333,0.34399,0.60000,0.66667,0.12234,0.05556
failure_stratified_engine,4,0,nominal_task_balance,972,0.87500,1.00000,0.00000,0.00000,0.00000,0.05189,0.00000
failure_stratified_engine,4,0,rare_slip_failures,972,0.87500,0.94444,0.13611,0.00000,0.05556,0.09164,0.00000
failure_stratified_engine,4,0,jammed_fixture_failures,972,0.87500,0.00000,0.37779,0.44595,1.00000,0.15135,0.77778
failure_stratified_engine,4,0,actuator_limit_failures,972,0.87500,1.00000,0.05573,0.00000,0.00000,0.15055,0.00000
failure_stratified_engine,4,0,combined_tail_stress,972,0.87500,0.72222,0.34349,0.59333,0.27778,0.13189,0.22222
failure_stratified_engine,4,0,compound_sensor_actuator_shift,972,0.87500,0.88889,0.22587,0.45200,0.11111,0.14093,0.05556
failure_stratified_engine,4,0,fixture_geometry_shift,972,0.87500,0.05556,0.33997,0.37625,0.94444,0.04946,0.33333
failure_stratified_engine,4,0,rare_mechanism_combo,972,0.87500,0.72222,0.32912,0.50333,0.27778,0.06201,0.05556
failure_stratified_engine,4,0,out_of_distribution_tail,972,0.87500,0.33333,0.32484,0.42222,0.66667,0.08646,0.05556
failure_stratified_engine,4,1,nominal_task_balance,1008,0.87500,1.00000,0.00000,0.00000,0.00000,0.05136,0.00000
failure_stratified_engine,4,1,rare_slip_failures,1008,0.87500,0.94444,0.13810,0.00000,0.05556,0.07572,0.00000
failure_stratified_engine,4,1,jammed_fixture_failures,1008,0.87500,0.00000,0.37734,0.44825,1.00000,0.14000,0.77778
failure_stratified_engine,4,1,actuator_limit_failures,1008,0.87500,1.00000,0.06203,0.00000,0.00000,0.14242,0.00000
failure_stratified_engine,4,1,combined_tail_stress,1008,0.87500,0.72222,0.33872,0.61333,0.27778,0.14317,0.22222
failure_stratified_engine,4,1,compound_sensor_actuator_shift,1008,0.87500,0.88889,0.22262,0.46000,0.11111,0.15667,0.05556
failure_stratified_engine,4,1,fixture_geometry_shift,1008,0.87500,0.05556,0.34424,0.37625,0.94444,0.04912,0.33333
failure_stratified_engine,4,1,rare_mechanism_combo,1008,0.87500,0.72222,0.32607,0.48333,0.27778,0.06639,0.05556
failure_stratified_engine,4,1,out_of_distribution_tail,1008,0.87500,0.33333,0.32213,0.43333,0.66667,0.07491,0.05556
failure_stratified_engine,4,2,nominal_task_balance,1044,0.87500,1.00000,0.00000,0.00000,0.00000,0.05749,0.00000
failure_stratified_engine,4,2,rare_slip_failures,1044,0.87500,0.94444,0.23631,0.20000,0.05556,0.06889,0.00000
failure_stratified_engine,4,2,jammed_fixture_failures,1044,0.87500,0.00000,0.38137,0.44825,1.00000,0.14253,0.77778
failure_stratified_engine,4,2,actuator_limit_failures,1044,0.87500,1.00000,0.06513,0.00000,0.00000,0.14465,0.00000
failure_stratified_engine,4,2,combined_tail_stress,1044,0.87500,0.72222,0.33447,0.60333,0.27778,0.15826,0.22222
failure_stratified_engine,4,2,compound_sensor_actuator_shift,1044,0.87500,0.88889,0.22294,0.46000,0.11111,0.17102,0.05556
failure_stratified_engine,4,2,fixture_geometry_shift,1044,0.87500,0.05556,0.32628,0.36087,0.94444,0.05179,0.33333
failure_stratified_engine,4,2,rare_mechanism_combo,1044,0.87500,0.72222,0.32324,0.48333,0.27778,0.06452,0.05556
failure_stratified_engine,4,2,out_of_distribution_tail,1044,0.87500,0.33333,0.35270,0.55556,0.66667,0.07179,0.05556
failure_stratified_engine,4,3,nominal_task_balance,1080,0.87500,1.00000,0.00000,0.00000,0.00000,0.05235,0.00000
failure_stratified_engine,4,3,rare_slip_failures,1080,0.87500,0.94444,0.19534,0.10000,0.05556,0.07245,0.00000
failure_stratified_engine,4,3,jammed_fixture_failures,1080,0.87500,0.00000,0.37422,0.43286,1.00000,0.14634,0.77778
failure_stratified_engine,4,3,actuator_limit_failures,1080,0.87500,1.00000,0.04864,0.00000,0.00000,0.14962,0.00000
failure_stratified_engine,4,3,combined_tail_stress,1080,0.87500,0.72222,0.33115,0.60333,0.27778,0.17195,0.22222
failure_stratified_engine,4,3,compound_sensor_actuator_shift,1080,0.87500,0.88889,0.22651,0.46000,0.11111,0.15322,0.05556
failure_stratified_engine,4,3,fixture_geometry_shift,1080,0.87500,0.05556,0.32840,0.36087,0.94444,0.04519,0.33333
failure_stratified_engine,4,3,rare_mechanism_combo,1080,0.87500,0.72222,0.32676,0.48333,0.27778,0.09499,0.05556
failure_stratified_engine,4,3,out_of_distribution_tail,1080,0.87500,0.33333,0.35080,0.51556,0.66667,0.09369,0.05556
failure_stratified_engine,4,4,nominal_task_balance,1116,0.87500,1.00000,0.00000,0.00000,0.00000,0.04442,0.00000
failure_stratified_engine,4,4,rare_slip_failures,1116,0.87500,0.94444,0.23106,0.20000,0.05556,0.08543,0.00000
failure_stratified_engine,4,4,jammed_fixture_failures,1116,0.87500,0.00000,0.36904,0.43286,1.00000,0.15313,0.77778
failure_stratified_engine,4,4,actuator_limit_failures,1116,0.87500,1.00000,0.04864,0.00000,0.00000,0.13479,0.00000
failure_stratified_engine,4,4,combined_tail_stress,1116,0.87500,0.72222,0.32032,0.58333,0.27778,0.18524,0.22222
failure_stratified_engine,4,4,compound_sensor_actuator_shift,1116,0.87500,0.88889,0.22182,0.47600,0.11111,0.14105,0.05556
failure_stratified_engine,4,4,fixture_geometry_shift,1116,0.87500,0.05556,0.33114,0.36087,0.94444,0.04413,0.33333
failure_stratified_engine,4,4,rare_mechanism_combo,1116,0.87500,0.72222,0.31919,0.48333,0.27778,0.08754,0.05556
failure_stratified_engine,4,4,out_of_distribution_tail,1116,0.87500,0.33333,0.34239,0.51556,0.66667,0.09281,0.05556
failure_stratified_engine,4,5,nominal_task_balance,1152,0.87500,1.00000,0.00000,0.00000,0.00000,0.04863,0.00000
failure_stratified_engine,4,5,rare_slip_failures,1152,0.87500,0.94444,0.21639,0.20000,0.05556,0.06998,0.00000
failure_stratified_engine,4,5,jammed_fixture_failures,1152,0.87500,0.00000,0.35837,0.40209,1.00000,0.15946,0.77778
failure_stratified_engine,4,5,actuator_limit_failures,1152,0.87500,1.00000,0.04864,0.00000,0.00000,0.12800,0.00000
failure_stratified_engine,4,5,combined_tail_stress,1152,0.87500,0.72222,0.32008,0.58333,0.27778,0.19982,0.22222
failure_stratified_engine,4,5,compound_sensor_actuator_shift,1152,0.87500,0.88889,0.20624,0.47600,0.11111,0.15130,0.05556
failure_stratified_engine,4,5,fixture_geometry_shift,1152,0.87500,0.05556,0.33085,0.35652,0.94444,0.04407,0.33333
failure_stratified_engine,4,5,rare_mechanism_combo,1152,0.87500,0.72222,0.31811,0.49333,0.27778,0.10431,0.05556
failure_stratified_engine,4,5,out_of_distribution_tail,1152,0.87500,0.33333,0.33768,0.50444,0.66667,0.08875,0.05556
failure_stratified_engine_v5,4,0,nominal_task_balance,972,0.87500,1.00000,0.00000,0.00000,0.00000,0.05189,0.00000
failure_stratified_engine_v5,4,0,rare_slip_failures,972,0.87500,0.94444,0.13611,0.00000,0.05556,0.09164,0.00000
failure_stratified_engine_v5,4,0,jammed_fixture_failures,972,0.87500,0.00000,0.37779,0.44595,1.00000,0.15135,0.77778
failure_stratified_engine_v5,4,0,actuator_limit_failures,972,0.87500,1.00000,0.05573,0.00000,0.00000,0.15055,0.00000
failure_stratified_engine_v5,4,0,combined_tail_stress,972,0.87500,0.72222,0.34349,0.59333,0.27778,0.13189,0.22222
failure_stratified_engine_v5,4,0,compound_sensor_actuator_shift,972,0.87500,0.88889,0.22587,0.45200,0.11111,0.14093,0.05556
failure_stratified_engine_v5,4,0,fixture_geometry_shift,972,0.87500,0.05556,0.33997,0.37625,0.94444,0.04946,0.33333
failure_stratified_engine_v5,4,0,rare_mechanism_combo,972,0.87500,0.72222,0.32912,0.50333,0.27778,0.06201,0.05556
failure_stratified_engine_v5,4,0,out_of_distribution_tail,972,0.87500,0.33333,0.32484,0.42222,0.66667,0.08646,0.05556
failure_stratified_engine_v5,4,1,nominal_task_balance,1008,0.87500,1.00000,0.00000,0.00000,0.00000,0.05417,0.00000
failure_stratified_engine_v5,4,1,rare_slip_failures,1008,0.87500,0.94444,0.13611,0.00000,0.05556,0.07141,0.00000
failure_stratified_engine_v5,4,1,jammed_fixture_failures,1008,0.87500,0.00000,0.37776,0.44156,1.00000,0.16244,0.77778
failure_stratified_engine_v5,4,1,actuator_limit_failures,1008,0.87500,1.00000,0.05719,0.00000,0.00000,0.14458,0.00000
failure_stratified_engine_v5,4,1,combined_tail_stress,1008,0.87500,0.72222,0.33833,0.58333,0.27778,0.12603,0.22222
failure_stratified_engine_v5,4,1,compound_sensor_actuator_shift,1008,0.87500,0.88889,0.23198,0.45200,0.11111,0.12665,0.05556
failure_stratified_engine_v5,4,1,fixture_geometry_shift,1008,0.87500,0.05556,0.32351,0.36087,0.94444,0.05038,0.33333
failure_stratified_engine_v5,4,1,rare_mechanism_combo,1008,0.87500,0.72222,0.32016,0.46333,0.27778,0.10474,0.05556
failure_stratified_engine_v5,4,1,out_of_distribution_tail,1008,0.87500,0.33333,0.34418,0.56000,0.66667,0.08968,0.05556
failure_stratified_engine_v5,4,2,nominal_task_balance,1044,0.87500,1.00000,0.00000,0.00000,0.00000,0.06477,0.00000
failure_stratified_engine_v5,4,2,rare_slip_failures,1044,0.87500,0.94444,0.22454,0.20000,0.05556,0.06497,0.00000
failure_stratified_engine_v5,4,2,jammed_fixture_failures,1044,0.87500,0.00000,0.36368,0.43286,1.00000,0.17763,0.77778
failure_stratified_engine_v5,4,2,actuator_limit_failures,1044,0.87500,1.00000,0.05882,0.00000,0.00000,0.15808,0.00000
failure_stratified_engine_v5,4,2,combined_tail_stress,1044,0.87500,0.72222,0.33541,0.57533,0.27778,0.10557,0.22222
failure_stratified_engine_v5,4,2,compound_sensor_actuator_shift,1044,0.87500,0.88889,0.23765,0.44400,0.11111,0.12783,0.05556
failure_stratified_engine_v5,4,2,fixture_geometry_shift,1044,0.87500,0.05556,0.32500,0.36087,0.94444,0.04373,0.33333
failure_stratified_engine_v5,4,2,rare_mechanism_combo,1044,0.87500,0.72222,0.32246,0.54000,0.27778,0.06673,0.05556
failure_stratified_engine_v5,4,2,out_of_distribution_tail,1044,0.87500,0.33333,0.34808,0.56000,0.66667,0.09135,0.05556
failure_stratified_engine_v5,4,3,nominal_task_balance,1080,0.87500,1.00000,0.00000,0.00000,0.00000,0.05525,0.00000
failure_stratified_engine_v5,4,3,rare_slip_failures,1080,0.87500,0.94444,0.24028,0.40000,0.05556,0.07151,0.00000
failure_stratified_engine_v5,4,3,jammed_fixture_failures,1080,0.87500,0.00000,0.36274,0.42617,1.00000,0.17797,0.77778
failure_stratified_engine_v5,4,3,actuator_limit_failures,1080,0.87500,1.00000,0.05882,0.00000,0.00000,0.15737,0.00000
failure_stratified_engine_v5,4,3,combined_tail_stress,1080,0.87500,0.72222,0.33910,0.57533,0.27778,0.13061,0.22222
failure_stratified_engine_v5,4,3,compound_sensor_actuator_shift,1080,0.87500,0.88889,0.22924,0.42800,0.11111,0.13767,0.05556
failure_stratified_engine_v5,4,3,fixture_geometry_shift,1080,0.87500,0.05556,0.32493,0.36087,0.94444,0.04349,0.33333
failure_stratified_engine_v5,4,3,rare_mechanism_combo,1080,0.87500,0.72222,0.32213,0.48333,0.27778,0.08609,0.05556
failure_stratified_engine_v5,4,3,out_of_distribution_tail,1080,0.87500,0.33333,0.34770,0.56000,0.66667,0.09611,0.05556
failure_stratified_engine_v5,4,4,nominal_task_balance,1116,0.87500,1.00000,0.00000,0.00000,0.00000,0.07029,0.00000
failure_stratified_engine_v5,4,4,rare_slip_failures,1116,0.87500,0.94444,0.24195,0.40000,0.05556,0.08417,0.00000
failure_stratified_engine_v5,4,4,jammed_fixture_failures,1116,0.87500,0.00000,0.35494,0.40849,1.00000,0.18338,0.77778
failure_stratified_engine_v5,4,4,actuator_limit_failures,1116,0.87500,1.00000,0.06066,0.00000,0.00000,0.15921,0.00000
failure_stratified_engine_v5,4,4,combined_tail_stress,1116,0.87500,0.72222,0.33210,0.56733,0.27778,0.14764,0.22222
failure_stratified_engine_v5,4,4,compound_sensor_actuator_shift,1116,0.87500,0.88889,0.23046,0.44400,0.11111,0.11108,0.05556
failure_stratified_engine_v5,4,4,fixture_geometry_shift,1116,0.87500,0.05556,0.32429,0.36087,0.94444,0.04374,0.33333
failure_stratified_engine_v5,4,4,rare_mechanism_combo,1116,0.87500,0.72222,0.32524,0.51333,0.27778,0.10777,0.05556
failure_stratified_engine_v5,4,4,out_of_distribution_tail,1116,0.87500,0.33333,0.34920,0.54889,0.66667,0.07929,0.05556
failure_stratified_engine_v5,4,5,nominal_task_balance,1152,0.87500,1.00000,0.00000,0.00000,0.00000,0.07080,0.00000
failure_stratified_engine_v5,4,5,rare_slip_failures,1152,0.87500,0.94444,0.24516,0.40000,0.05556,0.07970,0.00000
failure_stratified_engine_v5,4,5,jammed_fixture_failures,1152,0.87500,0.00000,0.36721,0.40619,1.00000,0.18372,0.77778
failure_stratified_engine_v5,4,5,actuator_limit_failures,1152,0.87500,1.00000,0.06066,0.00000,0.00000,0.15995,0.00000
failure_stratified_engine_v5,4,5,combined_tail_stress,1152,0.87500,0.72222,0.33571,0.57533,0.27778,0.14326,0.22222
failure_stratified_engine_v5,4,5,compound_sensor_actuator_shift,1152,0.87500,0.88889,0.23413,0.44400,0.11111,0.12444,0.05556
failure_stratified_engine_v5,4,5,fixture_geometry_shift,1152,0.87500,0.05556,0.32429,0.36087,0.94444,0.04467,0.33333
failure_stratified_engine_v5,4,5,rare_mechanism_combo,1152,0.87500,0.72222,0.32485,0.50333,0.27778,0.10266,0.05556
failure_stratified_engine_v5,4,5,out_of_distribution_tail,1152,0.87500,0.33333,0.35243,0.58889,0.66667,0.08695,0.05556
oracle_failure_strata,4,0,nominal_task_balance,972,0.87500,1.00000,0.00000,0.00000,0.00000,0.05189,0.00000
oracle_failure_strata,4,0,rare_slip_failures,972,0.87500,0.94444,0.13611,0.00000,0.05556,0.09164,0.00000
oracle_failure_strata,4,0,jammed_fixture_failures,972,0.87500,0.00000,0.37779,0.44595,1.00000,0.15135,0.77778
oracle_failure_strata,4,0,actuator_limit_failures,972,0.87500,1.00000,0.05573,0.00000,0.00000,0.15055,0.00000
oracle_failure_strata,4,0,combined_tail_stress,972,0.87500,0.72222,0.34349,0.59333,0.27778,0.13189,0.22222
oracle_failure_strata,4,0,compound_sensor_actuator_shift,972,0.87500,0.88889,0.22587,0.45200,0.11111,0.14093,0.05556
oracle_failure_strata,4,0,fixture_geometry_shift,972,0.87500,0.05556,0.33997,0.37625,0.94444,0.04946,0.33333
oracle_failure_strata,4,0,rare_mechanism_combo,972,0.87500,0.72222,0.32912,0.50333,0.27778,0.06201,0.05556
oracle_failure_strata,4,0,out_of_distribution_tail,972,0.87500,0.33333,0.32484,0.42222,0.66667,0.08646,0.05556
oracle_failure_strata,4,1,nominal_task_balance,1008,0.87500,1.00000,0.00000,0.00000,0.00000,0.05388,0.00000
oracle_failure_strata,4,1,rare_slip_failures,1008,0.87500,0.94444,0.13095,0.00000,0.05556,0.07568,0.00000
oracle_failure_strata,4,1,jammed_fixture_failures,1008,0.87500,0.00000,0.37618,0.45234,1.00000,0.16663,0.77778
oracle_failure_strata,4,1,actuator_limit_failures,1008,0.87500,1.00000,0.04417,0.00000,0.00000,0.14955,0.00000
oracle_failure_strata,4,1,combined_tail_stress,1008,0.87500,0.72222,0.34396,0.66333,0.27778,0.13200,0.22222
oracle_failure_strata,4,1,compound_sensor_actuator_shift,1008,0.87500,0.88889,0.21081,0.58400,0.11111,0.19928,0.05556
oracle_failure_strata,4,1,fixture_geometry_shift,1008,0.87500,0.05556,0.32691,0.35217,0.94444,0.06039,0.33333
oracle_failure_strata,4,1,rare_mechanism_combo,1008,0.87500,0.72222,0.32888,0.51333,0.27778,0.07031,0.05556
oracle_failure_strata,4,1,out_of_distribution_tail,1008,0.87500,0.33333,0.32718,0.43333,0.66667,0.05768,0.05556
oracle_failure_strata,4,2,nominal_task_balance,1044,0.87500,1.00000,0.00000,0.00000,0.00000,0.06175,0.00000
oracle_failure_strata,4,2,rare_slip_failures,1044,0.87500,0.94444,0.12727,0.00000,0.05556,0.08250,0.00000
oracle_failure_strata,4,2,jammed_fixture_failures,1044,0.87500,0.00000,0.37967,0.43495,1.00000,0.18768,0.77778
oracle_failure_strata,4,2,actuator_limit_failures,1044,0.87500,1.00000,0.04555,0.00000,0.00000,0.14353,0.00000
oracle_failure_strata,4,2,combined_tail_stress,1044,0.87500,0.72222,0.32700,0.59333,0.27778,0.13212,0.22222
oracle_failure_strata,4,2,compound_sensor_actuator_shift,1044,0.87500,0.88889,0.20089,0.62500,0.11111,0.25286,0.05556
oracle_failure_strata,4,2,fixture_geometry_shift,1044,0.87500,0.05556,0.33051,0.34783,0.94444,0.07001,0.33333
oracle_failure_strata,4,2,rare_mechanism_combo,1044,0.87500,0.72222,0.32725,0.50333,0.27778,0.05953,0.05556
oracle_failure_strata,4,2,out_of_distribution_tail,1044,0.87500,0.33333,0.32051,0.42222,0.66667,0.04299,0.05556
oracle_failure_strata,4,3,nominal_task_balance,1080,0.87500,1.00000,0.00000,0.00000,0.00000,0.06818,0.00000
oracle_failure_strata,4,3,rare_slip_failures,1080,0.87500,0.94444,0.22995,0.30000,0.05556,0.07316,0.00000
oracle_failure_strata,4,3,jammed_fixture_failures,1080,0.87500,0.00000,0.37871,0.43035,1.00000,0.19672,0.77778
oracle_failure_strata,4,3,actuator_limit_failures,1080,0.87500,1.00000,0.05214,0.00000,0.00000,0.13666,0.00000
oracle_failure_strata,4,3,combined_tail_stress,1080,0.87500,0.72222,0.31696,0.58333,0.27778,0.10870,0.22222
oracle_failure_strata,4,3,compound_sensor_actuator_shift,1080,0.87500,0.88889,0.20335,0.62500,0.11111,0.24928,0.05556
oracle_failure_strata,4,3,fixture_geometry_shift,1080,0.87500,0.05556,0.32713,0.34348,0.94444,0.06758,0.33333
oracle_failure_strata,4,3,rare_mechanism_combo,1080,0.87500,0.72222,0.31915,0.49333,0.27778,0.05337,0.05556
oracle_failure_strata,4,3,out_of_distribution_tail,1080,0.87500,0.33333,0.33155,0.58889,0.66667,0.07593,0.05556
oracle_failure_strata,4,4,nominal_task_balance,1116,0.87500,1.00000,0.03846,0.00000,0.00000,0.06594,0.00000
oracle_failure_strata,4,4,rare_slip_failures,1116,0.87500,0.94444,0.24956,0.50000,0.05556,0.09630,0.00000
oracle_failure_strata,4,4,jammed_fixture_failures,1116,0.87500,0.00000,0.37814,0.45443,1.00000,0.17919,0.77778
oracle_failure_strata,4,4,actuator_limit_failures,1116,0.87500,1.00000,0.04864,0.00000,0.00000,0.14147,0.00000
oracle_failure_strata,4,4,combined_tail_stress,1116,0.87500,0.72222,0.33204,0.58333,0.27778,0.09317,0.22222
oracle_failure_strata,4,4,compound_sensor_actuator_shift,1116,0.87500,0.88889,0.20032,0.62500,0.11111,0.25868,0.05556
oracle_failure_strata,4,4,fixture_geometry_shift,1116,0.87500,0.05556,0.32231,0.33043,0.94444,0.05349,0.33333
oracle_failure_strata,4,4,rare_mechanism_combo,1116,0.87500,0.72222,0.32409,0.50333,0.27778,0.04423,0.05556
oracle_failure_strata,4,4,out_of_distribution_tail,1116,0.87500,0.33333,0.32831,0.52222,0.66667,0.10012,0.05556
oracle_failure_strata,4,5,nominal_task_balance,1152,0.87500,1.00000,0.03846,0.00000,0.00000,0.06671,0.00000
oracle_failure_strata,4,5,rare_slip_failures,1152,0.87500,0.94444,0.25117,0.50000,0.05556,0.09861,0.00000
oracle_failure_strata,4,5,jammed_fixture_failures,1152,0.87500,0.00000,0.38102,0.45673,1.00000,0.15191,0.77778
oracle_failure_strata,4,5,actuator_limit_failures,1152,0.87500,1.00000,0.04864,0.00000,0.00000,0.14079,0.00000
oracle_failure_strata,4,5,combined_tail_stress,1152,0.87500,0.72222,0.33815,0.58333,0.27778,0.09319,0.22222
oracle_failure_strata,4,5,compound_sensor_actuator_shift,1152,0.87500,0.88889,0.20102,0.62500,0.11111,0.24591,0.05556
oracle_failure_strata,4,5,fixture_geometry_shift,1152,0.87500,0.05556,0.34806,0.35686,0.94444,0.04258,0.33333
oracle_failure_strata,4,5,rare_mechanism_combo,1152,0.87500,0.72222,0.31549,0.49333,0.27778,0.05692,0.05556
oracle_failure_strata,4,5,out_of_distribution_tail,1152,0.87500,0.33333,0.32911,0.54444,0.66667,0.09801,0.05556
greedy_oracle_success_upper,4,0,nominal_task_balance,972,0.87500,1.00000,0.00000,0.00000,0.00000,0.05189,0.00000
greedy_oracle_success_upper,4,0,rare_slip_failures,972,0.87500,0.94444,0.13611,0.00000,0.05556,0.09164,0.00000
greedy_oracle_success_upper,4,0,jammed_fixture_failures,972,0.87500,0.00000,0.37779,0.44595,1.00000,0.15135,0.77778
greedy_oracle_success_upper,4,0,actuator_limit_failures,972,0.87500,1.00000,0.05573,0.00000,0.00000,0.15055,0.00000
greedy_oracle_success_upper,4,0,combined_tail_stress,972,0.87500,0.72222,0.34349,0.59333,0.27778,0.13189,0.22222
greedy_oracle_success_upper,4,0,compound_sensor_actuator_shift,972,0.87500,0.88889,0.22587,0.45200,0.11111,0.14093,0.05556
greedy_oracle_success_upper,4,0,fixture_geometry_shift,972,0.87500,0.05556,0.33997,0.37625,0.94444,0.04946,0.33333
greedy_oracle_success_upper,4,0,rare_mechanism_combo,972,0.87500,0.72222,0.32912,0.50333,0.27778,0.06201,0.05556
greedy_oracle_success_upper,4,0,out_of_distribution_tail,972,0.87500,0.33333,0.32484,0.42222,0.66667,0.08646,0.05556
greedy_oracle_success_upper,4,1,nominal_task_balance,1008,0.87500,1.00000,0.00000,0.00000,0.00000,0.06046,0.00000
greedy_oracle_success_upper,4,1,rare_slip_failures,1008,0.87500,0.94444,0.13095,0.00000,0.05556,0.09318,0.00000
greedy_oracle_success_upper,4,1,jammed_fixture_failures,1008,0.87500,0.00000,0.36841,0.42826,1.00000,0.18215,0.77778
greedy_oracle_success_upper,4,1,actuator_limit_failures,1008,0.87500,1.00000,0.04286,0.00000,0.00000,0.14887,0.00000
greedy_oracle_success_upper,4,1,combined_tail_stress,1008,0.87500,0.72222,0.32761,0.58333,0.27778,0.09686,0.22222
greedy_oracle_success_upper,4,1,compound_sensor_actuator_shift,1008,0.87500,0.88889,0.20725,0.60000,0.11111,0.19770,0.05556
greedy_oracle_success_upper,4,1,fixture_geometry_shift,1008,0.87500,0.05556,0.32691,0.35217,0.94444,0.05928,0.33333
greedy_oracle_success_upper,4,1,rare_mechanism_combo,1008,0.87500,0.72222,0.32632,0.51333,0.27778,0.07328,0.05556
greedy_oracle_success_upper,4,1,out_of_distribution_tail,1008,0.87500,0.33333,0.33525,0.46667,0.66667,0.03703,0.05556
greedy_oracle_success_upper,4,2,nominal_task_balance,1044,0.87500,1.00000,0.00000,0.00000,0.00000,0.05944,0.00000
greedy_oracle_success_upper,4,2,rare_slip_failures,1044,0.87500,0.94444,0.22995,0.30000,0.05556,0.10360,0.00000
greedy_oracle_success_upper,4,2,jammed_fixture_failures,1044,0.87500,0.00000,0.38364,0.43035,1.00000,0.19327,0.77778
greedy_oracle_success_upper,4,2,actuator_limit_failures,1044,0.87500,1.00000,0.04864,0.00000,0.00000,0.14254,0.00000
greedy_oracle_success_upper,4,2,combined_tail_stress,1044,0.87500,0.72222,0.32789,0.58333,0.27778,0.11116,0.22222
greedy_oracle_success_upper,4,2,compound_sensor_actuator_shift,1044,0.87500,0.88889,0.20682,0.62500,0.11111,0.22769,0.05556
greedy_oracle_success_upper,4,2,fixture_geometry_shift,1044,0.87500,0.05556,0.32597,0.34783,0.94444,0.06061,0.33333
greedy_oracle_success_upper,4,2,rare_mechanism_combo,1044,0.87500,0.72222,0.33118,0.51333,0.27778,0.04930,0.05556
greedy_oracle_success_upper,4,2,out_of_distribution_tail,1044,0.87500,0.33333,0.34273,0.58889,0.66667,0.06088,0.05556
greedy_oracle_success_upper,4,3,nominal_task_balance,1080,0.87500,1.00000,0.00000,0.00000,0.00000,0.04580,0.00000
greedy_oracle_success_upper,4,3,rare_slip_failures,1080,0.87500,0.94444,0.19903,0.30000,0.05556,0.07282,0.00000
greedy_oracle_success_upper,4,3,jammed_fixture_failures,1080,0.87500,0.00000,0.38163,0.43035,1.00000,0.19620,0.77778
greedy_oracle_success_upper,4,3,actuator_limit_failures,1080,0.87500,1.00000,0.05214,0.00000,0.00000,0.13871,0.00000
greedy_oracle_success_upper,4,3,combined_tail_stress,1080,0.87500,0.72222,0.32713,0.59333,0.27778,0.12863,0.22222
greedy_oracle_success_upper,4,3,compound_sensor_actuator_shift,1080,0.87500,0.88889,0.18912,0.60000,0.11111,0.24858,0.05556
greedy_oracle_success_upper,4,3,fixture_geometry_shift,1080,0.87500,0.05556,0.32713,0.34348,0.94444,0.06693,0.33333
greedy_oracle_success_upper,4,3,rare_mechanism_combo,1080,0.87500,0.72222,0.32034,0.51333,0.27778,0.04705,0.05556
greedy_oracle_success_upper,4,3,out_of_distribution_tail,1080,0.87500,0.33333,0.33308,0.58889,0.66667,0.05321,0.05556
greedy_oracle_success_upper,4,4,nominal_task_balance,1116,0.87500,1.00000,0.00000,0.00000,0.00000,0.04358,0.00000
greedy_oracle_success_upper,4,4,rare_slip_failures,1116,0.87500,0.94444,0.21259,0.30000,0.05556,0.08820,0.00000
greedy_oracle_success_upper,4,4,jammed_fixture_failures,1116,0.87500,0.00000,0.37443,0.43035,1.00000,0.20412,0.77778
greedy_oracle_success_upper,4,4,actuator_limit_failures,1116,0.87500,1.00000,0.05025,0.00000,0.00000,0.13942,0.00000
greedy_oracle_success_upper,4,4,combined_tail_stress,1116,0.87500,0.72222,0.31929,0.58333,0.27778,0.11045,0.22222
greedy_oracle_success_upper,4,4,compound_sensor_actuator_shift,1116,0.87500,0.88889,0.19100,0.60000,0.11111,0.23424,0.05556
greedy_oracle_success_upper,4,4,fixture_geometry_shift,1116,0.87500,0.05556,0.34283,0.36756,0.94444,0.06738,0.33333
greedy_oracle_success_upper,4,4,rare_mechanism_combo,1116,0.87500,0.72222,0.31170,0.51333,0.27778,0.11145,0.05556
greedy_oracle_success_upper,4,4,out_of_distribution_tail,1116,0.87500,0.33333,0.33567,0.58889,0.66667,0.06854,0.05556
greedy_oracle_success_upper,4,5,nominal_task_balance,1152,0.87500,1.00000,0.00000,0.00000,0.00000,0.05944,0.00000
greedy_oracle_success_upper,4,5,rare_slip_failures,1152,0.87500,0.94444,0.20505,0.40000,0.05556,0.09861,0.00000
greedy_oracle_success_upper,4,5,jammed_fixture_failures,1152,0.87500,0.00000,0.37721,0.43905,1.00000,0.19238,0.77778
greedy_oracle_success_upper,4,5,actuator_limit_failures,1152,0.87500,1.00000,0.05025,0.00000,0.00000,0.14414,0.00000
greedy_oracle_success_upper,4,5,combined_tail_stress,1152,0.87500,0.72222,0.33916,0.61333,0.27778,0.11467,0.22222
greedy_oracle_success_upper,4,5,compound_sensor_actuator_shift,1152,0.87500,0.88889,0.18717,0.60000,0.11111,0.25249,0.05556
greedy_oracle_success_upper,4,5,fixture_geometry_shift,1152,0.87500,0.05556,0.34265,0.35886,0.94444,0.05613,0.33333
greedy_oracle_success_upper,4,5,rare_mechanism_combo,1152,0.87500,0.72222,0.31384,0.51333,0.27778,0.09567,0.05556
greedy_oracle_success_upper,4,5,out_of_distribution_tail,1152,0.87500,0.33333,0.33355,0.58889,0.66667,0.05296,0.05556
random_sampling,5,0,nominal_task_balance,972,0.87500,1.00000,0.00000,0.00000,0.00000,0.03524,0.00000
random_sampling,5,0,rare_slip_failures,972,0.87500,0.88889,0.18674,0.20000,0.11111,0.12192,0.00000
random_sampling,5,0,jammed_fixture_failures,972,0.87500,0.00000,0.38738,0.45704,1.00000,0.19477,0.94444
random_sampling,5,0,actuator_limit_failures,972,0.87500,1.00000,0.06500,0.00000,0.00000,0.08972,0.00000
random_sampling,5,0,combined_tail_stress,972,0.87500,0.66667,0.31471,0.74286,0.33333,0.28275,0.16667
random_sampling,5,0,compound_sensor_actuator_shift,972,0.87500,0.66667,0.26954,0.35040,0.33333,0.19215,0.22222
random_sampling,5,0,fixture_geometry_shift,972,0.87500,0.05556,0.33962,0.38000,0.94444,0.00425,0.27778
random_sampling,5,0,rare_mechanism_combo,972,0.87500,0.66667,0.31503,0.53333,0.33333,0.10440,0.00000
random_sampling,5,0,out_of_distribution_tail,972,0.87500,0.61111,0.32066,0.33571,0.38889,0.08748,0.00000
random_sampling,5,1,nominal_task_balance,1008,0.87500,1.00000,0.00000,0.00000,0.00000,0.03573,0.00000
random_sampling,5,1,rare_slip_failures,1008,0.87500,0.88889,0.19597,0.20000,0.11111,0.11593,0.00000
random_sampling,5,1,jammed_fixture_failures,1008,0.87500,0.00000,0.38596,0.44166,1.00000,0.19743,0.94444
random_sampling,5,1,actuator_limit_failures,1008,0.87500,1.00000,0.07571,0.00000,0.00000,0.09282,0.00000
random_sampling,5,1,combined_tail_stress,1008,0.87500,0.66667,0.31319,0.72857,0.33333,0.28521,0.16667
random_sampling,5,1,compound_sensor_actuator_shift,1008,0.87500,0.66667,0.28256,0.38449,0.33333,0.19625,0.22222
random_sampling,5,1,fixture_geometry_shift,1008,0.87500,0.05556,0.34318,0.38500,0.94444,0.00325,0.27778
random_sampling,5,1,rare_mechanism_combo,1008,0.87500,0.66667,0.32091,0.57778,0.33333,0.06983,0.00000
random_sampling,5,1,out_of_distribution_tail,1008,0.87500,0.61111,0.32148,0.36429,0.38889,0.09636,0.00000
random_sampling,5,2,nominal_task_balance,1044,0.87500,1.00000,0.00000,0.00000,0.00000,0.03590,0.00000
random_sampling,5,2,rare_slip_failures,1044,0.87500,0.88889,0.18803,0.20000,0.11111,0.12177,0.00000
random_sampling,5,2,jammed_fixture_failures,1044,0.87500,0.00000,0.38236,0.42627,1.00000,0.19185,0.94444
random_sampling,5,2,actuator_limit_failures,1044,0.87500,1.00000,0.07571,0.00000,0.00000,0.08460,0.00000
random_sampling,5,2,combined_tail_stress,1044,0.87500,0.66667,0.31262,0.72857,0.33333,0.28051,0.16667
random_sampling,5,2,compound_sensor_actuator_shift,1044,0.87500,0.66667,0.26436,0.35040,0.33333,0.19383,0.22222
random_sampling,5,2,fixture_geometry_shift,1044,0.87500,0.05556,0.34178,0.38000,0.94444,0.00484,0.27778
random_sampling,5,2,rare_mechanism_combo,1044,0.87500,0.66667,0.31953,0.57778,0.33333,0.08402,0.00000
random_sampling,5,2,out_of_distribution_tail,1044,0.87500,0.61111,0.32385,0.40952,0.38889,0.12831,0.00000
random_sampling,5,3,nominal_task_balance,1080,0.87500,1.00000,0.00000,0.00000,0.00000,0.03584,0.00000
random_sampling,5,3,rare_slip_failures,1080,0.87500,0.88889,0.18803,0.20000,0.11111,0.11464,0.00000
random_sampling,5,3,jammed_fixture_failures,1080,0.87500,0.00000,0.38366,0.42627,1.00000,0.19167,0.94444
random_sampling,5,3,actuator_limit_failures,1080,0.87500,1.00000,0.07571,0.00000,0.00000,0.08680,0.00000
random_sampling,5,3,combined_tail_stress,1080,0.87500,0.66667,0.31744,0.74286,0.33333,0.27230,0.16667
random_sampling,5,3,compound_sensor_actuator_shift,1080,0.87500,0.66667,0.25953,0.34131,0.33333,0.21297,0.22222
random_sampling,5,3,fixture_geometry_shift,1080,0.87500,0.05556,0.34078,0.38000,0.94444,0.00251,0.27778
random_sampling,5,3,rare_mechanism_combo,1080,0.87500,0.66667,0.31939,0.58889,0.33333,0.08458,0.00000
random_sampling,5,3,out_of_distribution_tail,1080,0.87500,0.61111,0.32464,0.42619,0.38889,0.11351,0.00000
random_sampling,5,4,nominal_task_balance,1116,0.87500,1.00000,0.00000,0.00000,0.00000,0.03355,0.00000
random_sampling,5,4,rare_slip_failures,1116,0.87500,0.88889,0.19151,0.20000,0.11111,0.10544,0.00000
random_sampling,5,4,jammed_fixture_failures,1116,0.87500,0.00000,0.38445,0.42627,1.00000,0.19094,0.94444
random_sampling,5,4,actuator_limit_failures,1116,0.87500,1.00000,0.07571,0.00000,0.00000,0.08506,0.00000
random_sampling,5,4,combined_tail_stress,1116,0.87500,0.66667,0.31958,0.74286,0.33333,0.26492,0.16667
random_sampling,5,4,compound_sensor_actuator_shift,1116,0.87500,0.66667,0.25323,0.31324,0.33333,0.21113,0.22222
random_sampling,5,4,fixture_geometry_shift,1116,0.87500,0.05556,0.34047,0.37500,0.94444,0.00280,0.27778
random_sampling,5,4,rare_mechanism_combo,1116,0.87500,0.66667,0.31997,0.58889,0.33333,0.07049,0.00000
random_sampling,5,4,out_of_distribution_tail,1116,0.87500,0.61111,0.32838,0.42619,0.38889,0.14318,0.00000
random_sampling,5,5,nominal_task_balance,1152,0.87500,1.00000,0.00000,0.00000,0.00000,0.03307,0.00000
random_sampling,5,5,rare_slip_failures,1152,0.87500,0.88889,0.19151,0.20000,0.11111,0.09493,0.00000
random_sampling,5,5,jammed_fixture_failures,1152,0.87500,0.00000,0.38324,0.42877,1.00000,0.19078,0.94444
random_sampling,5,5,actuator_limit_failures,1152,0.87500,1.00000,0.06500,0.00000,0.00000,0.08184,0.00000
random_sampling,5,5,combined_tail_stress,1152,0.87500,0.66667,0.32204,0.77143,0.33333,0.26221,0.16667
random_sampling,5,5,compound_sensor_actuator_shift,1152,0.87500,0.66667,0.25654,0.31324,0.33333,0.23960,0.22222
random_sampling,5,5,fixture_geometry_shift,1152,0.87500,0.05556,0.34078,0.38000,0.94444,0.00113,0.27778
random_sampling,5,5,rare_mechanism_combo,1152,0.87500,0.66667,0.31681,0.57778,0.33333,0.08651,0.00000
random_sampling,5,5,out_of_distribution_tail,1152,0.87500,0.61111,0.32282,0.38095,0.38889,0.13952,0.00000
task_label_stratification,5,0,nominal_task_balance,972,0.87500,1.00000,0.00000,0.00000,0.00000,0.03524,0.00000
task_label_stratification,5,0,rare_slip_failures,972,0.87500,0.88889,0.18674,0.20000,0.11111,0.12192,0.00000
task_label_stratification,5,0,jammed_fixture_failures,972,0.87500,0.00000,0.38738,0.45704,1.00000,0.19477,0.94444
task_label_stratification,5,0,actuator_limit_failures,972,0.87500,1.00000,0.06500,0.00000,0.00000,0.08972,0.00000
task_label_stratification,5,0,combined_tail_stress,972,0.87500,0.66667,0.31471,0.74286,0.33333,0.28275,0.16667
task_label_stratification,5,0,compound_sensor_actuator_shift,972,0.87500,0.66667,0.26954,0.35040,0.33333,0.19215,0.22222
task_label_stratification,5,0,fixture_geometry_shift,972,0.87500,0.05556,0.33962,0.38000,0.94444,0.00425,0.27778
task_label_stratification,5,0,rare_mechanism_combo,972,0.87500,0.66667,0.31503,0.53333,0.33333,0.10440,0.00000
task_label_stratification,5,0,out_of_distribution_tail,972,0.87500,0.61111,0.32066,0.33571,0.38889,0.08748,0.00000
task_label_stratification,5,1,nominal_task_balance,1008,0.87500,1.00000,0.00000,0.00000,0.00000,0.03335,0.00000
task_label_stratification,5,1,rare_slip_failures,1008,0.87500,0.88889,0.18109,0.20000,0.11111,0.12489,0.00000
task_label_stratification,5,1,jammed_fixture_failures,1008,0.87500,0.00000,0.38425,0.44166,1.00000,0.19736,0.61111
task_label_stratification,5,1,actuator_limit_failures,1008,0.87500,0.88889,0.07571,0.00000,0.11111,0.08996,0.00000
task_label_stratification,5,1,combined_tail_stress,1008,0.87500,0.72222,0.31219,0.74286,0.27778,0.28849,0.05556
task_label_stratification,5,1,compound_sensor_actuator_shift,1008,0.87500,0.72222,0.26673,0.35421,0.27778,0.19474,0.00000
task_label_stratification,5,1,fixture_geometry_shift,1008,0.87500,0.00000,0.33962,0.38000,1.00000,0.00202,0.05556
task_label_stratification,5,1,rare_mechanism_combo,1008,0.87500,0.50000,0.31198,0.53333,0.50000,0.06848,0.00000
task_label_stratification,5,1,out_of_distribution_tail,1008,0.87500,0.33333,0.32490,0.35238,0.66667,0.09239,0.00000
task_label_stratification,5,2,nominal_task_balance,1044,0.87500,1.00000,0.00000,0.00000,0.00000,0.03310,0.00000
task_label_stratification,5,2,rare_slip_failures,1044,0.87500,0.88889,0.18109,0.20000,0.11111,0.11661,0.00000
task_label_stratification,5,2,jammed_fixture_failures,1044,0.87500,0.00000,0.38238,0.42627,1.00000,0.19338,0.61111
task_label_stratification,5,2,actuator_limit_failures,1044,0.87500,0.88889,0.07571,0.00000,0.11111,0.09295,0.00000
task_label_stratification,5,2,combined_tail_stress,1044,0.87500,0.72222,0.31712,0.74286,0.27778,0.28207,0.05556
task_label_stratification,5,2,compound_sensor_actuator_shift,1044,0.87500,0.72222,0.26776,0.36785,0.27778,0.20784,0.00000
task_label_stratification,5,2,fixture_geometry_shift,1044,0.87500,0.00000,0.33786,0.37000,1.00000,0.00109,0.05556
task_label_stratification,5,2,rare_mechanism_combo,1044,0.87500,0.50000,0.31241,0.53333,0.50000,0.10107,0.00000
task_label_stratification,5,2,out_of_distribution_tail,1044,0.87500,0.33333,0.33139,0.36905,0.66667,0.10250,0.00000
task_label_stratification,5,3,nominal_task_balance,1080,0.87500,1.00000,0.00000,0.00000,0.00000,0.03302,0.00000
task_label_stratification,5,3,rare_slip_failures,1080,0.87500,0.88889,0.17949,0.20000,0.11111,0.11638,0.00000
task_label_stratification,5,3,jammed_fixture_failures,1080,0.87500,0.00000,0.38397,0.42627,1.00000,0.19056,0.61111
task_label_stratification,5,3,actuator_limit_failures,1080,0.87500,0.88889,0.07571,0.00000,0.11111,0.09233,0.00000
task_label_stratification,5,3,combined_tail_stress,1080,0.87500,0.72222,0.31684,0.74286,0.27778,0.29099,0.05556
task_label_stratification,5,3,compound_sensor_actuator_shift,1080,0.87500,0.72222,0.26272,0.36330,0.27778,0.20190,0.00000
task_label_stratification,5,3,fixture_geometry_shift,1080,0.87500,0.00000,0.33857,0.37000,1.00000,0.00228,0.05556
task_label_stratification,5,3,rare_mechanism_combo,1080,0.87500,0.50000,0.31608,0.54444,0.50000,0.05512,0.00000
task_label_stratification,5,3,out_of_distribution_tail,1080,0.87500,0.33333,0.32724,0.38571,0.66667,0.10185,0.00000
task_label_stratification,5,4,nominal_task_balance,1116,0.87500,1.00000,0.00000,0.00000,0.00000,0.03292,0.00000
task_label_stratification,5,4,rare_slip_failures,1116,0.87500,0.88889,0.18109,0.20000,0.11111,0.12316,0.00000
task_label_stratification,5,4,jammed_fixture_failures,1116,0.87500,0.00000,0.38667,0.44166,1.00000,0.18722,0.61111
task_label_stratification,5,4,actuator_limit_failures,1116,0.87500,0.88889,0.07571,0.00000,0.11111,0.09013,0.00000
task_label_stratification,5,4,combined_tail_stress,1116,0.87500,0.72222,0.31714,0.74286,0.27778,0.27696,0.05556
task_label_stratification,5,4,compound_sensor_actuator_shift,1116,0.87500,0.72222,0.25992,0.35608,0.27778,0.21157,0.00000
task_label_stratification,5,4,fixture_geometry_shift,1116,0.87500,0.00000,0.34018,0.38000,1.00000,0.00236,0.05556
task_label_stratification,5,4,rare_mechanism_combo,1116,0.87500,0.50000,0.31580,0.56667,0.50000,0.07162,0.00000
task_label_stratification,5,4,out_of_distribution_tail,1116,0.87500,0.33333,0.32430,0.38571,0.66667,0.10559,0.00000
task_label_stratification,5,5,nominal_task_balance,1152,0.87500,1.00000,0.00000,0.00000,0.00000,0.03122,0.00000
task_label_stratification,5,5,rare_slip_failures,1152,0.87500,0.88889,0.18526,0.20000,0.11111,0.11826,0.00000
task_label_stratification,5,5,jammed_fixture_failures,1152,0.87500,0.00000,0.38481,0.42627,1.00000,0.18605,0.61111
task_label_stratification,5,5,actuator_limit_failures,1152,0.87500,0.88889,0.06500,0.00000,0.11111,0.08530,0.00000
task_label_stratification,5,5,combined_tail_stress,1152,0.87500,0.72222,0.31728,0.74286,0.27778,0.27764,0.05556
task_label_stratification,5,5,compound_sensor_actuator_shift,1152,0.87500,0.72222,0.26717,0.37961,0.27778,0.20879,0.00000
task_label_stratification,5,5,fixture_geometry_shift,1152,0.87500,0.00000,0.34002,0.37500,1.00000,0.00334,0.05556
task_label_stratification,5,5,rare_mechanism_combo,1152,0.87500,0.50000,0.31129,0.55556,0.50000,0.06633,0.00000
task_label_stratification,5,5,out_of_distribution_tail,1152,0.87500,0.33333,0.32889,0.50476,0.66667,0.09930,0.00000
state_diversity_coreset,5,0,nominal_task_balance,972,0.87500,1.00000,0.00000,0.00000,0.00000,0.03524,0.00000
state_diversity_coreset,5,0,rare_slip_failures,972,0.87500,0.88889,0.18674,0.20000,0.11111,0.12192,0.00000
state_diversity_coreset,5,0,jammed_fixture_failures,972,0.87500,0.00000,0.38738,0.45704,1.00000,0.19477,0.94444
state_diversity_coreset,5,0,actuator_limit_failures,972,0.87500,1.00000,0.06500,0.00000,0.00000,0.08972,0.00000
state_diversity_coreset,5,0,combined_tail_stress,972,0.87500,0.66667,0.31471,0.74286,0.33333,0.28275,0.16667
state_diversity_coreset,5,0,compound_sensor_actuator_shift,972,0.87500,0.66667,0.26954,0.35040,0.33333,0.19215,0.22222
state_diversity_coreset,5,0,fixture_geometry_shift,972,0.87500,0.05556,0.33962,0.38000,0.94444,0.00425,0.27778
state_diversity_coreset,5,0,rare_mechanism_combo,972,0.87500,0.66667,0.31503,0.53333,0.33333,0.10440,0.00000
state_diversity_coreset,5,0,out_of_distribution_tail,972,0.87500,0.61111,0.32066,0.33571,0.38889,0.08748,0.00000
state_diversity_coreset,5,1,nominal_task_balance,1008,1.00000,1.00000,0.00000,0.00000,0.00000,0.03931,0.00000
state_diversity_coreset,5,1,rare_slip_failures,1008,1.00000,0.88889,0.19597,0.20000,0.11111,0.12286,0.00000
state_diversity_coreset,5,1,jammed_fixture_failures,1008,1.00000,0.00000,0.38646,0.44978,1.00000,0.19409,0.94444
state_diversity_coreset,5,1,actuator_limit_failures,1008,1.00000,1.00000,0.07571,0.00000,0.00000,0.09269,0.00000
state_diversity_coreset,5,1,combined_tail_stress,1008,1.00000,0.66667,0.31092,0.72857,0.33333,0.27888,0.16667
state_diversity_coreset,5,1,compound_sensor_actuator_shift,1008,1.00000,0.66667,0.28571,0.39739,0.33333,0.20067,0.22222
state_diversity_coreset,5,1,fixture_geometry_shift,1008,1.00000,0.05556,0.33760,0.37000,0.94444,0.00517,0.27778
state_diversity_coreset,5,1,rare_mechanism_combo,1008,1.00000,0.66667,0.31644,0.52222,0.33333,0.07928,0.00000
state_diversity_coreset,5,1,out_of_distribution_tail,1008,1.00000,0.61111,0.32521,0.35238,0.38889,0.07630,0.00000
state_diversity_coreset,5,2,nominal_task_balance,1044,1.00000,1.00000,0.00000,0.00000,0.00000,0.03790,0.00000
state_diversity_coreset,5,2,rare_slip_failures,1044,1.00000,0.88889,0.17949,0.20000,0.11111,0.12217,0.00000
state_diversity_coreset,5,2,jammed_fixture_failures,1044,1.00000,0.00000,0.37781,0.44178,1.00000,0.19222,0.94444
state_diversity_coreset,5,2,actuator_limit_failures,1044,1.00000,1.00000,0.06632,0.00000,0.00000,0.09566,0.00000
state_diversity_coreset,5,2,combined_tail_stress,1044,1.00000,0.66667,0.31051,0.72167,0.33333,0.27650,0.16667
state_diversity_coreset,5,2,compound_sensor_actuator_shift,1044,1.00000,0.66667,0.26762,0.38670,0.33333,0.19670,0.22222
state_diversity_coreset,5,2,fixture_geometry_shift,1044,1.00000,0.05556,0.33760,0.37000,0.94444,0.00630,0.27778
state_diversity_coreset,5,2,rare_mechanism_combo,1044,1.00000,0.66667,0.31819,0.53333,0.33333,0.08579,0.00000
state_diversity_coreset,5,2,out_of_distribution_tail,1044,1.00000,0.61111,0.32160,0.36905,0.38889,0.08359,0.00000
state_diversity_coreset,5,3,nominal_task_balance,1080,1.00000,1.00000,0.00000,0.00000,0.00000,0.03795,0.00000
state_diversity_coreset,5,3,rare_slip_failures,1080,1.00000,0.88889,0.16026,0.00000,0.11111,0.12427,0.00000
state_diversity_coreset,5,3,jammed_fixture_failures,1080,1.00000,0.00000,0.37893,0.44178,1.00000,0.18814,0.94444
state_diversity_coreset,5,3,actuator_limit_failures,1080,1.00000,1.00000,0.06632,0.00000,0.00000,0.09374,0.00000
state_diversity_coreset,5,3,combined_tail_stress,1080,1.00000,0.66667,0.30927,0.73596,0.33333,0.26625,0.16667
state_diversity_coreset,5,3,compound_sensor_actuator_shift,1080,1.00000,0.66667,0.28815,0.42460,0.33333,0.21438,0.22222
state_diversity_coreset,5,3,fixture_geometry_shift,1080,1.00000,0.05556,0.34204,0.57000,0.94444,0.00139,0.27778
state_diversity_coreset,5,3,rare_mechanism_combo,1080,1.00000,0.66667,0.31466,0.52222,0.33333,0.12140,0.00000
state_diversity_coreset,5,3,out_of_distribution_tail,1080,1.00000,0.61111,0.31029,0.33571,0.38889,0.07624,0.00000
state_diversity_coreset,5,4,nominal_task_balance,1116,1.00000,1.00000,0.00000,0.00000,0.00000,0.03670,0.00000
state_diversity_coreset,5,4,rare_slip_failures,1116,1.00000,0.88889,0.16783,0.00000,0.11111,0.12334,0.00000
state_diversity_coreset,5,4,jammed_fixture_failures,1116,1.00000,0.00000,0.37726,0.42877,1.00000,0.19635,0.94444
state_diversity_coreset,5,4,actuator_limit_failures,1116,1.00000,1.00000,0.05563,0.00000,0.00000,0.09321,0.00000
state_diversity_coreset,5,4,combined_tail_stress,1116,1.00000,0.66667,0.31075,0.73596,0.33333,0.25617,0.16667
state_diversity_coreset,5,4,compound_sensor_actuator_shift,1116,1.00000,0.66667,0.28649,0.44505,0.33333,0.21612,0.22222
state_diversity_coreset,5,4,fixture_geometry_shift,1116,1.00000,0.05556,0.34294,0.57500,0.94444,0.01782,0.27778
state_diversity_coreset,5,4,rare_mechanism_combo,1116,1.00000,0.66667,0.31295,0.52222,0.33333,0.09142,0.00000
state_diversity_coreset,5,4,out_of_distribution_tail,1116,1.00000,0.61111,0.30941,0.33571,0.38889,0.09322,0.00000
state_diversity_coreset,5,5,nominal_task_balance,1152,1.00000,1.00000,0.00000,0.00000,0.00000,0.03571,0.00000
state_diversity_coreset,5,5,rare_slip_failures,1152,1.00000,0.88889,0.16516,0.00000,0.11111,0.10785,0.00000
state_diversity_coreset,5,5,jammed_fixture_failures,1152,1.00000,0.00000,0.37312,0.41339,1.00000,0.20499,0.94444
state_diversity_coreset,5,5,actuator_limit_failures,1152,1.00000,1.00000,0.05563,0.00000,0.00000,0.08516,0.00000
state_diversity_coreset,5,5,combined_tail_stress,1152,1.00000,0.66667,0.30328,0.73596,0.33333,0.26202,0.16667
state_diversity_coreset,5,5,compound_sensor_actuator_shift,1152,1.00000,0.66667,0.28703,0.45561,0.33333,0.22423,0.22222
state_diversity_coreset,5,5,fixture_geometry_shift,1152,1.00000,0.05556,0.34476,0.57500,0.94444,0.02907,0.27778
state_diversity_coreset,5,5,rare_mechanism_combo,1152,1.00000,0.66667,0.30867,0.50000,0.33333,0.09995,0.00000
state_diversity_coreset,5,5,out_of_distribution_tail,1152,1.00000,0.61111,0.32882,0.43095,0.38889,0.11451,0.00000
uncertainty_sampling,5,0,nominal_task_balance,972,0.87500,1.00000,0.00000,0.00000,0.00000,0.03524,0.00000
uncertainty_sampling,5,0,rare_slip_failures,972,0.87500,0.88889,0.18674,0.20000,0.11111,0.12192,0.00000
uncertainty_sampling,5,0,jammed_fixture_failures,972,0.87500,0.00000,0.38738,0.45704,1.00000,0.19477,0.94444
uncertainty_sampling,5,0,actuator_limit_failures,972,0.87500,1.00000,0.06500,0.00000,0.00000,0.08972,0.00000
uncertainty_sampling,5,0,combined_tail_stress,972,0.87500,0.66667,0.31471,0.74286,0.33333,0.28275,0.16667
uncertainty_sampling,5,0,compound_sensor_actuator_shift,972,0.87500,0.66667,0.26954,0.35040,0.33333,0.19215,0.22222
uncertainty_sampling,5,0,fixture_geometry_shift,972,0.87500,0.05556,0.33962,0.38000,0.94444,0.00425,0.27778
uncertainty_sampling,5,0,rare_mechanism_combo,972,0.87500,0.66667,0.31503,0.53333,0.33333,0.10440,0.00000
uncertainty_sampling,5,0,out_of_distribution_tail,972,0.87500,0.61111,0.32066,0.33571,0.38889,0.08748,0.00000
uncertainty_sampling,5,1,nominal_task_balance,1008,0.87500,1.00000,0.00000,0.00000,0.00000,0.03480,0.00000
uncertainty_sampling,5,1,rare_slip_failures,1008,0.87500,0.88889,0.17692,0.20000,0.11111,0.11782,0.00000
uncertainty_sampling,5,1,jammed_fixture_failures,1008,0.87500,0.00000,0.38822,0.45704,1.00000,0.19176,0.94444
uncertainty_sampling,5,1,actuator_limit_failures,1008,0.87500,1.00000,0.06500,0.00000,0.00000,0.08693,0.00000
uncertainty_sampling,5,1,combined_tail_stress,1008,0.87500,0.66667,0.31920,0.74286,0.33333,0.27422,0.16667
uncertainty_sampling,5,1,compound_sensor_actuator_shift,1008,0.87500,0.66667,0.25104,0.30528,0.33333,0.21371,0.22222
uncertainty_sampling,5,1,fixture_geometry_shift,1008,0.87500,0.05556,0.34465,0.58000,0.94444,0.00274,0.27778
uncertainty_sampling,5,1,rare_mechanism_combo,1008,0.87500,0.66667,0.31092,0.53333,0.33333,0.05858,0.00000
uncertainty_sampling,5,1,out_of_distribution_tail,1008,0.87500,0.61111,0.32715,0.38571,0.38889,0.07900,0.00000
uncertainty_sampling,5,2,nominal_task_balance,1044,0.87500,1.00000,0.00000,0.00000,0.00000,0.03456,0.00000
uncertainty_sampling,5,2,rare_slip_failures,1044,0.87500,0.88889,0.17341,0.20000,0.11111,0.11615,0.00000
uncertainty_sampling,5,2,jammed_fixture_failures,1044,0.87500,0.00000,0.38752,0.42627,1.00000,0.18914,0.94444
uncertainty_sampling,5,2,actuator_limit_failures,1044,0.87500,1.00000,0.06500,0.00000,0.00000,0.09703,0.00000
uncertainty_sampling,5,2,combined_tail_stress,1044,0.87500,0.66667,0.32493,0.72857,0.33333,0.25329,0.16667
uncertainty_sampling,5,2,compound_sensor_actuator_shift,1044,0.87500,0.66667,0.25122,0.30074,0.33333,0.23517,0.22222
uncertainty_sampling,5,2,fixture_geometry_shift,1044,0.87500,0.05556,0.34351,0.58000,0.94444,0.00461,0.27778
uncertainty_sampling,5,2,rare_mechanism_combo,1044,0.87500,0.66667,0.31364,0.56667,0.33333,0.04343,0.00000
uncertainty_sampling,5,2,out_of_distribution_tail,1044,0.87500,0.61111,0.32992,0.40238,0.38889,0.15705,0.00000
uncertainty_sampling,5,3,nominal_task_balance,1080,0.87500,1.00000,0.00000,0.00000,0.00000,0.03496,0.00000
uncertainty_sampling,5,3,rare_slip_failures,1080,0.87500,0.88889,0.17216,0.20000,0.11111,0.10872,0.00000
uncertainty_sampling,5,3,jammed_fixture_failures,1080,0.87500,0.00000,0.38998,0.44166,1.00000,0.19366,0.94444
uncertainty_sampling,5,3,actuator_limit_failures,1080,0.87500,1.00000,0.06381,0.00000,0.00000,0.10347,0.00000
uncertainty_sampling,5,3,combined_tail_stress,1080,0.87500,0.66667,0.33190,0.74286,0.33333,0.24285,0.16667
uncertainty_sampling,5,3,compound_sensor_actuator_shift,1080,0.87500,0.66667,0.24812,0.28710,0.33333,0.23390,0.22222
uncertainty_sampling,5,3,fixture_geometry_shift,1080,0.87500,0.05556,0.34322,0.58000,0.94444,0.00518,0.27778
uncertainty_sampling,5,3,rare_mechanism_combo,1080,0.87500,0.66667,0.31604,0.55556,0.33333,0.07673,0.00000
uncertainty_sampling,5,3,out_of_distribution_tail,1080,0.87500,0.61111,0.32373,0.40238,0.38889,0.17208,0.00000
uncertainty_sampling,5,4,nominal_task_balance,1116,0.87500,1.00000,0.00000,0.00000,0.00000,0.03473,0.00000
uncertainty_sampling,5,4,rare_slip_failures,1116,0.87500,0.88889,0.17216,0.20000,0.11111,0.09294,0.00000
uncertainty_sampling,5,4,jammed_fixture_failures,1116,0.87500,0.00000,0.39383,0.45704,1.00000,0.20068,0.94444
uncertainty_sampling,5,4,actuator_limit_failures,1116,0.87500,1.00000,0.07846,0.00000,0.00000,0.09610,0.00000
uncertainty_sampling,5,4,combined_tail_stress,1116,0.87500,0.66667,0.33390,0.73596,0.33333,0.23314,0.16667
uncertainty_sampling,5,4,compound_sensor_actuator_shift,1116,0.87500,0.66667,0.24141,0.27079,0.33333,0.23447,0.22222
uncertainty_sampling,5,4,fixture_geometry_shift,1116,0.87500,0.05556,0.34488,0.58000,0.94444,0.00581,0.27778
uncertainty_sampling,5,4,rare_mechanism_combo,1116,0.87500,0.66667,0.31724,0.55556,0.33333,0.08064,0.00000
uncertainty_sampling,5,4,out_of_distribution_tail,1116,0.87500,0.61111,0.32300,0.40238,0.38889,0.17471,0.00000
uncertainty_sampling,5,5,nominal_task_balance,1152,0.87500,1.00000,0.00000,0.00000,0.00000,0.03429,0.00000
uncertainty_sampling,5,5,rare_slip_failures,1152,0.87500,0.88889,0.17113,0.20000,0.11111,0.09442,0.00000
uncertainty_sampling,5,5,jammed_fixture_failures,1152,0.87500,0.00000,0.38582,0.42627,1.00000,0.19849,0.94444
uncertainty_sampling,5,5,actuator_limit_failures,1152,0.87500,1.00000,0.08630,0.00000,0.00000,0.10923,0.00000
uncertainty_sampling,5,5,combined_tail_stress,1152,0.87500,0.66667,0.33282,0.70739,0.33333,0.22287,0.16667
uncertainty_sampling,5,5,compound_sensor_actuator_shift,1152,0.87500,0.66667,0.24009,0.27079,0.33333,0.25483,0.22222
uncertainty_sampling,5,5,fixture_geometry_shift,1152,0.87500,0.05556,0.34560,0.58000,0.94444,0.00708,0.27778
uncertainty_sampling,5,5,rare_mechanism_combo,1152,0.87500,0.66667,0.31665,0.57778,0.33333,0.07107,0.00000
uncertainty_sampling,5,5,out_of_distribution_tail,1152,0.87500,0.61111,0.31653,0.37381,0.38889,0.17246,0.00000
failure_prediction_active_learning,5,0,nominal_task_balance,972,0.87500,1.00000,0.00000,0.00000,0.00000,0.03524,0.00000
failure_prediction_active_learning,5,0,rare_slip_failures,972,0.87500,0.88889,0.18674,0.20000,0.11111,0.12192,0.00000
failure_prediction_active_learning,5,0,jammed_fixture_failures,972,0.87500,0.00000,0.38738,0.45704,1.00000,0.19477,0.94444
failure_prediction_active_learning,5,0,actuator_limit_failures,972,0.87500,1.00000,0.06500,0.00000,0.00000,0.08972,0.00000
failure_prediction_active_learning,5,0,combined_tail_stress,972,0.87500,0.66667,0.31471,0.74286,0.33333,0.28275,0.16667
failure_prediction_active_learning,5,0,compound_sensor_actuator_shift,972,0.87500,0.66667,0.26954,0.35040,0.33333,0.19215,0.22222
failure_prediction_active_learning,5,0,fixture_geometry_shift,972,0.87500,0.05556,0.33962,0.38000,0.94444,0.00425,0.27778
failure_prediction_active_learning,5,0,rare_mechanism_combo,972,0.87500,0.66667,0.31503,0.53333,0.33333,0.10440,0.00000
failure_prediction_active_learning,5,0,out_of_distribution_tail,972,0.87500,0.61111,0.32066,0.33571,0.38889,0.08748,0.00000
failure_prediction_active_learning,5,1,nominal_task_balance,1008,0.87500,1.00000,0.00000,0.00000,0.00000,0.03090,0.00000
failure_prediction_active_learning,5,1,rare_slip_failures,1008,0.87500,0.88889,0.17831,0.20000,0.11111,0.11427,0.00000
failure_prediction_active_learning,5,1,jammed_fixture_failures,1008,0.87500,0.00000,0.37956,0.39800,1.00000,0.21077,0.94444
failure_prediction_active_learning,5,1,actuator_limit_failures,1008,0.87500,1.00000,0.05563,0.00000,0.00000,0.09111,0.00000
failure_prediction_active_learning,5,1,combined_tail_stress,1008,0.87500,0.66667,0.31234,0.74286,0.33333,0.26987,0.16667
failure_prediction_active_learning,5,1,compound_sensor_actuator_shift,1008,0.87500,0.66667,0.25244,0.34245,0.33333,0.21166,0.22222
failure_prediction_active_learning,5,1,fixture_geometry_shift,1008,0.87500,0.05556,0.33605,0.39500,0.94444,0.01784,0.27778
failure_prediction_active_learning,5,1,rare_mechanism_combo,1008,0.87500,0.66667,0.30869,0.47778,0.33333,0.11364,0.00000
failure_prediction_active_learning,5,1,out_of_distribution_tail,1008,0.87500,0.61111,0.32583,0.33571,0.38889,0.10343,0.00000
failure_prediction_active_learning,5,2,nominal_task_balance,1044,0.87500,1.00000,0.00000,0.00000,0.00000,0.02749,0.00000
failure_prediction_active_learning,5,2,rare_slip_failures,1044,0.87500,0.88889,0.16177,0.20000,0.11111,0.11488,0.00000
failure_prediction_active_learning,5,2,jammed_fixture_failures,1044,0.87500,0.00000,0.38194,0.39550,1.00000,0.21886,0.94444
failure_prediction_active_learning,5,2,actuator_limit_failures,1044,0.87500,1.00000,0.04048,0.00000,0.00000,0.07801,0.00000
failure_prediction_active_learning,5,2,combined_tail_stress,1044,0.87500,0.66667,0.31789,0.74286,0.33333,0.25793,0.16667
failure_prediction_active_learning,5,2,compound_sensor_actuator_shift,1044,0.87500,0.66667,0.25326,0.32273,0.33333,0.21938,0.22222
failure_prediction_active_learning,5,2,fixture_geometry_shift,1044,0.87500,0.05556,0.33736,0.40000,0.94444,0.03641,0.27778
failure_prediction_active_learning,5,2,rare_mechanism_combo,1044,0.87500,0.66667,0.30576,0.48889,0.33333,0.12903,0.00000
failure_prediction_active_learning,5,2,out_of_distribution_tail,1044,0.87500,0.61111,0.32160,0.31905,0.38889,0.11575,0.00000
failure_prediction_active_learning,5,3,nominal_task_balance,1080,0.87500,1.00000,0.00000,0.00000,0.00000,0.02598,0.00000
failure_prediction_active_learning,5,3,rare_slip_failures,1080,0.87500,0.88889,0.12749,0.20000,0.11111,0.12691,0.00000
failure_prediction_active_learning,5,3,jammed_fixture_failures,1080,0.87500,0.00000,0.37430,0.39800,1.00000,0.23012,0.94444
failure_prediction_active_learning,5,3,actuator_limit_failures,1080,0.87500,1.00000,0.02500,0.00000,0.00000,0.07317,0.00000
failure_prediction_active_learning,5,3,combined_tail_stress,1080,0.87500,0.66667,0.31323,0.71039,0.33333,0.24668,0.16667
failure_prediction_active_learning,5,3,compound_sensor_actuator_shift,1080,0.87500,0.66667,0.25141,0.33449,0.33333,0.22986,0.22222
failure_prediction_active_learning,5,3,fixture_geometry_shift,1080,0.87500,0.05556,0.33791,0.40000,0.94444,0.03964,0.27778
failure_prediction_active_learning,5,3,rare_mechanism_combo,1080,0.87500,0.66667,0.29532,0.46667,0.33333,0.08823,0.00000
failure_prediction_active_learning,5,3,out_of_distribution_tail,1080,0.87500,0.61111,0.33123,0.33571,0.38889,0.13374,0.00000
failure_prediction_active_learning,5,4,nominal_task_balance,1116,0.87500,1.00000,0.00000,0.00000,0.00000,0.02473,0.00000
failure_prediction_active_learning,5,4,rare_slip_failures,1116,0.87500,0.88889,0.10156,0.20000,0.11111,0.12685,0.00000
failure_prediction_active_learning,5,4,jammed_fixture_failures,1116,0.87500,0.00000,0.37740,0.41814,1.00000,0.24085,0.94444
failure_prediction_active_learning,5,4,actuator_limit_failures,1116,0.87500,1.00000,0.00000,0.00000,0.00000,0.06838,0.00000
failure_prediction_active_learning,5,4,combined_tail_stress,1116,0.87500,0.66667,0.31728,0.71039,0.33333,0.22783,0.16667
failure_prediction_active_learning,5,4,compound_sensor_actuator_shift,1116,0.87500,0.66667,0.25082,0.32273,0.33333,0.23590,0.22222
failure_prediction_active_learning,5,4,fixture_geometry_shift,1116,0.87500,0.05556,0.33600,0.40000,0.94444,0.04157,0.27778
failure_prediction_active_learning,5,4,rare_mechanism_combo,1116,0.87500,0.66667,0.29113,0.44444,0.33333,0.10420,0.00000
failure_prediction_active_learning,5,4,out_of_distribution_tail,1116,0.87500,0.61111,0.32812,0.31905,0.38889,0.13082,0.00000
failure_prediction_active_learning,5,5,nominal_task_balance,1152,0.87500,1.00000,0.00000,0.00000,0.00000,0.02390,0.00000
failure_prediction_active_learning,5,5,rare_slip_failures,1152,0.87500,0.88889,0.09084,0.20000,0.11111,0.13248,0.00000
failure_prediction_active_learning,5,5,jammed_fixture_failures,1152,0.87500,0.00000,0.37841,0.42302,1.00000,0.24609,0.94444
failure_prediction_active_learning,5,5,actuator_limit_failures,1152,0.87500,1.00000,0.00000,0.00000,0.00000,0.08116,0.00000
failure_prediction_active_learning,5,5,combined_tail_stress,1152,0.87500,0.66667,0.32607,0.71039,0.33333,0.21790,0.16667
failure_prediction_active_learning,5,5,compound_sensor_actuator_shift,1152,0.87500,0.66667,0.25319,0.33449,0.33333,0.23297,0.22222
failure_prediction_active_learning,5,5,fixture_geometry_shift,1152,0.87500,0.05556,0.33732,0.40000,0.94444,0.04130,0.27778
failure_prediction_active_learning,5,5,rare_mechanism_combo,1152,0.87500,0.66667,0.29020,0.44444,0.33333,0.09085,0.00000
failure_prediction_active_learning,5,5,out_of_distribution_tail,1152,0.87500,0.61111,0.33361,0.31905,0.38889,0.12833,0.00000
calibrated_failure_risk,5,0,nominal_task_balance,972,0.87500,1.00000,0.00000,0.00000,0.00000,0.03524,0.00000
calibrated_failure_risk,5,0,rare_slip_failures,972,0.87500,0.88889,0.18674,0.20000,0.11111,0.12192,0.00000
calibrated_failure_risk,5,0,jammed_fixture_failures,972,0.87500,0.00000,0.38738,0.45704,1.00000,0.19477,0.94444
calibrated_failure_risk,5,0,actuator_limit_failures,972,0.87500,1.00000,0.06500,0.00000,0.00000,0.08972,0.00000
calibrated_failure_risk,5,0,combined_tail_stress,972,0.87500,0.66667,0.31471,0.74286,0.33333,0.28275,0.16667
calibrated_failure_risk,5,0,compound_sensor_actuator_shift,972,0.87500,0.66667,0.26954,0.35040,0.33333,0.19215,0.22222
calibrated_failure_risk,5,0,fixture_geometry_shift,972,0.87500,0.05556,0.33962,0.38000,0.94444,0.00425,0.27778
calibrated_failure_risk,5,0,rare_mechanism_combo,972,0.87500,0.66667,0.31503,0.53333,0.33333,0.10440,0.00000
calibrated_failure_risk,5,0,out_of_distribution_tail,972,0.87500,0.61111,0.32066,0.33571,0.38889,0.08748,0.00000
calibrated_failure_risk,5,1,nominal_task_balance,1008,0.87500,1.00000,0.00000,0.00000,0.00000,0.03070,0.00000
calibrated_failure_risk,5,1,rare_slip_failures,1008,0.87500,0.88889,0.18170,0.20000,0.11111,0.11473,0.00000
calibrated_failure_risk,5,1,jammed_fixture_failures,1008,0.87500,0.00000,0.38136,0.41089,1.00000,0.21138,0.94444
calibrated_failure_risk,5,1,actuator_limit_failures,1008,0.87500,1.00000,0.05563,0.00000,0.00000,0.09131,0.00000
calibrated_failure_risk,5,1,combined_tail_stress,1008,0.87500,0.66667,0.31603,0.74286,0.33333,0.27127,0.16667
calibrated_failure_risk,5,1,compound_sensor_actuator_shift,1008,0.87500,0.66667,0.25719,0.33790,0.33333,0.21159,0.22222
calibrated_failure_risk,5,1,fixture_geometry_shift,1008,0.87500,0.05556,0.33815,0.38500,0.94444,0.01799,0.27778
calibrated_failure_risk,5,1,rare_mechanism_combo,1008,0.87500,0.66667,0.30601,0.48889,0.33333,0.11179,0.00000
calibrated_failure_risk,5,1,out_of_distribution_tail,1008,0.87500,0.61111,0.31165,0.30238,0.38889,0.10429,0.00000
calibrated_failure_risk,5,2,nominal_task_balance,1044,0.87500,1.00000,0.00000,0.00000,0.00000,0.02771,0.00000
calibrated_failure_risk,5,2,rare_slip_failures,1044,0.87500,0.88889,0.16405,0.20000,0.11111,0.11551,0.00000
calibrated_failure_risk,5,2,jammed_fixture_failures,1044,0.87500,0.00000,0.38621,0.41089,1.00000,0.22027,0.94444
calibrated_failure_risk,5,2,actuator_limit_failures,1044,0.87500,1.00000,0.04048,0.00000,0.00000,0.07791,0.00000
calibrated_failure_risk,5,2,combined_tail_stress,1044,0.87500,0.66667,0.31645,0.74286,0.33333,0.25819,0.16667
calibrated_failure_risk,5,2,compound_sensor_actuator_shift,1044,0.87500,0.66667,0.25306,0.32995,0.33333,0.21854,0.22222
calibrated_failure_risk,5,2,fixture_geometry_shift,1044,0.87500,0.05556,0.33407,0.40000,0.94444,0.03644,0.27778
calibrated_failure_risk,5,2,rare_mechanism_combo,1044,0.87500,0.66667,0.30114,0.46667,0.33333,0.12895,0.00000
calibrated_failure_risk,5,2,out_of_distribution_tail,1044,0.87500,0.61111,0.31609,0.30238,0.38889,0.11698,0.00000
calibrated_failure_risk,5,3,nominal_task_balance,1080,0.87500,1.00000,0.00000,0.00000,0.00000,0.02634,0.00000
calibrated_failure_risk,5,3,rare_slip_failures,1080,0.87500,0.88889,0.14677,0.20000,0.11111,0.12767,0.00000
calibrated_failure_risk,5,3,jammed_fixture_failures,1080,0.87500,0.00000,0.37672,0.39800,1.00000,0.22674,0.94444
calibrated_failure_risk,5,3,actuator_limit_failures,1080,0.87500,1.00000,0.04167,0.00000,0.00000,0.07965,0.00000
calibrated_failure_risk,5,3,combined_tail_stress,1080,0.87500,0.66667,0.32243,0.72857,0.33333,0.24669,0.16667
calibrated_failure_risk,5,3,compound_sensor_actuator_shift,1080,0.87500,0.66667,0.25292,0.32086,0.33333,0.23939,0.22222
calibrated_failure_risk,5,3,fixture_geometry_shift,1080,0.87500,0.05556,0.33537,0.40000,0.94444,0.04063,0.27778
calibrated_failure_risk,5,3,rare_mechanism_combo,1080,0.87500,0.66667,0.29478,0.45556,0.33333,0.11804,0.00000
calibrated_failure_risk,5,3,out_of_distribution_tail,1080,0.87500,0.61111,0.33153,0.31905,0.38889,0.12351,0.00000
calibrated_failure_risk,5,4,nominal_task_balance,1116,0.87500,1.00000,0.00000,0.00000,0.00000,0.02523,0.00000
calibrated_failure_risk,5,4,rare_slip_failures,1116,0.87500,0.88889,0.11425,0.20000,0.11111,0.12628,0.00000
calibrated_failure_risk,5,4,jammed_fixture_failures,1116,0.87500,0.00000,0.37901,0.41089,1.00000,0.23879,0.94444
calibrated_failure_risk,5,4,actuator_limit_failures,1116,0.87500,1.00000,0.00000,0.00000,0.00000,0.07066,0.00000
calibrated_failure_risk,5,4,combined_tail_stress,1116,0.87500,0.66667,0.32138,0.71039,0.33333,0.22861,0.16667
calibrated_failure_risk,5,4,compound_sensor_actuator_shift,1116,0.87500,0.66667,0.25868,0.33262,0.33333,0.23680,0.22222
calibrated_failure_risk,5,4,fixture_geometry_shift,1116,0.87500,0.05556,0.33500,0.40000,0.94444,0.04140,0.27778
calibrated_failure_risk,5,4,rare_mechanism_combo,1116,0.87500,0.66667,0.29190,0.44444,0.33333,0.10276,0.00000
calibrated_failure_risk,5,4,out_of_distribution_tail,1116,0.87500,0.61111,0.33267,0.31905,0.38889,0.13934,0.00000
calibrated_failure_risk,5,5,nominal_task_balance,1152,0.87500,1.00000,0.00000,0.00000,0.00000,0.02376,0.00000
calibrated_failure_risk,5,5,rare_slip_failures,1152,0.87500,0.88889,0.09084,0.20000,0.11111,0.13209,0.00000
calibrated_failure_risk,5,5,jammed_fixture_failures,1152,0.87500,0.00000,0.37554,0.41814,1.00000,0.24794,0.94444
calibrated_failure_risk,5,5,actuator_limit_failures,1152,0.87500,1.00000,0.00000,0.00000,0.00000,0.08605,0.00000
calibrated_failure_risk,5,5,combined_tail_stress,1152,0.87500,0.66667,0.32551,0.69610,0.33333,0.22046,0.16667
calibrated_failure_risk,5,5,compound_sensor_actuator_shift,1152,0.87500,0.66667,0.24962,0.31631,0.33333,0.22822,0.22222
calibrated_failure_risk,5,5,fixture_geometry_shift,1152,0.87500,0.05556,0.33809,0.40000,0.94444,0.04369,0.27778
calibrated_failure_risk,5,5,rare_mechanism_combo,1152,0.87500,0.66667,0.29081,0.44444,0.33333,0.08354,0.00000
calibrated_failure_risk,5,5,out_of_distribution_tail,1152,0.87500,0.61111,0.33417,0.31905,0.38889,0.12867,0.00000
tail_risk_active_learning,5,0,nominal_task_balance,972,0.87500,1.00000,0.00000,0.00000,0.00000,0.03524,0.00000
tail_risk_active_learning,5,0,rare_slip_failures,972,0.87500,0.88889,0.18674,0.20000,0.11111,0.12192,0.00000
tail_risk_active_learning,5,0,jammed_fixture_failures,972,0.87500,0.00000,0.38738,0.45704,1.00000,0.19477,0.94444
tail_risk_active_learning,5,0,actuator_limit_failures,972,0.87500,1.00000,0.06500,0.00000,0.00000,0.08972,0.00000
tail_risk_active_learning,5,0,combined_tail_stress,972,0.87500,0.66667,0.31471,0.74286,0.33333,0.28275,0.16667
tail_risk_active_learning,5,0,compound_sensor_actuator_shift,972,0.87500,0.66667,0.26954,0.35040,0.33333,0.19215,0.22222
tail_risk_active_learning,5,0,fixture_geometry_shift,972,0.87500,0.05556,0.33962,0.38000,0.94444,0.00425,0.27778
tail_risk_active_learning,5,0,rare_mechanism_combo,972,0.87500,0.66667,0.31503,0.53333,0.33333,0.10440,0.00000
tail_risk_active_learning,5,0,out_of_distribution_tail,972,0.87500,0.61111,0.32066,0.33571,0.38889,0.08748,0.00000
tail_risk_active_learning,5,1,nominal_task_balance,1008,0.87500,1.00000,0.00000,0.00000,0.00000,0.03385,0.00000
tail_risk_active_learning,5,1,rare_slip_failures,1008,0.87500,0.88889,0.18674,0.20000,0.11111,0.12666,0.00000
tail_risk_active_learning,5,1,jammed_fixture_failures,1008,0.87500,0.00000,0.38164,0.45704,1.00000,0.20293,0.94444
tail_risk_active_learning,5,1,actuator_limit_failures,1008,0.87500,1.00000,0.06500,0.00000,0.00000,0.08796,0.00000
tail_risk_active_learning,5,1,combined_tail_stress,1008,0.87500,0.66667,0.32175,0.72857,0.33333,0.26998,0.16667
tail_risk_active_learning,5,1,compound_sensor_actuator_shift,1008,0.87500,0.66667,0.28034,0.34017,0.33333,0.21276,0.22222
tail_risk_active_learning,5,1,fixture_geometry_shift,1008,0.87500,0.05556,0.34628,0.58500,0.94444,0.00239,0.27778
tail_risk_active_learning,5,1,rare_mechanism_combo,1008,0.87500,0.66667,0.30691,0.53333,0.33333,0.12157,0.00000
tail_risk_active_learning,5,1,out_of_distribution_tail,1008,0.87500,0.61111,0.30055,0.24524,0.38889,0.10979,0.00000
tail_risk_active_learning,5,2,nominal_task_balance,1044,0.87500,1.00000,0.00000,0.00000,0.00000,0.03268,0.00000
tail_risk_active_learning,5,2,rare_slip_failures,1044,0.87500,0.88889,0.18327,0.20000,0.11111,0.13039,0.00000
tail_risk_active_learning,5,2,jammed_fixture_failures,1044,0.87500,0.00000,0.38418,0.47242,1.00000,0.20990,0.94444
tail_risk_active_learning,5,2,actuator_limit_failures,1044,0.87500,1.00000,0.06500,0.00000,0.00000,0.09051,0.00000
tail_risk_active_learning,5,2,combined_tail_stress,1044,0.87500,0.66667,0.32665,0.71429,0.33333,0.25804,0.16667
tail_risk_active_learning,5,2,compound_sensor_actuator_shift,1044,0.87500,0.66667,0.29048,0.35194,0.33333,0.22406,0.22222
tail_risk_active_learning,5,2,fixture_geometry_shift,1044,0.87500,0.05556,0.34532,0.58500,0.94444,0.00143,0.27778
tail_risk_active_learning,5,2,rare_mechanism_combo,1044,0.87500,0.66667,0.31215,0.52222,0.33333,0.12966,0.00000
tail_risk_active_learning,5,2,out_of_distribution_tail,1044,0.87500,0.61111,0.30468,0.24524,0.38889,0.10966,0.00000
tail_risk_active_learning,5,3,nominal_task_balance,1080,0.87500,1.00000,0.00000,0.00000,0.00000,0.03175,0.00000
tail_risk_active_learning,5,3,rare_slip_failures,1080,0.87500,0.88889,0.18049,0.20000,0.11111,0.13495,0.00000
tail_risk_active_learning,5,3,jammed_fixture_failures,1080,0.87500,0.00000,0.38404,0.47242,1.00000,0.21652,0.94444
tail_risk_active_learning,5,3,actuator_limit_failures,1080,0.87500,1.00000,0.07571,0.00000,0.00000,0.08784,0.00000
tail_risk_active_learning,5,3,combined_tail_stress,1080,0.87500,0.66667,0.33340,0.71429,0.33333,0.24855,0.16667
tail_risk_active_learning,5,3,compound_sensor_actuator_shift,1080,0.87500,0.66667,0.29705,0.37052,0.33333,0.21497,0.22222
tail_risk_active_learning,5,3,fixture_geometry_shift,1080,0.87500,0.05556,0.33793,0.38500,0.94444,0.00129,0.27778
tail_risk_active_learning,5,3,rare_mechanism_combo,1080,0.87500,0.66667,0.31761,0.48889,0.33333,0.10597,0.00000
tail_risk_active_learning,5,3,out_of_distribution_tail,1080,0.87500,0.61111,0.32164,0.27381,0.38889,0.11951,0.00000
tail_risk_active_learning,5,4,nominal_task_balance,1116,0.87500,1.00000,0.00000,0.00000,0.00000,0.03022,0.00000
tail_risk_active_learning,5,4,rare_slip_failures,1116,0.87500,0.88889,0.17191,0.20000,0.11111,0.13848,0.00000
tail_risk_active_learning,5,4,jammed_fixture_failures,1116,0.87500,0.00000,0.38428,0.48781,1.00000,0.21720,0.94444
tail_risk_active_learning,5,4,actuator_limit_failures,1116,0.87500,1.00000,0.06500,0.00000,0.00000,0.09193,0.00000
tail_risk_active_learning,5,4,combined_tail_stress,1116,0.87500,0.66667,0.33551,0.71429,0.33333,0.23758,0.16667
tail_risk_active_learning,5,4,compound_sensor_actuator_shift,1116,0.87500,0.66667,0.29918,0.38229,0.33333,0.22489,0.22222
tail_risk_active_learning,5,4,fixture_geometry_shift,1116,0.87500,0.05556,0.33815,0.38500,0.94444,0.00054,0.27778
tail_risk_active_learning,5,4,rare_mechanism_combo,1116,0.87500,0.66667,0.30825,0.45556,0.33333,0.10404,0.00000
tail_risk_active_learning,5,4,out_of_distribution_tail,1116,0.87500,0.61111,0.35436,0.36429,0.38889,0.10693,0.00000
tail_risk_active_learning,5,5,nominal_task_balance,1152,0.87500,1.00000,0.00000,0.00000,0.00000,0.02908,0.00000
tail_risk_active_learning,5,5,rare_slip_failures,1152,0.87500,0.88889,0.17423,0.20000,0.11111,0.14459,0.00000
tail_risk_active_learning,5,5,jammed_fixture_failures,1152,0.87500,0.00000,0.38526,0.50319,1.00000,0.22067,0.94444
tail_risk_active_learning,5,5,actuator_limit_failures,1152,0.87500,1.00000,0.07571,0.00000,0.00000,0.09062,0.00000
tail_risk_active_learning,5,5,combined_tail_stress,1152,0.87500,0.66667,0.33220,0.70000,0.33333,0.22707,0.16667
tail_risk_active_learning,5,5,compound_sensor_actuator_shift,1152,0.87500,0.66667,0.29664,0.37774,0.33333,0.22707,0.22222
tail_risk_active_learning,5,5,fixture_geometry_shift,1152,0.87500,0.05556,0.33444,0.38500,0.94444,0.00105,0.27778
tail_risk_active_learning,5,5,rare_mechanism_combo,1152,0.87500,0.66667,0.30792,0.45556,0.33333,0.09599,0.00000
tail_risk_active_learning,5,5,out_of_distribution_tail,1152,0.87500,0.61111,0.36392,0.38095,0.38889,0.10054,0.00000
hybrid_diversity_risk,5,0,nominal_task_balance,972,0.87500,1.00000,0.00000,0.00000,0.00000,0.03524,0.00000
hybrid_diversity_risk,5,0,rare_slip_failures,972,0.87500,0.88889,0.18674,0.20000,0.11111,0.12192,0.00000
hybrid_diversity_risk,5,0,jammed_fixture_failures,972,0.87500,0.00000,0.38738,0.45704,1.00000,0.19477,0.94444
hybrid_diversity_risk,5,0,actuator_limit_failures,972,0.87500,1.00000,0.06500,0.00000,0.00000,0.08972,0.00000
hybrid_diversity_risk,5,0,combined_tail_stress,972,0.87500,0.66667,0.31471,0.74286,0.33333,0.28275,0.16667
hybrid_diversity_risk,5,0,compound_sensor_actuator_shift,972,0.87500,0.66667,0.26954,0.35040,0.33333,0.19215,0.22222
hybrid_diversity_risk,5,0,fixture_geometry_shift,972,0.87500,0.05556,0.33962,0.38000,0.94444,0.00425,0.27778
hybrid_diversity_risk,5,0,rare_mechanism_combo,972,0.87500,0.66667,0.31503,0.53333,0.33333,0.10440,0.00000
hybrid_diversity_risk,5,0,out_of_distribution_tail,972,0.87500,0.61111,0.32066,0.33571,0.38889,0.08748,0.00000
hybrid_diversity_risk,5,1,nominal_task_balance,1008,0.87500,1.00000,0.00000,0.00000,0.00000,0.03284,0.00000
hybrid_diversity_risk,5,1,rare_slip_failures,1008,0.87500,0.88889,0.18526,0.20000,0.11111,0.13587,0.00000
hybrid_diversity_risk,5,1,jammed_fixture_failures,1008,0.87500,0.00000,0.38379,0.42627,1.00000,0.20193,0.61111
hybrid_diversity_risk,5,1,actuator_limit_failures,1008,0.87500,0.88889,0.06500,0.00000,0.11111,0.08825,0.00000
hybrid_diversity_risk,5,1,combined_tail_stress,1008,0.87500,0.72222,0.31643,0.72857,0.27778,0.26556,0.05556
hybrid_diversity_risk,5,1,compound_sensor_actuator_shift,1008,0.87500,0.72222,0.27086,0.33750,0.27778,0.19724,0.00000
hybrid_diversity_risk,5,1,fixture_geometry_shift,1008,0.87500,0.00000,0.34017,0.38000,1.00000,0.00703,0.05556
hybrid_diversity_risk,5,1,rare_mechanism_combo,1008,0.87500,0.50000,0.30628,0.50000,0.50000,0.08239,0.00000
hybrid_diversity_risk,5,1,out_of_distribution_tail,1008,0.87500,0.33333,0.32991,0.36905,0.66667,0.10757,0.00000
hybrid_diversity_risk,5,2,nominal_task_balance,1044,0.87500,1.00000,0.00000,0.00000,0.00000,0.03118,0.00000
hybrid_diversity_risk,5,2,rare_slip_failures,1044,0.87500,0.88889,0.17341,0.20000,0.11111,0.12993,0.00000
hybrid_diversity_risk,5,2,jammed_fixture_failures,1044,0.87500,0.00000,0.38006,0.42627,1.00000,0.21177,0.94444
hybrid_diversity_risk,5,2,actuator_limit_failures,1044,0.87500,1.00000,0.06500,0.00000,0.00000,0.08346,0.00000
hybrid_diversity_risk,5,2,combined_tail_stress,1044,0.87500,0.66667,0.31960,0.72857,0.33333,0.27240,0.16667
hybrid_diversity_risk,5,2,compound_sensor_actuator_shift,1044,0.87500,0.66667,0.28669,0.37734,0.33333,0.18648,0.22222
hybrid_diversity_risk,5,2,fixture_geometry_shift,1044,0.87500,0.05556,0.34173,0.38500,0.94444,0.00761,0.27778
hybrid_diversity_risk,5,2,rare_mechanism_combo,1044,0.87500,0.66667,0.31197,0.52222,0.33333,0.07810,0.00000
hybrid_diversity_risk,5,2,out_of_distribution_tail,1044,0.87500,0.61111,0.33630,0.44286,0.38889,0.12057,0.00000
hybrid_diversity_risk,5,3,nominal_task_balance,1080,0.87500,1.00000,0.00000,0.00000,0.00000,0.03005,0.00000
hybrid_diversity_risk,5,3,rare_slip_failures,1080,0.87500,0.88889,0.16799,0.20000,0.11111,0.13345,0.00000
hybrid_diversity_risk,5,3,jammed_fixture_failures,1080,0.87500,0.00000,0.38034,0.42627,1.00000,0.21484,0.94444
hybrid_diversity_risk,5,3,actuator_limit_failures,1080,0.87500,1.00000,0.06500,0.00000,0.00000,0.08129,0.00000
hybrid_diversity_risk,5,3,combined_tail_stress,1080,0.87500,0.66667,0.32155,0.72857,0.33333,0.26509,0.16667
hybrid_diversity_risk,5,3,compound_sensor_actuator_shift,1080,0.87500,0.66667,0.27180,0.32313,0.33333,0.21281,0.22222
hybrid_diversity_risk,5,3,fixture_geometry_shift,1080,0.87500,0.05556,0.34175,0.38500,0.94444,0.00720,0.27778
hybrid_diversity_risk,5,3,rare_mechanism_combo,1080,0.87500,0.66667,0.31962,0.57778,0.33333,0.07724,0.00000
hybrid_diversity_risk,5,3,out_of_distribution_tail,1080,0.87500,0.61111,0.33312,0.40952,0.38889,0.12474,0.00000
hybrid_diversity_risk,5,4,nominal_task_balance,1116,0.87500,1.00000,0.00000,0.00000,0.00000,0.02965,0.00000
hybrid_diversity_risk,5,4,rare_slip_failures,1116,0.87500,0.88889,0.16799,0.20000,0.11111,0.13284,0.00000
hybrid_diversity_risk,5,4,jammed_fixture_failures,1116,0.87500,0.00000,0.37884,0.42627,1.00000,0.21495,0.94444
hybrid_diversity_risk,5,4,actuator_limit_failures,1116,0.87500,1.00000,0.07571,0.00000,0.00000,0.08333,0.00000
hybrid_diversity_risk,5,4,combined_tail_stress,1116,0.87500,0.66667,0.32908,0.72857,0.33333,0.24615,0.16667
hybrid_diversity_risk,5,4,compound_sensor_actuator_shift,1116,0.87500,0.66667,0.27979,0.34285,0.33333,0.21508,0.22222
hybrid_diversity_risk,5,4,fixture_geometry_shift,1116,0.87500,0.05556,0.34046,0.38500,0.94444,0.00336,0.27778
hybrid_diversity_risk,5,4,rare_mechanism_combo,1116,0.87500,0.66667,0.31955,0.54444,0.33333,0.11647,0.00000
hybrid_diversity_risk,5,4,out_of_distribution_tail,1116,0.87500,0.61111,0.33711,0.42619,0.38889,0.10615,0.00000
hybrid_diversity_risk,5,5,nominal_task_balance,1152,0.87500,1.00000,0.00000,0.00000,0.00000,0.02900,0.00000
hybrid_diversity_risk,5,5,rare_slip_failures,1152,0.87500,0.88889,0.17031,0.20000,0.11111,0.13671,0.00000
hybrid_diversity_risk,5,5,jammed_fixture_failures,1152,0.87500,0.00000,0.37842,0.41339,1.00000,0.21736,0.94444
hybrid_diversity_risk,5,5,actuator_limit_failures,1152,0.87500,1.00000,0.07571,0.00000,0.00000,0.08279,0.00000
hybrid_diversity_risk,5,5,combined_tail_stress,1152,0.87500,0.66667,0.33084,0.70739,0.33333,0.24612,0.16667
hybrid_diversity_risk,5,5,compound_sensor_actuator_shift,1152,0.87500,0.66667,0.26806,0.30949,0.33333,0.21745,0.22222
hybrid_diversity_risk,5,5,fixture_geometry_shift,1152,0.87500,0.05556,0.34046,0.38500,0.94444,0.00498,0.27778
hybrid_diversity_risk,5,5,rare_mechanism_combo,1152,0.87500,0.66667,0.32155,0.54444,0.33333,0.09739,0.00000
hybrid_diversity_risk,5,5,out_of_distribution_tail,1152,0.87500,0.61111,0.33292,0.47143,0.38889,0.10372,0.00000
balanced_failure_replay,5,0,nominal_task_balance,972,0.87500,1.00000,0.00000,0.00000,0.00000,0.03524,0.00000
balanced_failure_replay,5,0,rare_slip_failures,972,0.87500,0.88889,0.18674,0.20000,0.11111,0.12192,0.00000
balanced_failure_replay,5,0,jammed_fixture_failures,972,0.87500,0.00000,0.38738,0.45704,1.00000,0.19477,0.94444
balanced_failure_replay,5,0,actuator_limit_failures,972,0.87500,1.00000,0.06500,0.00000,0.00000,0.08972,0.00000
balanced_failure_replay,5,0,combined_tail_stress,972,0.87500,0.66667,0.31471,0.74286,0.33333,0.28275,0.16667
balanced_failure_replay,5,0,compound_sensor_actuator_shift,972,0.87500,0.66667,0.26954,0.35040,0.33333,0.19215,0.22222
balanced_failure_replay,5,0,fixture_geometry_shift,972,0.87500,0.05556,0.33962,0.38000,0.94444,0.00425,0.27778
balanced_failure_replay,5,0,rare_mechanism_combo,972,0.87500,0.66667,0.31503,0.53333,0.33333,0.10440,0.00000
balanced_failure_replay,5,0,out_of_distribution_tail,972,0.87500,0.61111,0.32066,0.33571,0.38889,0.08748,0.00000
balanced_failure_replay,5,1,nominal_task_balance,1008,0.87500,1.00000,0.00000,0.00000,0.00000,0.03096,0.00000
balanced_failure_replay,5,1,rare_slip_failures,1008,0.87500,0.88889,0.17112,0.20000,0.11111,0.11687,0.00000
balanced_failure_replay,5,1,jammed_fixture_failures,1008,0.87500,0.00000,0.38681,0.44166,1.00000,0.20381,0.94444
balanced_failure_replay,5,1,actuator_limit_failures,1008,0.87500,1.00000,0.06381,0.00000,0.00000,0.08738,0.00000
balanced_failure_replay,5,1,combined_tail_stress,1008,0.87500,0.66667,0.32048,0.74286,0.33333,0.26898,0.16667
balanced_failure_replay,5,1,compound_sensor_actuator_shift,1008,0.87500,0.66667,0.26920,0.34853,0.33333,0.21480,0.22222
balanced_failure_replay,5,1,fixture_geometry_shift,1008,0.87500,0.05556,0.34302,0.38500,0.94444,0.00467,0.27778
balanced_failure_replay,5,1,rare_mechanism_combo,1008,0.87500,0.66667,0.31940,0.56667,0.33333,0.05138,0.00000
balanced_failure_replay,5,1,out_of_distribution_tail,1008,0.87500,0.61111,0.32776,0.37381,0.38889,0.15935,0.00000
balanced_failure_replay,5,2,nominal_task_balance,1044,0.87500,1.00000,0.00000,0.00000,0.00000,0.02970,0.00000
balanced_failure_replay,5,2,rare_slip_failures,1044,0.87500,0.88889,0.17216,0.20000,0.11111,0.11569,0.00000
balanced_failure_replay,5,2,jammed_fixture_failures,1044,0.87500,0.00000,0.37782,0.41089,1.00000,0.20676,0.94444
balanced_failure_replay,5,2,actuator_limit_failures,1044,0.87500,1.00000,0.06381,0.00000,0.00000,0.09152,0.00000
balanced_failure_replay,5,2,combined_tail_stress,1044,0.87500,0.66667,0.32246,0.74286,0.33333,0.26366,0.16667
balanced_failure_replay,5,2,compound_sensor_actuator_shift,1044,0.87500,0.66667,0.26324,0.34325,0.33333,0.21995,0.22222
balanced_failure_replay,5,2,fixture_geometry_shift,1044,0.87500,0.05556,0.34134,0.38500,0.94444,0.00521,0.27778
balanced_failure_replay,5,2,rare_mechanism_combo,1044,0.87500,0.66667,0.32189,0.58889,0.33333,0.05699,0.00000
balanced_failure_replay,5,2,out_of_distribution_tail,1044,0.87500,0.61111,0.32975,0.37381,0.38889,0.15254,0.00000
balanced_failure_replay,5,3,nominal_task_balance,1080,0.87500,1.00000,0.00000,0.00000,0.00000,0.02978,0.00000
balanced_failure_replay,5,3,rare_slip_failures,1080,0.87500,0.88889,0.17216,0.20000,0.11111,0.12044,0.00000
balanced_failure_replay,5,3,jammed_fixture_failures,1080,0.87500,0.00000,0.38004,0.39550,1.00000,0.20452,0.94444
balanced_failure_replay,5,3,actuator_limit_failures,1080,0.87500,1.00000,0.06381,0.00000,0.00000,0.09273,0.00000
balanced_failure_replay,5,3,combined_tail_stress,1080,0.87500,0.66667,0.32272,0.72857,0.33333,0.26405,0.16667
balanced_failure_replay,5,3,compound_sensor_actuator_shift,1080,0.87500,0.66667,0.25205,0.33075,0.33333,0.23561,0.22222
balanced_failure_replay,5,3,fixture_geometry_shift,1080,0.87500,0.05556,0.33936,0.38500,0.94444,0.00313,0.27778
balanced_failure_replay,5,3,rare_mechanism_combo,1080,0.87500,0.66667,0.32145,0.58889,0.33333,0.07375,0.00000
balanced_failure_replay,5,3,out_of_distribution_tail,1080,0.87500,0.61111,0.33102,0.41905,0.38889,0.16574,0.00000
balanced_failure_replay,5,4,nominal_task_balance,1116,0.87500,1.00000,0.00000,0.00000,0.00000,0.02897,0.00000
balanced_failure_replay,5,4,rare_slip_failures,1116,0.87500,0.88889,0.17112,0.20000,0.11111,0.12000,0.00000
balanced_failure_replay,5,4,jammed_fixture_failures,1116,0.87500,0.00000,0.37716,0.38262,1.00000,0.21091,0.94444
balanced_failure_replay,5,4,actuator_limit_failures,1116,0.87500,1.00000,0.06381,0.00000,0.00000,0.09830,0.00000
balanced_failure_replay,5,4,combined_tail_stress,1116,0.87500,0.66667,0.32276,0.71429,0.33333,0.26103,0.16667
balanced_failure_replay,5,4,compound_sensor_actuator_shift,1116,0.87500,0.66667,0.24565,0.30802,0.33333,0.24392,0.22222
balanced_failure_replay,5,4,fixture_geometry_shift,1116,0.87500,0.05556,0.33954,0.38500,0.94444,0.00318,0.27778
balanced_failure_replay,5,4,rare_mechanism_combo,1116,0.87500,0.66667,0.32127,0.60000,0.33333,0.09299,0.00000
balanced_failure_replay,5,4,out_of_distribution_tail,1116,0.87500,0.61111,0.33308,0.40238,0.38889,0.17305,0.00000
balanced_failure_replay,5,5,nominal_task_balance,1152,0.87500,1.00000,0.00000,0.00000,0.00000,0.02748,0.00000
balanced_failure_replay,5,5,rare_slip_failures,1152,0.87500,0.88889,0.16865,0.20000,0.11111,0.11901,0.00000
balanced_failure_replay,5,5,jammed_fixture_failures,1152,0.87500,0.00000,0.38720,0.42639,1.00000,0.21241,0.94444
balanced_failure_replay,5,5,actuator_limit_failures,1152,0.87500,1.00000,0.06381,0.00000,0.00000,0.09501,0.00000
balanced_failure_replay,5,5,combined_tail_stress,1152,0.87500,0.66667,0.32707,0.70000,0.33333,0.25513,0.16667
balanced_failure_replay,5,5,compound_sensor_actuator_shift,1152,0.87500,0.66667,0.25634,0.32507,0.33333,0.24693,0.22222
balanced_failure_replay,5,5,fixture_geometry_shift,1152,0.87500,0.05556,0.33834,0.38500,0.94444,0.00545,0.27778
balanced_failure_replay,5,5,rare_mechanism_combo,1152,0.87500,0.66667,0.31873,0.55556,0.33333,0.10168,0.00000
balanced_failure_replay,5,5,out_of_distribution_tail,1152,0.87500,0.61111,0.32111,0.36905,0.38889,0.17807,0.00000
gradient_boosted_failure_active,5,0,nominal_task_balance,972,0.87500,1.00000,0.00000,0.00000,0.00000,0.03524,0.00000
gradient_boosted_failure_active,5,0,rare_slip_failures,972,0.87500,0.88889,0.18674,0.20000,0.11111,0.12192,0.00000
gradient_boosted_failure_active,5,0,jammed_fixture_failures,972,0.87500,0.00000,0.38738,0.45704,1.00000,0.19477,0.94444
gradient_boosted_failure_active,5,0,actuator_limit_failures,972,0.87500,1.00000,0.06500,0.00000,0.00000,0.08972,0.00000
gradient_boosted_failure_active,5,0,combined_tail_stress,972,0.87500,0.66667,0.31471,0.74286,0.33333,0.28275,0.16667
gradient_boosted_failure_active,5,0,compound_sensor_actuator_shift,972,0.87500,0.66667,0.26954,0.35040,0.33333,0.19215,0.22222
gradient_boosted_failure_active,5,0,fixture_geometry_shift,972,0.87500,0.05556,0.33962,0.38000,0.94444,0.00425,0.27778
gradient_boosted_failure_active,5,0,rare_mechanism_combo,972,0.87500,0.66667,0.31503,0.53333,0.33333,0.10440,0.00000
gradient_boosted_failure_active,5,0,out_of_distribution_tail,972,0.87500,0.61111,0.32066,0.33571,0.38889,0.08748,0.00000
gradient_boosted_failure_active,5,1,nominal_task_balance,1008,0.87500,1.00000,0.00000,0.00000,0.00000,0.02997,0.00000
gradient_boosted_failure_active,5,1,rare_slip_failures,1008,0.87500,0.88889,0.16799,0.20000,0.11111,0.12185,0.00000
gradient_boosted_failure_active,5,1,jammed_fixture_failures,1008,0.87500,0.00000,0.38382,0.43678,1.00000,0.20906,0.94444
gradient_boosted_failure_active,5,1,actuator_limit_failures,1008,0.87500,1.00000,0.06500,0.00000,0.00000,0.08768,0.00000
gradient_boosted_failure_active,5,1,combined_tail_stress,1008,0.87500,0.66667,0.31685,0.72857,0.33333,0.26432,0.16667
gradient_boosted_failure_active,5,1,compound_sensor_actuator_shift,1008,0.87500,0.66667,0.25594,0.30795,0.33333,0.21401,0.22222
gradient_boosted_failure_active,5,1,fixture_geometry_shift,1008,0.87500,0.05556,0.34647,0.58500,0.94444,0.00571,0.27778
gradient_boosted_failure_active,5,1,rare_mechanism_combo,1008,0.87500,0.66667,0.31702,0.56667,0.33333,0.05235,0.00000
gradient_boosted_failure_active,5,1,out_of_distribution_tail,1008,0.87500,0.61111,0.31574,0.32857,0.38889,0.15959,0.00000
gradient_boosted_failure_active,5,2,nominal_task_balance,1044,0.87500,1.00000,0.00000,0.00000,0.00000,0.02852,0.00000
gradient_boosted_failure_active,5,2,rare_slip_failures,1044,0.87500,0.88889,0.17216,0.20000,0.11111,0.12296,0.00000
gradient_boosted_failure_active,5,2,jammed_fixture_failures,1044,0.87500,0.00000,0.37933,0.40839,1.00000,0.20140,0.94444
gradient_boosted_failure_active,5,2,actuator_limit_failures,1044,0.87500,1.00000,0.07409,0.00000,0.00000,0.08652,0.00000
gradient_boosted_failure_active,5,2,combined_tail_stress,1044,0.87500,0.66667,0.32008,0.72857,0.33333,0.27253,0.16667
gradient_boosted_failure_active,5,2,compound_sensor_actuator_shift,1044,0.87500,0.66667,0.26407,0.31250,0.33333,0.21024,0.22222
gradient_boosted_failure_active,5,2,fixture_geometry_shift,1044,0.87500,0.05556,0.34300,0.57500,0.94444,0.00666,0.27778
gradient_boosted_failure_active,5,2,rare_mechanism_combo,1044,0.87500,0.66667,0.31781,0.58889,0.33333,0.05227,0.00000
gradient_boosted_failure_active,5,2,out_of_distribution_tail,1044,0.87500,0.61111,0.31413,0.31190,0.38889,0.15158,0.00000
gradient_boosted_failure_active,5,3,nominal_task_balance,1080,0.87500,1.00000,0.00000,0.00000,0.00000,0.02881,0.00000
gradient_boosted_failure_active,5,3,rare_slip_failures,1080,0.87500,0.88889,0.17602,0.20000,0.11111,0.10144,0.00000
gradient_boosted_failure_active,5,3,jammed_fixture_failures,1080,0.87500,0.00000,0.37393,0.39050,1.00000,0.20428,0.94444
gradient_boosted_failure_active,5,3,actuator_limit_failures,1080,0.87500,1.00000,0.07846,0.00000,0.00000,0.09531,0.00000
gradient_boosted_failure_active,5,3,combined_tail_stress,1080,0.87500,0.66667,0.31650,0.71429,0.33333,0.26976,0.16667
gradient_boosted_failure_active,5,3,compound_sensor_actuator_shift,1080,0.87500,0.66667,0.25670,0.28443,0.33333,0.21876,0.22222
gradient_boosted_failure_active,5,3,fixture_geometry_shift,1080,0.87500,0.05556,0.34346,0.58000,0.94444,0.00457,0.27778
gradient_boosted_failure_active,5,3,rare_mechanism_combo,1080,0.87500,0.66667,0.31260,0.58889,0.33333,0.05462,0.00000
gradient_boosted_failure_active,5,3,out_of_distribution_tail,1080,0.87500,0.61111,0.31962,0.34524,0.38889,0.15622,0.00000
gradient_boosted_failure_active,5,4,nominal_task_balance,1116,0.87500,1.00000,0.00000,0.00000,0.00000,0.02943,0.00000
gradient_boosted_failure_active,5,4,rare_slip_failures,1116,0.87500,0.88889,0.17668,0.20000,0.11111,0.10610,0.00000
gradient_boosted_failure_active,5,4,jammed_fixture_failures,1116,0.87500,0.00000,0.36990,0.37512,1.00000,0.19269,0.94444
gradient_boosted_failure_active,5,4,actuator_limit_failures,1116,0.87500,1.00000,0.08630,0.00000,0.00000,0.09863,0.00000
gradient_boosted_failure_active,5,4,combined_tail_stress,1116,0.87500,0.66667,0.31856,0.71429,0.33333,0.27636,0.16667
gradient_boosted_failure_active,5,4,compound_sensor_actuator_shift,1116,0.87500,0.66667,0.23997,0.26471,0.33333,0.21992,0.22222
gradient_boosted_failure_active,5,4,fixture_geometry_shift,1116,0.87500,0.05556,0.34197,0.57500,0.94444,0.00739,0.27778
gradient_boosted_failure_active,5,4,rare_mechanism_combo,1116,0.87500,0.66667,0.30764,0.57778,0.33333,0.05817,0.00000
gradient_boosted_failure_active,5,4,out_of_distribution_tail,1116,0.87500,0.61111,0.32881,0.44762,0.38889,0.16309,0.00000
gradient_boosted_failure_active,5,5,nominal_task_balance,1152,0.87500,1.00000,0.00000,0.00000,0.00000,0.02835,0.00000
gradient_boosted_failure_active,5,5,rare_slip_failures,1152,0.87500,0.88889,0.17741,0.20000,0.11111,0.11070,0.00000
gradient_boosted_failure_active,5,5,jammed_fixture_failures,1152,0.87500,0.00000,0.36929,0.37512,1.00000,0.19250,0.94444
gradient_boosted_failure_active,5,5,actuator_limit_failures,1152,0.87500,1.00000,0.08630,0.00000,0.00000,0.09914,0.00000
gradient_boosted_failure_active,5,5,combined_tail_stress,1152,0.87500,0.66667,0.32179,0.71429,0.33333,0.27333,0.16667
gradient_boosted_failure_active,5,5,compound_sensor_actuator_shift,1152,0.87500,0.66667,0.24103,0.26925,0.33333,0.21297,0.22222
gradient_boosted_failure_active,5,5,fixture_geometry_shift,1152,0.87500,0.05556,0.34278,0.57500,0.94444,0.00642,0.27778
gradient_boosted_failure_active,5,5,rare_mechanism_combo,1152,0.87500,0.66667,0.31526,0.58889,0.33333,0.06664,0.00000
gradient_boosted_failure_active,5,5,out_of_distribution_tail,1152,0.87500,0.61111,0.33495,0.52143,0.38889,0.15993,0.00000
random_forest_failure_active,5,0,nominal_task_balance,972,0.87500,1.00000,0.00000,0.00000,0.00000,0.03524,0.00000
random_forest_failure_active,5,0,rare_slip_failures,972,0.87500,0.88889,0.18674,0.20000,0.11111,0.12192,0.00000
random_forest_failure_active,5,0,jammed_fixture_failures,972,0.87500,0.00000,0.38738,0.45704,1.00000,0.19477,0.94444
random_forest_failure_active,5,0,actuator_limit_failures,972,0.87500,1.00000,0.06500,0.00000,0.00000,0.08972,0.00000
random_forest_failure_active,5,0,combined_tail_stress,972,0.87500,0.66667,0.31471,0.74286,0.33333,0.28275,0.16667
random_forest_failure_active,5,0,compound_sensor_actuator_shift,972,0.87500,0.66667,0.26954,0.35040,0.33333,0.19215,0.22222
random_forest_failure_active,5,0,fixture_geometry_shift,972,0.87500,0.05556,0.33962,0.38000,0.94444,0.00425,0.27778
random_forest_failure_active,5,0,rare_mechanism_combo,972,0.87500,0.66667,0.31503,0.53333,0.33333,0.10440,0.00000
random_forest_failure_active,5,0,out_of_distribution_tail,972,0.87500,0.61111,0.32066,0.33571,0.38889,0.08748,0.00000
random_forest_failure_active,5,1,nominal_task_balance,1008,0.87500,1.00000,0.00000,0.00000,0.00000,0.03526,0.00000
random_forest_failure_active,5,1,rare_slip_failures,1008,0.87500,0.88889,0.18674,0.20000,0.11111,0.11241,0.00000
random_forest_failure_active,5,1,jammed_fixture_failures,1008,0.87500,0.00000,0.39032,0.45704,1.00000,0.15321,0.94444
random_forest_failure_active,5,1,actuator_limit_failures,1008,0.87500,1.00000,0.06500,0.00000,0.00000,0.10047,0.00000
random_forest_failure_active,5,1,combined_tail_stress,1008,0.87500,0.66667,0.31828,0.74286,0.33333,0.28145,0.16667
random_forest_failure_active,5,1,compound_sensor_actuator_shift,1008,0.87500,0.66667,0.26509,0.34392,0.33333,0.23045,0.22222
random_forest_failure_active,5,1,fixture_geometry_shift,1008,0.87500,0.05556,0.34059,0.37000,0.94444,0.00820,0.27778
random_forest_failure_active,5,1,rare_mechanism_combo,1008,0.87500,0.66667,0.30821,0.53333,0.33333,0.11279,0.00000
random_forest_failure_active,5,1,out_of_distribution_tail,1008,0.87500,0.61111,0.30880,0.33571,0.38889,0.12182,0.00000
random_forest_failure_active,5,2,nominal_task_balance,1044,0.87500,1.00000,0.00000,0.00000,0.00000,0.03335,0.00000
random_forest_failure_active,5,2,rare_slip_failures,1044,0.87500,0.88889,0.18327,0.20000,0.11111,0.11425,0.00000
random_forest_failure_active,5,2,jammed_fixture_failures,1044,0.87500,0.00000,0.38699,0.44166,1.00000,0.14621,0.94444
random_forest_failure_active,5,2,actuator_limit_failures,1044,0.87500,1.00000,0.07571,0.00000,0.00000,0.09654,0.00000
random_forest_failure_active,5,2,combined_tail_stress,1044,0.87500,0.66667,0.32005,0.74286,0.33333,0.27515,0.16667
random_forest_failure_active,5,2,compound_sensor_actuator_shift,1044,0.87500,0.66667,0.27119,0.34011,0.33333,0.21428,0.22222
random_forest_failure_active,5,2,fixture_geometry_shift,1044,0.87500,0.05556,0.34397,0.57000,0.94444,0.01088,0.27778
random_forest_failure_active,5,2,rare_mechanism_combo,1044,0.87500,0.66667,0.30876,0.52222,0.33333,0.11521,0.00000
random_forest_failure_active,5,2,out_of_distribution_tail,1044,0.87500,0.61111,0.32054,0.36905,0.38889,0.13228,0.00000
random_forest_failure_active,5,3,nominal_task_balance,1080,0.87500,1.00000,0.00000,0.00000,0.00000,0.03144,0.00000
random_forest_failure_active,5,3,rare_slip_failures,1080,0.87500,0.88889,0.18327,0.20000,0.11111,0.10959,0.00000
random_forest_failure_active,5,3,jammed_fixture_failures,1080,0.87500,0.00000,0.38582,0.42627,1.00000,0.14422,0.94444
random_forest_failure_active,5,3,actuator_limit_failures,1080,0.87500,1.00000,0.07409,0.00000,0.00000,0.09244,0.00000
random_forest_failure_active,5,3,combined_tail_stress,1080,0.87500,0.66667,0.32162,0.74286,0.33333,0.27238,0.16667
random_forest_failure_active,5,3,compound_sensor_actuator_shift,1080,0.87500,0.66667,0.26840,0.32647,0.33333,0.22016,0.22222
random_forest_failure_active,5,3,fixture_geometry_shift,1080,0.87500,0.05556,0.34301,0.57000,0.94444,0.01097,0.27778
random_forest_failure_active,5,3,rare_mechanism_combo,1080,0.87500,0.66667,0.31143,0.53333,0.33333,0.10167,0.00000
random_forest_failure_active,5,3,out_of_distribution_tail,1080,0.87500,0.61111,0.32214,0.39524,0.38889,0.15383,0.00000
random_forest_failure_active,5,4,nominal_task_balance,1116,0.87500,1.00000,0.00000,0.00000,0.00000,0.03041,0.00000
random_forest_failure_active,5,4,rare_slip_failures,1116,0.87500,0.88889,0.16190,0.00000,0.11111,0.10923,0.00000
random_forest_failure_active,5,4,jammed_fixture_failures,1116,0.87500,0.00000,0.38217,0.41339,1.00000,0.13479,0.94444
random_forest_failure_active,5,4,actuator_limit_failures,1116,0.87500,1.00000,0.06500,0.00000,0.00000,0.09194,0.00000
random_forest_failure_active,5,4,combined_tail_stress,1116,0.87500,0.66667,0.31867,0.74286,0.33333,0.26908,0.16667
random_forest_failure_active,5,4,compound_sensor_actuator_shift,1116,0.87500,0.66667,0.25837,0.28850,0.33333,0.24971,0.22222
random_forest_failure_active,5,4,fixture_geometry_shift,1116,0.87500,0.05556,0.34181,0.57000,0.94444,0.01218,0.27778
random_forest_failure_active,5,4,rare_mechanism_combo,1116,0.87500,0.66667,0.30778,0.54444,0.33333,0.12255,0.00000
random_forest_failure_active,5,4,out_of_distribution_tail,1116,0.87500,0.61111,0.32767,0.39524,0.38889,0.15607,0.00000
random_forest_failure_active,5,5,nominal_task_balance,1152,0.87500,1.00000,0.00000,0.00000,0.00000,0.02973,0.00000
random_forest_failure_active,5,5,rare_slip_failures,1152,0.87500,0.88889,0.16190,0.00000,0.11111,0.10917,0.00000
random_forest_failure_active,5,5,jammed_fixture_failures,1152,0.87500,0.00000,0.38582,0.42627,1.00000,0.12477,0.94444
random_forest_failure_active,5,5,actuator_limit_failures,1152,0.87500,1.00000,0.05316,0.00000,0.00000,0.09128,0.00000
random_forest_failure_active,5,5,combined_tail_stress,1152,0.87500,0.66667,0.32223,0.74286,0.33333,0.25348,0.16667
random_forest_failure_active,5,5,compound_sensor_actuator_shift,1152,0.87500,0.66667,0.24609,0.26952,0.33333,0.26214,0.22222
random_forest_failure_active,5,5,fixture_geometry_shift,1152,0.87500,0.05556,0.34413,0.37000,0.94444,0.01398,0.27778
random_forest_failure_active,5,5,rare_mechanism_combo,1152,0.87500,0.66667,0.30941,0.54444,0.33333,0.13222,0.00000
random_forest_failure_active,5,5,out_of_distribution_tail,1152,0.87500,0.61111,0.33890,0.45238,0.38889,0.15345,0.00000
failure_stratified_engine,5,0,nominal_task_balance,972,0.87500,1.00000,0.00000,0.00000,0.00000,0.03524,0.00000
failure_stratified_engine,5,0,rare_slip_failures,972,0.87500,0.88889,0.18674,0.20000,0.11111,0.12192,0.00000
failure_stratified_engine,5,0,jammed_fixture_failures,972,0.87500,0.00000,0.38738,0.45704,1.00000,0.19477,0.94444
failure_stratified_engine,5,0,actuator_limit_failures,972,0.87500,1.00000,0.06500,0.00000,0.00000,0.08972,0.00000
failure_stratified_engine,5,0,combined_tail_stress,972,0.87500,0.66667,0.31471,0.74286,0.33333,0.28275,0.16667
failure_stratified_engine,5,0,compound_sensor_actuator_shift,972,0.87500,0.66667,0.26954,0.35040,0.33333,0.19215,0.22222
failure_stratified_engine,5,0,fixture_geometry_shift,972,0.87500,0.05556,0.33962,0.38000,0.94444,0.00425,0.27778
failure_stratified_engine,5,0,rare_mechanism_combo,972,0.87500,0.66667,0.31503,0.53333,0.33333,0.10440,0.00000
failure_stratified_engine,5,0,out_of_distribution_tail,972,0.87500,0.61111,0.32066,0.33571,0.38889,0.08748,0.00000
failure_stratified_engine,5,1,nominal_task_balance,1008,0.87500,1.00000,0.00000,0.00000,0.00000,0.02841,0.00000
failure_stratified_engine,5,1,rare_slip_failures,1008,0.87500,0.88889,0.19121,0.20000,0.11111,0.11931,0.00000
failure_stratified_engine,5,1,jammed_fixture_failures,1008,0.87500,0.00000,0.38739,0.45216,1.00000,0.19192,0.61111
failure_stratified_engine,5,1,actuator_limit_failures,1008,0.87500,0.88889,0.06500,0.00000,0.11111,0.08872,0.00000
failure_stratified_engine,5,1,combined_tail_stress,1008,0.87500,0.72222,0.30255,0.74286,0.27778,0.34019,0.05556
failure_stratified_engine,5,1,compound_sensor_actuator_shift,1008,0.87500,0.72222,0.26678,0.33142,0.27778,0.21944,0.00000
failure_stratified_engine,5,1,fixture_geometry_shift,1008,0.87500,0.00000,0.34397,0.57000,1.00000,0.00178,0.05556
failure_stratified_engine,5,1,rare_mechanism_combo,1008,0.87500,0.50000,0.30978,0.52222,0.50000,0.09429,0.00000
failure_stratified_engine,5,1,out_of_distribution_tail,1008,0.87500,0.33333,0.31709,0.35238,0.66667,0.14231,0.00000
failure_stratified_engine,5,2,nominal_task_balance,1044,0.87500,1.00000,0.00000,0.00000,0.00000,0.02566,0.00000
failure_stratified_engine,5,2,rare_slip_failures,1044,0.87500,0.88889,0.18811,0.20000,0.11111,0.12183,0.00000
failure_stratified_engine,5,2,jammed_fixture_failures,1044,0.87500,0.00000,0.38599,0.43916,1.00000,0.19096,1.00000
failure_stratified_engine,5,2,actuator_limit_failures,1044,0.87500,0.94444,0.06632,0.00000,0.05556,0.08287,0.00000
failure_stratified_engine,5,2,combined_tail_stress,1044,0.87500,0.77778,0.30389,0.72906,0.22222,0.34745,0.16667
failure_stratified_engine,5,2,compound_sensor_actuator_shift,1044,0.87500,0.61111,0.25823,0.30789,0.38889,0.23717,0.33333
failure_stratified_engine,5,2,fixture_geometry_shift,1044,0.87500,0.05556,0.34221,0.57500,0.94444,0.00242,0.33333
failure_stratified_engine,5,2,rare_mechanism_combo,1044,0.87500,0.50000,0.32239,0.57778,0.50000,0.09022,0.05556
failure_stratified_engine,5,2,out_of_distribution_tail,1044,0.87500,0.38889,0.31308,0.35238,0.61111,0.10789,0.00000
failure_stratified_engine,5,3,nominal_task_balance,1080,0.87500,1.00000,0.00000,0.00000,0.00000,0.02356,0.00000
failure_stratified_engine,5,3,rare_slip_failures,1080,0.87500,0.88889,0.18464,0.20000,0.11111,0.11926,0.00000
failure_stratified_engine,5,3,jammed_fixture_failures,1080,0.87500,0.00000,0.38273,0.42127,1.00000,0.20035,1.00000
failure_stratified_engine,5,3,actuator_limit_failures,1080,0.87500,0.94444,0.05389,0.00000,0.05556,0.09045,0.00000
failure_stratified_engine,5,3,combined_tail_stress,1080,0.87500,0.77778,0.30712,0.72906,0.22222,0.34843,0.16667
failure_stratified_engine,5,3,compound_sensor_actuator_shift,1080,0.87500,0.61111,0.26033,0.31203,0.38889,0.24369,0.33333
failure_stratified_engine,5,3,fixture_geometry_shift,1080,0.87500,0.05556,0.34075,0.37500,0.94444,0.00293,0.33333
failure_stratified_engine,5,3,rare_mechanism_combo,1080,0.87500,0.50000,0.32039,0.56667,0.50000,0.09858,0.05556
failure_stratified_engine,5,3,out_of_distribution_tail,1080,0.87500,0.38889,0.32527,0.41429,0.61111,0.13181,0.00000
failure_stratified_engine,5,4,nominal_task_balance,1116,0.87500,1.00000,0.00000,0.00000,0.00000,0.02259,0.00000
failure_stratified_engine,5,4,rare_slip_failures,1116,0.87500,0.88889,0.18186,0.20000,0.11111,0.11930,0.00000
failure_stratified_engine,5,4,jammed_fixture_failures,1116,0.87500,0.00000,0.38601,0.42127,1.00000,0.19826,1.00000
failure_stratified_engine,5,4,actuator_limit_failures,1116,0.87500,0.94444,0.05389,0.00000,0.05556,0.08176,0.00000
failure_stratified_engine,5,4,combined_tail_stress,1116,0.87500,0.77778,0.30711,0.72906,0.22222,0.35470,0.16667
failure_stratified_engine,5,4,compound_sensor_actuator_shift,1116,0.87500,0.61111,0.24902,0.29612,0.38889,0.24889,0.33333
failure_stratified_engine,5,4,fixture_geometry_shift,1116,0.87500,0.05556,0.33915,0.37500,0.94444,0.00422,0.33333
failure_stratified_engine,5,4,rare_mechanism_combo,1116,0.87500,0.50000,0.31649,0.56667,0.50000,0.12308,0.05556
failure_stratified_engine,5,4,out_of_distribution_tail,1116,0.87500,0.38889,0.31629,0.36905,0.61111,0.13851,0.00000
failure_stratified_engine,5,5,nominal_task_balance,1152,1.00000,1.00000,0.00000,0.00000,0.00000,0.02222,0.00000
failure_stratified_engine,5,5,rare_slip_failures,1152,1.00000,0.88889,0.17770,0.20000,0.11111,0.12069,0.00000
failure_stratified_engine,5,5,jammed_fixture_failures,1152,1.00000,0.00000,0.38845,0.40589,1.00000,0.19447,1.00000
failure_stratified_engine,5,5,actuator_limit_failures,1152,1.00000,0.94444,0.05389,0.00000,0.05556,0.07626,0.00000
failure_stratified_engine,5,5,combined_tail_stress,1152,1.00000,0.77778,0.30666,0.71478,0.22222,0.35819,0.16667
failure_stratified_engine,5,5,compound_sensor_actuator_shift,1152,1.00000,0.61111,0.24818,0.29271,0.38889,0.24563,0.33333
failure_stratified_engine,5,5,fixture_geometry_shift,1152,1.00000,0.05556,0.34119,0.37500,0.94444,0.00433,0.33333
failure_stratified_engine,5,5,rare_mechanism_combo,1152,1.00000,0.50000,0.31750,0.56667,0.50000,0.13078,0.05556
failure_stratified_engine,5,5,out_of_distribution_tail,1152,1.00000,0.38889,0.32270,0.39762,0.61111,0.11489,0.00000
failure_stratified_engine_v5,5,0,nominal_task_balance,972,0.87500,1.00000,0.00000,0.00000,0.00000,0.03524,0.00000
failure_stratified_engine_v5,5,0,rare_slip_failures,972,0.87500,0.88889,0.18674,0.20000,0.11111,0.12192,0.00000
failure_stratified_engine_v5,5,0,jammed_fixture_failures,972,0.87500,0.00000,0.38738,0.45704,1.00000,0.19477,0.94444
failure_stratified_engine_v5,5,0,actuator_limit_failures,972,0.87500,1.00000,0.06500,0.00000,0.00000,0.08972,0.00000
failure_stratified_engine_v5,5,0,combined_tail_stress,972,0.87500,0.66667,0.31471,0.74286,0.33333,0.28275,0.16667
failure_stratified_engine_v5,5,0,compound_sensor_actuator_shift,972,0.87500,0.66667,0.26954,0.35040,0.33333,0.19215,0.22222
failure_stratified_engine_v5,5,0,fixture_geometry_shift,972,0.87500,0.05556,0.33962,0.38000,0.94444,0.00425,0.27778
failure_stratified_engine_v5,5,0,rare_mechanism_combo,972,0.87500,0.66667,0.31503,0.53333,0.33333,0.10440,0.00000
failure_stratified_engine_v5,5,0,out_of_distribution_tail,972,0.87500,0.61111,0.32066,0.33571,0.38889,0.08748,0.00000
failure_stratified_engine_v5,5,1,nominal_task_balance,1008,1.00000,1.00000,0.00000,0.00000,0.00000,0.03244,0.00000
failure_stratified_engine_v5,5,1,rare_slip_failures,1008,1.00000,0.88889,0.17496,0.20000,0.11111,0.12354,0.00000
failure_stratified_engine_v5,5,1,jammed_fixture_failures,1008,1.00000,0.00000,0.37288,0.37524,1.00000,0.19624,0.61111
failure_stratified_engine_v5,5,1,actuator_limit_failures,1008,1.00000,0.88889,0.06500,0.00000,0.11111,0.08826,0.00000
failure_stratified_engine_v5,5,1,combined_tail_stress,1008,1.00000,0.72222,0.31968,0.72857,0.27778,0.27137,0.05556
failure_stratified_engine_v5,5,1,compound_sensor_actuator_shift,1008,1.00000,0.72222,0.27637,0.35642,0.27778,0.21419,0.00000
failure_stratified_engine_v5,5,1,fixture_geometry_shift,1008,1.00000,0.00000,0.33962,0.38000,1.00000,0.00628,0.05556
failure_stratified_engine_v5,5,1,rare_mechanism_combo,1008,1.00000,0.50000,0.32167,0.58889,0.50000,0.06253,0.00000
failure_stratified_engine_v5,5,1,out_of_distribution_tail,1008,1.00000,0.33333,0.32780,0.38571,0.66667,0.11121,0.00000
failure_stratified_engine_v5,5,2,nominal_task_balance,1044,1.00000,1.00000,0.00000,0.00000,0.00000,0.03256,0.00000
failure_stratified_engine_v5,5,2,rare_slip_failures,1044,1.00000,0.88889,0.17588,0.20000,0.11111,0.12076,0.00000
failure_stratified_engine_v5,5,2,jammed_fixture_failures,1044,1.00000,0.00000,0.37927,0.39863,1.00000,0.20428,0.61111
failure_stratified_engine_v5,5,2,actuator_limit_failures,1044,1.00000,0.88889,0.06381,0.00000,0.11111,0.09798,0.00000
failure_stratified_engine_v5,5,2,combined_tail_stress,1044,1.00000,0.72222,0.32991,0.71088,0.27778,0.23669,0.05556
failure_stratified_engine_v5,5,2,compound_sensor_actuator_shift,1044,1.00000,0.72222,0.25106,0.30074,0.27778,0.22756,0.00000
failure_stratified_engine_v5,5,2,fixture_geometry_shift,1044,1.00000,0.00000,0.33765,0.37500,1.00000,0.00652,0.05556
failure_stratified_engine_v5,5,2,rare_mechanism_combo,1044,1.00000,0.50000,0.32111,0.58889,0.50000,0.05537,0.00000
failure_stratified_engine_v5,5,2,out_of_distribution_tail,1044,1.00000,0.33333,0.33349,0.41905,0.66667,0.18553,0.00000
failure_stratified_engine_v5,5,3,nominal_task_balance,1080,1.00000,1.00000,0.00000,0.00000,0.00000,0.03119,0.00000
failure_stratified_engine_v5,5,3,rare_slip_failures,1080,1.00000,0.88889,0.17496,0.20000,0.11111,0.12332,0.00000
failure_stratified_engine_v5,5,3,jammed_fixture_failures,1080,1.00000,0.00000,0.37461,0.36786,1.00000,0.20693,1.00000
failure_stratified_engine_v5,5,3,actuator_limit_failures,1080,1.00000,0.94444,0.06381,0.00000,0.05556,0.08988,0.00000
failure_stratified_engine_v5,5,3,combined_tail_stress,1080,1.00000,0.77778,0.32507,0.69660,0.22222,0.23422,0.16667
failure_stratified_engine_v5,5,3,compound_sensor_actuator_shift,1080,1.00000,0.61111,0.24743,0.27721,0.38889,0.25680,0.33333
failure_stratified_engine_v5,5,3,fixture_geometry_shift,1080,1.00000,0.05556,0.33920,0.37500,0.94444,0.00667,0.33333
failure_stratified_engine_v5,5,3,rare_mechanism_combo,1080,1.00000,0.50000,0.31989,0.58889,0.50000,0.07246,0.05556
failure_stratified_engine_v5,5,3,out_of_distribution_tail,1080,1.00000,0.38889,0.32142,0.37381,0.61111,0.17994,0.00000
failure_stratified_engine_v5,5,4,nominal_task_balance,1116,1.00000,1.00000,0.00000,0.00000,0.00000,0.03103,0.00000
failure_stratified_engine_v5,5,4,rare_slip_failures,1116,1.00000,0.88889,0.17415,0.20000,0.11111,0.12383,0.00000
failure_stratified_engine_v5,5,4,jammed_fixture_failures,1116,1.00000,0.00000,0.37450,0.37036,1.00000,0.21089,0.94444
failure_stratified_engine_v5,5,4,actuator_limit_failures,1116,1.00000,1.00000,0.06381,0.00000,0.00000,0.09868,0.00000
failure_stratified_engine_v5,5,4,combined_tail_stress,1116,1.00000,0.66667,0.32397,0.68231,0.33333,0.23295,0.16667
failure_stratified_engine_v5,5,4,compound_sensor_actuator_shift,1116,1.00000,0.66667,0.22430,0.23930,0.33333,0.24929,0.22222
failure_stratified_engine_v5,5,4,fixture_geometry_shift,1116,1.00000,0.05556,0.34062,0.38000,0.94444,0.00496,0.27778
failure_stratified_engine_v5,5,4,rare_mechanism_combo,1116,1.00000,0.66667,0.32022,0.58889,0.33333,0.07007,0.00000
failure_stratified_engine_v5,5,4,out_of_distribution_tail,1116,1.00000,0.61111,0.32639,0.43095,0.38889,0.17132,0.00000
failure_stratified_engine_v5,5,5,nominal_task_balance,1152,1.00000,1.00000,0.00000,0.00000,0.00000,0.03086,0.00000
failure_stratified_engine_v5,5,5,rare_slip_failures,1152,1.00000,0.88889,0.17602,0.20000,0.11111,0.12610,0.00000
failure_stratified_engine_v5,5,5,jammed_fixture_failures,1152,1.00000,0.00000,0.37192,0.37036,1.00000,0.22004,1.00000
failure_stratified_engine_v5,5,5,actuator_limit_failures,1152,1.00000,0.94444,0.06381,0.00000,0.05556,0.08545,0.00000
failure_stratified_engine_v5,5,5,combined_tail_stress,1152,1.00000,0.77778,0.32295,0.68231,0.22222,0.23242,0.16667
failure_stratified_engine_v5,5,5,compound_sensor_actuator_shift,1152,1.00000,0.61111,0.22834,0.23930,0.38889,0.24731,0.33333
failure_stratified_engine_v5,5,5,fixture_geometry_shift,1152,1.00000,0.05556,0.33992,0.38000,0.94444,0.00513,0.33333
failure_stratified_engine_v5,5,5,rare_mechanism_combo,1152,1.00000,0.50000,0.31962,0.57778,0.50000,0.06678,0.05556
failure_stratified_engine_v5,5,5,out_of_distribution_tail,1152,1.00000,0.38889,0.31879,0.38571,0.61111,0.15380,0.00000
oracle_failure_strata,5,0,nominal_task_balance,972,0.87500,1.00000,0.00000,0.00000,0.00000,0.03524,0.00000
oracle_failure_strata,5,0,rare_slip_failures,972,0.87500,0.88889,0.18674,0.20000,0.11111,0.12192,0.00000
oracle_failure_strata,5,0,jammed_fixture_failures,972,0.87500,0.00000,0.38738,0.45704,1.00000,0.19477,0.94444
oracle_failure_strata,5,0,actuator_limit_failures,972,0.87500,1.00000,0.06500,0.00000,0.00000,0.08972,0.00000
oracle_failure_strata,5,0,combined_tail_stress,972,0.87500,0.66667,0.31471,0.74286,0.33333,0.28275,0.16667
oracle_failure_strata,5,0,compound_sensor_actuator_shift,972,0.87500,0.66667,0.26954,0.35040,0.33333,0.19215,0.22222
oracle_failure_strata,5,0,fixture_geometry_shift,972,0.87500,0.05556,0.33962,0.38000,0.94444,0.00425,0.27778
oracle_failure_strata,5,0,rare_mechanism_combo,972,0.87500,0.66667,0.31503,0.53333,0.33333,0.10440,0.00000
oracle_failure_strata,5,0,out_of_distribution_tail,972,0.87500,0.61111,0.32066,0.33571,0.38889,0.08748,0.00000
oracle_failure_strata,5,1,nominal_task_balance,1008,1.00000,1.00000,0.00000,0.00000,0.00000,0.03171,0.00000
oracle_failure_strata,5,1,rare_slip_failures,1008,1.00000,0.88889,0.16026,0.00000,0.11111,0.12449,0.00000
oracle_failure_strata,5,1,jammed_fixture_failures,1008,1.00000,0.00000,0.38584,0.44166,1.00000,0.19012,0.94444
oracle_failure_strata,5,1,actuator_limit_failures,1008,1.00000,1.00000,0.06500,0.00000,0.00000,0.09102,0.00000
oracle_failure_strata,5,1,combined_tail_stress,1008,1.00000,0.66667,0.30407,0.80000,0.33333,0.31833,0.16667
oracle_failure_strata,5,1,compound_sensor_actuator_shift,1008,1.00000,0.66667,0.27729,0.40007,0.33333,0.20841,0.22222
oracle_failure_strata,5,1,fixture_geometry_shift,1008,1.00000,0.05556,0.33786,0.37000,0.94444,0.00121,0.27778
oracle_failure_strata,5,1,rare_mechanism_combo,1008,1.00000,0.66667,0.30476,0.50000,0.33333,0.11844,0.00000
oracle_failure_strata,5,1,out_of_distribution_tail,1008,1.00000,0.61111,0.31495,0.35238,0.38889,0.11819,0.00000
oracle_failure_strata,5,2,nominal_task_balance,1044,1.00000,1.00000,0.00000,0.00000,0.00000,0.03942,0.00000
oracle_failure_strata,5,2,rare_slip_failures,1044,1.00000,0.88889,0.16026,0.00000,0.11111,0.12894,0.00000
oracle_failure_strata,5,2,jammed_fixture_failures,1044,1.00000,0.00000,0.38510,0.41389,1.00000,0.22791,0.94444
oracle_failure_strata,5,2,actuator_limit_failures,1044,1.00000,1.00000,0.06778,0.00000,0.00000,0.07893,0.00000
oracle_failure_strata,5,2,combined_tail_stress,1044,1.00000,0.66667,0.30069,0.80000,0.33333,0.33507,0.16667
oracle_failure_strata,5,2,compound_sensor_actuator_shift,1044,1.00000,0.66667,0.32513,0.63971,0.33333,0.14993,0.22222
oracle_failure_strata,5,2,fixture_geometry_shift,1044,1.00000,0.05556,0.34074,0.37000,0.94444,0.01890,0.27778
oracle_failure_strata,5,2,rare_mechanism_combo,1044,1.00000,0.66667,0.30740,0.52222,0.33333,0.07529,0.00000
oracle_failure_strata,5,2,out_of_distribution_tail,1044,1.00000,0.61111,0.31614,0.35238,0.38889,0.06507,0.00000
oracle_failure_strata,5,3,nominal_task_balance,1080,1.00000,1.00000,0.00000,0.00000,0.00000,0.03775,0.00000
oracle_failure_strata,5,3,rare_slip_failures,1080,1.00000,0.88889,0.15686,0.00000,0.11111,0.13218,0.00000
oracle_failure_strata,5,3,jammed_fixture_failures,1080,1.00000,0.00000,0.38356,0.38625,1.00000,0.24077,0.94444
oracle_failure_strata,5,3,actuator_limit_failures,1080,1.00000,1.00000,0.06778,0.00000,0.00000,0.07646,0.00000
oracle_failure_strata,5,3,combined_tail_stress,1080,1.00000,0.66667,0.29964,0.76453,0.33333,0.32757,0.16667
oracle_failure_strata,5,3,compound_sensor_actuator_shift,1080,1.00000,0.66667,0.32520,0.62721,0.33333,0.15910,0.22222
oracle_failure_strata,5,3,fixture_geometry_shift,1080,1.00000,0.05556,0.34399,0.57000,0.94444,0.01531,0.27778
oracle_failure_strata,5,3,rare_mechanism_combo,1080,1.00000,0.66667,0.31251,0.57778,0.33333,0.08969,0.00000
oracle_failure_strata,5,3,out_of_distribution_tail,1080,1.00000,0.61111,0.31638,0.36905,0.38889,0.07767,0.00000
oracle_failure_strata,5,4,nominal_task_balance,1116,1.00000,1.00000,0.00000,0.00000,0.00000,0.04674,0.00000
oracle_failure_strata,5,4,rare_slip_failures,1116,1.00000,0.88889,0.17495,0.02000,0.11111,0.10049,0.00000
oracle_failure_strata,5,4,jammed_fixture_failures,1116,1.00000,0.00000,0.39245,0.43491,1.00000,0.22437,0.94444
oracle_failure_strata,5,4,actuator_limit_failures,1116,1.00000,1.00000,0.06778,0.00000,0.00000,0.07607,0.00000
oracle_failure_strata,5,4,combined_tail_stress,1116,1.00000,0.66667,0.30103,0.75764,0.33333,0.32505,0.16667
oracle_failure_strata,5,4,compound_sensor_actuator_shift,1116,1.00000,0.66667,0.32043,0.60221,0.33333,0.17856,0.22222
oracle_failure_strata,5,4,fixture_geometry_shift,1116,1.00000,0.05556,0.34298,0.57000,0.94444,0.02417,0.27778
oracle_failure_strata,5,4,rare_mechanism_combo,1116,1.00000,0.66667,0.30422,0.53333,0.33333,0.06408,0.00000
oracle_failure_strata,5,4,out_of_distribution_tail,1116,1.00000,0.61111,0.30741,0.35714,0.38889,0.08222,0.00000
oracle_failure_strata,5,5,nominal_task_balance,1152,1.00000,1.00000,0.00000,0.00000,0.00000,0.04541,0.00000
oracle_failure_strata,5,5,rare_slip_failures,1152,1.00000,0.88889,0.16245,0.00000,0.11111,0.10195,0.00000
oracle_failure_strata,5,5,jammed_fixture_failures,1152,1.00000,0.00000,0.38542,0.40589,1.00000,0.19258,0.94444
oracle_failure_strata,5,5,actuator_limit_failures,1152,1.00000,1.00000,0.06778,0.00000,0.00000,0.07971,0.00000
oracle_failure_strata,5,5,combined_tail_stress,1152,1.00000,0.66667,0.29927,0.75764,0.33333,0.32112,0.16667
oracle_failure_strata,5,5,compound_sensor_actuator_shift,1152,1.00000,0.66667,0.31537,0.59044,0.33333,0.21352,0.22222
oracle_failure_strata,5,5,fixture_geometry_shift,1152,1.00000,0.05556,0.34687,0.57000,0.94444,0.01912,0.27778
oracle_failure_strata,5,5,rare_mechanism_combo,1152,1.00000,0.66667,0.30466,0.56667,0.33333,0.07398,0.00000
oracle_failure_strata,5,5,out_of_distribution_tail,1152,1.00000,0.61111,0.30690,0.37381,0.38889,0.07132,0.00000
greedy_oracle_success_upper,5,0,nominal_task_balance,972,0.87500,1.00000,0.00000,0.00000,0.00000,0.03524,0.00000
greedy_oracle_success_upper,5,0,rare_slip_failures,972,0.87500,0.88889,0.18674,0.20000,0.11111,0.12192,0.00000
greedy_oracle_success_upper,5,0,jammed_fixture_failures,972,0.87500,0.00000,0.38738,0.45704,1.00000,0.19477,0.94444
greedy_oracle_success_upper,5,0,actuator_limit_failures,972,0.87500,1.00000,0.06500,0.00000,0.00000,0.08972,0.00000
greedy_oracle_success_upper,5,0,combined_tail_stress,972,0.87500,0.66667,0.31471,0.74286,0.33333,0.28275,0.16667
greedy_oracle_success_upper,5,0,compound_sensor_actuator_shift,972,0.87500,0.66667,0.26954,0.35040,0.33333,0.19215,0.22222
greedy_oracle_success_upper,5,0,fixture_geometry_shift,972,0.87500,0.05556,0.33962,0.38000,0.94444,0.00425,0.27778
greedy_oracle_success_upper,5,0,rare_mechanism_combo,972,0.87500,0.66667,0.31503,0.53333,0.33333,0.10440,0.00000
greedy_oracle_success_upper,5,0,out_of_distribution_tail,972,0.87500,0.61111,0.32066,0.33571,0.38889,0.08748,0.00000
greedy_oracle_success_upper,5,1,nominal_task_balance,1008,0.87500,1.00000,0.00000,0.00000,0.00000,0.03645,0.00000
greedy_oracle_success_upper,5,1,rare_slip_failures,1008,0.87500,0.88889,0.18803,0.20000,0.11111,0.12626,0.00000
greedy_oracle_success_upper,5,1,jammed_fixture_failures,1008,0.87500,0.00000,0.37768,0.40914,1.00000,0.21021,0.94444
greedy_oracle_success_upper,5,1,actuator_limit_failures,1008,0.87500,1.00000,0.06632,0.00000,0.00000,0.09482,0.00000
greedy_oracle_success_upper,5,1,combined_tail_stress,1008,0.87500,0.66667,0.31000,0.74286,0.33333,0.29273,0.16667
greedy_oracle_success_upper,5,1,compound_sensor_actuator_shift,1008,0.87500,0.66667,0.30274,0.50849,0.33333,0.17906,0.22222
greedy_oracle_success_upper,5,1,fixture_geometry_shift,1008,0.87500,0.05556,0.34115,0.57000,0.94444,0.00144,0.27778
greedy_oracle_success_upper,5,1,rare_mechanism_combo,1008,0.87500,0.66667,0.30111,0.51111,0.33333,0.05865,0.00000
greedy_oracle_success_upper,5,1,out_of_distribution_tail,1008,0.87500,0.61111,0.31782,0.35714,0.38889,0.09708,0.00000
greedy_oracle_success_upper,5,2,nominal_task_balance,1044,0.87500,1.00000,0.00000,0.00000,0.00000,0.03790,0.00000
greedy_oracle_success_upper,5,2,rare_slip_failures,1044,0.87500,0.88889,0.15549,0.00000,0.11111,0.13180,0.00000
greedy_oracle_success_upper,5,2,jammed_fixture_failures,1044,0.87500,0.00000,0.37133,0.36536,1.00000,0.22905,0.94444
greedy_oracle_success_upper,5,2,actuator_limit_failures,1044,0.87500,1.00000,0.06778,0.00000,0.00000,0.08269,0.00000
greedy_oracle_success_upper,5,2,combined_tail_stress,1044,0.87500,0.66667,0.30591,0.75714,0.33333,0.30879,0.16667
greedy_oracle_success_upper,5,2,compound_sensor_actuator_shift,1044,0.87500,0.66667,0.33564,0.61544,0.33333,0.17784,0.22222
greedy_oracle_success_upper,5,2,fixture_geometry_shift,1044,0.87500,0.05556,0.34372,0.57000,0.94444,0.00510,0.27778
greedy_oracle_success_upper,5,2,rare_mechanism_combo,1044,0.87500,0.66667,0.30667,0.54444,0.33333,0.06258,0.00000
greedy_oracle_success_upper,5,2,out_of_distribution_tail,1044,0.87500,0.61111,0.31551,0.38571,0.38889,0.07483,0.00000
greedy_oracle_success_upper,5,3,nominal_task_balance,1080,0.87500,1.00000,0.00000,0.00000,0.00000,0.03763,0.00000
greedy_oracle_success_upper,5,3,rare_slip_failures,1080,0.87500,0.88889,0.14107,0.00000,0.11111,0.13206,0.00000
greedy_oracle_success_upper,5,3,jammed_fixture_failures,1080,0.87500,0.00000,0.38287,0.37087,1.00000,0.24178,0.94444
greedy_oracle_success_upper,5,3,actuator_limit_failures,1080,0.87500,1.00000,0.05471,0.00000,0.00000,0.07621,0.00000
greedy_oracle_success_upper,5,3,combined_tail_stress,1080,0.87500,0.66667,0.29807,0.76453,0.33333,0.32358,0.16667
greedy_oracle_success_upper,5,3,compound_sensor_actuator_shift,1080,0.87500,0.66667,0.32365,0.62721,0.33333,0.16521,0.22222
greedy_oracle_success_upper,5,3,fixture_geometry_shift,1080,0.87500,0.05556,0.34413,0.57000,0.94444,0.01595,0.27778
greedy_oracle_success_upper,5,3,rare_mechanism_combo,1080,0.87500,0.66667,0.30922,0.56667,0.33333,0.08734,0.00000
greedy_oracle_success_upper,5,3,out_of_distribution_tail,1080,0.87500,0.61111,0.31995,0.42381,0.38889,0.08633,0.00000
greedy_oracle_success_upper,5,4,nominal_task_balance,1116,0.87500,1.00000,0.00000,0.00000,0.00000,0.03648,0.00000
greedy_oracle_success_upper,5,4,rare_slip_failures,1116,0.87500,0.88889,0.17941,0.20000,0.11111,0.12567,0.00000
greedy_oracle_success_upper,5,4,jammed_fixture_failures,1116,0.87500,0.00000,0.38152,0.37512,1.00000,0.20429,0.94444
greedy_oracle_success_upper,5,4,actuator_limit_failures,1116,0.87500,1.00000,0.05471,0.00000,0.00000,0.07429,0.00000
greedy_oracle_success_upper,5,4,combined_tail_stress,1116,0.87500,0.66667,0.29724,0.75764,0.33333,0.32261,0.16667
greedy_oracle_success_upper,5,4,compound_sensor_actuator_shift,1116,0.87500,0.66667,0.33225,0.63971,0.33333,0.15760,0.22222
greedy_oracle_success_upper,5,4,fixture_geometry_shift,1116,0.87500,0.05556,0.34767,0.57000,0.94444,0.01057,0.27778
greedy_oracle_success_upper,5,4,rare_mechanism_combo,1116,0.87500,0.66667,0.30777,0.57778,0.33333,0.10146,0.00000
greedy_oracle_success_upper,5,4,out_of_distribution_tail,1116,0.87500,0.61111,0.31441,0.42381,0.38889,0.07602,0.00000
greedy_oracle_success_upper,5,5,nominal_task_balance,1152,0.87500,1.00000,0.00000,0.00000,0.00000,0.03653,0.00000
greedy_oracle_success_upper,5,5,rare_slip_failures,1152,0.87500,0.88889,0.16994,0.20000,0.11111,0.12842,0.00000
greedy_oracle_success_upper,5,5,jammed_fixture_failures,1152,0.87500,0.00000,0.38152,0.37512,1.00000,0.20866,0.94444
greedy_oracle_success_upper,5,5,actuator_limit_failures,1152,0.87500,1.00000,0.05563,0.00000,0.00000,0.07099,0.00000
greedy_oracle_success_upper,5,5,combined_tail_stress,1152,0.87500,0.66667,0.29670,0.75764,0.33333,0.31582,0.16667
greedy_oracle_success_upper,5,5,compound_sensor_actuator_shift,1152,0.87500,0.66667,0.33636,0.65221,0.33333,0.18933,0.22222
greedy_oracle_success_upper,5,5,fixture_geometry_shift,1152,0.87500,0.05556,0.34565,0.57000,0.94444,0.00684,0.27778
greedy_oracle_success_upper,5,5,rare_mechanism_combo,1152,0.87500,0.66667,0.29609,0.41111,0.33333,0.11275,0.00000
greedy_oracle_success_upper,5,5,out_of_distribution_tail,1152,0.87500,0.61111,0.31945,0.43571,0.38889,0.06394,0.00000
random_sampling,6,0,nominal_task_balance,972,1.00000,1.00000,0.00000,0.00000,0.00000,0.04353,0.00000
random_sampling,6,0,rare_slip_failures,972,1.00000,1.00000,0.10512,0.00000,0.00000,0.06638,0.00000
random_sampling,6,0,jammed_fixture_failures,972,1.00000,0.00000,0.36080,0.37388,1.00000,0.13374,0.94444
random_sampling,6,0,actuator_limit_failures,972,1.00000,1.00000,0.07745,0.00000,0.00000,0.06611,0.00000
random_sampling,6,0,combined_tail_stress,972,1.00000,0.72222,0.28797,0.52314,0.27778,0.15568,0.05556
random_sampling,6,0,compound_sensor_actuator_shift,972,1.00000,0.77778,0.25261,0.41048,0.22222,0.15932,0.16667
random_sampling,6,0,fixture_geometry_shift,972,1.00000,0.05556,0.32333,0.34221,0.94444,0.07189,0.33333
random_sampling,6,0,rare_mechanism_combo,972,1.00000,0.22222,0.33725,0.46667,0.77778,0.06150,0.00000
random_sampling,6,0,out_of_distribution_tail,972,1.00000,0.77778,0.27320,0.43556,0.22222,0.32463,0.00000
random_sampling,6,1,nominal_task_balance,1008,1.00000,1.00000,0.00000,0.00000,0.00000,0.03647,0.00000
random_sampling,6,1,rare_slip_failures,1008,1.00000,1.00000,0.10185,0.00000,0.00000,0.06209,0.00000
random_sampling,6,1,jammed_fixture_failures,1008,1.00000,0.00000,0.35958,0.37388,1.00000,0.13140,0.94444
random_sampling,6,1,actuator_limit_failures,1008,1.00000,1.00000,0.07745,0.00000,0.00000,0.06977,0.00000
random_sampling,6,1,combined_tail_stress,1008,1.00000,0.72222,0.28892,0.53490,0.27778,0.13777,0.05556
random_sampling,6,1,compound_sensor_actuator_shift,1008,1.00000,0.77778,0.25474,0.43714,0.22222,0.17274,0.16667
random_sampling,6,1,fixture_geometry_shift,1008,1.00000,0.05556,0.32460,0.35600,0.94444,0.07136,0.33333
random_sampling,6,1,rare_mechanism_combo,1008,1.00000,0.22222,0.33766,0.46667,0.77778,0.03567,0.00000
random_sampling,6,1,out_of_distribution_tail,1008,1.00000,0.77778,0.27395,0.43556,0.22222,0.33075,0.00000
random_sampling,6,2,nominal_task_balance,1044,1.00000,1.00000,0.00000,0.00000,0.00000,0.03672,0.00000
random_sampling,6,2,rare_slip_failures,1044,1.00000,1.00000,0.11574,0.00000,0.00000,0.04824,0.00000
random_sampling,6,2,jammed_fixture_failures,1044,1.00000,0.00000,0.36413,0.36848,1.00000,0.12235,0.94444
random_sampling,6,2,actuator_limit_failures,1044,1.00000,1.00000,0.07745,0.00000,0.00000,0.06380,0.00000
random_sampling,6,2,combined_tail_stress,1044,1.00000,0.72222,0.28308,0.52667,0.27778,0.14441,0.05556
random_sampling,6,2,compound_sensor_actuator_shift,1044,1.00000,0.77778,0.25102,0.42381,0.22222,0.15359,0.16667
random_sampling,6,2,fixture_geometry_shift,1044,1.00000,0.05556,0.32730,0.35600,0.94444,0.06725,0.33333
random_sampling,6,2,rare_mechanism_combo,1044,1.00000,0.22222,0.33985,0.46667,0.77778,0.05978,0.00000
random_sampling,6,2,out_of_distribution_tail,1044,1.00000,0.77778,0.27556,0.47556,0.22222,0.32275,0.00000
random_sampling,6,3,nominal_task_balance,1080,1.00000,1.00000,0.00000,0.00000,0.00000,0.03558,0.00000
random_sampling,6,3,rare_slip_failures,1080,1.00000,1.00000,0.12302,0.00000,0.00000,0.06242,0.00000
random_sampling,6,3,jammed_fixture_failures,1080,1.00000,0.00000,0.36380,0.37073,1.00000,0.12599,0.94444
random_sampling,6,3,actuator_limit_failures,1080,1.00000,1.00000,0.06458,0.00000,0.00000,0.06887,0.00000
random_sampling,6,3,combined_tail_stress,1080,1.00000,0.72222,0.28958,0.58667,0.27778,0.16576,0.05556
random_sampling,6,3,compound_sensor_actuator_shift,1080,1.00000,0.77778,0.26232,0.47714,0.22222,0.15158,0.16667
random_sampling,6,3,fixture_geometry_shift,1080,1.00000,0.05556,0.32768,0.35600,0.94444,0.06256,0.33333
random_sampling,6,3,rare_mechanism_combo,1080,1.00000,0.22222,0.33782,0.46667,0.77778,0.07649,0.00000
random_sampling,6,3,out_of_distribution_tail,1080,1.00000,0.77778,0.27838,0.47556,0.22222,0.32032,0.00000
random_sampling,6,4,nominal_task_balance,1116,1.00000,1.00000,0.00000,0.00000,0.00000,0.03574,0.00000
random_sampling,6,4,rare_slip_failures,1116,1.00000,1.00000,0.11936,0.00000,0.00000,0.06401,0.00000
random_sampling,6,4,jammed_fixture_failures,1116,1.00000,0.00000,0.38080,0.39070,1.00000,0.12853,0.94444
random_sampling,6,4,actuator_limit_failures,1116,1.00000,1.00000,0.05357,0.00000,0.00000,0.06978,0.00000
random_sampling,6,4,combined_tail_stress,1116,1.00000,0.72222,0.28664,0.58667,0.27778,0.16389,0.05556
random_sampling,6,4,compound_sensor_actuator_shift,1116,1.00000,0.77778,0.25488,0.43619,0.22222,0.14943,0.16667
random_sampling,6,4,fixture_geometry_shift,1116,1.00000,0.05556,0.32899,0.36400,0.94444,0.06727,0.33333
random_sampling,6,4,rare_mechanism_combo,1116,1.00000,0.22222,0.34530,0.59167,0.77778,0.06010,0.00000
random_sampling,6,4,out_of_distribution_tail,1116,1.00000,0.77778,0.27932,0.47556,0.22222,0.32340,0.00000
random_sampling,6,5,nominal_task_balance,1152,1.00000,1.00000,0.00000,0.00000,0.00000,0.04597,0.00000
random_sampling,6,5,rare_slip_failures,1152,1.00000,1.00000,0.11574,0.00000,0.00000,0.05925,0.00000
random_sampling,6,5,jammed_fixture_failures,1152,1.00000,0.00000,0.36611,0.37073,1.00000,0.13058,0.94444
random_sampling,6,5,actuator_limit_failures,1152,1.00000,1.00000,0.03590,0.00000,0.00000,0.07250,0.00000
random_sampling,6,5,combined_tail_stress,1152,1.00000,0.72222,0.28343,0.59333,0.27778,0.15280,0.05556
random_sampling,6,5,compound_sensor_actuator_shift,1152,1.00000,0.77778,0.25017,0.43619,0.22222,0.13675,0.16667
random_sampling,6,5,fixture_geometry_shift,1152,1.00000,0.05556,0.33059,0.36400,0.94444,0.06709,0.33333
random_sampling,6,5,rare_mechanism_combo,1152,1.00000,0.22222,0.34804,0.59167,0.77778,0.08384,0.00000
random_sampling,6,5,out_of_distribution_tail,1152,1.00000,0.77778,0.28034,0.47556,0.22222,0.32865,0.00000
task_label_stratification,6,0,nominal_task_balance,972,1.00000,1.00000,0.00000,0.00000,0.00000,0.04353,0.00000
task_label_stratification,6,0,rare_slip_failures,972,1.00000,1.00000,0.10512,0.00000,0.00000,0.06638,0.00000
task_label_stratification,6,0,jammed_fixture_failures,972,1.00000,0.00000,0.36080,0.37388,1.00000,0.13374,0.94444
task_label_stratification,6,0,actuator_limit_failures,972,1.00000,1.00000,0.07745,0.00000,0.00000,0.06611,0.00000
task_label_stratification,6,0,combined_tail_stress,972,1.00000,0.72222,0.28797,0.52314,0.27778,0.15568,0.05556
task_label_stratification,6,0,compound_sensor_actuator_shift,972,1.00000,0.77778,0.25261,0.41048,0.22222,0.15932,0.16667
task_label_stratification,6,0,fixture_geometry_shift,972,1.00000,0.05556,0.32333,0.34221,0.94444,0.07189,0.33333
task_label_stratification,6,0,rare_mechanism_combo,972,1.00000,0.22222,0.33725,0.46667,0.77778,0.06150,0.00000
task_label_stratification,6,0,out_of_distribution_tail,972,1.00000,0.77778,0.27320,0.43556,0.22222,0.32463,0.00000
task_label_stratification,6,1,nominal_task_balance,1008,1.00000,1.00000,0.00000,0.00000,0.00000,0.04019,0.00000
task_label_stratification,6,1,rare_slip_failures,1008,1.00000,1.00000,0.10913,0.00000,0.00000,0.06710,0.00000
task_label_stratification,6,1,jammed_fixture_failures,1008,1.00000,0.00000,0.36028,0.37388,1.00000,0.13437,0.94444
task_label_stratification,6,1,actuator_limit_failures,1008,1.00000,1.00000,0.06458,0.00000,0.00000,0.06933,0.00000
task_label_stratification,6,1,combined_tail_stress,1008,1.00000,0.72222,0.28894,0.52314,0.27778,0.15014,0.05556
task_label_stratification,6,1,compound_sensor_actuator_shift,1008,1.00000,0.77778,0.24453,0.41048,0.22222,0.16916,0.16667
task_label_stratification,6,1,fixture_geometry_shift,1008,1.00000,0.05556,0.32285,0.34221,0.94444,0.07097,0.33333
task_label_stratification,6,1,rare_mechanism_combo,1008,1.00000,0.22222,0.33725,0.46667,0.77778,0.04508,0.00000
task_label_stratification,6,1,out_of_distribution_tail,1008,1.00000,0.77778,0.27444,0.43556,0.22222,0.32905,0.00000
task_label_stratification,6,2,nominal_task_balance,1044,1.00000,1.00000,0.00000,0.00000,0.00000,0.04337,0.00000
task_label_stratification,6,2,rare_slip_failures,1044,1.00000,1.00000,0.13690,0.00000,0.00000,0.04805,0.00000
task_label_stratification,6,2,jammed_fixture_failures,1044,1.00000,0.00000,0.37323,0.38845,1.00000,0.13688,0.94444
task_label_stratification,6,2,actuator_limit_failures,1044,1.00000,1.00000,0.07745,0.00000,0.00000,0.04975,0.00000
task_label_stratification,6,2,combined_tail_stress,1044,1.00000,0.72222,0.28498,0.54314,0.27778,0.16470,0.05556
task_label_stratification,6,2,compound_sensor_actuator_shift,1044,1.00000,0.77778,0.24568,0.41048,0.22222,0.16645,0.16667
task_label_stratification,6,2,fixture_geometry_shift,1044,1.00000,0.05556,0.32348,0.33931,0.94444,0.07045,0.33333
task_label_stratification,6,2,rare_mechanism_combo,1044,1.00000,0.22222,0.34264,0.53333,0.77778,0.04391,0.00000
task_label_stratification,6,2,out_of_distribution_tail,1044,1.00000,0.77778,0.27187,0.43556,0.22222,0.31604,0.00000
task_label_stratification,6,3,nominal_task_balance,1080,1.00000,1.00000,0.00000,0.00000,0.00000,0.04478,0.00000
task_label_stratification,6,3,rare_slip_failures,1080,1.00000,1.00000,0.14448,0.00000,0.00000,0.04050,0.00000
task_label_stratification,6,3,jammed_fixture_failures,1080,1.00000,0.00000,0.37458,0.39611,1.00000,0.13523,0.94444
task_label_stratification,6,3,actuator_limit_failures,1080,1.00000,1.00000,0.07500,0.00000,0.00000,0.05656,0.00000
task_label_stratification,6,3,combined_tail_stress,1080,1.00000,0.72222,0.29203,0.56314,0.27778,0.15892,0.05556
task_label_stratification,6,3,compound_sensor_actuator_shift,1080,1.00000,0.77778,0.24755,0.41048,0.22222,0.17419,0.16667
task_label_stratification,6,3,fixture_geometry_shift,1080,1.00000,0.05556,0.32703,0.35710,0.94444,0.06837,0.33333
task_label_stratification,6,3,rare_mechanism_combo,1080,1.00000,0.22222,0.34381,0.53333,0.77778,0.06574,0.00000
task_label_stratification,6,3,out_of_distribution_tail,1080,1.00000,0.77778,0.27898,0.47556,0.22222,0.31822,0.00000
task_label_stratification,6,4,nominal_task_balance,1116,1.00000,1.00000,0.00000,0.00000,0.00000,0.04105,0.00000
task_label_stratification,6,4,rare_slip_failures,1116,1.00000,1.00000,0.14448,0.00000,0.00000,0.05347,0.00000
task_label_stratification,6,4,jammed_fixture_failures,1116,1.00000,0.00000,0.37458,0.39611,1.00000,0.13439,0.94444
task_label_stratification,6,4,actuator_limit_failures,1116,1.00000,1.00000,0.07745,0.00000,0.00000,0.05669,0.00000
task_label_stratification,6,4,combined_tail_stress,1116,1.00000,0.72222,0.28992,0.59647,0.27778,0.15550,0.05556
task_label_stratification,6,4,compound_sensor_actuator_shift,1116,1.00000,0.77778,0.25446,0.43714,0.22222,0.18692,0.16667
task_label_stratification,6,4,fixture_geometry_shift,1116,1.00000,0.05556,0.32545,0.35710,0.94444,0.06568,0.33333
task_label_stratification,6,4,rare_mechanism_combo,1116,1.00000,0.22222,0.34540,0.53333,0.77778,0.03104,0.00000
task_label_stratification,6,4,out_of_distribution_tail,1116,1.00000,0.77778,0.28256,0.51556,0.22222,0.32239,0.00000
task_label_stratification,6,5,nominal_task_balance,1152,1.00000,1.00000,0.00000,0.00000,0.00000,0.04465,0.00000
task_label_stratification,6,5,rare_slip_failures,1152,1.00000,1.00000,0.14448,0.00000,0.00000,0.05883,0.00000
task_label_stratification,6,5,jammed_fixture_failures,1152,1.00000,0.00000,0.37388,0.39611,1.00000,0.12873,0.94444
task_label_stratification,6,5,actuator_limit_failures,1152,1.00000,1.00000,0.07745,0.00000,0.00000,0.05049,0.00000
task_label_stratification,6,5,combined_tail_stress,1152,1.00000,0.72222,0.29416,0.60824,0.27778,0.14617,0.05556
task_label_stratification,6,5,compound_sensor_actuator_shift,1152,1.00000,0.77778,0.24664,0.41048,0.22222,0.18113,0.16667
task_label_stratification,6,5,fixture_geometry_shift,1152,1.00000,0.05556,0.32429,0.35710,0.94444,0.06133,0.33333
task_label_stratification,6,5,rare_mechanism_combo,1152,1.00000,0.22222,0.34634,0.53333,0.77778,0.04795,0.00000
task_label_stratification,6,5,out_of_distribution_tail,1152,1.00000,0.77778,0.28477,0.51556,0.22222,0.32137,0.00000
state_diversity_coreset,6,0,nominal_task_balance,972,1.00000,1.00000,0.00000,0.00000,0.00000,0.04353,0.00000
state_diversity_coreset,6,0,rare_slip_failures,972,1.00000,1.00000,0.10512,0.00000,0.00000,0.06638,0.00000
state_diversity_coreset,6,0,jammed_fixture_failures,972,1.00000,0.00000,0.36080,0.37388,1.00000,0.13374,0.94444
state_diversity_coreset,6,0,actuator_limit_failures,972,1.00000,1.00000,0.07745,0.00000,0.00000,0.06611,0.00000
state_diversity_coreset,6,0,combined_tail_stress,972,1.00000,0.72222,0.28797,0.52314,0.27778,0.15568,0.05556
state_diversity_coreset,6,0,compound_sensor_actuator_shift,972,1.00000,0.77778,0.25261,0.41048,0.22222,0.15932,0.16667
state_diversity_coreset,6,0,fixture_geometry_shift,972,1.00000,0.05556,0.32333,0.34221,0.94444,0.07189,0.33333
state_diversity_coreset,6,0,rare_mechanism_combo,972,1.00000,0.22222,0.33725,0.46667,0.77778,0.06150,0.00000
state_diversity_coreset,6,0,out_of_distribution_tail,972,1.00000,0.77778,0.27320,0.43556,0.22222,0.32463,0.00000
state_diversity_coreset,6,1,nominal_task_balance,1008,1.00000,1.00000,0.00000,0.00000,0.00000,0.04414,0.00000
state_diversity_coreset,6,1,rare_slip_failures,1008,1.00000,1.00000,0.10185,0.00000,0.00000,0.06298,0.00000
state_diversity_coreset,6,1,jammed_fixture_failures,1008,1.00000,0.00000,0.37913,0.38621,1.00000,0.13328,0.94444
state_diversity_coreset,6,1,actuator_limit_failures,1008,1.00000,1.00000,0.06275,0.00000,0.00000,0.07010,0.00000
state_diversity_coreset,6,1,combined_tail_stress,1008,1.00000,0.72222,0.29533,0.54314,0.27778,0.15508,0.05556
state_diversity_coreset,6,1,compound_sensor_actuator_shift,1008,1.00000,0.77778,0.26008,0.43714,0.22222,0.15902,0.16667
state_diversity_coreset,6,1,fixture_geometry_shift,1008,1.00000,0.05556,0.32522,0.35600,0.94444,0.07303,0.33333
state_diversity_coreset,6,1,rare_mechanism_combo,1008,1.00000,0.22222,0.34627,0.53333,0.77778,0.06175,0.00000
state_diversity_coreset,6,1,out_of_distribution_tail,1008,1.00000,0.77778,0.27851,0.47556,0.22222,0.32584,0.00000
state_diversity_coreset,6,2,nominal_task_balance,1044,1.00000,1.00000,0.00000,0.00000,0.00000,0.04710,0.00000
state_diversity_coreset,6,2,rare_slip_failures,1044,1.00000,1.00000,0.12963,0.00000,0.00000,0.07597,0.00000
state_diversity_coreset,6,2,jammed_fixture_failures,1044,1.00000,0.00000,0.38422,0.39477,1.00000,0.14435,0.94444
state_diversity_coreset,6,2,actuator_limit_failures,1044,1.00000,1.00000,0.01667,0.00000,0.00000,0.07305,0.00000
state_diversity_coreset,6,2,combined_tail_stress,1044,1.00000,0.72222,0.28801,0.54314,0.27778,0.18144,0.05556
state_diversity_coreset,6,2,compound_sensor_actuator_shift,1044,1.00000,0.77778,0.24899,0.41143,0.22222,0.12582,0.16667
state_diversity_coreset,6,2,fixture_geometry_shift,1044,1.00000,0.05556,0.32559,0.36400,0.94444,0.07106,0.33333
state_diversity_coreset,6,2,rare_mechanism_combo,1044,1.00000,0.22222,0.34625,0.53333,0.77778,0.07084,0.00000
state_diversity_coreset,6,2,out_of_distribution_tail,1044,1.00000,0.77778,0.28092,0.49778,0.22222,0.31851,0.00000
state_diversity_coreset,6,3,nominal_task_balance,1080,1.00000,1.00000,0.00000,0.00000,0.00000,0.05190,0.00000
state_diversity_coreset,6,3,rare_slip_failures,1080,1.00000,1.00000,0.12130,0.00000,0.00000,0.06950,0.00000
state_diversity_coreset,6,3,jammed_fixture_failures,1080,1.00000,0.00000,0.37752,0.39252,1.00000,0.15070,0.94444
state_diversity_coreset,6,3,actuator_limit_failures,1080,1.00000,1.00000,0.00000,0.00000,0.00000,0.07316,0.00000
state_diversity_coreset,6,3,combined_tail_stress,1080,1.00000,0.72222,0.28741,0.56157,0.27778,0.15968,0.05556
state_diversity_coreset,6,3,compound_sensor_actuator_shift,1080,1.00000,0.77778,0.24825,0.39810,0.22222,0.14608,0.16667
state_diversity_coreset,6,3,fixture_geometry_shift,1080,1.00000,0.05556,0.32504,0.36400,0.94444,0.06537,0.33333
state_diversity_coreset,6,3,rare_mechanism_combo,1080,1.00000,0.22222,0.35013,0.52500,0.77778,0.06220,0.00000
state_diversity_coreset,6,3,out_of_distribution_tail,1080,1.00000,0.77778,0.28191,0.49778,0.22222,0.32266,0.00000
state_diversity_coreset,6,4,nominal_task_balance,1116,1.00000,1.00000,0.00000,0.00000,0.00000,0.04146,0.00000
state_diversity_coreset,6,4,rare_slip_failures,1116,1.00000,1.00000,0.12130,0.00000,0.00000,0.08570,0.00000
state_diversity_coreset,6,4,jammed_fixture_failures,1116,1.00000,0.00000,0.37453,0.38487,1.00000,0.15176,0.94444
state_diversity_coreset,6,4,actuator_limit_failures,1116,1.00000,1.00000,0.00000,0.00000,0.00000,0.07549,0.00000
state_diversity_coreset,6,4,combined_tail_stress,1116,1.00000,0.72222,0.28327,0.57333,0.27778,0.16158,0.05556
state_diversity_coreset,6,4,compound_sensor_actuator_shift,1116,1.00000,0.77778,0.26072,0.42381,0.22222,0.15311,0.16667
state_diversity_coreset,6,4,fixture_geometry_shift,1116,1.00000,0.05556,0.32643,0.36400,0.94444,0.06290,0.33333
state_diversity_coreset,6,4,rare_mechanism_combo,1116,1.00000,0.22222,0.35243,0.60000,0.77778,0.07846,0.00000
state_diversity_coreset,6,4,out_of_distribution_tail,1116,1.00000,0.77778,0.28396,0.49778,0.22222,0.31400,0.00000
state_diversity_coreset,6,5,nominal_task_balance,1152,1.00000,1.00000,0.00000,0.00000,0.00000,0.05599,0.00000
state_diversity_coreset,6,5,rare_slip_failures,1152,1.00000,1.00000,0.12584,0.00000,0.00000,0.09026,0.00000
state_diversity_coreset,6,5,jammed_fixture_failures,1152,1.00000,0.00000,0.37230,0.37946,1.00000,0.16536,0.94444
state_diversity_coreset,6,5,actuator_limit_failures,1152,1.00000,1.00000,0.00000,0.00000,0.00000,0.07101,0.00000
state_diversity_coreset,6,5,combined_tail_stress,1152,1.00000,0.72222,0.28482,0.58000,0.27778,0.16005,0.05556
state_diversity_coreset,6,5,compound_sensor_actuator_shift,1152,1.00000,0.77778,0.25273,0.39714,0.22222,0.14155,0.16667
state_diversity_coreset,6,5,fixture_geometry_shift,1152,1.00000,0.05556,0.33328,0.46800,0.94444,0.06370,0.33333
state_diversity_coreset,6,5,rare_mechanism_combo,1152,1.00000,0.22222,0.35457,0.60000,0.77778,0.06500,0.00000
state_diversity_coreset,6,5,out_of_distribution_tail,1152,1.00000,0.77778,0.28175,0.53778,0.22222,0.31776,0.00000
uncertainty_sampling,6,0,nominal_task_balance,972,1.00000,1.00000,0.00000,0.00000,0.00000,0.04353,0.00000
uncertainty_sampling,6,0,rare_slip_failures,972,1.00000,1.00000,0.10512,0.00000,0.00000,0.06638,0.00000
uncertainty_sampling,6,0,jammed_fixture_failures,972,1.00000,0.00000,0.36080,0.37388,1.00000,0.13374,0.94444
uncertainty_sampling,6,0,actuator_limit_failures,972,1.00000,1.00000,0.07745,0.00000,0.00000,0.06611,0.00000
uncertainty_sampling,6,0,combined_tail_stress,972,1.00000,0.72222,0.28797,0.52314,0.27778,0.15568,0.05556
uncertainty_sampling,6,0,compound_sensor_actuator_shift,972,1.00000,0.77778,0.25261,0.41048,0.22222,0.15932,0.16667
uncertainty_sampling,6,0,fixture_geometry_shift,972,1.00000,0.05556,0.32333,0.34221,0.94444,0.07189,0.33333
uncertainty_sampling,6,0,rare_mechanism_combo,972,1.00000,0.22222,0.33725,0.46667,0.77778,0.06150,0.00000
uncertainty_sampling,6,0,out_of_distribution_tail,972,1.00000,0.77778,0.27320,0.43556,0.22222,0.32463,0.00000
uncertainty_sampling,6,1,nominal_task_balance,1008,1.00000,1.00000,0.00000,0.00000,0.00000,0.04162,0.00000
uncertainty_sampling,6,1,rare_slip_failures,1008,1.00000,1.00000,0.12857,0.00000,0.00000,0.06589,0.00000
uncertainty_sampling,6,1,jammed_fixture_failures,1008,1.00000,0.00000,0.35932,0.36848,1.00000,0.14033,0.94444
uncertainty_sampling,6,1,actuator_limit_failures,1008,1.00000,1.00000,0.07083,0.00000,0.00000,0.06646,0.00000
uncertainty_sampling,6,1,combined_tail_stress,1008,1.00000,0.72222,0.28565,0.55490,0.27778,0.17245,0.05556
uncertainty_sampling,6,1,compound_sensor_actuator_shift,1008,1.00000,0.77778,0.25667,0.42476,0.22222,0.16909,0.16667
uncertainty_sampling,6,1,fixture_geometry_shift,1008,1.00000,0.05556,0.32344,0.34910,0.94444,0.07171,0.33333
uncertainty_sampling,6,1,rare_mechanism_combo,1008,1.00000,0.22222,0.33746,0.46667,0.77778,0.03816,0.00000
uncertainty_sampling,6,1,out_of_distribution_tail,1008,1.00000,0.77778,0.27475,0.43556,0.22222,0.32644,0.00000
uncertainty_sampling,6,2,nominal_task_balance,1044,1.00000,1.00000,0.00000,0.00000,0.00000,0.04179,0.00000
uncertainty_sampling,6,2,rare_slip_failures,1044,1.00000,1.00000,0.14448,0.00000,0.00000,0.05313,0.00000
uncertainty_sampling,6,2,jammed_fixture_failures,1044,1.00000,0.00000,0.35951,0.37073,1.00000,0.14763,0.94444
uncertainty_sampling,6,2,actuator_limit_failures,1044,1.00000,1.00000,0.06905,0.00000,0.00000,0.05781,0.00000
uncertainty_sampling,6,2,combined_tail_stress,1044,1.00000,0.72222,0.29039,0.57490,0.27778,0.16369,0.05556
uncertainty_sampling,6,2,compound_sensor_actuator_shift,1044,1.00000,0.77778,0.27029,0.40587,0.22222,0.15656,0.16667
uncertainty_sampling,6,2,fixture_geometry_shift,1044,1.00000,0.05556,0.32575,0.34910,0.94444,0.06672,0.33333
uncertainty_sampling,6,2,rare_mechanism_combo,1044,1.00000,0.22222,0.33782,0.46667,0.77778,0.05777,0.00000
uncertainty_sampling,6,2,out_of_distribution_tail,1044,1.00000,0.77778,0.28449,0.49778,0.22222,0.32747,0.00000
uncertainty_sampling,6,3,nominal_task_balance,1080,1.00000,1.00000,0.00000,0.00000,0.00000,0.03762,0.00000
uncertainty_sampling,6,3,rare_slip_failures,1080,1.00000,1.00000,0.13049,0.00000,0.00000,0.04526,0.00000
uncertainty_sampling,6,3,jammed_fixture_failures,1080,1.00000,0.00000,0.37884,0.39835,1.00000,0.14052,0.94444
uncertainty_sampling,6,3,actuator_limit_failures,1080,1.00000,1.00000,0.07281,0.00000,0.00000,0.05180,0.00000
uncertainty_sampling,6,3,combined_tail_stress,1080,1.00000,0.72222,0.28540,0.56157,0.27778,0.15954,0.05556
uncertainty_sampling,6,3,compound_sensor_actuator_shift,1080,1.00000,0.77778,0.27196,0.41825,0.22222,0.15315,0.16667
uncertainty_sampling,6,3,fixture_geometry_shift,1080,1.00000,0.05556,0.32771,0.36400,0.94444,0.06934,0.33333
uncertainty_sampling,6,3,rare_mechanism_combo,1080,1.00000,0.22222,0.33866,0.46667,0.77778,0.06026,0.00000
uncertainty_sampling,6,3,out_of_distribution_tail,1080,1.00000,0.77778,0.28221,0.49778,0.22222,0.33105,0.00000
uncertainty_sampling,6,4,nominal_task_balance,1116,1.00000,1.00000,0.00000,0.00000,0.00000,0.04105,0.00000
uncertainty_sampling,6,4,rare_slip_failures,1116,1.00000,1.00000,0.13978,0.00000,0.00000,0.04994,0.00000
uncertainty_sampling,6,4,jammed_fixture_failures,1116,1.00000,0.00000,0.36839,0.37613,1.00000,0.13606,0.94444
uncertainty_sampling,6,4,actuator_limit_failures,1116,1.00000,1.00000,0.08333,0.00000,0.00000,0.05959,0.00000
uncertainty_sampling,6,4,combined_tail_stress,1116,1.00000,0.72222,0.28830,0.58157,0.27778,0.14859,0.05556
uncertainty_sampling,6,4,compound_sensor_actuator_shift,1116,1.00000,0.77778,0.26974,0.39159,0.22222,0.15205,0.16667
uncertainty_sampling,6,4,fixture_geometry_shift,1116,1.00000,0.05556,0.33049,0.36800,0.94444,0.06812,0.33333
uncertainty_sampling,6,4,rare_mechanism_combo,1116,1.00000,0.22222,0.33901,0.46667,0.77778,0.06009,0.00000
uncertainty_sampling,6,4,out_of_distribution_tail,1116,1.00000,0.77778,0.28225,0.49778,0.22222,0.33146,0.00000
uncertainty_sampling,6,5,nominal_task_balance,1152,1.00000,1.00000,0.00000,0.00000,0.00000,0.03742,0.00000
uncertainty_sampling,6,5,rare_slip_failures,1152,1.00000,1.00000,0.14905,0.00000,0.00000,0.08692,0.00000
uncertainty_sampling,6,5,jammed_fixture_failures,1152,1.00000,0.00000,0.36226,0.37613,1.00000,0.13582,0.94444
uncertainty_sampling,6,5,actuator_limit_failures,1152,1.00000,1.00000,0.08854,0.00000,0.00000,0.05811,0.00000
uncertainty_sampling,6,5,combined_tail_stress,1152,1.00000,0.72222,0.29405,0.58157,0.27778,0.13108,0.05556
uncertainty_sampling,6,5,compound_sensor_actuator_shift,1152,1.00000,0.77778,0.25606,0.36857,0.22222,0.15151,0.16667
uncertainty_sampling,6,5,fixture_geometry_shift,1152,1.00000,0.05556,0.32815,0.36110,0.94444,0.06423,0.33333
uncertainty_sampling,6,5,rare_mechanism_combo,1152,1.00000,0.22222,0.33835,0.46667,0.77778,0.03255,0.00000
uncertainty_sampling,6,5,out_of_distribution_tail,1152,1.00000,0.77778,0.28159,0.49778,0.22222,0.33238,0.00000
failure_prediction_active_learning,6,0,nominal_task_balance,972,1.00000,1.00000,0.00000,0.00000,0.00000,0.04353,0.00000
failure_prediction_active_learning,6,0,rare_slip_failures,972,1.00000,1.00000,0.10512,0.00000,0.00000,0.06638,0.00000
failure_prediction_active_learning,6,0,jammed_fixture_failures,972,1.00000,0.00000,0.36080,0.37388,1.00000,0.13374,0.94444
failure_prediction_active_learning,6,0,actuator_limit_failures,972,1.00000,1.00000,0.07745,0.00000,0.00000,0.06611,0.00000
failure_prediction_active_learning,6,0,combined_tail_stress,972,1.00000,0.72222,0.28797,0.52314,0.27778,0.15568,0.05556
failure_prediction_active_learning,6,0,compound_sensor_actuator_shift,972,1.00000,0.77778,0.25261,0.41048,0.22222,0.15932,0.16667
failure_prediction_active_learning,6,0,fixture_geometry_shift,972,1.00000,0.05556,0.32333,0.34221,0.94444,0.07189,0.33333
failure_prediction_active_learning,6,0,rare_mechanism_combo,972,1.00000,0.22222,0.33725,0.46667,0.77778,0.06150,0.00000
failure_prediction_active_learning,6,0,out_of_distribution_tail,972,1.00000,0.77778,0.27320,0.43556,0.22222,0.32463,0.00000
failure_prediction_active_learning,6,1,nominal_task_balance,1008,1.00000,1.00000,0.00000,0.00000,0.00000,0.05578,0.00000
failure_prediction_active_learning,6,1,rare_slip_failures,1008,1.00000,1.00000,0.06593,0.00000,0.00000,0.04639,0.00000
failure_prediction_active_learning,6,1,jammed_fixture_failures,1008,1.00000,0.00000,0.36316,0.38469,1.00000,0.15636,0.94444
failure_prediction_active_learning,6,1,actuator_limit_failures,1008,1.00000,1.00000,0.03846,0.00000,0.00000,0.07232,0.00000
failure_prediction_active_learning,6,1,combined_tail_stress,1008,1.00000,0.72222,0.28423,0.50314,0.27778,0.17175,0.05556
failure_prediction_active_learning,6,1,compound_sensor_actuator_shift,1008,1.00000,0.77778,0.25035,0.39714,0.22222,0.12787,0.16667
failure_prediction_active_learning,6,1,fixture_geometry_shift,1008,1.00000,0.05556,0.32414,0.34621,0.94444,0.09587,0.33333
failure_prediction_active_learning,6,1,rare_mechanism_combo,1008,1.00000,0.22222,0.34070,0.46667,0.77778,0.05817,0.00000
failure_prediction_active_learning,6,1,out_of_distribution_tail,1008,1.00000,0.77778,0.27416,0.43556,0.22222,0.31154,0.00000
failure_prediction_active_learning,6,2,nominal_task_balance,1044,1.00000,1.00000,0.00000,0.00000,0.00000,0.04714,0.00000
failure_prediction_active_learning,6,2,rare_slip_failures,1044,1.00000,1.00000,0.04000,0.00000,0.00000,0.03578,0.00000
failure_prediction_active_learning,6,2,jammed_fixture_failures,1044,1.00000,0.00000,0.38225,0.40467,1.00000,0.16314,0.94444
failure_prediction_active_learning,6,2,actuator_limit_failures,1044,1.00000,1.00000,0.00000,0.00000,0.00000,0.06675,0.00000
failure_prediction_active_learning,6,2,combined_tail_stress,1044,1.00000,0.72222,0.28992,0.52314,0.27778,0.15723,0.05556
failure_prediction_active_learning,6,2,compound_sensor_actuator_shift,1044,1.00000,0.77778,0.25575,0.41048,0.22222,0.11523,0.16667
failure_prediction_active_learning,6,2,fixture_geometry_shift,1044,1.00000,0.05556,0.32139,0.33931,0.94444,0.10646,0.33333
failure_prediction_active_learning,6,2,rare_mechanism_combo,1044,1.00000,0.22222,0.33994,0.46667,0.77778,0.05262,0.00000
failure_prediction_active_learning,6,2,out_of_distribution_tail,1044,1.00000,0.77778,0.27362,0.41333,0.22222,0.29753,0.00000
failure_prediction_active_learning,6,3,nominal_task_balance,1080,1.00000,1.00000,0.00000,0.00000,0.00000,0.03041,0.00000
failure_prediction_active_learning,6,3,rare_slip_failures,1080,1.00000,1.00000,0.04000,0.00000,0.00000,0.03631,0.00000
failure_prediction_active_learning,6,3,jammed_fixture_failures,1080,1.00000,0.00000,0.37293,0.40018,1.00000,0.17041,0.94444
failure_prediction_active_learning,6,3,actuator_limit_failures,1080,1.00000,1.00000,0.00000,0.00000,0.00000,0.07653,0.00000
failure_prediction_active_learning,6,3,combined_tail_stress,1080,1.00000,0.72222,0.29060,0.54314,0.27778,0.16516,0.05556
failure_prediction_active_learning,6,3,compound_sensor_actuator_shift,1080,1.00000,0.77778,0.23850,0.38476,0.22222,0.12013,0.16667
failure_prediction_active_learning,6,3,fixture_geometry_shift,1080,1.00000,0.05556,0.32702,0.36000,0.94444,0.11728,0.33333
failure_prediction_active_learning,6,3,rare_mechanism_combo,1080,1.00000,0.22222,0.34365,0.46667,0.77778,0.07222,0.00000
failure_prediction_active_learning,6,3,out_of_distribution_tail,1080,1.00000,0.77778,0.27079,0.39111,0.22222,0.28470,0.00000
failure_prediction_active_learning,6,4,nominal_task_balance,1116,1.00000,1.00000,0.00000,0.00000,0.00000,0.03101,0.00000
failure_prediction_active_learning,6,4,rare_slip_failures,1116,1.00000,1.00000,0.02273,0.00000,0.00000,0.06177,0.00000
failure_prediction_active_learning,6,4,jammed_fixture_failures,1116,1.00000,0.00000,0.37387,0.39793,1.00000,0.17313,0.94444
failure_prediction_active_learning,6,4,actuator_limit_failures,1116,1.00000,1.00000,0.00000,0.00000,0.00000,0.06416,0.00000
failure_prediction_active_learning,6,4,combined_tail_stress,1116,1.00000,0.72222,0.28861,0.54314,0.27778,0.14571,0.05556
failure_prediction_active_learning,6,4,compound_sensor_actuator_shift,1116,1.00000,0.77778,0.24329,0.39905,0.22222,0.15252,0.16667
failure_prediction_active_learning,6,4,fixture_geometry_shift,1116,1.00000,0.05556,0.32720,0.36000,0.94444,0.13764,0.33333
failure_prediction_active_learning,6,4,rare_mechanism_combo,1116,1.00000,0.22222,0.34301,0.46667,0.77778,0.09312,0.00000
failure_prediction_active_learning,6,4,out_of_distribution_tail,1116,1.00000,0.77778,0.27029,0.36889,0.22222,0.27551,0.00000
failure_prediction_active_learning,6,5,nominal_task_balance,1152,1.00000,1.00000,0.00000,0.00000,0.00000,0.03506,0.00000
failure_prediction_active_learning,6,5,rare_slip_failures,1152,1.00000,1.00000,0.01190,0.00000,0.00000,0.05037,0.00000
failure_prediction_active_learning,6,5,jammed_fixture_failures,1152,1.00000,0.00000,0.37533,0.39568,1.00000,0.17410,0.94444
failure_prediction_active_learning,6,5,actuator_limit_failures,1152,1.00000,1.00000,0.00000,0.00000,0.00000,0.05049,0.00000
failure_prediction_active_learning,6,5,combined_tail_stress,1152,1.00000,0.72222,0.28963,0.56314,0.27778,0.14300,0.05556
failure_prediction_active_learning,6,5,compound_sensor_actuator_shift,1152,1.00000,0.77778,0.24256,0.39444,0.22222,0.13818,0.16667
failure_prediction_active_learning,6,5,fixture_geometry_shift,1152,1.00000,0.05556,0.32611,0.36000,0.94444,0.14009,0.33333
failure_prediction_active_learning,6,5,rare_mechanism_combo,1152,1.00000,0.22222,0.34304,0.46667,0.77778,0.07364,0.00000
failure_prediction_active_learning,6,5,out_of_distribution_tail,1152,1.00000,0.77778,0.27912,0.41333,0.22222,0.26541,0.00000
calibrated_failure_risk,6,0,nominal_task_balance,972,1.00000,1.00000,0.00000,0.00000,0.00000,0.04353,0.00000
calibrated_failure_risk,6,0,rare_slip_failures,972,1.00000,1.00000,0.10512,0.00000,0.00000,0.06638,0.00000
calibrated_failure_risk,6,0,jammed_fixture_failures,972,1.00000,0.00000,0.36080,0.37388,1.00000,0.13374,0.94444
calibrated_failure_risk,6,0,actuator_limit_failures,972,1.00000,1.00000,0.07745,0.00000,0.00000,0.06611,0.00000
calibrated_failure_risk,6,0,combined_tail_stress,972,1.00000,0.72222,0.28797,0.52314,0.27778,0.15568,0.05556
calibrated_failure_risk,6,0,compound_sensor_actuator_shift,972,1.00000,0.77778,0.25261,0.41048,0.22222,0.15932,0.16667
calibrated_failure_risk,6,0,fixture_geometry_shift,972,1.00000,0.05556,0.32333,0.34221,0.94444,0.07189,0.33333
calibrated_failure_risk,6,0,rare_mechanism_combo,972,1.00000,0.22222,0.33725,0.46667,0.77778,0.06150,0.00000
calibrated_failure_risk,6,0,out_of_distribution_tail,972,1.00000,0.77778,0.27320,0.43556,0.22222,0.32463,0.00000
calibrated_failure_risk,6,1,nominal_task_balance,1008,1.00000,1.00000,0.00000,0.00000,0.00000,0.05025,0.00000
calibrated_failure_risk,6,1,rare_slip_failures,1008,1.00000,1.00000,0.06593,0.00000,0.00000,0.03873,0.00000
calibrated_failure_risk,6,1,jammed_fixture_failures,1008,1.00000,0.00000,0.36630,0.38469,1.00000,0.14553,0.94444
calibrated_failure_risk,6,1,actuator_limit_failures,1008,1.00000,1.00000,0.05238,0.00000,0.00000,0.07336,0.00000
calibrated_failure_risk,6,1,combined_tail_stress,1008,1.00000,0.72222,0.28652,0.52314,0.27778,0.15839,0.05556
calibrated_failure_risk,6,1,compound_sensor_actuator_shift,1008,1.00000,0.77778,0.25769,0.42381,0.22222,0.13969,0.16667
calibrated_failure_risk,6,1,fixture_geometry_shift,1008,1.00000,0.05556,0.32499,0.35600,0.94444,0.08556,0.33333
calibrated_failure_risk,6,1,rare_mechanism_combo,1008,1.00000,0.22222,0.34068,0.46667,0.77778,0.05052,0.00000
calibrated_failure_risk,6,1,out_of_distribution_tail,1008,1.00000,0.77778,0.27470,0.43556,0.22222,0.30576,0.00000
calibrated_failure_risk,6,2,nominal_task_balance,1044,1.00000,1.00000,0.00000,0.00000,0.00000,0.04717,0.00000
calibrated_failure_risk,6,2,rare_slip_failures,1044,1.00000,1.00000,0.05786,0.00000,0.00000,0.03591,0.00000
calibrated_failure_risk,6,2,jammed_fixture_failures,1044,1.00000,0.00000,0.38158,0.40467,1.00000,0.16530,0.94444
calibrated_failure_risk,6,2,actuator_limit_failures,1044,1.00000,1.00000,0.00000,0.00000,0.00000,0.06669,0.00000
calibrated_failure_risk,6,2,combined_tail_stress,1044,1.00000,0.72222,0.29115,0.52314,0.27778,0.15726,0.05556
calibrated_failure_risk,6,2,compound_sensor_actuator_shift,1044,1.00000,0.77778,0.25783,0.41048,0.22222,0.11499,0.16667
calibrated_failure_risk,6,2,fixture_geometry_shift,1044,1.00000,0.05556,0.32565,0.36000,0.94444,0.10649,0.33333
calibrated_failure_risk,6,2,rare_mechanism_combo,1044,1.00000,0.22222,0.33994,0.46667,0.77778,0.06173,0.00000
calibrated_failure_risk,6,2,out_of_distribution_tail,1044,1.00000,0.77778,0.27689,0.43556,0.22222,0.29946,0.00000
calibrated_failure_risk,6,3,nominal_task_balance,1080,1.00000,1.00000,0.00000,0.00000,0.00000,0.02995,0.00000
calibrated_failure_risk,6,3,rare_slip_failures,1080,1.00000,1.00000,0.04000,0.00000,0.00000,0.05247,0.00000
calibrated_failure_risk,6,3,jammed_fixture_failures,1080,1.00000,0.00000,0.37954,0.40467,1.00000,0.17628,0.94444
calibrated_failure_risk,6,3,actuator_limit_failures,1080,1.00000,1.00000,0.00000,0.00000,0.00000,0.06546,0.00000
calibrated_failure_risk,6,3,combined_tail_stress,1080,1.00000,0.72222,0.29072,0.52314,0.27778,0.15683,0.05556
calibrated_failure_risk,6,3,compound_sensor_actuator_shift,1080,1.00000,0.77778,0.26413,0.40492,0.22222,0.12991,0.16667
calibrated_failure_risk,6,3,fixture_geometry_shift,1080,1.00000,0.05556,0.32622,0.36000,0.94444,0.11237,0.33333
calibrated_failure_risk,6,3,rare_mechanism_combo,1080,1.00000,0.22222,0.34224,0.46667,0.77778,0.07233,0.00000
calibrated_failure_risk,6,3,out_of_distribution_tail,1080,1.00000,0.77778,0.27253,0.39111,0.22222,0.28352,0.00000
calibrated_failure_risk,6,4,nominal_task_balance,1116,1.00000,1.00000,0.00000,0.00000,0.00000,0.03368,0.00000
calibrated_failure_risk,6,4,rare_slip_failures,1116,1.00000,1.00000,0.03125,0.00000,0.00000,0.04533,0.00000
calibrated_failure_risk,6,4,jammed_fixture_failures,1116,1.00000,0.00000,0.37083,0.39793,1.00000,0.18010,0.94444
calibrated_failure_risk,6,4,actuator_limit_failures,1116,1.00000,1.00000,0.00000,0.00000,0.00000,0.06559,0.00000
calibrated_failure_risk,6,4,combined_tail_stress,1116,1.00000,0.72222,0.29140,0.54314,0.27778,0.14775,0.05556
calibrated_failure_risk,6,4,compound_sensor_actuator_shift,1116,1.00000,0.77778,0.25426,0.40587,0.22222,0.13066,0.16667
calibrated_failure_risk,6,4,fixture_geometry_shift,1116,1.00000,0.05556,0.32589,0.36400,0.94444,0.13950,0.33333
calibrated_failure_risk,6,4,rare_mechanism_combo,1116,1.00000,0.22222,0.34401,0.45833,0.77778,0.09963,0.00000
calibrated_failure_risk,6,4,out_of_distribution_tail,1116,1.00000,0.77778,0.26585,0.32444,0.22222,0.27268,0.00000
calibrated_failure_risk,6,5,nominal_task_balance,1152,1.00000,1.00000,0.00000,0.00000,0.00000,0.03096,0.00000
calibrated_failure_risk,6,5,rare_slip_failures,1152,1.00000,1.00000,0.03125,0.00000,0.00000,0.04849,0.00000
calibrated_failure_risk,6,5,jammed_fixture_failures,1152,1.00000,0.00000,0.37273,0.39793,1.00000,0.18311,0.94444
calibrated_failure_risk,6,5,actuator_limit_failures,1152,1.00000,1.00000,0.00000,0.00000,0.00000,0.08108,0.00000
calibrated_failure_risk,6,5,combined_tail_stress,1152,1.00000,0.72222,0.29199,0.56314,0.27778,0.15905,0.05556
calibrated_failure_risk,6,5,compound_sensor_actuator_shift,1152,1.00000,0.77778,0.26986,0.43444,0.22222,0.11565,0.16667
calibrated_failure_risk,6,5,fixture_geometry_shift,1152,1.00000,0.05556,0.32767,0.36400,0.94444,0.14428,0.33333
calibrated_failure_risk,6,5,rare_mechanism_combo,1152,1.00000,0.22222,0.34396,0.45833,0.77778,0.08524,0.00000
calibrated_failure_risk,6,5,out_of_distribution_tail,1152,1.00000,0.77778,0.27736,0.39111,0.22222,0.25848,0.00000
tail_risk_active_learning,6,0,nominal_task_balance,972,1.00000,1.00000,0.00000,0.00000,0.00000,0.04353,0.00000
tail_risk_active_learning,6,0,rare_slip_failures,972,1.00000,1.00000,0.10512,0.00000,0.00000,0.06638,0.00000
tail_risk_active_learning,6,0,jammed_fixture_failures,972,1.00000,0.00000,0.36080,0.37388,1.00000,0.13374,0.94444
tail_risk_active_learning,6,0,actuator_limit_failures,972,1.00000,1.00000,0.07745,0.00000,0.00000,0.06611,0.00000
tail_risk_active_learning,6,0,combined_tail_stress,972,1.00000,0.72222,0.28797,0.52314,0.27778,0.15568,0.05556
tail_risk_active_learning,6,0,compound_sensor_actuator_shift,972,1.00000,0.77778,0.25261,0.41048,0.22222,0.15932,0.16667
tail_risk_active_learning,6,0,fixture_geometry_shift,972,1.00000,0.05556,0.32333,0.34221,0.94444,0.07189,0.33333
tail_risk_active_learning,6,0,rare_mechanism_combo,972,1.00000,0.22222,0.33725,0.46667,0.77778,0.06150,0.00000
tail_risk_active_learning,6,0,out_of_distribution_tail,972,1.00000,0.77778,0.27320,0.43556,0.22222,0.32463,0.00000
tail_risk_active_learning,6,1,nominal_task_balance,1008,1.00000,1.00000,0.00000,0.00000,0.00000,0.04023,0.00000
tail_risk_active_learning,6,1,rare_slip_failures,1008,1.00000,1.00000,0.08690,0.00000,0.00000,0.05630,0.00000
tail_risk_active_learning,6,1,jammed_fixture_failures,1008,1.00000,0.00000,0.36341,0.37388,1.00000,0.14391,0.94444
tail_risk_active_learning,6,1,actuator_limit_failures,1008,1.00000,1.00000,0.06458,0.00000,0.00000,0.07472,0.00000
tail_risk_active_learning,6,1,combined_tail_stress,1008,1.00000,0.72222,0.28915,0.52314,0.27778,0.16011,0.05556
tail_risk_active_learning,6,1,compound_sensor_actuator_shift,1008,1.00000,0.77778,0.25472,0.43159,0.22222,0.16197,0.16667
tail_risk_active_learning,6,1,fixture_geometry_shift,1008,1.00000,0.05556,0.32538,0.35600,0.94444,0.07748,0.33333
tail_risk_active_learning,6,1,rare_mechanism_combo,1008,1.00000,0.22222,0.35250,0.60000,0.77778,0.06698,0.00000
tail_risk_active_learning,6,1,out_of_distribution_tail,1008,1.00000,0.77778,0.27586,0.49333,0.22222,0.30240,0.00000
tail_risk_active_learning,6,2,nominal_task_balance,1044,1.00000,1.00000,0.00000,0.00000,0.00000,0.04048,0.00000
tail_risk_active_learning,6,2,rare_slip_failures,1044,1.00000,1.00000,0.07143,0.00000,0.00000,0.04458,0.00000
tail_risk_active_learning,6,2,jammed_fixture_failures,1044,1.00000,0.00000,0.37802,0.39611,1.00000,0.15337,0.94444
tail_risk_active_learning,6,2,actuator_limit_failures,1044,1.00000,1.00000,0.05000,0.00000,0.00000,0.07814,0.00000
tail_risk_active_learning,6,2,combined_tail_stress,1044,1.00000,0.72222,0.28323,0.50980,0.27778,0.16574,0.05556
tail_risk_active_learning,6,2,compound_sensor_actuator_shift,1044,1.00000,0.77778,0.26607,0.44492,0.22222,0.17451,0.16667
tail_risk_active_learning,6,2,fixture_geometry_shift,1044,1.00000,0.05556,0.32470,0.35600,0.94444,0.08263,0.33333
tail_risk_active_learning,6,2,rare_mechanism_combo,1044,1.00000,0.22222,0.35040,0.59167,0.77778,0.07857,0.00000
tail_risk_active_learning,6,2,out_of_distribution_tail,1044,1.00000,0.77778,0.27736,0.47111,0.22222,0.28445,0.00000
tail_risk_active_learning,6,3,nominal_task_balance,1080,1.00000,1.00000,0.00000,0.00000,0.00000,0.03438,0.00000
tail_risk_active_learning,6,3,rare_slip_failures,1080,1.00000,1.00000,0.07820,0.00000,0.00000,0.10031,0.00000
tail_risk_active_learning,6,3,jammed_fixture_failures,1080,1.00000,0.00000,0.35572,0.36848,1.00000,0.17532,0.94444
tail_risk_active_learning,6,3,actuator_limit_failures,1080,1.00000,1.00000,0.04911,0.00000,0.00000,0.07223,0.00000
tail_risk_active_learning,6,3,combined_tail_stress,1080,1.00000,0.72222,0.28048,0.54824,0.27778,0.18992,0.05556
tail_risk_active_learning,6,3,compound_sensor_actuator_shift,1080,1.00000,0.77778,0.27301,0.43159,0.22222,0.12273,0.16667
tail_risk_active_learning,6,3,fixture_geometry_shift,1080,1.00000,0.05556,0.32799,0.36400,0.94444,0.08925,0.33333
tail_risk_active_learning,6,3,rare_mechanism_combo,1080,1.00000,0.22222,0.34859,0.60000,0.77778,0.07732,0.00000
tail_risk_active_learning,6,3,out_of_distribution_tail,1080,1.00000,0.77778,0.28838,0.47111,0.22222,0.24367,0.00000
tail_risk_active_learning,6,4,nominal_task_balance,1116,1.00000,1.00000,0.00000,0.00000,0.00000,0.04007,0.00000
tail_risk_active_learning,6,4,rare_slip_failures,1116,1.00000,1.00000,0.09368,0.00000,0.00000,0.09562,0.00000
tail_risk_active_learning,6,4,jammed_fixture_failures,1116,1.00000,0.00000,0.36008,0.36848,1.00000,0.18248,0.94444
tail_risk_active_learning,6,4,actuator_limit_failures,1116,1.00000,1.00000,0.07745,0.00000,0.00000,0.06901,0.00000
tail_risk_active_learning,6,4,combined_tail_stress,1116,1.00000,0.72222,0.27836,0.53490,0.27778,0.19472,0.05556
tail_risk_active_learning,6,4,compound_sensor_actuator_shift,1116,1.00000,0.77778,0.27935,0.43159,0.22222,0.09599,0.16667
tail_risk_active_learning,6,4,fixture_geometry_shift,1116,1.00000,0.05556,0.32799,0.36400,0.94444,0.09712,0.33333
tail_risk_active_learning,6,4,rare_mechanism_combo,1116,1.00000,0.22222,0.34450,0.59167,0.77778,0.11216,0.00000
tail_risk_active_learning,6,4,out_of_distribution_tail,1116,1.00000,0.77778,0.28950,0.47111,0.22222,0.22193,0.00000
tail_risk_active_learning,6,5,nominal_task_balance,1152,1.00000,1.00000,0.00000,0.00000,0.00000,0.03476,0.00000
tail_risk_active_learning,6,5,rare_slip_failures,1152,1.00000,1.00000,0.06034,0.00000,0.00000,0.07711,0.00000
tail_risk_active_learning,6,5,jammed_fixture_failures,1152,1.00000,0.00000,0.37616,0.39611,1.00000,0.19379,0.94444
tail_risk_active_learning,6,5,actuator_limit_failures,1152,1.00000,1.00000,0.06495,0.00000,0.00000,0.07369,0.00000
tail_risk_active_learning,6,5,combined_tail_stress,1152,1.00000,0.72222,0.26893,0.50824,0.27778,0.18469,0.05556
tail_risk_active_learning,6,5,compound_sensor_actuator_shift,1152,1.00000,0.77778,0.28495,0.44492,0.22222,0.08387,0.16667
tail_risk_active_learning,6,5,fixture_geometry_shift,1152,1.00000,0.05556,0.32666,0.36400,0.94444,0.10332,0.33333
tail_risk_active_learning,6,5,rare_mechanism_combo,1152,1.00000,0.22222,0.35053,0.59167,0.77778,0.11017,0.00000
tail_risk_active_learning,6,5,out_of_distribution_tail,1152,1.00000,0.77778,0.29443,0.47111,0.22222,0.21820,0.00000
hybrid_diversity_risk,6,0,nominal_task_balance,972,1.00000,1.00000,0.00000,0.00000,0.00000,0.04353,0.00000
hybrid_diversity_risk,6,0,rare_slip_failures,972,1.00000,1.00000,0.10512,0.00000,0.00000,0.06638,0.00000
hybrid_diversity_risk,6,0,jammed_fixture_failures,972,1.00000,0.00000,0.36080,0.37388,1.00000,0.13374,0.94444
hybrid_diversity_risk,6,0,actuator_limit_failures,972,1.00000,1.00000,0.07745,0.00000,0.00000,0.06611,0.00000
hybrid_diversity_risk,6,0,combined_tail_stress,972,1.00000,0.72222,0.28797,0.52314,0.27778,0.15568,0.05556
hybrid_diversity_risk,6,0,compound_sensor_actuator_shift,972,1.00000,0.77778,0.25261,0.41048,0.22222,0.15932,0.16667
hybrid_diversity_risk,6,0,fixture_geometry_shift,972,1.00000,0.05556,0.32333,0.34221,0.94444,0.07189,0.33333
hybrid_diversity_risk,6,0,rare_mechanism_combo,972,1.00000,0.22222,0.33725,0.46667,0.77778,0.06150,0.00000
hybrid_diversity_risk,6,0,out_of_distribution_tail,972,1.00000,0.77778,0.27320,0.43556,0.22222,0.32463,0.00000
hybrid_diversity_risk,6,1,nominal_task_balance,1008,1.00000,1.00000,0.00000,0.00000,0.00000,0.05521,0.00000
hybrid_diversity_risk,6,1,rare_slip_failures,1008,1.00000,1.00000,0.13252,0.00000,0.00000,0.06340,0.00000
hybrid_diversity_risk,6,1,jammed_fixture_failures,1008,1.00000,0.00000,0.36155,0.37388,1.00000,0.15716,0.94444
hybrid_diversity_risk,6,1,actuator_limit_failures,1008,1.00000,1.00000,0.06458,0.00000,0.00000,0.06735,0.00000
hybrid_diversity_risk,6,1,combined_tail_stress,1008,1.00000,0.72222,0.28339,0.52980,0.27778,0.19241,0.05556
hybrid_diversity_risk,6,1,compound_sensor_actuator_shift,1008,1.00000,0.77778,0.24961,0.39159,0.22222,0.20347,0.16667
hybrid_diversity_risk,6,1,fixture_geometry_shift,1008,1.00000,0.05556,0.32395,0.33931,0.94444,0.07856,0.33333
hybrid_diversity_risk,6,1,rare_mechanism_combo,1008,1.00000,0.22222,0.34207,0.53333,0.77778,0.05899,0.00000
hybrid_diversity_risk,6,1,out_of_distribution_tail,1008,1.00000,0.77778,0.26993,0.47556,0.22222,0.33572,0.00000
hybrid_diversity_risk,6,2,nominal_task_balance,1044,1.00000,1.00000,0.00000,0.00000,0.00000,0.04000,0.00000
hybrid_diversity_risk,6,2,rare_slip_failures,1044,1.00000,1.00000,0.07143,0.00000,0.00000,0.06650,0.00000
hybrid_diversity_risk,6,2,jammed_fixture_failures,1044,1.00000,0.00000,0.36155,0.37388,1.00000,0.15612,0.94444
hybrid_diversity_risk,6,2,actuator_limit_failures,1044,1.00000,1.00000,0.07745,0.00000,0.00000,0.06828,0.00000
hybrid_diversity_risk,6,2,combined_tail_stress,1044,1.00000,0.72222,0.27938,0.50314,0.27778,0.15542,0.05556
hybrid_diversity_risk,6,2,compound_sensor_actuator_shift,1044,1.00000,0.77778,0.25865,0.41825,0.22222,0.20600,0.16667
hybrid_diversity_risk,6,2,fixture_geometry_shift,1044,1.00000,0.05556,0.32376,0.33931,0.94444,0.08459,0.33333
hybrid_diversity_risk,6,2,rare_mechanism_combo,1044,1.00000,0.22222,0.34455,0.53333,0.77778,0.09512,0.00000
hybrid_diversity_risk,6,2,out_of_distribution_tail,1044,1.00000,0.77778,0.27409,0.51556,0.22222,0.32809,0.00000
hybrid_diversity_risk,6,3,nominal_task_balance,1080,1.00000,1.00000,0.00000,0.00000,0.00000,0.03619,0.00000
hybrid_diversity_risk,6,3,rare_slip_failures,1080,1.00000,1.00000,0.08690,0.00000,0.00000,0.08643,0.00000
hybrid_diversity_risk,6,3,jammed_fixture_failures,1080,1.00000,0.00000,0.36434,0.37929,1.00000,0.18021,0.94444
hybrid_diversity_risk,6,3,actuator_limit_failures,1080,1.00000,1.00000,0.06066,0.00000,0.00000,0.06571,0.00000
hybrid_diversity_risk,6,3,combined_tail_stress,1080,1.00000,0.72222,0.27422,0.50314,0.27778,0.19198,0.05556
hybrid_diversity_risk,6,3,compound_sensor_actuator_shift,1080,1.00000,0.77778,0.26979,0.41825,0.22222,0.10841,0.16667
hybrid_diversity_risk,6,3,fixture_geometry_shift,1080,1.00000,0.05556,0.32561,0.35310,0.94444,0.08924,0.33333
hybrid_diversity_risk,6,3,rare_mechanism_combo,1080,1.00000,0.22222,0.34287,0.53333,0.77778,0.14379,0.00000
hybrid_diversity_risk,6,3,out_of_distribution_tail,1080,1.00000,0.77778,0.27458,0.45333,0.22222,0.29491,0.00000
hybrid_diversity_risk,6,4,nominal_task_balance,1116,1.00000,1.00000,0.00000,0.00000,0.00000,0.03775,0.00000
hybrid_diversity_risk,6,4,rare_slip_failures,1116,1.00000,1.00000,0.05172,0.00000,0.00000,0.09140,0.00000
hybrid_diversity_risk,6,4,jammed_fixture_failures,1116,1.00000,0.00000,0.36434,0.37929,1.00000,0.18752,0.94444
hybrid_diversity_risk,6,4,actuator_limit_failures,1116,1.00000,1.00000,0.07072,0.00000,0.00000,0.06520,0.00000
hybrid_diversity_risk,6,4,combined_tail_stress,1116,1.00000,0.72222,0.27642,0.50314,0.27778,0.18979,0.05556
hybrid_diversity_risk,6,4,compound_sensor_actuator_shift,1116,1.00000,0.77778,0.28006,0.44683,0.22222,0.08209,0.16667
hybrid_diversity_risk,6,4,fixture_geometry_shift,1116,1.00000,0.05556,0.32600,0.35310,0.94444,0.09081,0.33333
hybrid_diversity_risk,6,4,rare_mechanism_combo,1116,1.00000,0.22222,0.34610,0.53333,0.77778,0.13945,0.00000
hybrid_diversity_risk,6,4,out_of_distribution_tail,1116,1.00000,0.77778,0.28242,0.49333,0.22222,0.29867,0.00000
hybrid_diversity_risk,6,5,nominal_task_balance,1152,1.00000,1.00000,0.00000,0.00000,0.00000,0.04796,0.00000
hybrid_diversity_risk,6,5,rare_slip_failures,1152,1.00000,1.00000,0.05172,0.00000,0.00000,0.08616,0.00000
hybrid_diversity_risk,6,5,jammed_fixture_failures,1152,1.00000,0.00000,0.36362,0.37704,1.00000,0.19115,0.94444
hybrid_diversity_risk,6,5,actuator_limit_failures,1152,1.00000,1.00000,0.06275,0.00000,0.00000,0.06865,0.00000
hybrid_diversity_risk,6,5,combined_tail_stress,1152,1.00000,0.72222,0.27948,0.51490,0.27778,0.17123,0.05556
hybrid_diversity_risk,6,5,compound_sensor_actuator_shift,1152,1.00000,0.77778,0.27513,0.43254,0.22222,0.07739,0.16667
hybrid_diversity_risk,6,5,fixture_geometry_shift,1152,1.00000,0.05556,0.32657,0.35710,0.94444,0.09012,0.33333
hybrid_diversity_risk,6,5,rare_mechanism_combo,1152,1.00000,0.22222,0.35017,0.59677,0.77778,0.13914,0.00000
hybrid_diversity_risk,6,5,out_of_distribution_tail,1152,1.00000,0.77778,0.28059,0.51111,0.22222,0.29853,0.00000
balanced_failure_replay,6,0,nominal_task_balance,972,1.00000,1.00000,0.00000,0.00000,0.00000,0.04353,0.00000
balanced_failure_replay,6,0,rare_slip_failures,972,1.00000,1.00000,0.10512,0.00000,0.00000,0.06638,0.00000
balanced_failure_replay,6,0,jammed_fixture_failures,972,1.00000,0.00000,0.36080,0.37388,1.00000,0.13374,0.94444
balanced_failure_replay,6,0,actuator_limit_failures,972,1.00000,1.00000,0.07745,0.00000,0.00000,0.06611,0.00000
balanced_failure_replay,6,0,combined_tail_stress,972,1.00000,0.72222,0.28797,0.52314,0.27778,0.15568,0.05556
balanced_failure_replay,6,0,compound_sensor_actuator_shift,972,1.00000,0.77778,0.25261,0.41048,0.22222,0.15932,0.16667
balanced_failure_replay,6,0,fixture_geometry_shift,972,1.00000,0.05556,0.32333,0.34221,0.94444,0.07189,0.33333
balanced_failure_replay,6,0,rare_mechanism_combo,972,1.00000,0.22222,0.33725,0.46667,0.77778,0.06150,0.00000
balanced_failure_replay,6,0,out_of_distribution_tail,972,1.00000,0.77778,0.27320,0.43556,0.22222,0.32463,0.00000
balanced_failure_replay,6,1,nominal_task_balance,1008,1.00000,1.00000,0.00000,0.00000,0.00000,0.03662,0.00000
balanced_failure_replay,6,1,rare_slip_failures,1008,1.00000,1.00000,0.11239,0.00000,0.00000,0.06498,0.00000
balanced_failure_replay,6,1,jammed_fixture_failures,1008,1.00000,0.00000,0.36278,0.37388,1.00000,0.14434,0.94444
balanced_failure_replay,6,1,actuator_limit_failures,1008,1.00000,1.00000,0.07745,0.00000,0.00000,0.06742,0.00000
balanced_failure_replay,6,1,combined_tail_stress,1008,1.00000,0.72222,0.28966,0.52980,0.27778,0.16267,0.05556
balanced_failure_replay,6,1,compound_sensor_actuator_shift,1008,1.00000,0.77778,0.25370,0.41048,0.22222,0.14431,0.16667
balanced_failure_replay,6,1,fixture_geometry_shift,1008,1.00000,0.05556,0.32247,0.33931,0.94444,0.07047,0.33333
balanced_failure_replay,6,1,rare_mechanism_combo,1008,1.00000,0.22222,0.33868,0.46667,0.77778,0.05613,0.00000
balanced_failure_replay,6,1,out_of_distribution_tail,1008,1.00000,0.77778,0.28053,0.47556,0.22222,0.33213,0.00000
balanced_failure_replay,6,2,nominal_task_balance,1044,1.00000,1.00000,0.00000,0.00000,0.00000,0.03431,0.00000
balanced_failure_replay,6,2,rare_slip_failures,1044,1.00000,1.00000,0.09860,0.00000,0.00000,0.08272,0.00000
balanced_failure_replay,6,2,jammed_fixture_failures,1044,1.00000,0.00000,0.35822,0.35858,1.00000,0.14973,0.94444
balanced_failure_replay,6,2,actuator_limit_failures,1044,1.00000,1.00000,0.07281,0.00000,0.00000,0.06086,0.00000
balanced_failure_replay,6,2,combined_tail_stress,1044,1.00000,0.72222,0.29415,0.56980,0.27778,0.14347,0.05556
balanced_failure_replay,6,2,compound_sensor_actuator_shift,1044,1.00000,0.77778,0.25242,0.41143,0.22222,0.16458,0.16667
balanced_failure_replay,6,2,fixture_geometry_shift,1044,1.00000,0.05556,0.32624,0.35421,0.94444,0.06680,0.33333
balanced_failure_replay,6,2,rare_mechanism_combo,1044,1.00000,0.22222,0.33709,0.46667,0.77778,0.03486,0.00000
balanced_failure_replay,6,2,out_of_distribution_tail,1044,1.00000,0.77778,0.27517,0.47556,0.22222,0.33512,0.00000
balanced_failure_replay,6,3,nominal_task_balance,1080,1.00000,1.00000,0.00000,0.00000,0.00000,0.04339,0.00000
balanced_failure_replay,6,3,rare_slip_failures,1080,1.00000,1.00000,0.09860,0.00000,0.00000,0.06241,0.00000
balanced_failure_replay,6,3,jammed_fixture_failures,1080,1.00000,0.00000,0.35908,0.36307,1.00000,0.15250,0.94444
balanced_failure_replay,6,3,actuator_limit_failures,1080,1.00000,1.00000,0.07500,0.00000,0.00000,0.07037,0.00000
balanced_failure_replay,6,3,combined_tail_stress,1080,1.00000,0.72222,0.28574,0.55647,0.27778,0.13455,0.05556
balanced_failure_replay,6,3,compound_sensor_actuator_shift,1080,1.00000,0.77778,0.24695,0.39714,0.22222,0.16878,0.16667
balanced_failure_replay,6,3,fixture_geometry_shift,1080,1.00000,0.05556,0.32695,0.36110,0.94444,0.06529,0.33333
balanced_failure_replay,6,3,rare_mechanism_combo,1080,1.00000,0.22222,0.33851,0.46667,0.77778,0.05605,0.00000
balanced_failure_replay,6,3,out_of_distribution_tail,1080,1.00000,0.77778,0.27560,0.47556,0.22222,0.33775,0.00000
balanced_failure_replay,6,4,nominal_task_balance,1116,1.00000,1.00000,0.00000,0.00000,0.00000,0.04361,0.00000
balanced_failure_replay,6,4,rare_slip_failures,1116,1.00000,1.00000,0.09860,0.00000,0.00000,0.05393,0.00000
balanced_failure_replay,6,4,jammed_fixture_failures,1116,1.00000,0.00000,0.36439,0.37388,1.00000,0.15298,0.94444
balanced_failure_replay,6,4,actuator_limit_failures,1116,1.00000,1.00000,0.08438,0.00000,0.00000,0.07077,0.00000
balanced_failure_replay,6,4,combined_tail_stress,1116,1.00000,0.72222,0.28545,0.54314,0.27778,0.13036,0.05556
balanced_failure_replay,6,4,compound_sensor_actuator_shift,1116,1.00000,0.77778,0.23041,0.35714,0.22222,0.17397,0.16667
balanced_failure_replay,6,4,fixture_geometry_shift,1116,1.00000,0.05556,0.32735,0.36110,0.94444,0.06845,0.33333
balanced_failure_replay,6,4,rare_mechanism_combo,1116,1.00000,0.22222,0.34148,0.45833,0.77778,0.05739,0.00000
balanced_failure_replay,6,4,out_of_distribution_tail,1116,1.00000,0.77778,0.27742,0.47556,0.22222,0.33965,0.00000
balanced_failure_replay,6,5,nominal_task_balance,1152,1.00000,1.00000,0.00000,0.00000,0.00000,0.03831,0.00000
balanced_failure_replay,6,5,rare_slip_failures,1152,1.00000,1.00000,0.11055,0.00000,0.00000,0.05469,0.00000
balanced_failure_replay,6,5,jammed_fixture_failures,1152,1.00000,0.00000,0.36269,0.37388,1.00000,0.15528,0.94444
balanced_failure_replay,6,5,actuator_limit_failures,1152,1.00000,1.00000,0.08438,0.00000,0.00000,0.07033,0.00000
balanced_failure_replay,6,5,combined_tail_stress,1152,1.00000,0.72222,0.28391,0.54314,0.27778,0.14859,0.05556
balanced_failure_replay,6,5,compound_sensor_actuator_shift,1152,1.00000,0.77778,0.23241,0.35714,0.22222,0.18586,0.16667
balanced_failure_replay,6,5,fixture_geometry_shift,1152,1.00000,0.05556,0.32735,0.36110,0.94444,0.06739,0.33333
balanced_failure_replay,6,5,rare_mechanism_combo,1152,1.00000,0.22222,0.34576,0.44167,0.77778,0.05218,0.00000
balanced_failure_replay,6,5,out_of_distribution_tail,1152,1.00000,0.77778,0.27569,0.47556,0.22222,0.33851,0.00000
gradient_boosted_failure_active,6,0,nominal_task_balance,972,1.00000,1.00000,0.00000,0.00000,0.00000,0.04353,0.00000
gradient_boosted_failure_active,6,0,rare_slip_failures,972,1.00000,1.00000,0.10512,0.00000,0.00000,0.06638,0.00000
gradient_boosted_failure_active,6,0,jammed_fixture_failures,972,1.00000,0.00000,0.36080,0.37388,1.00000,0.13374,0.94444
gradient_boosted_failure_active,6,0,actuator_limit_failures,972,1.00000,1.00000,0.07745,0.00000,0.00000,0.06611,0.00000
gradient_boosted_failure_active,6,0,combined_tail_stress,972,1.00000,0.72222,0.28797,0.52314,0.27778,0.15568,0.05556
gradient_boosted_failure_active,6,0,compound_sensor_actuator_shift,972,1.00000,0.77778,0.25261,0.41048,0.22222,0.15932,0.16667
gradient_boosted_failure_active,6,0,fixture_geometry_shift,972,1.00000,0.05556,0.32333,0.34221,0.94444,0.07189,0.33333
gradient_boosted_failure_active,6,0,rare_mechanism_combo,972,1.00000,0.22222,0.33725,0.46667,0.77778,0.06150,0.00000
gradient_boosted_failure_active,6,0,out_of_distribution_tail,972,1.00000,0.77778,0.27320,0.43556,0.22222,0.32463,0.00000
gradient_boosted_failure_active,6,1,nominal_task_balance,1008,1.00000,1.00000,0.00000,0.00000,0.00000,0.05513,0.00000
gradient_boosted_failure_active,6,1,rare_slip_failures,1008,1.00000,1.00000,0.13252,0.00000,0.00000,0.07142,0.00000
gradient_boosted_failure_active,6,1,jammed_fixture_failures,1008,1.00000,0.00000,0.36098,0.37613,1.00000,0.13343,0.94444
gradient_boosted_failure_active,6,1,actuator_limit_failures,1008,1.00000,1.00000,0.07500,0.00000,0.00000,0.06487,0.00000
gradient_boosted_failure_active,6,1,combined_tail_stress,1008,1.00000,0.72222,0.29043,0.60314,0.27778,0.18751,0.05556
gradient_boosted_failure_active,6,1,compound_sensor_actuator_shift,1008,1.00000,0.77778,0.25051,0.41143,0.22222,0.17325,0.16667
gradient_boosted_failure_active,6,1,fixture_geometry_shift,1008,1.00000,0.05556,0.32788,0.35710,0.94444,0.06900,0.33333
gradient_boosted_failure_active,6,1,rare_mechanism_combo,1008,1.00000,0.22222,0.34248,0.46667,0.77778,0.05237,0.00000
gradient_boosted_failure_active,6,1,out_of_distribution_tail,1008,1.00000,0.77778,0.27191,0.43556,0.22222,0.33628,0.00000
gradient_boosted_failure_active,6,2,nominal_task_balance,1044,1.00000,1.00000,0.00000,0.00000,0.00000,0.03577,0.00000
gradient_boosted_failure_active,6,2,rare_slip_failures,1044,1.00000,1.00000,0.12117,0.00000,0.00000,0.07048,0.00000
gradient_boosted_failure_active,6,2,jammed_fixture_failures,1044,1.00000,0.00000,0.36429,0.37838,1.00000,0.14285,0.94444
gradient_boosted_failure_active,6,2,actuator_limit_failures,1044,1.00000,1.00000,0.07500,0.00000,0.00000,0.06565,0.00000
gradient_boosted_failure_active,6,2,combined_tail_stress,1044,1.00000,0.72222,0.28997,0.58980,0.27778,0.18366,0.05556
gradient_boosted_failure_active,6,2,compound_sensor_actuator_shift,1044,1.00000,0.77778,0.25735,0.42476,0.22222,0.17106,0.16667
gradient_boosted_failure_active,6,2,fixture_geometry_shift,1044,1.00000,0.05556,0.32910,0.36110,0.94444,0.07090,0.33333
gradient_boosted_failure_active,6,2,rare_mechanism_combo,1044,1.00000,0.22222,0.34869,0.59167,0.77778,0.05585,0.00000
gradient_boosted_failure_active,6,2,out_of_distribution_tail,1044,1.00000,0.77778,0.28340,0.49778,0.22222,0.33895,0.00000
gradient_boosted_failure_active,6,3,nominal_task_balance,1080,1.00000,1.00000,0.00000,0.00000,0.00000,0.04914,0.00000
gradient_boosted_failure_active,6,3,rare_slip_failures,1080,1.00000,1.00000,0.09860,0.00000,0.00000,0.07057,0.00000
gradient_boosted_failure_active,6,3,jammed_fixture_failures,1080,1.00000,0.00000,0.36426,0.37838,1.00000,0.14481,0.94444
gradient_boosted_failure_active,6,3,actuator_limit_failures,1080,1.00000,1.00000,0.07745,0.00000,0.00000,0.07235,0.00000
gradient_boosted_failure_active,6,3,combined_tail_stress,1080,1.00000,0.72222,0.29398,0.60314,0.27778,0.18882,0.05556
gradient_boosted_failure_active,6,3,compound_sensor_actuator_shift,1080,1.00000,0.77778,0.25452,0.43619,0.22222,0.19165,0.16667
gradient_boosted_failure_active,6,3,fixture_geometry_shift,1080,1.00000,0.05556,0.33024,0.36800,0.94444,0.07051,0.33333
gradient_boosted_failure_active,6,3,rare_mechanism_combo,1080,1.00000,0.22222,0.35133,0.59167,0.77778,0.05109,0.00000
gradient_boosted_failure_active,6,3,out_of_distribution_tail,1080,1.00000,0.77778,0.28331,0.49778,0.22222,0.33469,0.00000
gradient_boosted_failure_active,6,4,nominal_task_balance,1116,1.00000,1.00000,0.00000,0.00000,0.00000,0.04876,0.00000
gradient_boosted_failure_active,6,4,rare_slip_failures,1116,1.00000,1.00000,0.09860,0.00000,0.00000,0.07058,0.00000
gradient_boosted_failure_active,6,4,jammed_fixture_failures,1116,1.00000,0.00000,0.36516,0.37838,1.00000,0.13815,0.94444
gradient_boosted_failure_active,6,4,actuator_limit_failures,1116,1.00000,1.00000,0.06197,0.00000,0.00000,0.07264,0.00000
gradient_boosted_failure_active,6,4,combined_tail_stress,1116,1.00000,0.72222,0.29043,0.58980,0.27778,0.18650,0.05556
gradient_boosted_failure_active,6,4,compound_sensor_actuator_shift,1116,1.00000,0.77778,0.25577,0.45730,0.22222,0.17346,0.16667
gradient_boosted_failure_active,6,4,fixture_geometry_shift,1116,1.00000,0.05556,0.33064,0.36800,0.94444,0.07119,0.33333
gradient_boosted_failure_active,6,4,rare_mechanism_combo,1116,1.00000,0.22222,0.35209,0.59167,0.77778,0.05908,0.00000
gradient_boosted_failure_active,6,4,out_of_distribution_tail,1116,1.00000,0.77778,0.27198,0.47556,0.22222,0.34167,0.00000
gradient_boosted_failure_active,6,5,nominal_task_balance,1152,1.00000,1.00000,0.00000,0.00000,0.00000,0.05264,0.00000
gradient_boosted_failure_active,6,5,rare_slip_failures,1152,1.00000,1.00000,0.09860,0.00000,0.00000,0.06750,0.00000
gradient_boosted_failure_active,6,5,jammed_fixture_failures,1152,1.00000,0.00000,0.36574,0.37838,1.00000,0.14026,0.94444
gradient_boosted_failure_active,6,5,actuator_limit_failures,1152,1.00000,1.00000,0.04911,0.00000,0.00000,0.07205,0.00000
gradient_boosted_failure_active,6,5,combined_tail_stress,1152,1.00000,0.72222,0.27855,0.54980,0.27778,0.18335,0.05556
gradient_boosted_failure_active,6,5,compound_sensor_actuator_shift,1152,1.00000,0.77778,0.26353,0.47619,0.22222,0.19165,0.16667
gradient_boosted_failure_active,6,5,fixture_geometry_shift,1152,1.00000,0.05556,0.33057,0.36800,0.94444,0.07517,0.33333
gradient_boosted_failure_active,6,5,rare_mechanism_combo,1152,1.00000,0.22222,0.34888,0.59167,0.77778,0.04840,0.00000
gradient_boosted_failure_active,6,5,out_of_distribution_tail,1152,1.00000,0.77778,0.27393,0.49778,0.22222,0.34658,0.00000
random_forest_failure_active,6,0,nominal_task_balance,972,1.00000,1.00000,0.00000,0.00000,0.00000,0.04353,0.00000
random_forest_failure_active,6,0,rare_slip_failures,972,1.00000,1.00000,0.10512,0.00000,0.00000,0.06638,0.00000
random_forest_failure_active,6,0,jammed_fixture_failures,972,1.00000,0.00000,0.36080,0.37388,1.00000,0.13374,0.94444
random_forest_failure_active,6,0,actuator_limit_failures,972,1.00000,1.00000,0.07745,0.00000,0.00000,0.06611,0.00000
random_forest_failure_active,6,0,combined_tail_stress,972,1.00000,0.72222,0.28797,0.52314,0.27778,0.15568,0.05556
random_forest_failure_active,6,0,compound_sensor_actuator_shift,972,1.00000,0.77778,0.25261,0.41048,0.22222,0.15932,0.16667
random_forest_failure_active,6,0,fixture_geometry_shift,972,1.00000,0.05556,0.32333,0.34221,0.94444,0.07189,0.33333
random_forest_failure_active,6,0,rare_mechanism_combo,972,1.00000,0.22222,0.33725,0.46667,0.77778,0.06150,0.00000
random_forest_failure_active,6,0,out_of_distribution_tail,972,1.00000,0.77778,0.27320,0.43556,0.22222,0.32463,0.00000
random_forest_failure_active,6,1,nominal_task_balance,1008,1.00000,1.00000,0.00000,0.00000,0.00000,0.04560,0.00000
random_forest_failure_active,6,1,rare_slip_failures,1008,1.00000,1.00000,0.09317,0.00000,0.00000,0.05769,0.00000
random_forest_failure_active,6,1,jammed_fixture_failures,1008,1.00000,0.00000,0.36574,0.38378,1.00000,0.10225,0.94444
random_forest_failure_active,6,1,actuator_limit_failures,1008,1.00000,1.00000,0.07745,0.00000,0.00000,0.06876,0.00000
random_forest_failure_active,6,1,combined_tail_stress,1008,1.00000,0.72222,0.28552,0.52314,0.27778,0.16859,0.05556
random_forest_failure_active,6,1,compound_sensor_actuator_shift,1008,1.00000,0.77778,0.25046,0.40762,0.22222,0.17441,0.16667
random_forest_failure_active,6,1,fixture_geometry_shift,1008,1.00000,0.05556,0.32747,0.35310,0.94444,0.06532,0.33333
random_forest_failure_active,6,1,rare_mechanism_combo,1008,1.00000,0.22222,0.33919,0.46667,0.77778,0.06387,0.00000
random_forest_failure_active,6,1,out_of_distribution_tail,1008,1.00000,0.77778,0.27131,0.43556,0.22222,0.32558,0.00000
random_forest_failure_active,6,2,nominal_task_balance,1044,1.00000,1.00000,0.00000,0.00000,0.00000,0.05911,0.00000
random_forest_failure_active,6,2,rare_slip_failures,1044,1.00000,1.00000,0.11055,0.00000,0.00000,0.06865,0.00000
random_forest_failure_active,6,2,jammed_fixture_failures,1044,1.00000,0.00000,0.36574,0.38378,1.00000,0.09561,0.94444
random_forest_failure_active,6,2,actuator_limit_failures,1044,1.00000,1.00000,0.06197,0.00000,0.00000,0.07541,0.00000
random_forest_failure_active,6,2,combined_tail_stress,1044,1.00000,0.72222,0.28733,0.53490,0.27778,0.16567,0.05556
random_forest_failure_active,6,2,compound_sensor_actuator_shift,1044,1.00000,0.77778,0.24451,0.39429,0.22222,0.19240,0.16667
random_forest_failure_active,6,2,fixture_geometry_shift,1044,1.00000,0.05556,0.32931,0.36000,0.94444,0.05925,0.33333
random_forest_failure_active,6,2,rare_mechanism_combo,1044,1.00000,0.22222,0.34438,0.53333,0.77778,0.04939,0.00000
random_forest_failure_active,6,2,out_of_distribution_tail,1044,1.00000,0.77778,0.27273,0.45778,0.22222,0.33648,0.00000
random_forest_failure_active,6,3,nominal_task_balance,1080,1.00000,1.00000,0.00000,0.00000,0.00000,0.06174,0.00000
random_forest_failure_active,6,3,rare_slip_failures,1080,1.00000,1.00000,0.11598,0.00000,0.00000,0.07016,0.00000
random_forest_failure_active,6,3,jammed_fixture_failures,1080,1.00000,0.00000,0.36568,0.37838,1.00000,0.08549,0.94444
random_forest_failure_active,6,3,actuator_limit_failures,1080,1.00000,1.00000,0.05952,0.00000,0.00000,0.06192,0.00000
random_forest_failure_active,6,3,combined_tail_stress,1080,1.00000,0.72222,0.29568,0.57490,0.27778,0.16494,0.05556
random_forest_failure_active,6,3,compound_sensor_actuator_shift,1080,1.00000,0.77778,0.24309,0.38000,0.22222,0.17699,0.16667
random_forest_failure_active,6,3,fixture_geometry_shift,1080,1.00000,0.05556,0.32950,0.35200,0.94444,0.05476,0.33333
random_forest_failure_active,6,3,rare_mechanism_combo,1080,1.00000,0.22222,0.34412,0.60000,0.77778,0.06125,0.00000
random_forest_failure_active,6,3,out_of_distribution_tail,1080,1.00000,0.77778,0.27054,0.49778,0.22222,0.34019,0.00000
random_forest_failure_active,6,4,nominal_task_balance,1116,1.00000,1.00000,0.00000,0.00000,0.00000,0.06155,0.00000
random_forest_failure_active,6,4,rare_slip_failures,1116,1.00000,1.00000,0.11895,0.00000,0.00000,0.05018,0.00000
random_forest_failure_active,6,4,jammed_fixture_failures,1116,1.00000,0.00000,0.36568,0.37838,1.00000,0.07947,0.94444
random_forest_failure_active,6,4,actuator_limit_failures,1116,1.00000,1.00000,0.05952,0.00000,0.00000,0.06096,0.00000
random_forest_failure_active,6,4,combined_tail_stress,1116,1.00000,0.72222,0.29414,0.57647,0.27778,0.15629,0.05556
random_forest_failure_active,6,4,compound_sensor_actuator_shift,1116,1.00000,0.77778,0.24785,0.39429,0.22222,0.16521,0.16667
random_forest_failure_active,6,4,fixture_geometry_shift,1116,1.00000,0.05556,0.32582,0.33710,0.94444,0.05211,0.33333
random_forest_failure_active,6,4,rare_mechanism_combo,1116,1.00000,0.22222,0.34250,0.60000,0.77778,0.08359,0.00000
random_forest_failure_active,6,4,out_of_distribution_tail,1116,1.00000,0.77778,0.26934,0.49778,0.22222,0.33962,0.00000
random_forest_failure_active,6,5,nominal_task_balance,1152,1.00000,1.00000,0.00000,0.00000,0.00000,0.06168,0.00000
random_forest_failure_active,6,5,rare_slip_failures,1152,1.00000,1.00000,0.11895,0.00000,0.00000,0.04170,0.00000
random_forest_failure_active,6,5,jammed_fixture_failures,1152,1.00000,0.00000,0.36568,0.37838,1.00000,0.07693,0.94444
random_forest_failure_active,6,5,actuator_limit_failures,1152,1.00000,1.00000,0.05952,0.00000,0.00000,0.06514,0.00000
random_forest_failure_active,6,5,combined_tail_stress,1152,1.00000,0.72222,0.29586,0.58824,0.27778,0.15364,0.05556
random_forest_failure_active,6,5,compound_sensor_actuator_shift,1152,1.00000,0.77778,0.24582,0.36762,0.22222,0.16038,0.16667
random_forest_failure_active,6,5,fixture_geometry_shift,1152,1.00000,0.05556,0.32610,0.34400,0.94444,0.04952,0.33333
random_forest_failure_active,6,5,rare_mechanism_combo,1152,1.00000,0.22222,0.34408,0.60000,0.77778,0.09189,0.00000
random_forest_failure_active,6,5,out_of_distribution_tail,1152,1.00000,0.77778,0.27054,0.51556,0.22222,0.34112,0.00000
failure_stratified_engine,6,0,nominal_task_balance,972,1.00000,1.00000,0.00000,0.00000,0.00000,0.04353,0.00000
failure_stratified_engine,6,0,rare_slip_failures,972,1.00000,1.00000,0.10512,0.00000,0.00000,0.06638,0.00000
failure_stratified_engine,6,0,jammed_fixture_failures,972,1.00000,0.00000,0.36080,0.37388,1.00000,0.13374,0.94444
failure_stratified_engine,6,0,actuator_limit_failures,972,1.00000,1.00000,0.07745,0.00000,0.00000,0.06611,0.00000
failure_stratified_engine,6,0,combined_tail_stress,972,1.00000,0.72222,0.28797,0.52314,0.27778,0.15568,0.05556
failure_stratified_engine,6,0,compound_sensor_actuator_shift,972,1.00000,0.77778,0.25261,0.41048,0.22222,0.15932,0.16667
failure_stratified_engine,6,0,fixture_geometry_shift,972,1.00000,0.05556,0.32333,0.34221,0.94444,0.07189,0.33333
failure_stratified_engine,6,0,rare_mechanism_combo,972,1.00000,0.22222,0.33725,0.46667,0.77778,0.06150,0.00000
failure_stratified_engine,6,0,out_of_distribution_tail,972,1.00000,0.77778,0.27320,0.43556,0.22222,0.32463,0.00000
failure_stratified_engine,6,1,nominal_task_balance,1008,1.00000,1.00000,0.00000,0.00000,0.00000,0.04564,0.00000
failure_stratified_engine,6,1,rare_slip_failures,1008,1.00000,1.00000,0.11438,0.00000,0.00000,0.07939,0.00000
failure_stratified_engine,6,1,jammed_fixture_failures,1008,1.00000,0.00000,0.36601,0.36623,1.00000,0.14016,0.94444
failure_stratified_engine,6,1,actuator_limit_failures,1008,1.00000,1.00000,0.07745,0.00000,0.00000,0.05574,0.00000
failure_stratified_engine,6,1,combined_tail_stress,1008,1.00000,0.72222,0.28605,0.56314,0.27778,0.19794,0.05556
failure_stratified_engine,6,1,compound_sensor_actuator_shift,1008,1.00000,0.77778,0.26977,0.49048,0.22222,0.16806,0.16667
failure_stratified_engine,6,1,fixture_geometry_shift,1008,1.00000,0.05556,0.32448,0.33931,0.94444,0.07529,0.33333
failure_stratified_engine,6,1,rare_mechanism_combo,1008,1.00000,0.22222,0.33852,0.46667,0.77778,0.07134,0.00000
failure_stratified_engine,6,1,out_of_distribution_tail,1008,1.00000,0.77778,0.27736,0.47556,0.22222,0.32454,0.00000
failure_stratified_engine,6,2,nominal_task_balance,1044,1.00000,1.00000,0.00000,0.00000,0.00000,0.02239,0.00000
failure_stratified_engine,6,2,rare_slip_failures,1044,1.00000,1.00000,0.11438,0.00000,0.00000,0.07618,0.00000
failure_stratified_engine,6,2,jammed_fixture_failures,1044,1.00000,0.00000,0.38138,0.37315,1.00000,0.15910,0.94444
failure_stratified_engine,6,2,actuator_limit_failures,1044,1.00000,1.00000,0.04412,0.00000,0.00000,0.05883,0.00000
failure_stratified_engine,6,2,combined_tail_stress,1044,1.00000,0.72222,0.29002,0.60314,0.27778,0.20570,0.05556
failure_stratified_engine,6,2,compound_sensor_actuator_shift,1044,1.00000,0.77778,0.26546,0.51810,0.22222,0.16640,0.16667
failure_stratified_engine,6,2,fixture_geometry_shift,1044,1.00000,0.05556,0.32689,0.33931,0.94444,0.08163,0.33333
failure_stratified_engine,6,2,rare_mechanism_combo,1044,1.00000,0.22222,0.34167,0.46667,0.77778,0.06691,0.00000
failure_stratified_engine,6,2,out_of_distribution_tail,1044,1.00000,0.77778,0.27527,0.47556,0.22222,0.32281,0.00000
failure_stratified_engine,6,3,nominal_task_balance,1080,1.00000,1.00000,0.00000,0.00000,0.00000,0.02742,0.00000
failure_stratified_engine,6,3,rare_slip_failures,1080,1.00000,1.00000,0.10243,0.00000,0.00000,0.06873,0.00000
failure_stratified_engine,6,3,jammed_fixture_failures,1080,1.00000,0.00000,0.37592,0.35875,1.00000,0.17971,0.94444
failure_stratified_engine,6,3,actuator_limit_failures,1080,1.00000,1.00000,0.04167,0.00000,0.00000,0.04904,0.00000
failure_stratified_engine,6,3,combined_tail_stress,1080,1.00000,0.72222,0.28995,0.60980,0.27778,0.21446,0.05556
failure_stratified_engine,6,3,compound_sensor_actuator_shift,1080,1.00000,0.77778,0.27555,0.58857,0.22222,0.18370,0.16667
failure_stratified_engine,6,3,fixture_geometry_shift,1080,1.00000,0.05556,0.33144,0.35310,0.94444,0.08501,0.33333
failure_stratified_engine,6,3,rare_mechanism_combo,1080,1.00000,0.22222,0.34184,0.46667,0.77778,0.06435,0.00000
failure_stratified_engine,6,3,out_of_distribution_tail,1080,1.00000,0.77778,0.26985,0.47556,0.22222,0.32544,0.00000
failure_stratified_engine,6,4,nominal_task_balance,1116,1.00000,1.00000,0.00000,0.00000,0.00000,0.02953,0.00000
failure_stratified_engine,6,4,rare_slip_failures,1116,1.00000,1.00000,0.08889,0.00000,0.00000,0.07797,0.00000
failure_stratified_engine,6,4,jammed_fixture_failures,1116,1.00000,0.00000,0.38009,0.35110,1.00000,0.18378,0.94444
failure_stratified_engine,6,4,actuator_limit_failures,1116,1.00000,1.00000,0.04167,0.00000,0.00000,0.06782,0.00000
failure_stratified_engine,6,4,combined_tail_stress,1116,1.00000,0.72222,0.28473,0.60980,0.27778,0.24056,0.05556
failure_stratified_engine,6,4,compound_sensor_actuator_shift,1116,1.00000,0.77778,0.26184,0.58857,0.22222,0.20948,0.16667
failure_stratified_engine,6,4,fixture_geometry_shift,1116,1.00000,0.05556,0.32683,0.33821,0.94444,0.08806,0.33333
failure_stratified_engine,6,4,rare_mechanism_combo,1116,1.00000,0.22222,0.33985,0.46667,0.77778,0.06222,0.00000
failure_stratified_engine,6,4,out_of_distribution_tail,1116,1.00000,0.77778,0.27195,0.47556,0.22222,0.32358,0.00000
failure_stratified_engine,6,5,nominal_task_balance,1152,1.00000,1.00000,0.00000,0.00000,0.00000,0.01325,0.00000
failure_stratified_engine,6,5,rare_slip_failures,1152,1.00000,1.00000,0.04667,0.00000,0.00000,0.07994,0.00000
failure_stratified_engine,6,5,jammed_fixture_failures,1152,1.00000,0.00000,0.37329,0.34345,1.00000,0.19641,0.94444
failure_stratified_engine,6,5,actuator_limit_failures,1152,1.00000,1.00000,0.03750,0.00000,0.00000,0.07754,0.00000
failure_stratified_engine,6,5,combined_tail_stress,1152,1.00000,0.72222,0.28861,0.64980,0.27778,0.25492,0.05556
failure_stratified_engine,6,5,compound_sensor_actuator_shift,1152,1.00000,0.77778,0.26052,0.58857,0.22222,0.23149,0.16667
failure_stratified_engine,6,5,fixture_geometry_shift,1152,1.00000,0.05556,0.32681,0.34510,0.94444,0.09506,0.33333
failure_stratified_engine,6,5,rare_mechanism_combo,1152,1.00000,0.22222,0.34172,0.46667,0.77778,0.05279,0.00000
failure_stratified_engine,6,5,out_of_distribution_tail,1152,1.00000,0.77778,0.26880,0.47556,0.22222,0.32301,0.00000
failure_stratified_engine_v5,6,0,nominal_task_balance,972,1.00000,1.00000,0.00000,0.00000,0.00000,0.04353,0.00000
failure_stratified_engine_v5,6,0,rare_slip_failures,972,1.00000,1.00000,0.10512,0.00000,0.00000,0.06638,0.00000
failure_stratified_engine_v5,6,0,jammed_fixture_failures,972,1.00000,0.00000,0.36080,0.37388,1.00000,0.13374,0.94444
failure_stratified_engine_v5,6,0,actuator_limit_failures,972,1.00000,1.00000,0.07745,0.00000,0.00000,0.06611,0.00000
failure_stratified_engine_v5,6,0,combined_tail_stress,972,1.00000,0.72222,0.28797,0.52314,0.27778,0.15568,0.05556
failure_stratified_engine_v5,6,0,compound_sensor_actuator_shift,972,1.00000,0.77778,0.25261,0.41048,0.22222,0.15932,0.16667
failure_stratified_engine_v5,6,0,fixture_geometry_shift,972,1.00000,0.05556,0.32333,0.34221,0.94444,0.07189,0.33333
failure_stratified_engine_v5,6,0,rare_mechanism_combo,972,1.00000,0.22222,0.33725,0.46667,0.77778,0.06150,0.00000
failure_stratified_engine_v5,6,0,out_of_distribution_tail,972,1.00000,0.77778,0.27320,0.43556,0.22222,0.32463,0.00000
failure_stratified_engine_v5,6,1,nominal_task_balance,1008,1.00000,1.00000,0.00000,0.00000,0.00000,0.03404,0.00000
failure_stratified_engine_v5,6,1,rare_slip_failures,1008,1.00000,1.00000,0.11239,0.00000,0.00000,0.08656,0.00000
failure_stratified_engine_v5,6,1,jammed_fixture_failures,1008,1.00000,0.00000,0.36330,0.37388,1.00000,0.14813,0.94444
failure_stratified_engine_v5,6,1,actuator_limit_failures,1008,1.00000,1.00000,0.07745,0.00000,0.00000,0.06066,0.00000
failure_stratified_engine_v5,6,1,combined_tail_stress,1008,1.00000,0.72222,0.28883,0.54980,0.27778,0.16032,0.05556
failure_stratified_engine_v5,6,1,compound_sensor_actuator_shift,1008,1.00000,0.77778,0.25807,0.42381,0.22222,0.16129,0.16667
failure_stratified_engine_v5,6,1,fixture_geometry_shift,1008,1.00000,0.05556,0.32247,0.33931,0.94444,0.06720,0.33333
failure_stratified_engine_v5,6,1,rare_mechanism_combo,1008,1.00000,0.22222,0.33704,0.46667,0.77778,0.05182,0.00000
failure_stratified_engine_v5,6,1,out_of_distribution_tail,1008,1.00000,0.77778,0.27909,0.47556,0.22222,0.33129,0.00000
failure_stratified_engine_v5,6,2,nominal_task_balance,1044,1.00000,1.00000,0.00000,0.00000,0.00000,0.03391,0.00000
failure_stratified_engine_v5,6,2,rare_slip_failures,1044,1.00000,1.00000,0.10728,0.00000,0.00000,0.07351,0.00000
failure_stratified_engine_v5,6,2,jammed_fixture_failures,1044,1.00000,0.00000,0.36008,0.36848,1.00000,0.15797,0.94444
failure_stratified_engine_v5,6,2,actuator_limit_failures,1044,1.00000,1.00000,0.06458,0.00000,0.00000,0.06803,0.00000
failure_stratified_engine_v5,6,2,combined_tail_stress,1044,1.00000,0.72222,0.28408,0.54314,0.27778,0.14137,0.05556
failure_stratified_engine_v5,6,2,compound_sensor_actuator_shift,1044,1.00000,0.77778,0.25219,0.39714,0.22222,0.17653,0.16667
failure_stratified_engine_v5,6,2,fixture_geometry_shift,1044,1.00000,0.05556,0.32304,0.34331,0.94444,0.06426,0.33333
failure_stratified_engine_v5,6,2,rare_mechanism_combo,1044,1.00000,0.22222,0.33842,0.46667,0.77778,0.04347,0.00000
failure_stratified_engine_v5,6,2,out_of_distribution_tail,1044,1.00000,0.77778,0.27872,0.47556,0.22222,0.33918,0.00000
failure_stratified_engine_v5,6,3,nominal_task_balance,1080,1.00000,1.00000,0.00000,0.00000,0.00000,0.03324,0.00000
failure_stratified_engine_v5,6,3,rare_slip_failures,1080,1.00000,1.00000,0.11239,0.00000,0.00000,0.05959,0.00000
failure_stratified_engine_v5,6,3,jammed_fixture_failures,1080,1.00000,0.00000,0.36065,0.36848,1.00000,0.15676,0.94444
failure_stratified_engine_v5,6,3,actuator_limit_failures,1080,1.00000,1.00000,0.07083,0.00000,0.00000,0.06230,0.00000
failure_stratified_engine_v5,6,3,combined_tail_stress,1080,1.00000,0.72222,0.28368,0.54314,0.27778,0.13844,0.05556
failure_stratified_engine_v5,6,3,compound_sensor_actuator_shift,1080,1.00000,0.77778,0.22507,0.32857,0.22222,0.15638,0.16667
failure_stratified_engine_v5,6,3,fixture_geometry_shift,1080,1.00000,0.05556,0.32731,0.35131,0.94444,0.06428,0.33333
failure_stratified_engine_v5,6,3,rare_mechanism_combo,1080,1.00000,0.22222,0.34077,0.46667,0.77778,0.03073,0.00000
failure_stratified_engine_v5,6,3,out_of_distribution_tail,1080,1.00000,0.77778,0.27892,0.47556,0.22222,0.34289,0.00000
failure_stratified_engine_v5,6,4,nominal_task_balance,1116,1.00000,1.00000,0.00000,0.00000,0.00000,0.04299,0.00000
failure_stratified_engine_v5,6,4,rare_slip_failures,1116,1.00000,1.00000,0.10045,0.00000,0.00000,0.05889,0.00000
failure_stratified_engine_v5,6,4,jammed_fixture_failures,1116,1.00000,0.00000,0.35890,0.36848,1.00000,0.16058,0.94444
failure_stratified_engine_v5,6,4,actuator_limit_failures,1116,1.00000,1.00000,0.08854,0.00000,0.00000,0.06036,0.00000
failure_stratified_engine_v5,6,4,combined_tail_stress,1116,1.00000,0.72222,0.28615,0.54314,0.27778,0.13124,0.05556
failure_stratified_engine_v5,6,4,compound_sensor_actuator_shift,1116,1.00000,0.77778,0.24365,0.36952,0.22222,0.17606,0.16667
failure_stratified_engine_v5,6,4,fixture_geometry_shift,1116,1.00000,0.05556,0.32691,0.35131,0.94444,0.06575,0.33333
failure_stratified_engine_v5,6,4,rare_mechanism_combo,1116,1.00000,0.22222,0.33710,0.39167,0.77778,0.03618,0.00000
failure_stratified_engine_v5,6,4,out_of_distribution_tail,1116,1.00000,0.77778,0.27684,0.47556,0.22222,0.34483,0.00000
failure_stratified_engine_v5,6,5,nominal_task_balance,1152,1.00000,1.00000,0.00000,0.00000,0.00000,0.04305,0.00000
failure_stratified_engine_v5,6,5,rare_slip_failures,1152,1.00000,1.00000,0.11055,0.00000,0.00000,0.06001,0.00000
failure_stratified_engine_v5,6,5,jammed_fixture_failures,1152,1.00000,0.00000,0.36297,0.36848,1.00000,0.16295,0.94444
failure_stratified_engine_v5,6,5,actuator_limit_failures,1152,1.00000,1.00000,0.07281,0.00000,0.00000,0.06124,0.00000
failure_stratified_engine_v5,6,5,combined_tail_stress,1152,1.00000,0.72222,0.29105,0.56314,0.27778,0.12012,0.05556
failure_stratified_engine_v5,6,5,compound_sensor_actuator_shift,1152,1.00000,0.77778,0.24700,0.36857,0.22222,0.17382,0.16667
failure_stratified_engine_v5,6,5,fixture_geometry_shift,1152,1.00000,0.05556,0.32937,0.35131,0.94444,0.06452,0.33333
failure_stratified_engine_v5,6,5,rare_mechanism_combo,1152,1.00000,0.22222,0.33841,0.39167,0.77778,0.03276,0.00000
failure_stratified_engine_v5,6,5,out_of_distribution_tail,1152,1.00000,0.77778,0.27677,0.47556,0.22222,0.33641,0.00000
oracle_failure_strata,6,0,nominal_task_balance,972,1.00000,1.00000,0.00000,0.00000,0.00000,0.04353,0.00000
oracle_failure_strata,6,0,rare_slip_failures,972,1.00000,1.00000,0.10512,0.00000,0.00000,0.06638,0.00000
oracle_failure_strata,6,0,jammed_fixture_failures,972,1.00000,0.00000,0.36080,0.37388,1.00000,0.13374,0.94444
oracle_failure_strata,6,0,actuator_limit_failures,972,1.00000,1.00000,0.07745,0.00000,0.00000,0.06611,0.00000
oracle_failure_strata,6,0,combined_tail_stress,972,1.00000,0.72222,0.28797,0.52314,0.27778,0.15568,0.05556
oracle_failure_strata,6,0,compound_sensor_actuator_shift,972,1.00000,0.77778,0.25261,0.41048,0.22222,0.15932,0.16667
oracle_failure_strata,6,0,fixture_geometry_shift,972,1.00000,0.05556,0.32333,0.34221,0.94444,0.07189,0.33333
oracle_failure_strata,6,0,rare_mechanism_combo,972,1.00000,0.22222,0.33725,0.46667,0.77778,0.06150,0.00000
oracle_failure_strata,6,0,out_of_distribution_tail,972,1.00000,0.77778,0.27320,0.43556,0.22222,0.32463,0.00000
oracle_failure_strata,6,1,nominal_task_balance,1008,1.00000,1.00000,0.00000,0.00000,0.00000,0.04606,0.00000
oracle_failure_strata,6,1,rare_slip_failures,1008,1.00000,1.00000,0.10512,0.00000,0.00000,0.08654,0.00000
oracle_failure_strata,6,1,jammed_fixture_failures,1008,1.00000,0.00000,0.35846,0.36398,1.00000,0.13934,0.94444
oracle_failure_strata,6,1,actuator_limit_failures,1008,1.00000,1.00000,0.07519,0.00000,0.00000,0.06677,0.00000
oracle_failure_strata,6,1,combined_tail_stress,1008,1.00000,0.72222,0.28080,0.70314,0.27778,0.19467,0.05556
oracle_failure_strata,6,1,compound_sensor_actuator_shift,1008,1.00000,0.77778,0.25715,0.41048,0.22222,0.15445,0.16667
oracle_failure_strata,6,1,fixture_geometry_shift,1008,1.00000,0.05556,0.32959,0.36800,0.94444,0.06930,0.33333
oracle_failure_strata,6,1,rare_mechanism_combo,1008,1.00000,0.22222,0.34930,0.60000,0.77778,0.05458,0.00000
oracle_failure_strata,6,1,out_of_distribution_tail,1008,1.00000,0.77778,0.27483,0.43556,0.22222,0.32221,0.00000
oracle_failure_strata,6,2,nominal_task_balance,1044,1.00000,1.00000,0.00000,0.00000,0.00000,0.04461,0.00000
oracle_failure_strata,6,2,rare_slip_failures,1044,1.00000,1.00000,0.10690,0.00000,0.00000,0.09377,0.00000
oracle_failure_strata,6,2,jammed_fixture_failures,1044,1.00000,0.00000,0.35315,0.33428,1.00000,0.16107,0.94444
oracle_failure_strata,6,2,actuator_limit_failures,1044,1.00000,1.00000,0.05673,0.00000,0.00000,0.07678,0.00000
oracle_failure_strata,6,2,combined_tail_stress,1044,1.00000,0.72222,0.28142,0.68980,0.27778,0.21099,0.05556
oracle_failure_strata,6,2,compound_sensor_actuator_shift,1044,1.00000,0.77778,0.26478,0.53714,0.22222,0.17095,0.16667
oracle_failure_strata,6,2,fixture_geometry_shift,1044,1.00000,0.05556,0.32542,0.35600,0.94444,0.08900,0.33333
oracle_failure_strata,6,2,rare_mechanism_combo,1044,1.00000,0.22222,0.34544,0.60000,0.77778,0.07665,0.00000
oracle_failure_strata,6,2,out_of_distribution_tail,1044,1.00000,0.77778,0.27050,0.43556,0.22222,0.32343,0.00000
oracle_failure_strata,6,3,nominal_task_balance,1080,1.00000,1.00000,0.00000,0.00000,0.00000,0.03842,0.00000
oracle_failure_strata,6,3,rare_slip_failures,1080,1.00000,1.00000,0.06593,0.00000,0.00000,0.06106,0.00000
oracle_failure_strata,6,3,jammed_fixture_failures,1080,1.00000,0.00000,0.35538,0.33428,1.00000,0.16856,0.94444
oracle_failure_strata,6,3,actuator_limit_failures,1080,1.00000,1.00000,0.03947,0.00000,0.00000,0.07326,0.00000
oracle_failure_strata,6,3,combined_tail_stress,1080,1.00000,0.72222,0.27968,0.66314,0.27778,0.20995,0.05556
oracle_failure_strata,6,3,compound_sensor_actuator_shift,1080,1.00000,0.77778,0.25480,0.56381,0.22222,0.22574,0.16667
oracle_failure_strata,6,3,fixture_geometry_shift,1080,1.00000,0.05556,0.32792,0.34800,0.94444,0.09576,0.33333
oracle_failure_strata,6,3,rare_mechanism_combo,1080,1.00000,0.22222,0.34407,0.60000,0.77778,0.07691,0.00000
oracle_failure_strata,6,3,out_of_distribution_tail,1080,1.00000,0.77778,0.27096,0.43556,0.22222,0.32410,0.00000
oracle_failure_strata,6,4,nominal_task_balance,1116,1.00000,1.00000,0.00000,0.00000,0.00000,0.04084,0.00000
oracle_failure_strata,6,4,rare_slip_failures,1116,1.00000,1.00000,0.12630,0.00000,0.00000,0.07880,0.00000
oracle_failure_strata,6,4,jammed_fixture_failures,1116,1.00000,0.00000,0.35310,0.32888,1.00000,0.16596,0.94444
oracle_failure_strata,6,4,actuator_limit_failures,1116,1.00000,1.00000,0.04167,0.00000,0.00000,0.07305,0.00000
oracle_failure_strata,6,4,combined_tail_stress,1116,1.00000,0.72222,0.27988,0.62627,0.27778,0.19449,0.05556
oracle_failure_strata,6,4,compound_sensor_actuator_shift,1116,1.00000,0.77778,0.25198,0.52476,0.22222,0.18878,0.16667
oracle_failure_strata,6,4,fixture_geometry_shift,1116,1.00000,0.05556,0.32689,0.34800,0.94444,0.09881,0.33333
oracle_failure_strata,6,4,rare_mechanism_combo,1116,1.00000,0.22222,0.34487,0.60000,0.77778,0.06669,0.00000
oracle_failure_strata,6,4,out_of_distribution_tail,1116,1.00000,0.77778,0.26945,0.48000,0.22222,0.33028,0.00000
oracle_failure_strata,6,5,nominal_task_balance,1152,1.00000,1.00000,0.00000,0.00000,0.00000,0.04962,0.00000
oracle_failure_strata,6,5,rare_slip_failures,1152,1.00000,1.00000,0.13793,0.00000,0.00000,0.05466,0.00000
oracle_failure_strata,6,5,jammed_fixture_failures,1152,1.00000,0.00000,0.40197,0.44764,1.00000,0.14356,0.94444
oracle_failure_strata,6,5,actuator_limit_failures,1152,1.00000,1.00000,0.03947,0.00000,0.00000,0.07265,0.00000
oracle_failure_strata,6,5,combined_tail_stress,1152,1.00000,0.72222,0.28233,0.63961,0.27778,0.19588,0.05556
oracle_failure_strata,6,5,compound_sensor_actuator_shift,1152,1.00000,0.77778,0.24689,0.48381,0.22222,0.19491,0.16667
oracle_failure_strata,6,5,fixture_geometry_shift,1152,1.00000,0.05556,0.32477,0.34400,0.94444,0.10115,0.33333
oracle_failure_strata,6,5,rare_mechanism_combo,1152,1.00000,0.22222,0.34039,0.60000,0.77778,0.07433,0.00000
oracle_failure_strata,6,5,out_of_distribution_tail,1152,1.00000,0.77778,0.26788,0.48000,0.22222,0.32700,0.00000
greedy_oracle_success_upper,6,0,nominal_task_balance,972,1.00000,1.00000,0.00000,0.00000,0.00000,0.04353,0.00000
greedy_oracle_success_upper,6,0,rare_slip_failures,972,1.00000,1.00000,0.10512,0.00000,0.00000,0.06638,0.00000
greedy_oracle_success_upper,6,0,jammed_fixture_failures,972,1.00000,0.00000,0.36080,0.37388,1.00000,0.13374,0.94444
greedy_oracle_success_upper,6,0,actuator_limit_failures,972,1.00000,1.00000,0.07745,0.00000,0.00000,0.06611,0.00000
greedy_oracle_success_upper,6,0,combined_tail_stress,972,1.00000,0.72222,0.28797,0.52314,0.27778,0.15568,0.05556
greedy_oracle_success_upper,6,0,compound_sensor_actuator_shift,972,1.00000,0.77778,0.25261,0.41048,0.22222,0.15932,0.16667
greedy_oracle_success_upper,6,0,fixture_geometry_shift,972,1.00000,0.05556,0.32333,0.34221,0.94444,0.07189,0.33333
greedy_oracle_success_upper,6,0,rare_mechanism_combo,972,1.00000,0.22222,0.33725,0.46667,0.77778,0.06150,0.00000
greedy_oracle_success_upper,6,0,out_of_distribution_tail,972,1.00000,0.77778,0.27320,0.43556,0.22222,0.32463,0.00000
greedy_oracle_success_upper,6,1,nominal_task_balance,1008,1.00000,1.00000,0.00000,0.00000,0.00000,0.03775,0.00000
greedy_oracle_success_upper,6,1,rare_slip_failures,1008,1.00000,1.00000,0.09495,0.00000,0.00000,0.04040,0.00000
greedy_oracle_success_upper,6,1,jammed_fixture_failures,1008,1.00000,0.00000,0.36251,0.35184,1.00000,0.15106,0.94444
greedy_oracle_success_upper,6,1,actuator_limit_failures,1008,1.00000,1.00000,0.07983,0.00000,0.00000,0.07717,0.00000
greedy_oracle_success_upper,6,1,combined_tail_stress,1008,1.00000,0.72222,0.29560,0.58314,0.27778,0.16932,0.05556
greedy_oracle_success_upper,6,1,compound_sensor_actuator_shift,1008,1.00000,0.77778,0.25927,0.48095,0.22222,0.15959,0.16667
greedy_oracle_success_upper,6,1,fixture_geometry_shift,1008,1.00000,0.05556,0.32673,0.36000,0.94444,0.08544,0.33333
greedy_oracle_success_upper,6,1,rare_mechanism_combo,1008,1.00000,0.22222,0.34667,0.60000,0.77778,0.03667,0.00000
greedy_oracle_success_upper,6,1,out_of_distribution_tail,1008,1.00000,0.77778,0.27362,0.45778,0.22222,0.32798,0.00000
greedy_oracle_success_upper,6,2,nominal_task_balance,1044,1.00000,1.00000,0.00000,0.00000,0.00000,0.03779,0.00000
greedy_oracle_success_upper,6,2,rare_slip_failures,1044,1.00000,1.00000,0.09495,0.00000,0.00000,0.06440,0.00000
greedy_oracle_success_upper,6,2,jammed_fixture_failures,1044,1.00000,0.00000,0.35750,0.34194,1.00000,0.16192,0.94444
greedy_oracle_success_upper,6,2,actuator_limit_failures,1044,1.00000,1.00000,0.04412,0.00000,0.00000,0.07653,0.00000
greedy_oracle_success_upper,6,2,combined_tail_stress,1044,1.00000,0.72222,0.28024,0.58980,0.27778,0.20120,0.05556
greedy_oracle_success_upper,6,2,compound_sensor_actuator_shift,1044,1.00000,0.77778,0.27123,0.57714,0.22222,0.16549,0.16667
greedy_oracle_success_upper,6,2,fixture_geometry_shift,1044,1.00000,0.05556,0.32521,0.35600,0.94444,0.09276,0.33333
greedy_oracle_success_upper,6,2,rare_mechanism_combo,1044,1.00000,0.22222,0.34490,0.60000,0.77778,0.05257,0.00000
greedy_oracle_success_upper,6,2,out_of_distribution_tail,1044,1.00000,0.77778,0.26827,0.45778,0.22222,0.32856,0.00000
greedy_oracle_success_upper,6,3,nominal_task_balance,1080,1.00000,1.00000,0.00000,0.00000,0.00000,0.03849,0.00000
greedy_oracle_success_upper,6,3,rare_slip_failures,1080,1.00000,1.00000,0.04911,0.00000,0.00000,0.08574,0.00000
greedy_oracle_success_upper,6,3,jammed_fixture_failures,1080,1.00000,0.00000,0.35591,0.33204,1.00000,0.17579,0.94444
greedy_oracle_success_upper,6,3,actuator_limit_failures,1080,1.00000,1.00000,0.04167,0.00000,0.00000,0.07431,0.00000
greedy_oracle_success_upper,6,3,combined_tail_stress,1080,1.00000,0.72222,0.28817,0.64980,0.27778,0.19821,0.05556
greedy_oracle_success_upper,6,3,compound_sensor_actuator_shift,1080,1.00000,0.77778,0.25682,0.53714,0.22222,0.21457,0.16667
greedy_oracle_success_upper,6,3,fixture_geometry_shift,1080,1.00000,0.05556,0.32707,0.35200,0.94444,0.09553,0.33333
greedy_oracle_success_upper,6,3,rare_mechanism_combo,1080,1.00000,0.22222,0.34407,0.60000,0.77778,0.07291,0.00000
greedy_oracle_success_upper,6,3,out_of_distribution_tail,1080,1.00000,0.77778,0.27563,0.49778,0.22222,0.33180,0.00000
greedy_oracle_success_upper,6,4,nominal_task_balance,1116,1.00000,1.00000,0.00000,0.00000,0.00000,0.02417,0.00000
greedy_oracle_success_upper,6,4,rare_slip_failures,1116,1.00000,1.00000,0.06593,0.00000,0.00000,0.09137,0.00000
greedy_oracle_success_upper,6,4,jammed_fixture_failures,1116,1.00000,0.00000,0.35560,0.32663,1.00000,0.17168,0.94444
greedy_oracle_success_upper,6,4,actuator_limit_failures,1116,1.00000,1.00000,0.04167,0.00000,0.00000,0.06973,0.00000
greedy_oracle_success_upper,6,4,combined_tail_stress,1116,1.00000,0.72222,0.27797,0.63804,0.27778,0.20107,0.05556
greedy_oracle_success_upper,6,4,compound_sensor_actuator_shift,1116,1.00000,0.77778,0.25430,0.52381,0.22222,0.20919,0.16667
greedy_oracle_success_upper,6,4,fixture_geometry_shift,1116,1.00000,0.05556,0.32689,0.34800,0.94444,0.09897,0.33333
greedy_oracle_success_upper,6,4,rare_mechanism_combo,1116,1.00000,0.22222,0.34330,0.60000,0.77778,0.07347,0.00000
greedy_oracle_success_upper,6,4,out_of_distribution_tail,1116,1.00000,0.77778,0.26737,0.48000,0.22222,0.33237,0.00000
greedy_oracle_success_upper,6,5,nominal_task_balance,1152,1.00000,1.00000,0.00000,0.00000,0.00000,0.03353,0.00000
greedy_oracle_success_upper,6,5,rare_slip_failures,1152,1.00000,1.00000,0.06593,0.00000,0.00000,0.07684,0.00000
greedy_oracle_success_upper,6,5,jammed_fixture_failures,1152,1.00000,0.00000,0.35425,0.32663,1.00000,0.17864,0.94444
greedy_oracle_success_upper,6,5,actuator_limit_failures,1152,1.00000,1.00000,0.04412,0.00000,0.00000,0.07601,0.00000
greedy_oracle_success_upper,6,5,combined_tail_stress,1152,1.00000,0.72222,0.28198,0.63804,0.27778,0.19495,0.05556
greedy_oracle_success_upper,6,5,compound_sensor_actuator_shift,1152,1.00000,0.77778,0.25531,0.52381,0.22222,0.22773,0.16667
greedy_oracle_success_upper,6,5,fixture_geometry_shift,1152,1.00000,0.05556,0.32773,0.34400,0.94444,0.10368,0.33333
greedy_oracle_success_upper,6,5,rare_mechanism_combo,1152,1.00000,0.22222,0.34350,0.60000,0.77778,0.09910,0.00000
greedy_oracle_success_upper,6,5,out_of_distribution_tail,1152,1.00000,0.77778,0.27232,0.49778,0.22222,0.32832,0.00000
random_sampling,7,0,nominal_task_balance,972,0.87500,1.00000,0.00000,0.00000,0.00000,0.03534,0.00000
random_sampling,7,0,rare_slip_failures,972,0.87500,0.94444,0.19222,0.15000,0.05556,0.06199,0.05556
random_sampling,7,0,jammed_fixture_failures,972,0.87500,0.00000,0.39788,0.49951,1.00000,0.17392,1.00000
random_sampling,7,0,actuator_limit_failures,972,0.87500,1.00000,0.04286,0.00000,0.00000,0.04873,0.00000
random_sampling,7,0,combined_tail_stress,972,0.87500,0.66667,0.32329,0.64333,0.33333,0.22586,0.27778
random_sampling,7,0,compound_sensor_actuator_shift,972,0.87500,0.66667,0.31076,0.59206,0.33333,0.08005,0.16667
random_sampling,7,0,fixture_geometry_shift,972,0.87500,0.00000,0.34721,0.35556,1.00000,0.03550,0.22222
random_sampling,7,0,rare_mechanism_combo,972,0.87500,0.55556,0.28659,0.40909,0.44444,0.16880,0.00000
random_sampling,7,0,out_of_distribution_tail,972,0.87500,0.50000,0.32275,0.41091,0.50000,0.05561,0.00000
random_sampling,7,1,nominal_task_balance,1008,0.87500,1.00000,0.00000,0.00000,0.00000,0.03808,0.00000
random_sampling,7,1,rare_slip_failures,1008,0.87500,0.94444,0.19152,0.15000,0.05556,0.03948,0.05556
random_sampling,7,1,jammed_fixture_failures,1008,0.87500,0.00000,0.39418,0.49326,1.00000,0.17116,1.00000
random_sampling,7,1,actuator_limit_failures,1008,0.87500,1.00000,0.04286,0.00000,0.00000,0.04288,0.00000
random_sampling,7,1,combined_tail_stress,1008,0.87500,0.66667,0.32082,0.63222,0.33333,0.22754,0.27778
random_sampling,7,1,compound_sensor_actuator_shift,1008,0.87500,0.66667,0.31020,0.56984,0.33333,0.07008,0.16667
random_sampling,7,1,fixture_geometry_shift,1008,0.87500,0.00000,0.34786,0.35556,1.00000,0.03748,0.22222
random_sampling,7,1,rare_mechanism_combo,1008,0.87500,0.55556,0.28550,0.40909,0.44444,0.13489,0.00000
random_sampling,7,1,out_of_distribution_tail,1008,0.87500,0.50000,0.32257,0.41091,0.50000,0.06682,0.00000
random_sampling,7,2,nominal_task_balance,1044,0.87500,1.00000,0.00000,0.00000,0.00000,0.04047,0.00000
random_sampling,7,2,rare_slip_failures,1044,0.87500,0.94444,0.17241,0.10000,0.05556,0.02169,0.05556
random_sampling,7,2,jammed_fixture_failures,1044,0.87500,0.00000,0.39278,0.49326,1.00000,0.17227,1.00000
random_sampling,7,2,actuator_limit_failures,1044,0.87500,1.00000,0.01786,0.00000,0.00000,0.03822,0.00000
random_sampling,7,2,combined_tail_stress,1044,0.87500,0.66667,0.31878,0.64222,0.33333,0.22950,0.27778
random_sampling,7,2,compound_sensor_actuator_shift,1044,0.87500,0.66667,0.31208,0.57937,0.33333,0.07481,0.16667
random_sampling,7,2,fixture_geometry_shift,1044,0.87500,0.00000,0.34868,0.35556,1.00000,0.04354,0.22222
random_sampling,7,2,rare_mechanism_combo,1044,0.87500,0.55556,0.28186,0.39091,0.44444,0.16429,0.00000
random_sampling,7,2,out_of_distribution_tail,1044,0.87500,0.50000,0.32565,0.42909,0.50000,0.09149,0.00000
random_sampling,7,3,nominal_task_balance,1080,0.87500,1.00000,0.00000,0.00000,0.00000,0.03685,0.00000
random_sampling,7,3,rare_slip_failures,1080,0.87500,0.94444,0.16786,0.10000,0.05556,0.03868,0.05556
random_sampling,7,3,jammed_fixture_failures,1080,0.87500,0.00000,0.39361,0.49326,1.00000,0.17161,1.00000
random_sampling,7,3,actuator_limit_failures,1080,0.87500,1.00000,0.04286,0.00000,0.00000,0.04525,0.00000
random_sampling,7,3,combined_tail_stress,1080,0.87500,0.66667,0.32077,0.64222,0.33333,0.21861,0.27778
random_sampling,7,3,compound_sensor_actuator_shift,1080,0.87500,0.66667,0.30955,0.55873,0.33333,0.06200,0.16667
random_sampling,7,3,fixture_geometry_shift,1080,0.87500,0.00000,0.35017,0.36000,1.00000,0.04275,0.22222
random_sampling,7,3,rare_mechanism_combo,1080,0.87500,0.55556,0.28159,0.39091,0.44444,0.15252,0.00000
random_sampling,7,3,out_of_distribution_tail,1080,0.87500,0.50000,0.32716,0.42909,0.50000,0.10651,0.00000
random_sampling,7,4,nominal_task_balance,1116,0.87500,1.00000,0.00000,0.00000,0.00000,0.03436,0.00000
random_sampling,7,4,rare_slip_failures,1116,0.87500,0.94444,0.18071,0.10000,0.05556,0.05914,0.05556
random_sampling,7,4,jammed_fixture_failures,1116,0.87500,0.00000,0.39258,0.49326,1.00000,0.17677,1.00000
random_sampling,7,4,actuator_limit_failures,1116,0.87500,1.00000,0.04167,0.00000,0.00000,0.04595,0.00000
random_sampling,7,4,combined_tail_stress,1116,0.87500,0.66667,0.31948,0.65556,0.33333,0.22308,0.27778
random_sampling,7,4,compound_sensor_actuator_shift,1116,0.87500,0.66667,0.31213,0.55873,0.33333,0.06885,0.16667
random_sampling,7,4,fixture_geometry_shift,1116,0.87500,0.00000,0.34952,0.35556,1.00000,0.04405,0.22222
random_sampling,7,4,rare_mechanism_combo,1116,0.87500,0.55556,0.29107,0.49091,0.44444,0.11619,0.00000
random_sampling,7,4,out_of_distribution_tail,1116,0.87500,0.50000,0.32820,0.42909,0.50000,0.10504,0.00000
random_sampling,7,5,nominal_task_balance,1152,0.87500,1.00000,0.00000,0.00000,0.00000,0.03162,0.00000
random_sampling,7,5,rare_slip_failures,1152,0.87500,0.94444,0.18227,0.10000,0.05556,0.05991,0.05556
random_sampling,7,5,jammed_fixture_failures,1152,0.87500,0.00000,0.39070,0.49101,1.00000,0.17326,1.00000
random_sampling,7,5,actuator_limit_failures,1152,0.87500,1.00000,0.04063,0.00000,0.00000,0.04672,0.00000
random_sampling,7,5,combined_tail_stress,1152,0.87500,0.66667,0.31748,0.66667,0.33333,0.22776,0.27778
random_sampling,7,5,compound_sensor_actuator_shift,1152,0.87500,0.66667,0.30993,0.55873,0.33333,0.06822,0.16667
random_sampling,7,5,fixture_geometry_shift,1152,0.87500,0.00000,0.35221,0.35556,1.00000,0.04239,0.22222
random_sampling,7,5,rare_mechanism_combo,1152,0.87500,0.55556,0.29290,0.49091,0.44444,0.11758,0.00000
random_sampling,7,5,out_of_distribution_tail,1152,0.87500,0.50000,0.32815,0.42909,0.50000,0.10254,0.00000
task_label_stratification,7,0,nominal_task_balance,972,0.87500,1.00000,0.00000,0.00000,0.00000,0.03534,0.00000
task_label_stratification,7,0,rare_slip_failures,972,0.87500,0.94444,0.19222,0.15000,0.05556,0.06199,0.05556
task_label_stratification,7,0,jammed_fixture_failures,972,0.87500,0.00000,0.39788,0.49951,1.00000,0.17392,1.00000
task_label_stratification,7,0,actuator_limit_failures,972,0.87500,1.00000,0.04286,0.00000,0.00000,0.04873,0.00000
task_label_stratification,7,0,combined_tail_stress,972,0.87500,0.66667,0.32329,0.64333,0.33333,0.22586,0.27778
task_label_stratification,7,0,compound_sensor_actuator_shift,972,0.87500,0.66667,0.31076,0.59206,0.33333,0.08005,0.16667
task_label_stratification,7,0,fixture_geometry_shift,972,0.87500,0.00000,0.34721,0.35556,1.00000,0.03550,0.22222
task_label_stratification,7,0,rare_mechanism_combo,972,0.87500,0.55556,0.28659,0.40909,0.44444,0.16880,0.00000
task_label_stratification,7,0,out_of_distribution_tail,972,0.87500,0.50000,0.32275,0.41091,0.50000,0.05561,0.00000
task_label_stratification,7,1,nominal_task_balance,1008,0.87500,1.00000,0.00000,0.00000,0.00000,0.03783,0.00000
task_label_stratification,7,1,rare_slip_failures,1008,0.87500,0.94444,0.18552,0.15000,0.05556,0.06761,0.05556
task_label_stratification,7,1,jammed_fixture_failures,1008,0.87500,0.00000,0.39491,0.49551,1.00000,0.17216,1.00000
task_label_stratification,7,1,actuator_limit_failures,1008,0.87500,1.00000,0.04286,0.00000,0.00000,0.04907,0.00000
task_label_stratification,7,1,combined_tail_stress,1008,0.87500,0.66667,0.32279,0.65444,0.33333,0.22575,0.27778
task_label_stratification,7,1,compound_sensor_actuator_shift,1008,0.87500,0.66667,0.31345,0.59206,0.33333,0.07009,0.16667
task_label_stratification,7,1,fixture_geometry_shift,1008,0.87500,0.00000,0.35098,0.36444,1.00000,0.03382,0.22222
task_label_stratification,7,1,rare_mechanism_combo,1008,0.87500,0.55556,0.29665,0.50909,0.44444,0.16620,0.00000
task_label_stratification,7,1,out_of_distribution_tail,1008,0.87500,0.50000,0.32336,0.43091,0.50000,0.09497,0.00000
task_label_stratification,7,2,nominal_task_balance,1044,0.87500,1.00000,0.00000,0.00000,0.00000,0.04078,0.00000
task_label_stratification,7,2,rare_slip_failures,1044,0.87500,0.94444,0.17241,0.15000,0.05556,0.05519,0.05556
task_label_stratification,7,2,jammed_fixture_failures,1044,0.87500,0.00000,0.39738,0.49551,1.00000,0.16858,1.00000
task_label_stratification,7,2,actuator_limit_failures,1044,0.87500,1.00000,0.04423,0.00000,0.00000,0.04522,0.00000
task_label_stratification,7,2,combined_tail_stress,1044,0.87500,0.66667,0.31886,0.64333,0.33333,0.21666,0.27778
task_label_stratification,7,2,compound_sensor_actuator_shift,1044,0.87500,0.66667,0.31227,0.56984,0.33333,0.08530,0.16667
task_label_stratification,7,2,fixture_geometry_shift,1044,0.87500,0.00000,0.34803,0.35556,1.00000,0.03506,0.22222
task_label_stratification,7,2,rare_mechanism_combo,1044,0.87500,0.55556,0.29918,0.50909,0.44444,0.16630,0.00000
task_label_stratification,7,2,out_of_distribution_tail,1044,0.87500,0.50000,0.31922,0.43091,0.50000,0.10928,0.00000
task_label_stratification,7,3,nominal_task_balance,1080,0.87500,1.00000,0.00000,0.00000,0.00000,0.03640,0.00000
task_label_stratification,7,3,rare_slip_failures,1080,0.87500,0.94444,0.16776,0.15000,0.05556,0.04757,0.05556
task_label_stratification,7,3,jammed_fixture_failures,1080,0.87500,0.00000,0.40042,0.51551,1.00000,0.16975,1.00000
task_label_stratification,7,3,actuator_limit_failures,1080,0.87500,1.00000,0.06331,0.00000,0.00000,0.04167,0.00000
task_label_stratification,7,3,combined_tail_stress,1080,0.87500,0.66667,0.32644,0.66444,0.33333,0.21375,0.27778
task_label_stratification,7,3,compound_sensor_actuator_shift,1080,0.87500,0.66667,0.31677,0.56984,0.33333,0.07567,0.16667
task_label_stratification,7,3,fixture_geometry_shift,1080,0.87500,0.00000,0.34641,0.35469,1.00000,0.03396,0.22222
task_label_stratification,7,3,rare_mechanism_combo,1080,0.87500,0.55556,0.30190,0.52727,0.44444,0.15830,0.00000
task_label_stratification,7,3,out_of_distribution_tail,1080,0.87500,0.50000,0.32154,0.43091,0.50000,0.10981,0.00000
task_label_stratification,7,4,nominal_task_balance,1116,0.87500,1.00000,0.00000,0.00000,0.00000,0.04242,0.00000
task_label_stratification,7,4,rare_slip_failures,1116,0.87500,0.94444,0.17088,0.15000,0.05556,0.04474,0.05556
task_label_stratification,7,4,jammed_fixture_failures,1116,0.87500,0.00000,0.40042,0.51551,1.00000,0.16723,1.00000
task_label_stratification,7,4,actuator_limit_failures,1116,0.87500,1.00000,0.06469,0.00000,0.00000,0.04258,0.00000
task_label_stratification,7,4,combined_tail_stress,1116,0.87500,0.66667,0.32842,0.65333,0.33333,0.19983,0.27778
task_label_stratification,7,4,compound_sensor_actuator_shift,1116,0.87500,0.66667,0.30999,0.54921,0.33333,0.08730,0.16667
task_label_stratification,7,4,fixture_geometry_shift,1116,0.87500,0.00000,0.34765,0.35957,1.00000,0.03702,0.22222
task_label_stratification,7,4,rare_mechanism_combo,1116,0.87500,0.55556,0.30277,0.50909,0.44444,0.13147,0.00000
task_label_stratification,7,4,out_of_distribution_tail,1116,0.87500,0.50000,0.32136,0.43091,0.50000,0.11426,0.00000
task_label_stratification,7,5,nominal_task_balance,1152,0.87500,1.00000,0.00000,0.00000,0.00000,0.03661,0.00000
task_label_stratification,7,5,rare_slip_failures,1152,0.87500,0.94444,0.17654,0.15000,0.05556,0.04799,0.05556
task_label_stratification,7,5,jammed_fixture_failures,1152,0.87500,0.00000,0.39725,0.49326,1.00000,0.16708,1.00000
task_label_stratification,7,5,actuator_limit_failures,1152,0.87500,1.00000,0.08929,0.00000,0.00000,0.04634,0.00000
task_label_stratification,7,5,combined_tail_stress,1152,0.87500,0.66667,0.32972,0.65333,0.33333,0.20080,0.27778
task_label_stratification,7,5,compound_sensor_actuator_shift,1152,0.87500,0.66667,0.30961,0.56032,0.33333,0.09052,0.16667
task_label_stratification,7,5,fixture_geometry_shift,1152,0.87500,0.00000,0.34516,0.35024,1.00000,0.03553,0.22222
task_label_stratification,7,5,rare_mechanism_combo,1152,0.87500,0.55556,0.29951,0.50909,0.44444,0.12013,0.00000
task_label_stratification,7,5,out_of_distribution_tail,1152,0.87500,0.50000,0.32332,0.43091,0.50000,0.10734,0.00000
state_diversity_coreset,7,0,nominal_task_balance,972,0.87500,1.00000,0.00000,0.00000,0.00000,0.03534,0.00000
state_diversity_coreset,7,0,rare_slip_failures,972,0.87500,0.94444,0.19222,0.15000,0.05556,0.06199,0.05556
state_diversity_coreset,7,0,jammed_fixture_failures,972,0.87500,0.00000,0.39788,0.49951,1.00000,0.17392,1.00000
state_diversity_coreset,7,0,actuator_limit_failures,972,0.87500,1.00000,0.04286,0.00000,0.00000,0.04873,0.00000
state_diversity_coreset,7,0,combined_tail_stress,972,0.87500,0.66667,0.32329,0.64333,0.33333,0.22586,0.27778
state_diversity_coreset,7,0,compound_sensor_actuator_shift,972,0.87500,0.66667,0.31076,0.59206,0.33333,0.08005,0.16667
state_diversity_coreset,7,0,fixture_geometry_shift,972,0.87500,0.00000,0.34721,0.35556,1.00000,0.03550,0.22222
state_diversity_coreset,7,0,rare_mechanism_combo,972,0.87500,0.55556,0.28659,0.40909,0.44444,0.16880,0.00000
state_diversity_coreset,7,0,out_of_distribution_tail,972,0.87500,0.50000,0.32275,0.41091,0.50000,0.05561,0.00000
state_diversity_coreset,7,1,nominal_task_balance,1008,1.00000,1.00000,0.00000,0.00000,0.00000,0.04776,0.00000
state_diversity_coreset,7,1,rare_slip_failures,1008,1.00000,0.94444,0.18994,0.15000,0.05556,0.07179,0.05556
state_diversity_coreset,7,1,jammed_fixture_failures,1008,1.00000,0.00000,0.40281,0.57551,1.00000,0.18848,1.00000
state_diversity_coreset,7,1,actuator_limit_failures,1008,1.00000,1.00000,0.09621,0.00000,0.00000,0.04635,0.00000
state_diversity_coreset,7,1,combined_tail_stress,1008,1.00000,0.66667,0.31594,0.60556,0.33333,0.21678,0.27778
state_diversity_coreset,7,1,compound_sensor_actuator_shift,1008,1.00000,0.66667,0.31084,0.60317,0.33333,0.08392,0.16667
state_diversity_coreset,7,1,fixture_geometry_shift,1008,1.00000,0.00000,0.35303,0.55556,1.00000,0.03731,0.22222
state_diversity_coreset,7,1,rare_mechanism_combo,1008,1.00000,0.55556,0.28060,0.36364,0.44444,0.13816,0.00000
state_diversity_coreset,7,1,out_of_distribution_tail,1008,1.00000,0.50000,0.33374,0.44909,0.50000,0.05431,0.00000
state_diversity_coreset,7,2,nominal_task_balance,1044,1.00000,1.00000,0.00000,0.00000,0.00000,0.04986,0.00000
state_diversity_coreset,7,2,rare_slip_failures,1044,1.00000,0.94444,0.18697,0.15000,0.05556,0.07681,0.05556
state_diversity_coreset,7,2,jammed_fixture_failures,1044,1.00000,0.00000,0.39605,0.48175,1.00000,0.19175,1.00000
state_diversity_coreset,7,2,actuator_limit_failures,1044,1.00000,1.00000,0.08611,0.00000,0.00000,0.04446,0.00000
state_diversity_coreset,7,2,combined_tail_stress,1044,1.00000,0.66667,0.31944,0.61667,0.33333,0.19995,0.27778
state_diversity_coreset,7,2,compound_sensor_actuator_shift,1044,1.00000,0.66667,0.30894,0.56032,0.33333,0.06200,0.16667
state_diversity_coreset,7,2,fixture_geometry_shift,1044,1.00000,0.00000,0.34617,0.35556,1.00000,0.05138,0.22222
state_diversity_coreset,7,2,rare_mechanism_combo,1044,1.00000,0.55556,0.28681,0.56364,0.44444,0.17304,0.00000
state_diversity_coreset,7,2,out_of_distribution_tail,1044,1.00000,0.50000,0.32999,0.46909,0.50000,0.05819,0.00000
state_diversity_coreset,7,3,nominal_task_balance,1080,1.00000,1.00000,0.00000,0.00000,0.00000,0.04810,0.00000
state_diversity_coreset,7,3,rare_slip_failures,1080,1.00000,0.94444,0.18102,0.20000,0.05556,0.07433,0.05556
state_diversity_coreset,7,3,jammed_fixture_failures,1080,1.00000,0.00000,0.40461,0.58575,1.00000,0.18932,1.00000
state_diversity_coreset,7,3,actuator_limit_failures,1080,1.00000,1.00000,0.08246,0.00000,0.00000,0.03456,0.00000
state_diversity_coreset,7,3,combined_tail_stress,1080,1.00000,0.66667,0.32218,0.64889,0.33333,0.20015,0.27778
state_diversity_coreset,7,3,compound_sensor_actuator_shift,1080,1.00000,0.66667,0.29212,0.56032,0.33333,0.08047,0.16667
state_diversity_coreset,7,3,fixture_geometry_shift,1080,1.00000,0.00000,0.34514,0.35556,1.00000,0.05066,0.22222
state_diversity_coreset,7,3,rare_mechanism_combo,1080,1.00000,0.55556,0.29983,0.56364,0.44444,0.18316,0.00000
state_diversity_coreset,7,3,out_of_distribution_tail,1080,1.00000,0.50000,0.32874,0.46909,0.50000,0.08464,0.00000
state_diversity_coreset,7,4,nominal_task_balance,1116,1.00000,1.00000,0.00000,0.00000,0.00000,0.05092,0.00000
state_diversity_coreset,7,4,rare_slip_failures,1116,1.00000,0.94444,0.20008,0.25000,0.05556,0.07718,0.05556
state_diversity_coreset,7,4,jammed_fixture_failures,1116,1.00000,0.00000,0.39958,0.58175,1.00000,0.18636,1.00000
state_diversity_coreset,7,4,actuator_limit_failures,1116,1.00000,1.00000,0.08246,0.00000,0.00000,0.04708,0.00000
state_diversity_coreset,7,4,combined_tail_stress,1116,1.00000,0.66667,0.31624,0.63778,0.33333,0.18677,0.27778
state_diversity_coreset,7,4,compound_sensor_actuator_shift,1116,1.00000,0.66667,0.29520,0.56032,0.33333,0.07435,0.16667
state_diversity_coreset,7,4,fixture_geometry_shift,1116,1.00000,0.00000,0.34643,0.34667,1.00000,0.05022,0.22222
state_diversity_coreset,7,4,rare_mechanism_combo,1116,1.00000,0.55556,0.33309,0.60364,0.44444,0.16356,0.00000
state_diversity_coreset,7,4,out_of_distribution_tail,1116,1.00000,0.50000,0.32252,0.46909,0.50000,0.11132,0.00000
state_diversity_coreset,7,5,nominal_task_balance,1152,1.00000,1.00000,0.00000,0.00000,0.00000,0.04453,0.00000
state_diversity_coreset,7,5,rare_slip_failures,1152,1.00000,0.94444,0.21024,0.25000,0.05556,0.05226,0.05556
state_diversity_coreset,7,5,jammed_fixture_failures,1152,1.00000,0.00000,0.38896,0.48175,1.00000,0.18432,1.00000
state_diversity_coreset,7,5,actuator_limit_failures,1152,1.00000,1.00000,0.08868,0.00000,0.00000,0.04826,0.00000
state_diversity_coreset,7,5,combined_tail_stress,1152,1.00000,0.66667,0.30761,0.61556,0.33333,0.18222,0.27778
state_diversity_coreset,7,5,compound_sensor_actuator_shift,1152,1.00000,0.66667,0.28892,0.54921,0.33333,0.08726,0.16667
state_diversity_coreset,7,5,fixture_geometry_shift,1152,1.00000,0.00000,0.35524,0.37333,1.00000,0.05705,0.22222
state_diversity_coreset,7,5,rare_mechanism_combo,1152,1.00000,0.55556,0.28915,0.56364,0.44444,0.14658,0.00000
state_diversity_coreset,7,5,out_of_distribution_tail,1152,1.00000,0.50000,0.31376,0.46909,0.50000,0.10381,0.00000
uncertainty_sampling,7,0,nominal_task_balance,972,0.87500,1.00000,0.00000,0.00000,0.00000,0.03534,0.00000
uncertainty_sampling,7,0,rare_slip_failures,972,0.87500,0.94444,0.19222,0.15000,0.05556,0.06199,0.05556
uncertainty_sampling,7,0,jammed_fixture_failures,972,0.87500,0.00000,0.39788,0.49951,1.00000,0.17392,1.00000
uncertainty_sampling,7,0,actuator_limit_failures,972,0.87500,1.00000,0.04286,0.00000,0.00000,0.04873,0.00000
uncertainty_sampling,7,0,combined_tail_stress,972,0.87500,0.66667,0.32329,0.64333,0.33333,0.22586,0.27778
uncertainty_sampling,7,0,compound_sensor_actuator_shift,972,0.87500,0.66667,0.31076,0.59206,0.33333,0.08005,0.16667
uncertainty_sampling,7,0,fixture_geometry_shift,972,0.87500,0.00000,0.34721,0.35556,1.00000,0.03550,0.22222
uncertainty_sampling,7,0,rare_mechanism_combo,972,0.87500,0.55556,0.28659,0.40909,0.44444,0.16880,0.00000
uncertainty_sampling,7,0,out_of_distribution_tail,972,0.87500,0.50000,0.32275,0.41091,0.50000,0.05561,0.00000
uncertainty_sampling,7,1,nominal_task_balance,1008,0.87500,1.00000,0.00000,0.00000,0.00000,0.04629,0.00000
uncertainty_sampling,7,1,rare_slip_failures,1008,0.87500,0.94444,0.17764,0.10000,0.05556,0.08380,0.05556
uncertainty_sampling,7,1,jammed_fixture_failures,1008,0.87500,0.00000,0.39712,0.49775,1.00000,0.17519,1.00000
uncertainty_sampling,7,1,actuator_limit_failures,1008,0.87500,1.00000,0.01923,0.00000,0.00000,0.04112,0.00000
uncertainty_sampling,7,1,combined_tail_stress,1008,0.87500,0.66667,0.31830,0.65333,0.33333,0.23064,0.27778
uncertainty_sampling,7,1,compound_sensor_actuator_shift,1008,0.87500,0.66667,0.31176,0.55873,0.33333,0.07977,0.16667
uncertainty_sampling,7,1,fixture_geometry_shift,1008,0.87500,0.00000,0.34851,0.35556,1.00000,0.03867,0.22222
uncertainty_sampling,7,1,rare_mechanism_combo,1008,0.87500,0.55556,0.29392,0.50909,0.44444,0.15248,0.00000
uncertainty_sampling,7,1,out_of_distribution_tail,1008,0.87500,0.50000,0.32703,0.46909,0.50000,0.06932,0.00000
uncertainty_sampling,7,2,nominal_task_balance,1044,0.87500,1.00000,0.00000,0.00000,0.00000,0.04563,0.00000
uncertainty_sampling,7,2,rare_slip_failures,1044,0.87500,0.94444,0.18007,0.10000,0.05556,0.07368,0.05556
uncertainty_sampling,7,2,jammed_fixture_failures,1044,0.87500,0.00000,0.39853,0.50175,1.00000,0.17435,1.00000
uncertainty_sampling,7,2,actuator_limit_failures,1044,0.87500,1.00000,0.08929,0.00000,0.00000,0.04267,0.00000
uncertainty_sampling,7,2,combined_tail_stress,1044,0.87500,0.66667,0.31866,0.65111,0.33333,0.23312,0.27778
uncertainty_sampling,7,2,compound_sensor_actuator_shift,1044,0.87500,0.66667,0.31624,0.58889,0.33333,0.06233,0.16667
uncertainty_sampling,7,2,fixture_geometry_shift,1044,0.87500,0.00000,0.35357,0.55111,1.00000,0.04024,0.22222
uncertainty_sampling,7,2,rare_mechanism_combo,1044,0.87500,0.55556,0.29006,0.52727,0.44444,0.14670,0.00000
uncertainty_sampling,7,2,out_of_distribution_tail,1044,0.87500,0.50000,0.32413,0.48909,0.50000,0.08446,0.00000
uncertainty_sampling,7,3,nominal_task_balance,1080,0.87500,1.00000,0.00000,0.00000,0.00000,0.05031,0.00000
uncertainty_sampling,7,3,rare_slip_failures,1080,0.87500,0.94444,0.17679,0.10000,0.05556,0.09691,0.05556
uncertainty_sampling,7,3,jammed_fixture_failures,1080,0.87500,0.00000,0.39345,0.45775,1.00000,0.17287,1.00000
uncertainty_sampling,7,3,actuator_limit_failures,1080,0.87500,1.00000,0.08810,0.00000,0.00000,0.04572,0.00000
uncertainty_sampling,7,3,combined_tail_stress,1080,0.87500,0.66667,0.31522,0.65111,0.33333,0.23930,0.27778
uncertainty_sampling,7,3,compound_sensor_actuator_shift,1080,0.87500,0.66667,0.31547,0.56667,0.33333,0.06132,0.16667
uncertainty_sampling,7,3,fixture_geometry_shift,1080,0.87500,0.00000,0.35071,0.55111,1.00000,0.03985,0.22222
uncertainty_sampling,7,3,rare_mechanism_combo,1080,0.87500,0.55556,0.29020,0.56364,0.44444,0.13171,0.00000
uncertainty_sampling,7,3,out_of_distribution_tail,1080,0.87500,0.50000,0.32594,0.50727,0.50000,0.06906,0.00000
uncertainty_sampling,7,4,nominal_task_balance,1116,0.87500,1.00000,0.00000,0.00000,0.00000,0.05301,0.00000
uncertainty_sampling,7,4,rare_slip_failures,1116,0.87500,0.94444,0.20143,0.15000,0.05556,0.07227,0.05556
uncertainty_sampling,7,4,jammed_fixture_failures,1116,0.87500,0.00000,0.39278,0.45151,1.00000,0.16411,1.00000
uncertainty_sampling,7,4,actuator_limit_failures,1116,0.87500,1.00000,0.10938,0.00000,0.00000,0.04504,0.00000
uncertainty_sampling,7,4,combined_tail_stress,1116,0.87500,0.66667,0.31418,0.65111,0.33333,0.24987,0.27778
uncertainty_sampling,7,4,compound_sensor_actuator_shift,1116,0.87500,0.66667,0.31334,0.55556,0.33333,0.07175,0.16667
uncertainty_sampling,7,4,fixture_geometry_shift,1116,0.87500,0.00000,0.35331,0.55556,1.00000,0.04072,0.22222
uncertainty_sampling,7,4,rare_mechanism_combo,1116,0.87500,0.55556,0.28760,0.55929,0.44444,0.16422,0.00000
uncertainty_sampling,7,4,out_of_distribution_tail,1116,0.87500,0.50000,0.31799,0.46727,0.50000,0.07955,0.00000
uncertainty_sampling,7,5,nominal_task_balance,1152,0.87500,1.00000,0.00000,0.00000,0.00000,0.05184,0.00000
uncertainty_sampling,7,5,rare_slip_failures,1152,0.87500,0.94444,0.18284,0.10000,0.05556,0.07254,0.05556
uncertainty_sampling,7,5,jammed_fixture_failures,1152,0.87500,0.00000,0.39488,0.47151,1.00000,0.16813,1.00000
uncertainty_sampling,7,5,actuator_limit_failures,1152,0.87500,1.00000,0.10478,0.00000,0.00000,0.05737,0.00000
uncertainty_sampling,7,5,combined_tail_stress,1152,0.87500,0.66667,0.31465,0.65111,0.33333,0.24436,0.27778
uncertainty_sampling,7,5,compound_sensor_actuator_shift,1152,0.87500,0.66667,0.31035,0.53651,0.33333,0.08291,0.16667
uncertainty_sampling,7,5,fixture_geometry_shift,1152,0.87500,0.00000,0.35421,0.55068,1.00000,0.04652,0.22222
uncertainty_sampling,7,5,rare_mechanism_combo,1152,0.87500,0.55556,0.29246,0.55929,0.44444,0.14262,0.00000
uncertainty_sampling,7,5,out_of_distribution_tail,1152,0.87500,0.50000,0.31574,0.46727,0.50000,0.08347,0.00000
failure_prediction_active_learning,7,0,nominal_task_balance,972,0.87500,1.00000,0.00000,0.00000,0.00000,0.03534,0.00000
failure_prediction_active_learning,7,0,rare_slip_failures,972,0.87500,0.94444,0.19222,0.15000,0.05556,0.06199,0.05556
failure_prediction_active_learning,7,0,jammed_fixture_failures,972,0.87500,0.00000,0.39788,0.49951,1.00000,0.17392,1.00000
failure_prediction_active_learning,7,0,actuator_limit_failures,972,0.87500,1.00000,0.04286,0.00000,0.00000,0.04873,0.00000
failure_prediction_active_learning,7,0,combined_tail_stress,972,0.87500,0.66667,0.32329,0.64333,0.33333,0.22586,0.27778
failure_prediction_active_learning,7,0,compound_sensor_actuator_shift,972,0.87500,0.66667,0.31076,0.59206,0.33333,0.08005,0.16667
failure_prediction_active_learning,7,0,fixture_geometry_shift,972,0.87500,0.00000,0.34721,0.35556,1.00000,0.03550,0.22222
failure_prediction_active_learning,7,0,rare_mechanism_combo,972,0.87500,0.55556,0.28659,0.40909,0.44444,0.16880,0.00000
failure_prediction_active_learning,7,0,out_of_distribution_tail,972,0.87500,0.50000,0.32275,0.41091,0.50000,0.05561,0.00000
failure_prediction_active_learning,7,1,nominal_task_balance,1008,0.87500,1.00000,0.00000,0.00000,0.00000,0.03298,0.00000
failure_prediction_active_learning,7,1,rare_slip_failures,1008,0.87500,0.94444,0.18069,0.15000,0.05556,0.07774,0.05556
failure_prediction_active_learning,7,1,jammed_fixture_failures,1008,0.87500,0.00000,0.39308,0.47551,1.00000,0.17960,1.00000
failure_prediction_active_learning,7,1,actuator_limit_failures,1008,0.87500,1.00000,0.01923,0.00000,0.00000,0.03745,0.00000
failure_prediction_active_learning,7,1,combined_tail_stress,1008,0.87500,0.66667,0.32165,0.64333,0.33333,0.23043,0.27778
failure_prediction_active_learning,7,1,compound_sensor_actuator_shift,1008,0.87500,0.66667,0.30984,0.58095,0.33333,0.07857,0.16667
failure_prediction_active_learning,7,1,fixture_geometry_shift,1008,0.87500,0.00000,0.34420,0.36889,1.00000,0.03557,0.22222
failure_prediction_active_learning,7,1,rare_mechanism_combo,1008,0.87500,0.55556,0.28588,0.40909,0.44444,0.13971,0.00000
failure_prediction_active_learning,7,1,out_of_distribution_tail,1008,0.87500,0.50000,0.32337,0.41091,0.50000,0.06907,0.00000
failure_prediction_active_learning,7,2,nominal_task_balance,1044,0.87500,1.00000,0.00000,0.00000,0.00000,0.05706,0.00000
failure_prediction_active_learning,7,2,rare_slip_failures,1044,0.87500,0.94444,0.18121,0.15000,0.05556,0.04980,0.05556
failure_prediction_active_learning,7,2,jammed_fixture_failures,1044,0.87500,0.00000,0.39132,0.45501,1.00000,0.19081,1.00000
failure_prediction_active_learning,7,2,actuator_limit_failures,1044,0.87500,1.00000,0.00000,0.00000,0.00000,0.03925,0.00000
failure_prediction_active_learning,7,2,combined_tail_stress,1044,0.87500,0.66667,0.32175,0.61667,0.33333,0.20104,0.27778
failure_prediction_active_learning,7,2,compound_sensor_actuator_shift,1044,0.87500,0.66667,0.30094,0.53968,0.33333,0.08888,0.16667
failure_prediction_active_learning,7,2,fixture_geometry_shift,1044,0.87500,0.00000,0.34798,0.38222,1.00000,0.05457,0.22222
failure_prediction_active_learning,7,2,rare_mechanism_combo,1044,0.87500,0.55556,0.33479,0.44091,0.44444,0.11064,0.00000
failure_prediction_active_learning,7,2,out_of_distribution_tail,1044,0.87500,0.50000,0.32594,0.41091,0.50000,0.06483,0.00000
failure_prediction_active_learning,7,3,nominal_task_balance,1080,0.87500,1.00000,0.00000,0.00000,0.00000,0.04426,0.00000
failure_prediction_active_learning,7,3,rare_slip_failures,1080,0.87500,0.94444,0.17188,0.15000,0.05556,0.06717,0.05556
failure_prediction_active_learning,7,3,jammed_fixture_failures,1080,0.87500,0.00000,0.39036,0.47501,1.00000,0.20306,1.00000
failure_prediction_active_learning,7,3,actuator_limit_failures,1080,0.87500,1.00000,0.00000,0.00000,0.00000,0.04538,0.00000
failure_prediction_active_learning,7,3,combined_tail_stress,1080,0.87500,0.66667,0.32157,0.61667,0.33333,0.18803,0.27778
failure_prediction_active_learning,7,3,compound_sensor_actuator_shift,1080,0.87500,0.66667,0.30516,0.51746,0.33333,0.11684,0.16667
failure_prediction_active_learning,7,3,fixture_geometry_shift,1080,0.87500,0.00000,0.34369,0.37290,1.00000,0.05297,0.22222
failure_prediction_active_learning,7,3,rare_mechanism_combo,1080,0.87500,0.55556,0.33550,0.44091,0.44444,0.09241,0.00000
failure_prediction_active_learning,7,3,out_of_distribution_tail,1080,0.87500,0.50000,0.33234,0.43091,0.50000,0.08154,0.00000
failure_prediction_active_learning,7,4,nominal_task_balance,1116,0.87500,1.00000,0.00000,0.00000,0.00000,0.04514,0.00000
failure_prediction_active_learning,7,4,rare_slip_failures,1116,0.87500,0.94444,0.18706,0.20000,0.05556,0.04962,0.05556
failure_prediction_active_learning,7,4,jammed_fixture_failures,1116,0.87500,0.00000,0.38489,0.43901,1.00000,0.20456,1.00000
failure_prediction_active_learning,7,4,actuator_limit_failures,1116,0.87500,1.00000,0.00000,0.00000,0.00000,0.03342,0.00000
failure_prediction_active_learning,7,4,combined_tail_stress,1116,0.87500,0.66667,0.32774,0.63889,0.33333,0.17795,0.27778
failure_prediction_active_learning,7,4,compound_sensor_actuator_shift,1116,0.87500,0.66667,0.29832,0.49841,0.33333,0.12708,0.16667
failure_prediction_active_learning,7,4,fixture_geometry_shift,1116,0.87500,0.00000,0.34160,0.36358,1.00000,0.05101,0.22222
failure_prediction_active_learning,7,4,rare_mechanism_combo,1116,0.87500,0.55556,0.28533,0.39091,0.44444,0.09871,0.00000
failure_prediction_active_learning,7,4,out_of_distribution_tail,1116,0.87500,0.50000,0.32620,0.43091,0.50000,0.09209,0.00000
failure_prediction_active_learning,7,5,nominal_task_balance,1152,0.87500,1.00000,0.00000,0.00000,0.00000,0.03485,0.00000
failure_prediction_active_learning,7,5,rare_slip_failures,1152,0.87500,0.94444,0.18680,0.20000,0.05556,0.03361,0.05556
failure_prediction_active_learning,7,5,jammed_fixture_failures,1152,0.87500,0.00000,0.38430,0.43901,1.00000,0.21487,1.00000
failure_prediction_active_learning,7,5,actuator_limit_failures,1152,0.87500,1.00000,0.00000,0.00000,0.00000,0.03527,0.00000
failure_prediction_active_learning,7,5,combined_tail_stress,1152,0.87500,0.66667,0.33192,0.63889,0.33333,0.17778,0.27778
failure_prediction_active_learning,7,5,compound_sensor_actuator_shift,1152,0.87500,0.66667,0.30248,0.49841,0.33333,0.11253,0.16667
failure_prediction_active_learning,7,5,fixture_geometry_shift,1152,0.87500,0.00000,0.34171,0.36802,1.00000,0.06841,0.22222
failure_prediction_active_learning,7,5,rare_mechanism_combo,1152,0.87500,0.55556,0.28483,0.37273,0.44444,0.13732,0.00000
failure_prediction_active_learning,7,5,out_of_distribution_tail,1152,0.87500,0.50000,0.33202,0.43091,0.50000,0.08520,0.00000
calibrated_failure_risk,7,0,nominal_task_balance,972,0.87500,1.00000,0.00000,0.00000,0.00000,0.03534,0.00000
calibrated_failure_risk,7,0,rare_slip_failures,972,0.87500,0.94444,0.19222,0.15000,0.05556,0.06199,0.05556
calibrated_failure_risk,7,0,jammed_fixture_failures,972,0.87500,0.00000,0.39788,0.49951,1.00000,0.17392,1.00000
calibrated_failure_risk,7,0,actuator_limit_failures,972,0.87500,1.00000,0.04286,0.00000,0.00000,0.04873,0.00000
calibrated_failure_risk,7,0,combined_tail_stress,972,0.87500,0.66667,0.32329,0.64333,0.33333,0.22586,0.27778
calibrated_failure_risk,7,0,compound_sensor_actuator_shift,972,0.87500,0.66667,0.31076,0.59206,0.33333,0.08005,0.16667
calibrated_failure_risk,7,0,fixture_geometry_shift,972,0.87500,0.00000,0.34721,0.35556,1.00000,0.03550,0.22222
calibrated_failure_risk,7,0,rare_mechanism_combo,972,0.87500,0.55556,0.28659,0.40909,0.44444,0.16880,0.00000
calibrated_failure_risk,7,0,out_of_distribution_tail,972,0.87500,0.50000,0.32275,0.41091,0.50000,0.05561,0.00000
calibrated_failure_risk,7,1,nominal_task_balance,1008,0.87500,1.00000,0.00000,0.00000,0.00000,0.03271,0.00000
calibrated_failure_risk,7,1,rare_slip_failures,1008,0.87500,0.94444,0.18069,0.15000,0.05556,0.07780,0.05556
calibrated_failure_risk,7,1,jammed_fixture_failures,1008,0.87500,0.00000,0.39522,0.47775,1.00000,0.18017,1.00000
calibrated_failure_risk,7,1,actuator_limit_failures,1008,0.87500,1.00000,0.01923,0.00000,0.00000,0.05118,0.00000
calibrated_failure_risk,7,1,combined_tail_stress,1008,0.87500,0.66667,0.31940,0.63000,0.33333,0.23094,0.27778
calibrated_failure_risk,7,1,compound_sensor_actuator_shift,1008,0.87500,0.66667,0.30790,0.56984,0.33333,0.07845,0.16667
calibrated_failure_risk,7,1,fixture_geometry_shift,1008,0.87500,0.00000,0.34483,0.36889,1.00000,0.03530,0.22222
calibrated_failure_risk,7,1,rare_mechanism_combo,1008,0.87500,0.55556,0.28588,0.40909,0.44444,0.13976,0.00000
calibrated_failure_risk,7,1,out_of_distribution_tail,1008,0.87500,0.50000,0.32337,0.41091,0.50000,0.06903,0.00000
calibrated_failure_risk,7,2,nominal_task_balance,1044,0.87500,1.00000,0.00000,0.00000,0.00000,0.05722,0.00000
calibrated_failure_risk,7,2,rare_slip_failures,1044,0.87500,0.94444,0.17504,0.15000,0.05556,0.04319,0.05556
calibrated_failure_risk,7,2,jammed_fixture_failures,1044,0.87500,0.00000,0.39296,0.45951,1.00000,0.19155,1.00000
calibrated_failure_risk,7,2,actuator_limit_failures,1044,0.87500,1.00000,0.00000,0.00000,0.00000,0.03933,0.00000
calibrated_failure_risk,7,2,combined_tail_stress,1044,0.87500,0.66667,0.31768,0.61667,0.33333,0.20082,0.27778
calibrated_failure_risk,7,2,compound_sensor_actuator_shift,1044,0.87500,0.66667,0.30854,0.55873,0.33333,0.07512,0.16667
calibrated_failure_risk,7,2,fixture_geometry_shift,1044,0.87500,0.00000,0.34279,0.37333,1.00000,0.05512,0.22222
calibrated_failure_risk,7,2,rare_mechanism_combo,1044,0.87500,0.55556,0.33459,0.44091,0.44444,0.12028,0.00000
calibrated_failure_risk,7,2,out_of_distribution_tail,1044,0.87500,0.50000,0.32677,0.41091,0.50000,0.06455,0.00000
calibrated_failure_risk,7,3,nominal_task_balance,1080,0.87500,1.00000,0.00000,0.00000,0.00000,0.04427,0.00000
calibrated_failure_risk,7,3,rare_slip_failures,1080,0.87500,0.94444,0.16859,0.15000,0.05556,0.06459,0.05556
calibrated_failure_risk,7,3,jammed_fixture_failures,1080,0.87500,0.00000,0.38914,0.47101,1.00000,0.20406,1.00000
calibrated_failure_risk,7,3,actuator_limit_failures,1080,0.87500,1.00000,0.00000,0.00000,0.00000,0.04312,0.00000
calibrated_failure_risk,7,3,combined_tail_stress,1080,0.87500,0.66667,0.31991,0.61667,0.33333,0.18815,0.27778
calibrated_failure_risk,7,3,compound_sensor_actuator_shift,1080,0.87500,0.66667,0.30686,0.52857,0.33333,0.11650,0.16667
calibrated_failure_risk,7,3,fixture_geometry_shift,1080,0.87500,0.00000,0.34611,0.37734,1.00000,0.05388,0.22222
calibrated_failure_risk,7,3,rare_mechanism_combo,1080,0.87500,0.55556,0.33457,0.44091,0.44444,0.09235,0.00000
calibrated_failure_risk,7,3,out_of_distribution_tail,1080,0.87500,0.50000,0.33112,0.41091,0.50000,0.08049,0.00000
calibrated_failure_risk,7,4,nominal_task_balance,1116,0.87500,1.00000,0.00000,0.00000,0.00000,0.04739,0.00000
calibrated_failure_risk,7,4,rare_slip_failures,1116,0.87500,0.94444,0.17333,0.15000,0.05556,0.05021,0.05556
calibrated_failure_risk,7,4,jammed_fixture_failures,1116,0.87500,0.00000,0.38794,0.47101,1.00000,0.20660,1.00000
calibrated_failure_risk,7,4,actuator_limit_failures,1116,0.87500,1.00000,0.00000,0.00000,0.00000,0.03362,0.00000
calibrated_failure_risk,7,4,combined_tail_stress,1116,0.87500,0.66667,0.32607,0.62444,0.33333,0.17894,0.27778
calibrated_failure_risk,7,4,compound_sensor_actuator_shift,1116,0.87500,0.66667,0.30056,0.49841,0.33333,0.11179,0.16667
calibrated_failure_risk,7,4,fixture_geometry_shift,1116,0.87500,0.00000,0.34105,0.36358,1.00000,0.05189,0.22222
calibrated_failure_risk,7,4,rare_mechanism_combo,1116,0.87500,0.55556,0.34082,0.44091,0.44444,0.09865,0.00000
calibrated_failure_risk,7,4,out_of_distribution_tail,1116,0.87500,0.50000,0.33169,0.43273,0.50000,0.08320,0.00000
calibrated_failure_risk,7,5,nominal_task_balance,1152,0.87500,1.00000,0.00000,0.00000,0.00000,0.03427,0.00000
calibrated_failure_risk,7,5,rare_slip_failures,1152,0.87500,0.94444,0.17986,0.20000,0.05556,0.05903,0.05556
calibrated_failure_risk,7,5,jammed_fixture_failures,1152,0.87500,0.00000,0.38562,0.43901,1.00000,0.21088,1.00000
calibrated_failure_risk,7,5,actuator_limit_failures,1152,0.87500,1.00000,0.00000,0.00000,0.00000,0.03414,0.00000
calibrated_failure_risk,7,5,combined_tail_stress,1152,0.87500,0.66667,0.32770,0.61444,0.33333,0.18805,0.27778
calibrated_failure_risk,7,5,compound_sensor_actuator_shift,1152,0.87500,0.66667,0.30530,0.49841,0.33333,0.09521,0.16667
calibrated_failure_risk,7,5,fixture_geometry_shift,1152,0.87500,0.00000,0.34130,0.36802,1.00000,0.05760,0.22222
calibrated_failure_risk,7,5,rare_mechanism_combo,1152,0.87500,0.55556,0.28294,0.37273,0.44444,0.11573,0.00000
calibrated_failure_risk,7,5,out_of_distribution_tail,1152,0.87500,0.50000,0.33599,0.43273,0.50000,0.08998,0.00000
tail_risk_active_learning,7,0,nominal_task_balance,972,0.87500,1.00000,0.00000,0.00000,0.00000,0.03534,0.00000
tail_risk_active_learning,7,0,rare_slip_failures,972,0.87500,0.94444,0.19222,0.15000,0.05556,0.06199,0.05556
tail_risk_active_learning,7,0,jammed_fixture_failures,972,0.87500,0.00000,0.39788,0.49951,1.00000,0.17392,1.00000
tail_risk_active_learning,7,0,actuator_limit_failures,972,0.87500,1.00000,0.04286,0.00000,0.00000,0.04873,0.00000
tail_risk_active_learning,7,0,combined_tail_stress,972,0.87500,0.66667,0.32329,0.64333,0.33333,0.22586,0.27778
tail_risk_active_learning,7,0,compound_sensor_actuator_shift,972,0.87500,0.66667,0.31076,0.59206,0.33333,0.08005,0.16667
tail_risk_active_learning,7,0,fixture_geometry_shift,972,0.87500,0.00000,0.34721,0.35556,1.00000,0.03550,0.22222
tail_risk_active_learning,7,0,rare_mechanism_combo,972,0.87500,0.55556,0.28659,0.40909,0.44444,0.16880,0.00000
tail_risk_active_learning,7,0,out_of_distribution_tail,972,0.87500,0.50000,0.32275,0.41091,0.50000,0.05561,0.00000
tail_risk_active_learning,7,1,nominal_task_balance,1008,0.87500,1.00000,0.00000,0.00000,0.00000,0.03352,0.00000
tail_risk_active_learning,7,1,rare_slip_failures,1008,0.87500,0.94444,0.18149,0.15000,0.05556,0.08383,0.05556
tail_risk_active_learning,7,1,jammed_fixture_failures,1008,0.87500,0.00000,0.39801,0.49951,1.00000,0.18059,1.00000
tail_risk_active_learning,7,1,actuator_limit_failures,1008,0.87500,1.00000,0.01786,0.00000,0.00000,0.04341,0.00000
tail_risk_active_learning,7,1,combined_tail_stress,1008,0.87500,0.66667,0.32090,0.62111,0.33333,0.22525,0.27778
tail_risk_active_learning,7,1,compound_sensor_actuator_shift,1008,0.87500,0.66667,0.31330,0.59206,0.33333,0.08259,0.16667
tail_risk_active_learning,7,1,fixture_geometry_shift,1008,0.87500,0.00000,0.34588,0.35556,1.00000,0.03634,0.22222
tail_risk_active_learning,7,1,rare_mechanism_combo,1008,0.87500,0.55556,0.28406,0.40909,0.44444,0.12921,0.00000
tail_risk_active_learning,7,1,out_of_distribution_tail,1008,0.87500,0.50000,0.33035,0.41273,0.50000,0.05406,0.00000
tail_risk_active_learning,7,2,nominal_task_balance,1044,0.87500,1.00000,0.00000,0.00000,0.00000,0.03586,0.00000
tail_risk_active_learning,7,2,rare_slip_failures,1044,0.87500,0.94444,0.18390,0.20000,0.05556,0.08096,0.05556
tail_risk_active_learning,7,2,jammed_fixture_failures,1044,0.87500,0.00000,0.39729,0.49951,1.00000,0.19127,1.00000
tail_risk_active_learning,7,2,actuator_limit_failures,1044,0.87500,1.00000,0.01786,0.00000,0.00000,0.03749,0.00000
tail_risk_active_learning,7,2,combined_tail_stress,1044,0.87500,0.66667,0.31774,0.59778,0.33333,0.21310,0.27778
tail_risk_active_learning,7,2,compound_sensor_actuator_shift,1044,0.87500,0.66667,0.31262,0.58095,0.33333,0.08392,0.16667
tail_risk_active_learning,7,2,fixture_geometry_shift,1044,0.87500,0.00000,0.34505,0.36000,1.00000,0.03886,0.22222
tail_risk_active_learning,7,2,rare_mechanism_combo,1044,0.87500,0.55556,0.28203,0.40474,0.44444,0.12426,0.00000
tail_risk_active_learning,7,2,out_of_distribution_tail,1044,0.87500,0.50000,0.33569,0.41455,0.50000,0.06767,0.00000
tail_risk_active_learning,7,3,nominal_task_balance,1080,0.87500,1.00000,0.00000,0.00000,0.00000,0.03155,0.00000
tail_risk_active_learning,7,3,rare_slip_failures,1080,0.87500,0.94444,0.17238,0.20000,0.05556,0.07466,0.05556
tail_risk_active_learning,7,3,jammed_fixture_failures,1080,0.87500,0.00000,0.39729,0.49951,1.00000,0.20666,1.00000
tail_risk_active_learning,7,3,actuator_limit_failures,1080,0.87500,1.00000,0.01562,0.00000,0.00000,0.03969,0.00000
tail_risk_active_learning,7,3,combined_tail_stress,1080,0.87500,0.66667,0.32039,0.60889,0.33333,0.20181,0.27778
tail_risk_active_learning,7,3,compound_sensor_actuator_shift,1080,0.87500,0.66667,0.31629,0.58095,0.33333,0.11256,0.16667
tail_risk_active_learning,7,3,fixture_geometry_shift,1080,0.87500,0.00000,0.34567,0.36889,1.00000,0.04263,0.22222
tail_risk_active_learning,7,3,rare_mechanism_combo,1080,0.87500,0.55556,0.34215,0.55474,0.44444,0.14628,0.00000
tail_risk_active_learning,7,3,out_of_distribution_tail,1080,0.87500,0.50000,0.33586,0.41455,0.50000,0.07964,0.00000
tail_risk_active_learning,7,4,nominal_task_balance,1116,0.87500,1.00000,0.00000,0.00000,0.00000,0.03077,0.00000
tail_risk_active_learning,7,4,rare_slip_failures,1116,0.87500,0.94444,0.17380,0.20000,0.05556,0.06514,0.05556
tail_risk_active_learning,7,4,jammed_fixture_failures,1116,0.87500,0.00000,0.39688,0.49951,1.00000,0.21501,1.00000
tail_risk_active_learning,7,4,actuator_limit_failures,1116,0.87500,1.00000,0.01562,0.00000,0.00000,0.03976,0.00000
tail_risk_active_learning,7,4,combined_tail_stress,1116,0.87500,0.66667,0.32219,0.60889,0.33333,0.19474,0.27778
tail_risk_active_learning,7,4,compound_sensor_actuator_shift,1116,0.87500,0.66667,0.31949,0.58095,0.33333,0.11084,0.16667
tail_risk_active_learning,7,4,fixture_geometry_shift,1116,0.87500,0.00000,0.35281,0.56889,1.00000,0.04356,0.22222
tail_risk_active_learning,7,4,rare_mechanism_combo,1116,0.87500,0.55556,0.34093,0.54170,0.44444,0.14427,0.00000
tail_risk_active_learning,7,4,out_of_distribution_tail,1116,0.87500,0.50000,0.33583,0.41455,0.50000,0.07837,0.00000
tail_risk_active_learning,7,5,nominal_task_balance,1152,0.87500,1.00000,0.00000,0.00000,0.00000,0.02997,0.00000
tail_risk_active_learning,7,5,rare_slip_failures,1152,0.87500,0.94444,0.18076,0.20000,0.05556,0.07578,0.05556
tail_risk_active_learning,7,5,jammed_fixture_failures,1152,0.87500,0.00000,0.39352,0.50351,1.00000,0.22426,1.00000
tail_risk_active_learning,7,5,actuator_limit_failures,1152,0.87500,1.00000,0.01562,0.00000,0.00000,0.04075,0.00000
tail_risk_active_learning,7,5,combined_tail_stress,1152,0.87500,0.66667,0.32097,0.59778,0.33333,0.19619,0.27778
tail_risk_active_learning,7,5,compound_sensor_actuator_shift,1152,0.87500,0.66667,0.32127,0.57937,0.33333,0.09458,0.16667
tail_risk_active_learning,7,5,fixture_geometry_shift,1152,0.87500,0.00000,0.34358,0.36889,1.00000,0.04267,0.22222
tail_risk_active_learning,7,5,rare_mechanism_combo,1152,0.87500,0.55556,0.34186,0.55553,0.44444,0.15049,0.00000
tail_risk_active_learning,7,5,out_of_distribution_tail,1152,0.87500,0.50000,0.33039,0.39455,0.50000,0.08907,0.00000
hybrid_diversity_risk,7,0,nominal_task_balance,972,0.87500,1.00000,0.00000,0.00000,0.00000,0.03534,0.00000
hybrid_diversity_risk,7,0,rare_slip_failures,972,0.87500,0.94444,0.19222,0.15000,0.05556,0.06199,0.05556
hybrid_diversity_risk,7,0,jammed_fixture_failures,972,0.87500,0.00000,0.39788,0.49951,1.00000,0.17392,1.00000
hybrid_diversity_risk,7,0,actuator_limit_failures,972,0.87500,1.00000,0.04286,0.00000,0.00000,0.04873,0.00000
hybrid_diversity_risk,7,0,combined_tail_stress,972,0.87500,0.66667,0.32329,0.64333,0.33333,0.22586,0.27778
hybrid_diversity_risk,7,0,compound_sensor_actuator_shift,972,0.87500,0.66667,0.31076,0.59206,0.33333,0.08005,0.16667
hybrid_diversity_risk,7,0,fixture_geometry_shift,972,0.87500,0.00000,0.34721,0.35556,1.00000,0.03550,0.22222
hybrid_diversity_risk,7,0,rare_mechanism_combo,972,0.87500,0.55556,0.28659,0.40909,0.44444,0.16880,0.00000
hybrid_diversity_risk,7,0,out_of_distribution_tail,972,0.87500,0.50000,0.32275,0.41091,0.50000,0.05561,0.00000
hybrid_diversity_risk,7,1,nominal_task_balance,1008,0.87500,1.00000,0.00000,0.00000,0.00000,0.03530,0.00000
hybrid_diversity_risk,7,1,rare_slip_failures,1008,0.87500,0.94444,0.19041,0.15000,0.05556,0.05630,0.05556
hybrid_diversity_risk,7,1,jammed_fixture_failures,1008,0.87500,0.00000,0.39110,0.45951,1.00000,0.18204,1.00000
hybrid_diversity_risk,7,1,actuator_limit_failures,1008,0.87500,1.00000,0.01786,0.00000,0.00000,0.04168,0.00000
hybrid_diversity_risk,7,1,combined_tail_stress,1008,0.87500,0.66667,0.31859,0.62111,0.33333,0.21716,0.27778
hybrid_diversity_risk,7,1,compound_sensor_actuator_shift,1008,0.87500,0.66667,0.31196,0.55873,0.33333,0.08992,0.16667
hybrid_diversity_risk,7,1,fixture_geometry_shift,1008,0.87500,0.00000,0.34658,0.35556,1.00000,0.04073,0.22222
hybrid_diversity_risk,7,1,rare_mechanism_combo,1008,0.87500,0.55556,0.29502,0.52727,0.44444,0.12340,0.00000
hybrid_diversity_risk,7,1,out_of_distribution_tail,1008,0.87500,0.50000,0.32212,0.43091,0.50000,0.08778,0.00000
hybrid_diversity_risk,7,2,nominal_task_balance,1044,0.87500,1.00000,0.00000,0.00000,0.00000,0.04710,0.00000
hybrid_diversity_risk,7,2,rare_slip_failures,1044,0.87500,0.94444,0.19529,0.20000,0.05556,0.06916,0.05556
hybrid_diversity_risk,7,2,jammed_fixture_failures,1044,0.87500,0.00000,0.39240,0.46175,1.00000,0.20677,1.00000
hybrid_diversity_risk,7,2,actuator_limit_failures,1044,0.87500,1.00000,0.01667,0.00000,0.00000,0.03285,0.00000
hybrid_diversity_risk,7,2,combined_tail_stress,1044,0.87500,0.66667,0.31901,0.62111,0.33333,0.22434,0.27778
hybrid_diversity_risk,7,2,compound_sensor_actuator_shift,1044,0.87500,0.66667,0.31075,0.53651,0.33333,0.10063,0.16667
hybrid_diversity_risk,7,2,fixture_geometry_shift,1044,0.87500,0.00000,0.34870,0.36000,1.00000,0.04707,0.22222
hybrid_diversity_risk,7,2,rare_mechanism_combo,1044,0.87500,0.55556,0.28820,0.50474,0.44444,0.10880,0.00000
hybrid_diversity_risk,7,2,out_of_distribution_tail,1044,0.87500,0.50000,0.32939,0.43091,0.50000,0.06122,0.00000
hybrid_diversity_risk,7,3,nominal_task_balance,1080,0.87500,1.00000,0.00000,0.00000,0.00000,0.05221,0.00000
hybrid_diversity_risk,7,3,rare_slip_failures,1080,0.87500,0.94444,0.18665,0.20000,0.05556,0.05835,0.05556
hybrid_diversity_risk,7,3,jammed_fixture_failures,1080,0.87500,0.00000,0.39031,0.45951,1.00000,0.21293,1.00000
hybrid_diversity_risk,7,3,actuator_limit_failures,1080,0.87500,1.00000,0.01667,0.00000,0.00000,0.04146,0.00000
hybrid_diversity_risk,7,3,combined_tail_stress,1080,0.87500,0.66667,0.31394,0.60889,0.33333,0.25124,0.27778
hybrid_diversity_risk,7,3,compound_sensor_actuator_shift,1080,0.87500,0.66667,0.31651,0.54762,0.33333,0.10788,0.16667
hybrid_diversity_risk,7,3,fixture_geometry_shift,1080,0.87500,0.00000,0.35008,0.36889,1.00000,0.05258,0.22222
hybrid_diversity_risk,7,3,rare_mechanism_combo,1080,0.87500,0.55556,0.29632,0.52292,0.44444,0.13185,0.00000
hybrid_diversity_risk,7,3,out_of_distribution_tail,1080,0.87500,0.50000,0.33333,0.43091,0.50000,0.06048,0.00000
hybrid_diversity_risk,7,4,nominal_task_balance,1116,0.87500,1.00000,0.00000,0.00000,0.00000,0.03931,0.00000
hybrid_diversity_risk,7,4,rare_slip_failures,1116,0.87500,0.94444,0.18382,0.20000,0.05556,0.05903,0.05556
hybrid_diversity_risk,7,4,jammed_fixture_failures,1116,0.87500,0.00000,0.39322,0.46575,1.00000,0.21848,1.00000
hybrid_diversity_risk,7,4,actuator_limit_failures,1116,0.87500,1.00000,0.03125,0.00000,0.00000,0.03947,0.00000
hybrid_diversity_risk,7,4,combined_tail_stress,1116,0.87500,0.66667,0.31463,0.60889,0.33333,0.23799,0.27778
hybrid_diversity_risk,7,4,compound_sensor_actuator_shift,1116,0.87500,0.66667,0.31419,0.52698,0.33333,0.11156,0.16667
hybrid_diversity_risk,7,4,fixture_geometry_shift,1116,0.87500,0.00000,0.35089,0.36889,1.00000,0.05198,0.22222
hybrid_diversity_risk,7,4,rare_mechanism_combo,1116,0.87500,0.55556,0.29819,0.50474,0.44444,0.12258,0.00000
hybrid_diversity_risk,7,4,out_of_distribution_tail,1116,0.87500,0.50000,0.33414,0.43091,0.50000,0.08117,0.00000
hybrid_diversity_risk,7,5,nominal_task_balance,1152,0.87500,1.00000,0.00000,0.00000,0.00000,0.03620,0.00000
hybrid_diversity_risk,7,5,rare_slip_failures,1152,0.87500,0.94444,0.18116,0.20000,0.05556,0.07138,0.05556
hybrid_diversity_risk,7,5,jammed_fixture_failures,1152,0.87500,0.00000,0.39251,0.46575,1.00000,0.22252,1.00000
hybrid_diversity_risk,7,5,actuator_limit_failures,1152,0.87500,1.00000,0.03125,0.00000,0.00000,0.03589,0.00000
hybrid_diversity_risk,7,5,combined_tail_stress,1152,0.87500,0.66667,0.31236,0.59556,0.33333,0.20872,0.27778
hybrid_diversity_risk,7,5,compound_sensor_actuator_shift,1152,0.87500,0.66667,0.31040,0.51587,0.33333,0.09817,0.16667
hybrid_diversity_risk,7,5,fixture_geometry_shift,1152,0.87500,0.00000,0.34878,0.36889,1.00000,0.05135,0.22222
hybrid_diversity_risk,7,5,rare_mechanism_combo,1152,0.87500,0.55556,0.30151,0.52292,0.44444,0.15592,0.00000
hybrid_diversity_risk,7,5,out_of_distribution_tail,1152,0.87500,0.50000,0.33598,0.45091,0.50000,0.04198,0.00000
balanced_failure_replay,7,0,nominal_task_balance,972,0.87500,1.00000,0.00000,0.00000,0.00000,0.03534,0.00000
balanced_failure_replay,7,0,rare_slip_failures,972,0.87500,0.94444,0.19222,0.15000,0.05556,0.06199,0.05556
balanced_failure_replay,7,0,jammed_fixture_failures,972,0.87500,0.00000,0.39788,0.49951,1.00000,0.17392,1.00000
balanced_failure_replay,7,0,actuator_limit_failures,972,0.87500,1.00000,0.04286,0.00000,0.00000,0.04873,0.00000
balanced_failure_replay,7,0,combined_tail_stress,972,0.87500,0.66667,0.32329,0.64333,0.33333,0.22586,0.27778
balanced_failure_replay,7,0,compound_sensor_actuator_shift,972,0.87500,0.66667,0.31076,0.59206,0.33333,0.08005,0.16667
balanced_failure_replay,7,0,fixture_geometry_shift,972,0.87500,0.00000,0.34721,0.35556,1.00000,0.03550,0.22222
balanced_failure_replay,7,0,rare_mechanism_combo,972,0.87500,0.55556,0.28659,0.40909,0.44444,0.16880,0.00000
balanced_failure_replay,7,0,out_of_distribution_tail,972,0.87500,0.50000,0.32275,0.41091,0.50000,0.05561,0.00000
balanced_failure_replay,7,1,nominal_task_balance,1008,0.87500,1.00000,0.00000,0.00000,0.00000,0.04893,0.00000
balanced_failure_replay,7,1,rare_slip_failures,1008,0.87500,0.94444,0.19962,0.20000,0.05556,0.06207,0.05556
balanced_failure_replay,7,1,jammed_fixture_failures,1008,0.87500,0.00000,0.39354,0.47951,1.00000,0.18109,1.00000
balanced_failure_replay,7,1,actuator_limit_failures,1008,0.87500,1.00000,0.04286,0.00000,0.00000,0.04978,0.00000
balanced_failure_replay,7,1,combined_tail_stress,1008,0.87500,0.66667,0.31909,0.63222,0.33333,0.22655,0.27778
balanced_failure_replay,7,1,compound_sensor_actuator_shift,1008,0.87500,0.66667,0.31217,0.57937,0.33333,0.07780,0.16667
balanced_failure_replay,7,1,fixture_geometry_shift,1008,0.87500,0.00000,0.34683,0.35512,1.00000,0.03975,0.22222
balanced_failure_replay,7,1,rare_mechanism_combo,1008,0.87500,0.55556,0.29376,0.50909,0.44444,0.11465,0.00000
balanced_failure_replay,7,1,out_of_distribution_tail,1008,0.87500,0.50000,0.32732,0.44909,0.50000,0.10241,0.00000
balanced_failure_replay,7,2,nominal_task_balance,1044,0.87500,1.00000,0.00000,0.00000,0.00000,0.05083,0.00000
balanced_failure_replay,7,2,rare_slip_failures,1044,0.87500,0.94444,0.19408,0.20000,0.05556,0.05897,0.05556
balanced_failure_replay,7,2,jammed_fixture_failures,1044,0.87500,0.00000,0.39022,0.45951,1.00000,0.18450,1.00000
balanced_failure_replay,7,2,actuator_limit_failures,1044,0.87500,1.00000,0.04286,0.00000,0.00000,0.05111,0.00000
balanced_failure_replay,7,2,combined_tail_stress,1044,0.87500,0.66667,0.31421,0.61778,0.33333,0.23147,0.27778
balanced_failure_replay,7,2,compound_sensor_actuator_shift,1044,0.87500,0.66667,0.31177,0.56825,0.33333,0.05598,0.16667
balanced_failure_replay,7,2,fixture_geometry_shift,1044,0.87500,0.00000,0.34806,0.36000,1.00000,0.03979,0.22222
balanced_failure_replay,7,2,rare_mechanism_combo,1044,0.87500,0.55556,0.29597,0.55929,0.44444,0.12890,0.00000
balanced_failure_replay,7,2,out_of_distribution_tail,1044,0.87500,0.50000,0.31583,0.46909,0.50000,0.09503,0.00000
balanced_failure_replay,7,3,nominal_task_balance,1080,0.87500,1.00000,0.00000,0.00000,0.00000,0.05050,0.00000
balanced_failure_replay,7,3,rare_slip_failures,1080,0.87500,0.94444,0.18455,0.20000,0.05556,0.04645,0.05556
balanced_failure_replay,7,3,jammed_fixture_failures,1080,0.87500,0.00000,0.38926,0.45775,1.00000,0.18380,1.00000
balanced_failure_replay,7,3,actuator_limit_failures,1080,0.87500,1.00000,0.01786,0.00000,0.00000,0.05171,0.00000
balanced_failure_replay,7,3,combined_tail_stress,1080,0.87500,0.66667,0.31527,0.62889,0.33333,0.24312,0.27778
balanced_failure_replay,7,3,compound_sensor_actuator_shift,1080,0.87500,0.66667,0.32340,0.58571,0.33333,0.04639,0.16667
balanced_failure_replay,7,3,fixture_geometry_shift,1080,0.87500,0.00000,0.34371,0.36000,1.00000,0.03984,0.22222
balanced_failure_replay,7,3,rare_mechanism_combo,1080,0.87500,0.55556,0.38081,0.66747,0.44444,0.13178,0.00000
balanced_failure_replay,7,3,out_of_distribution_tail,1080,0.87500,0.50000,0.31733,0.44909,0.50000,0.09504,0.00000
balanced_failure_replay,7,4,nominal_task_balance,1116,0.87500,1.00000,0.00000,0.00000,0.00000,0.04632,0.00000
balanced_failure_replay,7,4,rare_slip_failures,1116,0.87500,0.94444,0.18097,0.20000,0.05556,0.07646,0.05556
balanced_failure_replay,7,4,jammed_fixture_failures,1116,0.87500,0.00000,0.38906,0.45775,1.00000,0.19035,1.00000
balanced_failure_replay,7,4,actuator_limit_failures,1116,0.87500,1.00000,0.01786,0.00000,0.00000,0.05363,0.00000
balanced_failure_replay,7,4,combined_tail_stress,1116,0.87500,0.66667,0.31109,0.61778,0.33333,0.24208,0.27778
balanced_failure_replay,7,4,compound_sensor_actuator_shift,1116,0.87500,0.66667,0.32155,0.57460,0.33333,0.07501,0.16667
balanced_failure_replay,7,4,fixture_geometry_shift,1116,0.87500,0.00000,0.34665,0.36444,1.00000,0.04045,0.22222
balanced_failure_replay,7,4,rare_mechanism_combo,1116,0.87500,0.55556,0.40709,0.68929,0.44444,0.15309,0.00000
balanced_failure_replay,7,4,out_of_distribution_tail,1116,0.87500,0.50000,0.31673,0.44909,0.50000,0.07587,0.00000
balanced_failure_replay,7,5,nominal_task_balance,1152,0.87500,1.00000,0.00000,0.00000,0.00000,0.03532,0.00000
balanced_failure_replay,7,5,rare_slip_failures,1152,0.87500,0.94444,0.17468,0.20000,0.05556,0.03569,0.05556
balanced_failure_replay,7,5,jammed_fixture_failures,1152,0.87500,0.00000,0.38873,0.45775,1.00000,0.19350,1.00000
balanced_failure_replay,7,5,actuator_limit_failures,1152,0.87500,1.00000,0.04286,0.00000,0.00000,0.05333,0.00000
balanced_failure_replay,7,5,combined_tail_stress,1152,0.87500,0.66667,0.30548,0.61778,0.33333,0.27785,0.27778
balanced_failure_replay,7,5,compound_sensor_actuator_shift,1152,0.87500,0.66667,0.32221,0.58571,0.33333,0.06581,0.16667
balanced_failure_replay,7,5,fixture_geometry_shift,1152,0.87500,0.00000,0.34443,0.36000,1.00000,0.04234,0.22222
balanced_failure_replay,7,5,rare_mechanism_combo,1152,0.87500,0.55556,0.37002,0.64929,0.44444,0.13218,0.00000
balanced_failure_replay,7,5,out_of_distribution_tail,1152,0.87500,0.50000,0.32175,0.46909,0.50000,0.07113,0.00000
gradient_boosted_failure_active,7,0,nominal_task_balance,972,0.87500,1.00000,0.00000,0.00000,0.00000,0.03534,0.00000
gradient_boosted_failure_active,7,0,rare_slip_failures,972,0.87500,0.94444,0.19222,0.15000,0.05556,0.06199,0.05556
gradient_boosted_failure_active,7,0,jammed_fixture_failures,972,0.87500,0.00000,0.39788,0.49951,1.00000,0.17392,1.00000
gradient_boosted_failure_active,7,0,actuator_limit_failures,972,0.87500,1.00000,0.04286,0.00000,0.00000,0.04873,0.00000
gradient_boosted_failure_active,7,0,combined_tail_stress,972,0.87500,0.66667,0.32329,0.64333,0.33333,0.22586,0.27778
gradient_boosted_failure_active,7,0,compound_sensor_actuator_shift,972,0.87500,0.66667,0.31076,0.59206,0.33333,0.08005,0.16667
gradient_boosted_failure_active,7,0,fixture_geometry_shift,972,0.87500,0.00000,0.34721,0.35556,1.00000,0.03550,0.22222
gradient_boosted_failure_active,7,0,rare_mechanism_combo,972,0.87500,0.55556,0.28659,0.40909,0.44444,0.16880,0.00000
gradient_boosted_failure_active,7,0,out_of_distribution_tail,972,0.87500,0.50000,0.32275,0.41091,0.50000,0.05561,0.00000
gradient_boosted_failure_active,7,1,nominal_task_balance,1008,0.87500,1.00000,0.00000,0.00000,0.00000,0.04723,0.00000
gradient_boosted_failure_active,7,1,rare_slip_failures,1008,0.87500,0.94444,0.18961,0.15000,0.05556,0.09588,0.05556
gradient_boosted_failure_active,7,1,jammed_fixture_failures,1008,0.87500,0.00000,0.39105,0.45951,1.00000,0.17932,1.00000
gradient_boosted_failure_active,7,1,actuator_limit_failures,1008,0.87500,1.00000,0.01786,0.00000,0.00000,0.05872,0.00000
gradient_boosted_failure_active,7,1,combined_tail_stress,1008,0.87500,0.66667,0.31795,0.61778,0.33333,0.24593,0.27778
gradient_boosted_failure_active,7,1,compound_sensor_actuator_shift,1008,0.87500,0.66667,0.31301,0.55873,0.33333,0.05419,0.16667
gradient_boosted_failure_active,7,1,fixture_geometry_shift,1008,0.87500,0.00000,0.34935,0.36000,1.00000,0.04180,0.22222
gradient_boosted_failure_active,7,1,rare_mechanism_combo,1008,0.87500,0.55556,0.30566,0.54545,0.44444,0.11789,0.00000
gradient_boosted_failure_active,7,1,out_of_distribution_tail,1008,0.87500,0.50000,0.31932,0.50727,0.50000,0.09621,0.00000
gradient_boosted_failure_active,7,2,nominal_task_balance,1044,0.87500,1.00000,0.00000,0.00000,0.00000,0.04633,0.00000
gradient_boosted_failure_active,7,2,rare_slip_failures,1044,0.87500,0.94444,0.18883,0.15000,0.05556,0.09028,0.05556
gradient_boosted_failure_active,7,2,jammed_fixture_failures,1044,0.87500,0.00000,0.39271,0.46400,1.00000,0.18394,1.00000
gradient_boosted_failure_active,7,2,actuator_limit_failures,1044,0.87500,1.00000,0.01923,0.00000,0.00000,0.03581,0.00000
gradient_boosted_failure_active,7,2,combined_tail_stress,1044,0.87500,0.66667,0.31142,0.60667,0.33333,0.22707,0.27778
gradient_boosted_failure_active,7,2,compound_sensor_actuator_shift,1044,0.87500,0.66667,0.31261,0.56508,0.33333,0.03988,0.16667
gradient_boosted_failure_active,7,2,fixture_geometry_shift,1044,0.87500,0.00000,0.34384,0.35068,1.00000,0.04716,0.22222
gradient_boosted_failure_active,7,2,rare_mechanism_combo,1044,0.87500,0.55556,0.35401,0.59545,0.44444,0.15793,0.00000
gradient_boosted_failure_active,7,2,out_of_distribution_tail,1044,0.87500,0.50000,0.31591,0.48727,0.50000,0.07357,0.00000
gradient_boosted_failure_active,7,3,nominal_task_balance,1080,0.87500,1.00000,0.00000,0.00000,0.00000,0.03842,0.00000
gradient_boosted_failure_active,7,3,rare_slip_failures,1080,0.87500,0.94444,0.19926,0.15000,0.05556,0.07027,0.05556
gradient_boosted_failure_active,7,3,jammed_fixture_failures,1080,0.87500,0.00000,0.39520,0.48175,1.00000,0.18309,1.00000
gradient_boosted_failure_active,7,3,actuator_limit_failures,1080,0.87500,1.00000,0.01786,0.00000,0.00000,0.03921,0.00000
gradient_boosted_failure_active,7,3,combined_tail_stress,1080,0.87500,0.66667,0.31031,0.60667,0.33333,0.22972,0.27778
gradient_boosted_failure_active,7,3,compound_sensor_actuator_shift,1080,0.87500,0.66667,0.31942,0.60794,0.33333,0.05119,0.16667
gradient_boosted_failure_active,7,3,fixture_geometry_shift,1080,0.87500,0.00000,0.34269,0.33247,1.00000,0.04878,0.22222
gradient_boosted_failure_active,7,3,rare_mechanism_combo,1080,0.87500,0.55556,0.35148,0.59545,0.44444,0.15524,0.00000
gradient_boosted_failure_active,7,3,out_of_distribution_tail,1080,0.87500,0.50000,0.31591,0.48727,0.50000,0.08427,0.00000
gradient_boosted_failure_active,7,4,nominal_task_balance,1116,0.87500,1.00000,0.00000,0.00000,0.00000,0.04015,0.00000
gradient_boosted_failure_active,7,4,rare_slip_failures,1116,0.87500,0.94444,0.19101,0.15000,0.05556,0.06508,0.05556
gradient_boosted_failure_active,7,4,jammed_fixture_failures,1116,0.87500,0.00000,0.39473,0.47951,1.00000,0.17603,1.00000
gradient_boosted_failure_active,7,4,actuator_limit_failures,1116,0.87500,1.00000,0.04286,0.00000,0.00000,0.02532,0.00000
gradient_boosted_failure_active,7,4,combined_tail_stress,1116,0.87500,0.66667,0.31229,0.61778,0.33333,0.24464,0.27778
gradient_boosted_failure_active,7,4,compound_sensor_actuator_shift,1116,0.87500,0.66667,0.31438,0.60794,0.33333,0.03559,0.16667
gradient_boosted_failure_active,7,4,fixture_geometry_shift,1116,0.87500,0.00000,0.33930,0.32271,1.00000,0.04992,0.22222
gradient_boosted_failure_active,7,4,rare_mechanism_combo,1116,0.87500,0.55556,0.29136,0.52727,0.44444,0.14247,0.00000
gradient_boosted_failure_active,7,4,out_of_distribution_tail,1116,0.87500,0.50000,0.31825,0.48727,0.50000,0.10127,0.00000
gradient_boosted_failure_active,7,5,nominal_task_balance,1152,0.87500,1.00000,0.00000,0.00000,0.00000,0.03828,0.00000
gradient_boosted_failure_active,7,5,rare_slip_failures,1152,0.87500,0.94444,0.19773,0.15000,0.05556,0.06413,0.05556
gradient_boosted_failure_active,7,5,jammed_fixture_failures,1152,0.87500,0.00000,0.39752,0.47951,1.00000,0.17607,1.00000
gradient_boosted_failure_active,7,5,actuator_limit_failures,1152,0.87500,1.00000,0.04286,0.00000,0.00000,0.03039,0.00000
gradient_boosted_failure_active,7,5,combined_tail_stress,1152,0.87500,0.66667,0.30921,0.60667,0.33333,0.23009,0.27778
gradient_boosted_failure_active,7,5,compound_sensor_actuator_shift,1152,0.87500,0.66667,0.31401,0.59683,0.33333,0.04288,0.16667
gradient_boosted_failure_active,7,5,fixture_geometry_shift,1152,0.87500,0.00000,0.33834,0.32271,1.00000,0.04957,0.22222
gradient_boosted_failure_active,7,5,rare_mechanism_combo,1152,0.87500,0.55556,0.29180,0.52727,0.44444,0.16010,0.00000
gradient_boosted_failure_active,7,5,out_of_distribution_tail,1152,0.87500,0.50000,0.32230,0.48727,0.50000,0.10000,0.00000
random_forest_failure_active,7,0,nominal_task_balance,972,0.87500,1.00000,0.00000,0.00000,0.00000,0.03534,0.00000
random_forest_failure_active,7,0,rare_slip_failures,972,0.87500,0.94444,0.19222,0.15000,0.05556,0.06199,0.05556
random_forest_failure_active,7,0,jammed_fixture_failures,972,0.87500,0.00000,0.39788,0.49951,1.00000,0.17392,1.00000
random_forest_failure_active,7,0,actuator_limit_failures,972,0.87500,1.00000,0.04286,0.00000,0.00000,0.04873,0.00000
random_forest_failure_active,7,0,combined_tail_stress,972,0.87500,0.66667,0.32329,0.64333,0.33333,0.22586,0.27778
random_forest_failure_active,7,0,compound_sensor_actuator_shift,972,0.87500,0.66667,0.31076,0.59206,0.33333,0.08005,0.16667
random_forest_failure_active,7,0,fixture_geometry_shift,972,0.87500,0.00000,0.34721,0.35556,1.00000,0.03550,0.22222
random_forest_failure_active,7,0,rare_mechanism_combo,972,0.87500,0.55556,0.28659,0.40909,0.44444,0.16880,0.00000
random_forest_failure_active,7,0,out_of_distribution_tail,972,0.87500,0.50000,0.32275,0.41091,0.50000,0.05561,0.00000
random_forest_failure_active,7,1,nominal_task_balance,1008,0.87500,1.00000,0.00000,0.00000,0.00000,0.03560,0.00000
random_forest_failure_active,7,1,rare_slip_failures,1008,0.87500,0.94444,0.18983,0.15000,0.05556,0.07027,0.05556
random_forest_failure_active,7,1,jammed_fixture_failures,1008,0.87500,0.00000,0.40492,0.59151,1.00000,0.13418,1.00000
random_forest_failure_active,7,1,actuator_limit_failures,1008,0.87500,1.00000,0.04286,0.00000,0.00000,0.03463,0.00000
random_forest_failure_active,7,1,combined_tail_stress,1008,0.87500,0.66667,0.32347,0.64222,0.33333,0.22855,0.27778
random_forest_failure_active,7,1,compound_sensor_actuator_shift,1008,0.87500,0.66667,0.30675,0.56349,0.33333,0.11894,0.16667
random_forest_failure_active,7,1,fixture_geometry_shift,1008,0.87500,0.00000,0.35113,0.54667,1.00000,0.02951,0.22222
random_forest_failure_active,7,1,rare_mechanism_combo,1008,0.87500,0.55556,0.27821,0.40909,0.44444,0.14888,0.00000
random_forest_failure_active,7,1,out_of_distribution_tail,1008,0.87500,0.50000,0.32693,0.45091,0.50000,0.08800,0.00000
random_forest_failure_active,7,2,nominal_task_balance,1044,0.87500,1.00000,0.00000,0.00000,0.00000,0.03996,0.00000
random_forest_failure_active,7,2,rare_slip_failures,1044,0.87500,0.94444,0.16395,0.05000,0.05556,0.06866,0.05556
random_forest_failure_active,7,2,jammed_fixture_failures,1044,0.87500,0.00000,0.39259,0.45151,1.00000,0.12304,1.00000
random_forest_failure_active,7,2,actuator_limit_failures,1044,0.87500,1.00000,0.04423,0.00000,0.00000,0.02448,0.00000
random_forest_failure_active,7,2,combined_tail_stress,1044,0.87500,0.66667,0.32452,0.62111,0.33333,0.22273,0.27778
random_forest_failure_active,7,2,compound_sensor_actuator_shift,1044,0.87500,0.66667,0.30175,0.54444,0.33333,0.07312,0.16667
random_forest_failure_active,7,2,fixture_geometry_shift,1044,0.87500,0.00000,0.35436,0.54667,1.00000,0.02265,0.22222
random_forest_failure_active,7,2,rare_mechanism_combo,1044,0.87500,0.55556,0.27267,0.30909,0.44444,0.14358,0.00000
random_forest_failure_active,7,2,out_of_distribution_tail,1044,0.87500,0.50000,0.32586,0.45091,0.50000,0.08592,0.00000
random_forest_failure_active,7,3,nominal_task_balance,1080,0.87500,1.00000,0.00000,0.00000,0.00000,0.05803,0.00000
random_forest_failure_active,7,3,rare_slip_failures,1080,0.87500,0.94444,0.15872,0.05000,0.05556,0.05530,0.05556
random_forest_failure_active,7,3,jammed_fixture_failures,1080,0.87500,0.00000,0.39187,0.45551,1.00000,0.11925,1.00000
random_forest_failure_active,7,3,actuator_limit_failures,1080,0.87500,1.00000,0.06469,0.00000,0.00000,0.02542,0.00000
random_forest_failure_active,7,3,combined_tail_stress,1080,0.87500,0.66667,0.32499,0.62111,0.33333,0.21998,0.27778
random_forest_failure_active,7,3,compound_sensor_actuator_shift,1080,0.87500,0.66667,0.28655,0.49524,0.33333,0.08707,0.16667
random_forest_failure_active,7,3,fixture_geometry_shift,1080,0.87500,0.00000,0.35034,0.53691,1.00000,0.02191,0.22222
random_forest_failure_active,7,3,rare_mechanism_combo,1080,0.87500,0.55556,0.27125,0.30909,0.44444,0.11087,0.00000
random_forest_failure_active,7,3,out_of_distribution_tail,1080,0.87500,0.50000,0.31894,0.45091,0.50000,0.11296,0.00000
random_forest_failure_active,7,4,nominal_task_balance,1116,0.87500,1.00000,0.00000,0.00000,0.00000,0.05947,0.00000
random_forest_failure_active,7,4,rare_slip_failures,1116,0.87500,0.94444,0.16316,0.05000,0.05556,0.05158,0.05556
random_forest_failure_active,7,4,jammed_fixture_failures,1116,0.87500,0.00000,0.38631,0.41151,1.00000,0.11109,1.00000
random_forest_failure_active,7,4,actuator_limit_failures,1116,0.87500,1.00000,0.04423,0.00000,0.00000,0.03840,0.00000
random_forest_failure_active,7,4,combined_tail_stress,1116,0.87500,0.66667,0.33200,0.63222,0.33333,0.21830,0.27778
random_forest_failure_active,7,4,compound_sensor_actuator_shift,1116,0.87500,0.66667,0.28393,0.48730,0.33333,0.09152,0.16667
random_forest_failure_active,7,4,fixture_geometry_shift,1116,0.87500,0.00000,0.35143,0.54580,1.00000,0.01872,0.22222
random_forest_failure_active,7,4,rare_mechanism_combo,1116,0.87500,0.55556,0.27457,0.40909,0.44444,0.15507,0.00000
random_forest_failure_active,7,4,out_of_distribution_tail,1116,0.87500,0.50000,0.31663,0.45091,0.50000,0.11250,0.00000
random_forest_failure_active,7,5,nominal_task_balance,1152,0.87500,1.00000,0.00000,0.00000,0.00000,0.05898,0.00000
random_forest_failure_active,7,5,rare_slip_failures,1152,0.87500,0.94444,0.16490,0.05000,0.05556,0.05836,0.05556
random_forest_failure_active,7,5,jammed_fixture_failures,1152,0.87500,0.00000,0.38828,0.41551,1.00000,0.10642,1.00000
random_forest_failure_active,7,5,actuator_limit_failures,1152,0.87500,1.00000,0.04423,0.00000,0.00000,0.04163,0.00000
random_forest_failure_active,7,5,combined_tail_stress,1152,0.87500,0.66667,0.32984,0.61889,0.33333,0.20489,0.27778
random_forest_failure_active,7,5,compound_sensor_actuator_shift,1152,0.87500,0.66667,0.27853,0.45556,0.33333,0.11165,0.16667
random_forest_failure_active,7,5,fixture_geometry_shift,1152,0.87500,0.00000,0.34510,0.34623,1.00000,0.01568,0.22222
random_forest_failure_active,7,5,rare_mechanism_combo,1152,0.87500,0.55556,0.27599,0.40909,0.44444,0.16287,0.00000
random_forest_failure_active,7,5,out_of_distribution_tail,1152,0.87500,0.50000,0.31909,0.48727,0.50000,0.11557,0.00000
failure_stratified_engine,7,0,nominal_task_balance,972,0.87500,1.00000,0.00000,0.00000,0.00000,0.03534,0.00000
failure_stratified_engine,7,0,rare_slip_failures,972,0.87500,0.94444,0.19222,0.15000,0.05556,0.06199,0.05556
failure_stratified_engine,7,0,jammed_fixture_failures,972,0.87500,0.00000,0.39788,0.49951,1.00000,0.17392,1.00000
failure_stratified_engine,7,0,actuator_limit_failures,972,0.87500,1.00000,0.04286,0.00000,0.00000,0.04873,0.00000
failure_stratified_engine,7,0,combined_tail_stress,972,0.87500,0.66667,0.32329,0.64333,0.33333,0.22586,0.27778
failure_stratified_engine,7,0,compound_sensor_actuator_shift,972,0.87500,0.66667,0.31076,0.59206,0.33333,0.08005,0.16667
failure_stratified_engine,7,0,fixture_geometry_shift,972,0.87500,0.00000,0.34721,0.35556,1.00000,0.03550,0.22222
failure_stratified_engine,7,0,rare_mechanism_combo,972,0.87500,0.55556,0.28659,0.40909,0.44444,0.16880,0.00000
failure_stratified_engine,7,0,out_of_distribution_tail,972,0.87500,0.50000,0.32275,0.41091,0.50000,0.05561,0.00000
failure_stratified_engine,7,1,nominal_task_balance,1008,0.87500,1.00000,0.00000,0.00000,0.00000,0.05003,0.00000
failure_stratified_engine,7,1,rare_slip_failures,1008,0.87500,0.94444,0.18598,0.15000,0.05556,0.06058,0.05556
failure_stratified_engine,7,1,jammed_fixture_failures,1008,0.87500,0.00000,0.39398,0.46926,1.00000,0.17985,1.00000
failure_stratified_engine,7,1,actuator_limit_failures,1008,0.87500,1.00000,0.04423,0.00000,0.00000,0.04461,0.00000
failure_stratified_engine,7,1,combined_tail_stress,1008,0.87500,0.66667,0.32600,0.64000,0.33333,0.22999,0.27778
failure_stratified_engine,7,1,compound_sensor_actuator_shift,1008,0.87500,0.66667,0.31238,0.60317,0.33333,0.12141,0.16667
failure_stratified_engine,7,1,fixture_geometry_shift,1008,0.87500,0.00000,0.34783,0.35068,1.00000,0.03773,0.22222
failure_stratified_engine,7,1,rare_mechanism_combo,1008,0.87500,0.55556,0.30239,0.50909,0.44444,0.14014,0.00000
failure_stratified_engine,7,1,out_of_distribution_tail,1008,0.87500,0.50000,0.32929,0.43091,0.50000,0.06661,0.00000
failure_stratified_engine,7,2,nominal_task_balance,1044,0.87500,1.00000,0.00000,0.00000,0.00000,0.04080,0.00000
failure_stratified_engine,7,2,rare_slip_failures,1044,0.87500,0.94444,0.18567,0.15000,0.05556,0.06774,0.05556
failure_stratified_engine,7,2,jammed_fixture_failures,1044,0.87500,0.00000,0.39686,0.47901,1.00000,0.19066,1.00000
failure_stratified_engine,7,2,actuator_limit_failures,1044,0.87500,1.00000,0.06469,0.00000,0.00000,0.03649,0.00000
failure_stratified_engine,7,2,combined_tail_stress,1044,0.87500,0.66667,0.32039,0.62889,0.33333,0.24448,0.27778
failure_stratified_engine,7,2,compound_sensor_actuator_shift,1044,0.87500,0.66667,0.31413,0.60159,0.33333,0.14192,0.16667
failure_stratified_engine,7,2,fixture_geometry_shift,1044,0.87500,0.00000,0.34801,0.34667,1.00000,0.04187,0.22222
failure_stratified_engine,7,2,rare_mechanism_combo,1044,0.87500,0.55556,0.30493,0.50909,0.44444,0.11150,0.00000
failure_stratified_engine,7,2,out_of_distribution_tail,1044,0.87500,0.50000,0.32379,0.43091,0.50000,0.07736,0.00000
failure_stratified_engine,7,3,nominal_task_balance,1080,0.87500,1.00000,0.00000,0.00000,0.00000,0.04339,0.00000
failure_stratified_engine,7,3,rare_slip_failures,1080,0.87500,0.94444,0.16963,0.10000,0.05556,0.05810,0.05556
failure_stratified_engine,7,3,jammed_fixture_failures,1080,0.87500,0.00000,0.39328,0.43901,1.00000,0.19800,1.00000
failure_stratified_engine,7,3,actuator_limit_failures,1080,0.87500,1.00000,0.06469,0.00000,0.00000,0.03795,0.00000
failure_stratified_engine,7,3,combined_tail_stress,1080,0.87500,0.66667,0.32401,0.62889,0.33333,0.24291,0.27778
failure_stratified_engine,7,3,compound_sensor_actuator_shift,1080,0.87500,0.66667,0.32398,0.65079,0.33333,0.15750,0.16667
failure_stratified_engine,7,3,fixture_geometry_shift,1080,0.87500,0.00000,0.34688,0.33247,1.00000,0.04841,0.22222
failure_stratified_engine,7,3,rare_mechanism_combo,1080,0.87500,0.55556,0.30069,0.50909,0.44444,0.11192,0.00000
failure_stratified_engine,7,3,out_of_distribution_tail,1080,0.87500,0.50000,0.32395,0.46727,0.50000,0.09046,0.00000
failure_stratified_engine,7,4,nominal_task_balance,1116,0.87500,1.00000,0.00000,0.00000,0.00000,0.04588,0.00000
failure_stratified_engine,7,4,rare_slip_failures,1116,0.87500,0.94444,0.15184,0.05000,0.05556,0.04738,0.05556
failure_stratified_engine,7,4,jammed_fixture_failures,1116,0.87500,0.00000,0.39392,0.44301,1.00000,0.20244,1.00000
failure_stratified_engine,7,4,actuator_limit_failures,1116,0.87500,1.00000,0.06469,0.00000,0.00000,0.04007,0.00000
failure_stratified_engine,7,4,combined_tail_stress,1116,0.87500,0.66667,0.31851,0.61778,0.33333,0.24700,0.27778
failure_stratified_engine,7,4,compound_sensor_actuator_shift,1116,0.87500,0.66667,0.32716,0.64921,0.33333,0.16172,0.16667
failure_stratified_engine,7,4,fixture_geometry_shift,1116,0.87500,0.00000,0.34419,0.32759,1.00000,0.05428,0.22222
failure_stratified_engine,7,4,rare_mechanism_combo,1116,0.87500,0.55556,0.29072,0.40909,0.44444,0.13677,0.00000
failure_stratified_engine,7,4,out_of_distribution_tail,1116,0.87500,0.50000,0.32220,0.46727,0.50000,0.08998,0.00000
failure_stratified_engine,7,5,nominal_task_balance,1152,0.87500,1.00000,0.00000,0.00000,0.00000,0.04473,0.00000
failure_stratified_engine,7,5,rare_slip_failures,1152,0.87500,0.94444,0.16257,0.10000,0.05556,0.04620,0.05556
failure_stratified_engine,7,5,jammed_fixture_failures,1152,0.87500,0.00000,0.38688,0.41501,1.00000,0.19509,1.00000
failure_stratified_engine,7,5,actuator_limit_failures,1152,0.87500,1.00000,0.06469,0.00000,0.00000,0.04441,0.00000
failure_stratified_engine,7,5,combined_tail_stress,1152,0.87500,0.66667,0.31443,0.62889,0.33333,0.24638,0.27778
failure_stratified_engine,7,5,compound_sensor_actuator_shift,1152,0.87500,0.66667,0.33363,0.64921,0.33333,0.14564,0.16667
failure_stratified_engine,7,5,fixture_geometry_shift,1152,0.87500,0.00000,0.34215,0.32802,1.00000,0.05644,0.22222
failure_stratified_engine,7,5,rare_mechanism_combo,1152,0.87500,0.55556,0.28766,0.40909,0.44444,0.13715,0.00000
failure_stratified_engine,7,5,out_of_distribution_tail,1152,0.87500,0.50000,0.31798,0.44909,0.50000,0.10308,0.00000
failure_stratified_engine_v5,7,0,nominal_task_balance,972,0.87500,1.00000,0.00000,0.00000,0.00000,0.03534,0.00000
failure_stratified_engine_v5,7,0,rare_slip_failures,972,0.87500,0.94444,0.19222,0.15000,0.05556,0.06199,0.05556
failure_stratified_engine_v5,7,0,jammed_fixture_failures,972,0.87500,0.00000,0.39788,0.49951,1.00000,0.17392,1.00000
failure_stratified_engine_v5,7,0,actuator_limit_failures,972,0.87500,1.00000,0.04286,0.00000,0.00000,0.04873,0.00000
failure_stratified_engine_v5,7,0,combined_tail_stress,972,0.87500,0.66667,0.32329,0.64333,0.33333,0.22586,0.27778
failure_stratified_engine_v5,7,0,compound_sensor_actuator_shift,972,0.87500,0.66667,0.31076,0.59206,0.33333,0.08005,0.16667
failure_stratified_engine_v5,7,0,fixture_geometry_shift,972,0.87500,0.00000,0.34721,0.35556,1.00000,0.03550,0.22222
failure_stratified_engine_v5,7,0,rare_mechanism_combo,972,0.87500,0.55556,0.28659,0.40909,0.44444,0.16880,0.00000
failure_stratified_engine_v5,7,0,out_of_distribution_tail,972,0.87500,0.50000,0.32275,0.41091,0.50000,0.05561,0.00000
failure_stratified_engine_v5,7,1,nominal_task_balance,1008,0.87500,1.00000,0.00000,0.00000,0.00000,0.03504,0.00000
failure_stratified_engine_v5,7,1,rare_slip_failures,1008,0.87500,0.94444,0.19962,0.20000,0.05556,0.06773,0.05556
failure_stratified_engine_v5,7,1,jammed_fixture_failures,1008,0.87500,0.00000,0.39417,0.47951,1.00000,0.17908,1.00000
failure_stratified_engine_v5,7,1,actuator_limit_failures,1008,0.87500,1.00000,0.04286,0.00000,0.00000,0.06001,0.00000
failure_stratified_engine_v5,7,1,combined_tail_stress,1008,0.87500,0.66667,0.32062,0.62889,0.33333,0.22519,0.27778
failure_stratified_engine_v5,7,1,compound_sensor_actuator_shift,1008,0.87500,0.66667,0.31110,0.57937,0.33333,0.06687,0.16667
failure_stratified_engine_v5,7,1,fixture_geometry_shift,1008,0.87500,0.00000,0.34683,0.35512,1.00000,0.03875,0.22222
failure_stratified_engine_v5,7,1,rare_mechanism_combo,1008,0.87500,0.55556,0.29812,0.52727,0.44444,0.10143,0.00000
failure_stratified_engine_v5,7,1,out_of_distribution_tail,1008,0.87500,0.50000,0.33287,0.48545,0.50000,0.11775,0.00000
failure_stratified_engine_v5,7,2,nominal_task_balance,1044,0.87500,1.00000,0.00000,0.00000,0.00000,0.05159,0.00000
failure_stratified_engine_v5,7,2,rare_slip_failures,1044,0.87500,0.94444,0.19268,0.20000,0.05556,0.07499,0.05556
failure_stratified_engine_v5,7,2,jammed_fixture_failures,1044,0.87500,0.00000,0.39258,0.46351,1.00000,0.18742,1.00000
failure_stratified_engine_v5,7,2,actuator_limit_failures,1044,0.87500,1.00000,0.04286,0.00000,0.00000,0.05226,0.00000
failure_stratified_engine_v5,7,2,combined_tail_stress,1044,0.87500,0.66667,0.31383,0.60667,0.33333,0.22862,0.27778
failure_stratified_engine_v5,7,2,compound_sensor_actuator_shift,1044,0.87500,0.66667,0.31211,0.59048,0.33333,0.07973,0.16667
failure_stratified_engine_v5,7,2,fixture_geometry_shift,1044,0.87500,0.00000,0.34911,0.35957,1.00000,0.04191,0.22222
failure_stratified_engine_v5,7,2,rare_mechanism_combo,1044,0.87500,0.55556,0.29554,0.54545,0.44444,0.13551,0.00000
failure_stratified_engine_v5,7,2,out_of_distribution_tail,1044,0.87500,0.50000,0.32338,0.42909,0.50000,0.08821,0.00000
failure_stratified_engine_v5,7,3,nominal_task_balance,1080,0.87500,1.00000,0.00000,0.00000,0.00000,0.05131,0.00000
failure_stratified_engine_v5,7,3,rare_slip_failures,1080,0.87500,0.94444,0.18897,0.20000,0.05556,0.07794,0.05556
failure_stratified_engine_v5,7,3,jammed_fixture_failures,1080,0.87500,0.00000,0.38824,0.43375,1.00000,0.19457,1.00000
failure_stratified_engine_v5,7,3,actuator_limit_failures,1080,0.87500,1.00000,0.04286,0.00000,0.00000,0.05577,0.00000
failure_stratified_engine_v5,7,3,combined_tail_stress,1080,0.87500,0.66667,0.30931,0.59556,0.33333,0.25094,0.27778
failure_stratified_engine_v5,7,3,compound_sensor_actuator_shift,1080,0.87500,0.66667,0.31273,0.56825,0.33333,0.03933,0.16667
failure_stratified_engine_v5,7,3,fixture_geometry_shift,1080,0.87500,0.00000,0.34542,0.35957,1.00000,0.04015,0.22222
failure_stratified_engine_v5,7,3,rare_mechanism_combo,1080,0.87500,0.55556,0.34599,0.62747,0.44444,0.16771,0.00000
failure_stratified_engine_v5,7,3,out_of_distribution_tail,1080,0.87500,0.50000,0.32337,0.42909,0.50000,0.08675,0.00000
failure_stratified_engine_v5,7,4,nominal_task_balance,1116,1.00000,1.00000,0.00000,0.00000,0.00000,0.04701,0.00000
failure_stratified_engine_v5,7,4,rare_slip_failures,1116,1.00000,0.94444,0.18586,0.20000,0.05556,0.09568,0.05556
failure_stratified_engine_v5,7,4,jammed_fixture_failures,1116,1.00000,0.00000,0.38438,0.41775,1.00000,0.19580,1.00000
failure_stratified_engine_v5,7,4,actuator_limit_failures,1116,1.00000,1.00000,0.06331,0.00000,0.00000,0.04658,0.00000
failure_stratified_engine_v5,7,4,combined_tail_stress,1116,1.00000,0.66667,0.30900,0.60667,0.33333,0.24821,0.27778
failure_stratified_engine_v5,7,4,compound_sensor_actuator_shift,1116,1.00000,0.66667,0.31800,0.55556,0.33333,0.05435,0.16667
failure_stratified_engine_v5,7,4,fixture_geometry_shift,1116,1.00000,0.00000,0.34542,0.35957,1.00000,0.04196,0.22222
failure_stratified_engine_v5,7,4,rare_mechanism_combo,1116,1.00000,0.55556,0.40530,0.71696,0.44444,0.16856,0.00000
failure_stratified_engine_v5,7,4,out_of_distribution_tail,1116,1.00000,0.50000,0.32496,0.44909,0.50000,0.07992,0.00000
failure_stratified_engine_v5,7,5,nominal_task_balance,1152,1.00000,1.00000,0.00000,0.00000,0.00000,0.03919,0.00000
failure_stratified_engine_v5,7,5,rare_slip_failures,1152,1.00000,0.94444,0.18631,0.20000,0.05556,0.05126,0.05556
failure_stratified_engine_v5,7,5,jammed_fixture_failures,1152,1.00000,0.00000,0.38738,0.43775,1.00000,0.20338,1.00000
failure_stratified_engine_v5,7,5,actuator_limit_failures,1152,1.00000,1.00000,0.06331,0.00000,0.00000,0.05045,0.00000
failure_stratified_engine_v5,7,5,combined_tail_stress,1152,1.00000,0.66667,0.30879,0.58222,0.33333,0.21175,0.27778
failure_stratified_engine_v5,7,5,compound_sensor_actuator_shift,1152,1.00000,0.66667,0.29819,0.50635,0.33333,0.06723,0.16667
failure_stratified_engine_v5,7,5,fixture_geometry_shift,1152,1.00000,0.00000,0.34138,0.34981,1.00000,0.04542,0.22222
failure_stratified_engine_v5,7,5,rare_mechanism_combo,1152,1.00000,0.55556,0.29776,0.59130,0.44444,0.17291,0.00000
failure_stratified_engine_v5,7,5,out_of_distribution_tail,1152,1.00000,0.50000,0.31830,0.43091,0.50000,0.10512,0.00000
oracle_failure_strata,7,0,nominal_task_balance,972,0.87500,1.00000,0.00000,0.00000,0.00000,0.03534,0.00000
oracle_failure_strata,7,0,rare_slip_failures,972,0.87500,0.94444,0.19222,0.15000,0.05556,0.06199,0.05556
oracle_failure_strata,7,0,jammed_fixture_failures,972,0.87500,0.00000,0.39788,0.49951,1.00000,0.17392,1.00000
oracle_failure_strata,7,0,actuator_limit_failures,972,0.87500,1.00000,0.04286,0.00000,0.00000,0.04873,0.00000
oracle_failure_strata,7,0,combined_tail_stress,972,0.87500,0.66667,0.32329,0.64333,0.33333,0.22586,0.27778
oracle_failure_strata,7,0,compound_sensor_actuator_shift,972,0.87500,0.66667,0.31076,0.59206,0.33333,0.08005,0.16667
oracle_failure_strata,7,0,fixture_geometry_shift,972,0.87500,0.00000,0.34721,0.35556,1.00000,0.03550,0.22222
oracle_failure_strata,7,0,rare_mechanism_combo,972,0.87500,0.55556,0.28659,0.40909,0.44444,0.16880,0.00000
oracle_failure_strata,7,0,out_of_distribution_tail,972,0.87500,0.50000,0.32275,0.41091,0.50000,0.05561,0.00000
oracle_failure_strata,7,1,nominal_task_balance,1008,1.00000,1.00000,0.00000,0.00000,0.00000,0.05879,0.00000
oracle_failure_strata,7,1,rare_slip_failures,1008,1.00000,0.94444,0.20786,0.20000,0.05556,0.05506,0.05556
oracle_failure_strata,7,1,jammed_fixture_failures,1008,1.00000,0.00000,0.39795,0.51375,1.00000,0.16712,1.00000
oracle_failure_strata,7,1,actuator_limit_failures,1008,1.00000,1.00000,0.01923,0.00000,0.00000,0.03649,0.00000
oracle_failure_strata,7,1,combined_tail_stress,1008,1.00000,0.66667,0.33191,0.76333,0.33333,0.25058,0.27778
oracle_failure_strata,7,1,compound_sensor_actuator_shift,1008,1.00000,0.66667,0.32500,0.69206,0.33333,0.07074,0.16667
oracle_failure_strata,7,1,fixture_geometry_shift,1008,1.00000,0.00000,0.34609,0.34667,1.00000,0.03509,0.22222
oracle_failure_strata,7,1,rare_mechanism_combo,1008,1.00000,0.55556,0.28662,0.39091,0.44444,0.14812,0.00000
oracle_failure_strata,7,1,out_of_distribution_tail,1008,1.00000,0.50000,0.32486,0.44909,0.50000,0.05204,0.00000
oracle_failure_strata,7,2,nominal_task_balance,1044,1.00000,1.00000,0.00000,0.00000,0.00000,0.06144,0.00000
oracle_failure_strata,7,2,rare_slip_failures,1044,1.00000,0.94444,0.16748,0.10000,0.05556,0.05958,0.05556
oracle_failure_strata,7,2,jammed_fixture_failures,1044,1.00000,0.00000,0.39450,0.48301,1.00000,0.18196,1.00000
oracle_failure_strata,7,2,actuator_limit_failures,1044,1.00000,1.00000,0.01923,0.00000,0.00000,0.03767,0.00000
oracle_failure_strata,7,2,combined_tail_stress,1044,1.00000,0.66667,0.32366,0.73111,0.33333,0.25477,0.27778
oracle_failure_strata,7,2,compound_sensor_actuator_shift,1044,1.00000,0.66667,0.33297,0.77937,0.33333,0.12297,0.16667
oracle_failure_strata,7,2,fixture_geometry_shift,1044,1.00000,0.00000,0.34732,0.34222,1.00000,0.04260,0.22222
oracle_failure_strata,7,2,rare_mechanism_combo,1044,1.00000,0.55556,0.28509,0.39091,0.44444,0.14312,0.00000
oracle_failure_strata,7,2,out_of_distribution_tail,1044,1.00000,0.50000,0.32687,0.44909,0.50000,0.09536,0.00000
oracle_failure_strata,7,3,nominal_task_balance,1080,1.00000,1.00000,0.00000,0.00000,0.00000,0.04060,0.00000
oracle_failure_strata,7,3,rare_slip_failures,1080,1.00000,0.94444,0.16505,0.05000,0.05556,0.07530,0.05556
oracle_failure_strata,7,3,jammed_fixture_failures,1080,1.00000,0.00000,0.39450,0.47276,1.00000,0.19644,1.00000
oracle_failure_strata,7,3,actuator_limit_failures,1080,1.00000,1.00000,0.01923,0.00000,0.00000,0.05303,0.00000
oracle_failure_strata,7,3,combined_tail_stress,1080,1.00000,0.66667,0.32033,0.69556,0.33333,0.25083,0.27778
oracle_failure_strata,7,3,compound_sensor_actuator_shift,1080,1.00000,0.66667,0.33104,0.68730,0.33333,0.14602,0.16667
oracle_failure_strata,7,3,fixture_geometry_shift,1080,1.00000,0.00000,0.34835,0.33778,1.00000,0.04692,0.22222
oracle_failure_strata,7,3,rare_mechanism_combo,1080,1.00000,0.55556,0.28680,0.39091,0.44444,0.13337,0.00000
oracle_failure_strata,7,3,out_of_distribution_tail,1080,1.00000,0.50000,0.32993,0.44909,0.50000,0.06981,0.00000
oracle_failure_strata,7,4,nominal_task_balance,1116,1.00000,1.00000,0.00000,0.00000,0.00000,0.04117,0.00000
oracle_failure_strata,7,4,rare_slip_failures,1116,1.00000,0.94444,0.17122,0.15000,0.05556,0.09330,0.05556
oracle_failure_strata,7,4,jammed_fixture_failures,1116,1.00000,0.00000,0.39889,0.46876,1.00000,0.20138,1.00000
oracle_failure_strata,7,4,actuator_limit_failures,1116,1.00000,1.00000,0.01923,0.00000,0.00000,0.05198,0.00000
oracle_failure_strata,7,4,combined_tail_stress,1116,1.00000,0.66667,0.32654,0.71667,0.33333,0.24275,0.27778
oracle_failure_strata,7,4,compound_sensor_actuator_shift,1116,1.00000,0.66667,0.33860,0.76667,0.33333,0.14901,0.16667
oracle_failure_strata,7,4,fixture_geometry_shift,1116,1.00000,0.00000,0.34521,0.33333,1.00000,0.05360,0.22222
oracle_failure_strata,7,4,rare_mechanism_combo,1116,1.00000,0.55556,0.33866,0.44091,0.44444,0.09841,0.00000
oracle_failure_strata,7,4,out_of_distribution_tail,1116,1.00000,0.50000,0.33046,0.46727,0.50000,0.07174,0.00000
oracle_failure_strata,7,5,nominal_task_balance,1152,1.00000,1.00000,0.00000,0.00000,0.00000,0.03982,0.00000
oracle_failure_strata,7,5,rare_slip_failures,1152,1.00000,0.94444,0.18655,0.12500,0.05556,0.09114,0.05556
oracle_failure_strata,7,5,jammed_fixture_failures,1152,1.00000,0.00000,0.40213,0.48476,1.00000,0.17784,1.00000
oracle_failure_strata,7,5,actuator_limit_failures,1152,1.00000,1.00000,0.01923,0.00000,0.00000,0.05439,0.00000
oracle_failure_strata,7,5,combined_tail_stress,1152,1.00000,0.66667,0.32265,0.69333,0.33333,0.23985,0.27778
oracle_failure_strata,7,5,compound_sensor_actuator_shift,1152,1.00000,0.66667,0.33745,0.75714,0.33333,0.12521,0.16667
oracle_failure_strata,7,5,fixture_geometry_shift,1152,1.00000,0.00000,0.34472,0.32846,1.00000,0.04792,0.22222
oracle_failure_strata,7,5,rare_mechanism_combo,1152,1.00000,0.55556,0.28576,0.39091,0.44444,0.11612,0.00000
oracle_failure_strata,7,5,out_of_distribution_tail,1152,1.00000,0.50000,0.32915,0.46727,0.50000,0.06266,0.00000
greedy_oracle_success_upper,7,0,nominal_task_balance,972,0.87500,1.00000,0.00000,0.00000,0.00000,0.03534,0.00000
greedy_oracle_success_upper,7,0,rare_slip_failures,972,0.87500,0.94444,0.19222,0.15000,0.05556,0.06199,0.05556
greedy_oracle_success_upper,7,0,jammed_fixture_failures,972,0.87500,0.00000,0.39788,0.49951,1.00000,0.17392,1.00000
greedy_oracle_success_upper,7,0,actuator_limit_failures,972,0.87500,1.00000,0.04286,0.00000,0.00000,0.04873,0.00000
greedy_oracle_success_upper,7,0,combined_tail_stress,972,0.87500,0.66667,0.32329,0.64333,0.33333,0.22586,0.27778
greedy_oracle_success_upper,7,0,compound_sensor_actuator_shift,972,0.87500,0.66667,0.31076,0.59206,0.33333,0.08005,0.16667
greedy_oracle_success_upper,7,0,fixture_geometry_shift,972,0.87500,0.00000,0.34721,0.35556,1.00000,0.03550,0.22222
greedy_oracle_success_upper,7,0,rare_mechanism_combo,972,0.87500,0.55556,0.28659,0.40909,0.44444,0.16880,0.00000
greedy_oracle_success_upper,7,0,out_of_distribution_tail,972,0.87500,0.50000,0.32275,0.41091,0.50000,0.05561,0.00000
greedy_oracle_success_upper,7,1,nominal_task_balance,1008,0.87500,1.00000,0.00000,0.00000,0.00000,0.03557,0.00000
greedy_oracle_success_upper,7,1,rare_slip_failures,1008,0.87500,0.94444,0.15531,0.05000,0.05556,0.06501,0.05556
greedy_oracle_success_upper,7,1,jammed_fixture_failures,1008,0.87500,0.00000,0.39162,0.46701,1.00000,0.18448,1.00000
greedy_oracle_success_upper,7,1,actuator_limit_failures,1008,0.87500,1.00000,0.01923,0.00000,0.00000,0.04027,0.00000
greedy_oracle_success_upper,7,1,combined_tail_stress,1008,0.87500,0.66667,0.32064,0.66444,0.33333,0.23555,0.27778
greedy_oracle_success_upper,7,1,compound_sensor_actuator_shift,1008,0.87500,0.66667,0.32328,0.76032,0.33333,0.10224,0.16667
greedy_oracle_success_upper,7,1,fixture_geometry_shift,1008,0.87500,0.00000,0.34399,0.34667,1.00000,0.04154,0.22222
greedy_oracle_success_upper,7,1,rare_mechanism_combo,1008,0.87500,0.55556,0.34235,0.47727,0.44444,0.13081,0.00000
greedy_oracle_success_upper,7,1,out_of_distribution_tail,1008,0.87500,0.50000,0.33064,0.46727,0.50000,0.06237,0.00000
greedy_oracle_success_upper,7,2,nominal_task_balance,1044,1.00000,1.00000,0.00000,0.00000,0.00000,0.04850,0.00000
greedy_oracle_success_upper,7,2,rare_slip_failures,1044,1.00000,0.94444,0.14583,0.05000,0.05556,0.07245,0.05556
greedy_oracle_success_upper,7,2,jammed_fixture_failures,1044,1.00000,0.00000,0.39519,0.46301,1.00000,0.18971,1.00000
greedy_oracle_success_upper,7,2,actuator_limit_failures,1044,1.00000,1.00000,0.01923,0.00000,0.00000,0.05034,0.00000
greedy_oracle_success_upper,7,2,combined_tail_stress,1044,1.00000,0.66667,0.31920,0.66222,0.33333,0.24652,0.27778
greedy_oracle_success_upper,7,2,compound_sensor_actuator_shift,1044,1.00000,0.66667,0.33659,0.75714,0.33333,0.11558,0.16667
greedy_oracle_success_upper,7,2,fixture_geometry_shift,1044,1.00000,0.00000,0.34662,0.34667,1.00000,0.04476,0.22222
greedy_oracle_success_upper,7,2,rare_mechanism_combo,1044,1.00000,0.55556,0.33808,0.47727,0.44444,0.15424,0.00000
greedy_oracle_success_upper,7,2,out_of_distribution_tail,1044,1.00000,0.50000,0.32738,0.46727,0.50000,0.04318,0.00000
greedy_oracle_success_upper,7,3,nominal_task_balance,1080,1.00000,1.00000,0.00000,0.00000,0.00000,0.04035,0.00000
greedy_oracle_success_upper,7,3,rare_slip_failures,1080,1.00000,0.94444,0.15000,0.05000,0.05556,0.07164,0.05556
greedy_oracle_success_upper,7,3,jammed_fixture_failures,1080,1.00000,0.00000,0.39392,0.45452,1.00000,0.19684,1.00000
greedy_oracle_success_upper,7,3,actuator_limit_failures,1080,1.00000,1.00000,0.01923,0.00000,0.00000,0.05311,0.00000
greedy_oracle_success_upper,7,3,combined_tail_stress,1080,1.00000,0.66667,0.31786,0.69556,0.33333,0.25753,0.27778
greedy_oracle_success_upper,7,3,compound_sensor_actuator_shift,1080,1.00000,0.66667,0.33750,0.76667,0.33333,0.12091,0.16667
greedy_oracle_success_upper,7,3,fixture_geometry_shift,1080,1.00000,0.00000,0.34614,0.33778,1.00000,0.04615,0.22222
greedy_oracle_success_upper,7,3,rare_mechanism_combo,1080,1.00000,0.55556,0.33678,0.47727,0.44444,0.17114,0.00000
greedy_oracle_success_upper,7,3,out_of_distribution_tail,1080,1.00000,0.50000,0.32804,0.46727,0.50000,0.07127,0.00000
greedy_oracle_success_upper,7,4,nominal_task_balance,1116,1.00000,1.00000,0.00000,0.00000,0.00000,0.04286,0.00000
greedy_oracle_success_upper,7,4,rare_slip_failures,1116,1.00000,0.94444,0.14831,0.05000,0.05556,0.07392,0.05556
greedy_oracle_success_upper,7,4,jammed_fixture_failures,1116,1.00000,0.00000,0.39652,0.46476,1.00000,0.18005,1.00000
greedy_oracle_success_upper,7,4,actuator_limit_failures,1116,1.00000,1.00000,0.01923,0.00000,0.00000,0.05410,0.00000
greedy_oracle_success_upper,7,4,combined_tail_stress,1116,1.00000,0.66667,0.32196,0.69556,0.33333,0.25872,0.27778
greedy_oracle_success_upper,7,4,compound_sensor_actuator_shift,1116,1.00000,0.66667,0.34317,0.77619,0.33333,0.11490,0.16667
greedy_oracle_success_upper,7,4,fixture_geometry_shift,1116,1.00000,0.00000,0.34990,0.33778,1.00000,0.04550,0.22222
greedy_oracle_success_upper,7,4,rare_mechanism_combo,1116,1.00000,0.55556,0.28913,0.40909,0.44444,0.13847,0.00000
greedy_oracle_success_upper,7,4,out_of_distribution_tail,1116,1.00000,0.50000,0.32309,0.46727,0.50000,0.08940,0.00000
greedy_oracle_success_upper,7,5,nominal_task_balance,1152,1.00000,1.00000,0.00000,0.00000,0.00000,0.04923,0.00000
greedy_oracle_success_upper,7,5,rare_slip_failures,1152,1.00000,0.94444,0.14306,0.05000,0.05556,0.07931,0.05556
greedy_oracle_success_upper,7,5,jammed_fixture_failures,1152,1.00000,0.00000,0.39432,0.46476,1.00000,0.15686,1.00000
greedy_oracle_success_upper,7,5,actuator_limit_failures,1152,1.00000,1.00000,0.01923,0.00000,0.00000,0.03836,0.00000
greedy_oracle_success_upper,7,5,combined_tail_stress,1152,1.00000,0.66667,0.32292,0.69333,0.33333,0.24967,0.27778
greedy_oracle_success_upper,7,5,compound_sensor_actuator_shift,1152,1.00000,0.66667,0.33987,0.75714,0.33333,0.11069,0.16667
greedy_oracle_success_upper,7,5,fixture_geometry_shift,1152,1.00000,0.00000,0.35070,0.33778,1.00000,0.04141,0.22222
greedy_oracle_success_upper,7,5,rare_mechanism_combo,1152,1.00000,0.55556,0.28330,0.39091,0.44444,0.15463,0.00000
greedy_oracle_success_upper,7,5,out_of_distribution_tail,1152,1.00000,0.50000,0.32562,0.46727,0.50000,0.09383,0.00000
